session_id,question_index,timestamp,event_type,x,y,target_element
demo_session_07,1,1786094205.6381671,move,398,367,.!frame.!entry
demo_session_07,1,1786094205.688167,move,397,361,.!frame.!entry
demo_session_07,1,1786094205.738167,move,398,370,.!frame.!entry
demo_session_07,1,1786094205.788167,move,396,369,.!frame.!entry
demo_session_07,1,1786094205.838167,move,398,377,.!frame.!entry
demo_session_07,1,1786094205.888167,move,401,368,.!frame.!entry
demo_session_07,1,1786094205.9381669,move,394,366,.!frame.!entry
demo_session_07,1,1786094205.9881668,move,397,364,.!frame.!entry
demo_session_07,1,1786094206.0381668,move,387,359,.!frame.!entry
demo_session_07,1,1786094206.0881667,move,387,369,.!frame.!entry
demo_session_07,1,1786094206.1381667,move,391,367,.!frame.!entry
demo_session_07,1,1786094206.1881666,move,390,362,.!frame.!entry
demo_session_07,1,1786094206.2381666,move,391,368,.!frame.!entry
demo_session_07,1,1786094206.2881665,move,393,366,.!frame.!entry
demo_session_07,1,1786094206.3381665,move,378,363,.!frame.!entry
demo_session_07,1,1786094206.3881664,move,393,361,.!frame.!entry
demo_session_07,1,1786094206.4381664,move,386,367,.!frame.!entry
demo_session_07,1,1786094206.4881663,move,384,363,.!frame.!entry
demo_session_07,1,1786094206.5381663,move,382,360,.!frame.!entry
demo_session_07,1,1786094206.5881662,move,389,354,.!frame.!entry
demo_session_07,1,1786094206.6381662,move,383,360,.!frame.!entry
demo_session_07,1,1786094206.6881661,move,383,359,.!frame.!entry
demo_session_07,1,1786094206.738166,move,379,355,.!frame.!entry
demo_session_07,1,1786094206.788166,move,382,349,.!frame.!entry
demo_session_07,1,1786094206.838166,move,381,359,.!frame.!entry
demo_session_07,1,1786094206.888166,move,376,351,.!frame.!entry
demo_session_07,1,1786094206.938166,move,372,354,.!frame.!entry
demo_session_07,1,1786094206.9881659,move,379,348,.!frame.!entry
demo_session_07,1,1786094207.0381658,move,375,350,.!frame.!entry
demo_session_07,1,1786094207.0881658,move,373,348,.!frame.!entry
demo_session_07,1,1786094207.1381657,move,378,345,.!frame.!entry
demo_session_07,1,1786094207.1881657,move,377,355,.!frame.!entry
demo_session_07,1,1786094207.2381656,move,377,342,.!frame.!entry
demo_session_07,1,1786094207.2881656,move,372,346,.!frame.!entry
demo_session_07,1,1786094207.3381655,move,367,340,.!frame.!entry
demo_session_07,1,1786094207.3881655,move,378,345,.!frame.!entry
demo_session_07,1,1786094207.4381654,move,372,352,.!frame.!entry
demo_session_07,1,1786094207.4881654,move,373,346,.!frame.!entry
demo_session_07,1,1786094207.5381653,move,365,343,.!frame.!entry
demo_session_07,1,1786094207.5881653,move,374,336,.!frame.!entry
demo_session_07,1,1786094207.6381652,move,366,341,.!frame.!entry
demo_session_07,1,1786094207.6881652,move,376,345,.!frame.!entry
demo_session_07,1,1786094207.7381651,move,369,338,.!frame.!entry
demo_session_07,1,1786094207.788165,move,370,340,.!frame.!entry
demo_session_07,1,1786094207.838165,move,371,340,.!frame.!entry
demo_session_07,1,1786094207.888165,move,364,330,.!frame.!entry
demo_session_07,1,1786094207.938165,move,366,337,.!frame.!entry
demo_session_07,1,1786094207.988165,move,370,338,.!frame.!button
demo_session_07,1,1786094208.0381649,move,362,334,.!frame.!button
demo_session_07,1,1786094208.0881648,move,356,336,.!frame.!button
demo_session_07,1,1786094208.1381648,move,362,334,.!frame.!button
demo_session_07,1,1786094208.1881647,move,359,340,.!frame.!button
demo_session_07,1,1786094208.2381647,move,363,324,.!frame.!button
demo_session_07,1,1786094208.2881646,move,360,335,.!frame.!button
demo_session_07,1,1786094208.3381646,move,360,328,.!frame.!button
demo_session_07,1,1786094208.3881645,move,357,325,.!frame.!button
demo_session_07,1,1786094208.4381645,move,361,331,.!frame.!button
demo_session_07,1,1786094208.4881644,move,358,327,.!frame.!button
demo_session_07,1,1786094208.5381644,move,360,329,.!frame.!button
demo_session_07,1,1786094208.5881643,move,358,335,.!frame.!button
demo_session_07,1,1786094208.6381643,move,355,325,.!frame.!button
demo_session_07,1,1786094208.6881642,move,356,331,.!frame.!button
demo_session_07,1,1786094208.7381642,move,353,323,.!frame.!button
demo_session_07,1,1786094208.7881641,move,351,326,.!frame.!button
demo_session_07,1,1786094208.838164,move,350,323,.!frame.!button
demo_session_07,1,1786094208.888164,move,347,317,.!frame.!button
demo_session_07,1,1786094208.938164,move,351,323,.!frame.!button
demo_session_07,1,1786094208.988164,move,352,317,.!frame.!button
demo_session_07,1,1786094209.05678,click,351,321,.!frame.!button
demo_session_07,2,1786094209.05678,move,372,310,.!frame.!entry
demo_session_07,2,1786094209.10678,move,364,308,.!frame.!entry
demo_session_07,2,1786094209.15678,move,377,314,.!frame.!entry
demo_session_07,2,1786094209.20678,move,373,302,.!frame.!entry
demo_session_07,2,1786094209.25678,move,379,306,.!frame.!entry
demo_session_07,2,1786094209.3067799,move,378,311,.!frame.!entry
demo_session_07,2,1786094209.3567798,move,375,312,.!frame.!entry
demo_session_07,2,1786094209.4067798,move,361,305,.!frame.!entry
demo_session_07,2,1786094209.4567797,move,377,309,.!frame.!entry
demo_session_07,2,1786094209.5067797,move,375,308,.!frame.!entry
demo_session_07,2,1786094209.5567796,move,366,320,.!frame.!entry
demo_session_07,2,1786094209.6067796,move,369,305,.!frame.!entry
demo_session_07,2,1786094209.6567795,move,370,309,.!frame.!entry
demo_session_07,2,1786094209.7067795,move,370,314,.!frame.!entry
demo_session_07,2,1786094209.7567794,move,372,313,.!frame.!entry
demo_session_07,2,1786094209.8067794,move,373,313,.!frame.!entry
demo_session_07,2,1786094209.8567793,move,367,306,.!frame.!entry
demo_session_07,2,1786094209.9067793,move,375,311,.!frame.!entry
demo_session_07,2,1786094209.9567792,move,377,316,.!frame.!entry
demo_session_07,2,1786094210.0067792,move,369,309,.!frame.!entry
demo_session_07,2,1786094210.0567791,move,370,309,.!frame.!entry
demo_session_07,2,1786094210.106779,move,365,308,.!frame.!entry
demo_session_07,2,1786094210.156779,move,365,312,.!frame.!entry
demo_session_07,2,1786094210.206779,move,370,311,.!frame.!entry
demo_session_07,2,1786094210.256779,move,373,316,.!frame.!entry
demo_session_07,2,1786094210.306779,move,368,310,.!frame.!entry
demo_session_07,2,1786094210.3567789,move,359,317,.!frame.!entry
demo_session_07,2,1786094210.4067788,move,365,310,.!frame.!entry
demo_session_07,2,1786094210.4567788,move,379,308,.!frame.!entry
demo_session_07,2,1786094210.5067787,move,376,316,.!frame.!entry
demo_session_07,2,1786094210.5567787,move,363,308,.!frame.!entry
demo_session_07,2,1786094210.6067786,move,367,304,.!frame.!entry
demo_session_07,2,1786094210.6567786,move,362,323,.!frame.!entry
demo_session_07,2,1786094210.7067785,move,361,307,.!frame.!entry
demo_session_07,2,1786094210.7567785,move,363,306,.!frame.!entry
demo_session_07,2,1786094210.8067784,move,364,310,.!frame.!entry
demo_session_07,2,1786094210.8567784,move,364,307,.!frame.!entry
demo_session_07,2,1786094210.9067783,move,366,314,.!frame.!entry
demo_session_07,2,1786094210.9567783,move,368,310,.!frame.!entry
demo_session_07,2,1786094211.0067782,move,364,313,.!frame.!entry
demo_session_07,2,1786094211.0567782,move,349,309,.!frame.!entry
demo_session_07,2,1786094211.1067781,move,358,308,.!frame.!entry
demo_session_07,2,1786094211.156778,move,357,316,.!frame.!entry
demo_session_07,2,1786094211.206778,move,362,314,.!frame.!entry
demo_session_07,2,1786094211.256778,move,360,312,.!frame.!entry
demo_session_07,2,1786094211.306778,move,366,312,.!frame.!entry
demo_session_07,2,1786094211.356778,move,364,316,.!frame.!entry
demo_session_07,2,1786094211.4067779,move,371,320,.!frame.!entry
demo_session_07,2,1786094211.4567778,move,363,313,.!frame.!entry
demo_session_07,2,1786094211.5067778,move,359,306,.!frame.!entry
demo_session_07,2,1786094211.5567777,move,354,322,.!frame.!entry
demo_session_07,2,1786094211.6067777,move,363,305,.!frame.!entry
demo_session_07,2,1786094211.6567776,move,353,321,.!frame.!entry
demo_session_07,2,1786094211.7067776,move,369,322,.!frame.!entry
demo_session_07,2,1786094211.7567775,move,365,317,.!frame.!entry
demo_session_07,2,1786094211.8067775,move,364,315,.!frame.!entry
demo_session_07,2,1786094211.8567774,move,368,319,.!frame.!entry
demo_session_07,2,1786094211.9067774,move,362,309,.!frame.!entry
demo_session_07,2,1786094211.9567773,move,361,314,.!frame.!entry
demo_session_07,2,1786094212.0067773,move,353,315,.!frame.!entry
demo_session_07,2,1786094212.0567772,move,361,305,.!frame.!entry
demo_session_07,2,1786094212.1067772,move,357,319,.!frame.!entry
demo_session_07,2,1786094212.1567771,move,364,313,.!frame.!entry
demo_session_07,2,1786094212.206777,move,370,317,.!frame.!entry
demo_session_07,2,1786094212.256777,move,357,305,.!frame.!entry
demo_session_07,2,1786094212.306777,move,356,309,.!frame.!entry
demo_session_07,2,1786094212.356777,move,358,316,.!frame.!entry
demo_session_07,2,1786094212.406777,move,362,312,.!frame.!entry
demo_session_07,2,1786094212.4567769,move,364,314,.!frame.!entry
demo_session_07,2,1786094212.5067768,move,355,319,.!frame.!entry
demo_session_07,2,1786094212.5567768,move,352,321,.!frame.!entry
demo_session_07,2,1786094212.6067767,move,356,315,.!frame.!button
demo_session_07,2,1786094212.6567767,move,355,316,.!frame.!button
demo_session_07,2,1786094212.7067766,move,358,309,.!frame.!button
demo_session_07,2,1786094212.7567766,move,358,323,.!frame.!button
demo_session_07,2,1786094212.8067765,move,352,312,.!frame.!button
demo_session_07,2,1786094212.8567765,move,354,316,.!frame.!button
demo_session_07,2,1786094212.9067764,move,348,304,.!frame.!button
demo_session_07,2,1786094212.9567764,move,360,328,.!frame.!button
demo_session_07,2,1786094213.0067763,move,359,313,.!frame.!button
demo_session_07,2,1786094213.0567763,move,351,315,.!frame.!button
demo_session_07,2,1786094213.1067762,move,352,325,.!frame.!button
demo_session_07,2,1786094213.1567762,move,354,323,.!frame.!button
demo_session_07,2,1786094213.2067761,move,356,314,.!frame.!button
demo_session_07,2,1786094213.256776,move,348,317,.!frame.!button
demo_session_07,2,1786094213.306776,move,349,319,.!frame.!button
demo_session_07,2,1786094213.356776,move,361,324,.!frame.!button
demo_session_07,2,1786094213.406776,move,358,314,.!frame.!button
demo_session_07,2,1786094213.456776,move,349,318,.!frame.!button
demo_session_07,2,1786094213.5067759,move,341,319,.!frame.!button
demo_session_07,2,1786094213.5567758,move,347,325,.!frame.!button
demo_session_07,2,1786094213.6067758,move,345,318,.!frame.!button
demo_session_07,2,1786094213.6567757,move,353,318,.!frame.!button
demo_session_07,2,1786094213.7067757,move,347,319,.!frame.!button
demo_session_07,2,1786094213.7567756,move,346,323,.!frame.!button
demo_session_07,2,1786094213.8067756,move,349,310,.!frame.!button
demo_session_07,2,1786094213.8567755,move,346,311,.!frame.!button
demo_session_07,2,1786094213.9067755,move,349,318,.!frame.!button
demo_session_07,2,1786094213.9567754,move,348,313,.!frame.!button
demo_session_07,2,1786094214.0067754,move,351,322,.!frame.!button
demo_session_07,2,1786094214.0567753,move,351,321,.!frame.!button
demo_session_07,2,1786094214.1067753,move,355,314,.!frame.!button
demo_session_07,2,1786094214.202798,click,352,322,.!frame.!button
demo_session_07,3,1786094214.202798,move,452,131,.!frame.!entry
demo_session_07,3,1786094214.2527978,move,451,127,.!frame.!entry
demo_session_07,3,1786094214.3027978,move,451,132,.!frame.!entry
demo_session_07,3,1786094214.3527977,move,445,130,.!frame.!entry
demo_session_07,3,1786094214.4027977,move,454,136,.!frame.!entry
demo_session_07,3,1786094214.4527977,move,445,143,.!frame.!entry
demo_session_07,3,1786094214.5027976,move,443,147,.!frame.!entry
demo_session_07,3,1786094214.5527976,move,445,141,.!frame.!entry
demo_session_07,3,1786094214.6027975,move,441,139,.!frame.!entry
demo_session_07,3,1786094214.6527975,move,451,147,.!frame.!entry
demo_session_07,3,1786094214.7027974,move,443,154,.!frame.!entry
demo_session_07,3,1786094214.7527974,move,437,146,.!frame.!entry
demo_session_07,3,1786094214.8027973,move,436,148,.!frame.!entry
demo_session_07,3,1786094214.8527973,move,443,148,.!frame.!entry
demo_session_07,3,1786094214.9027972,move,447,152,.!frame.!entry
demo_session_07,3,1786094214.9527972,move,437,157,.!frame.!entry
demo_session_07,3,1786094215.0027971,move,442,156,.!frame.!entry
demo_session_07,3,1786094215.052797,move,438,157,.!frame.!entry
demo_session_07,3,1786094215.102797,move,436,160,.!frame.!entry
demo_session_07,3,1786094215.152797,move,441,162,.!frame.!entry
demo_session_07,3,1786094215.202797,move,438,167,.!frame.!entry
demo_session_07,3,1786094215.252797,move,429,160,.!frame.!entry
demo_session_07,3,1786094215.3027968,move,437,159,.!frame.!entry
demo_session_07,3,1786094215.3527968,move,427,161,.!frame.!entry
demo_session_07,3,1786094215.4027967,move,433,173,.!frame.!entry
demo_session_07,3,1786094215.4527967,move,426,179,.!frame.!entry
demo_session_07,3,1786094215.5027966,move,428,169,.!frame.!entry
demo_session_07,3,1786094215.5527966,move,428,184,.!frame.!entry
demo_session_07,3,1786094215.6027966,move,424,178,.!frame.!entry
demo_session_07,3,1786094215.6527965,move,431,180,.!frame.!entry
demo_session_07,3,1786094215.7027965,move,430,178,.!frame.!entry
demo_session_07,3,1786094215.7527964,move,435,181,.!frame.!entry
demo_session_07,3,1786094215.8027964,move,420,183,.!frame.!entry
demo_session_07,3,1786094215.8527963,move,425,184,.!frame.!entry
demo_session_07,3,1786094215.9027963,move,419,187,.!frame.!entry
demo_session_07,3,1786094215.9527962,move,417,191,.!frame.!entry
demo_session_07,3,1786094216.0027962,move,424,189,.!frame.!entry
demo_session_07,3,1786094216.0527961,move,417,189,.!frame.!entry
demo_session_07,3,1786094216.102796,move,420,197,.!frame.!entry
demo_session_07,3,1786094216.152796,move,418,193,.!frame.!entry
demo_session_07,3,1786094216.202796,move,417,196,.!frame.!entry
demo_session_07,3,1786094216.252796,move,413,192,.!frame.!entry
demo_session_07,3,1786094216.302796,move,416,205,.!frame.!entry
demo_session_07,3,1786094216.3527958,move,414,197,.!frame.!entry
demo_session_07,3,1786094216.4027958,move,420,210,.!frame.!entry
demo_session_07,3,1786094216.4527957,move,397,204,.!frame.!entry
demo_session_07,3,1786094216.5027957,move,402,199,.!frame.!entry
demo_session_07,3,1786094216.5527956,move,416,205,.!frame.!entry
demo_session_07,3,1786094216.6027956,move,403,201,.!frame.!entry
demo_session_07,3,1786094216.6527956,move,410,214,.!frame.!entry
demo_session_07,3,1786094216.7027955,move,410,209,.!frame.!entry
demo_session_07,3,1786094216.7527955,move,403,217,.!frame.!entry
demo_session_07,3,1786094216.8027954,move,404,215,.!frame.!entry
demo_session_07,3,1786094216.8527954,move,401,217,.!frame.!entry
demo_session_07,3,1786094216.9027953,move,410,212,.!frame.!entry
demo_session_07,3,1786094216.9527953,move,404,221,.!frame.!entry
demo_session_07,3,1786094217.0027952,move,406,228,.!frame.!entry
demo_session_07,3,1786094217.0527952,move,402,225,.!frame.!entry
demo_session_07,3,1786094217.1027951,move,399,224,.!frame.!entry
demo_session_07,3,1786094217.152795,move,401,229,.!frame.!entry
demo_session_07,3,1786094217.202795,move,400,231,.!frame.!entry
demo_session_07,3,1786094217.252795,move,392,234,.!frame.!entry
demo_session_07,3,1786094217.302795,move,392,227,.!frame.!entry
demo_session_07,3,1786094217.352795,move,395,241,.!frame.!entry
demo_session_07,3,1786094217.4027948,move,394,237,.!frame.!entry
demo_session_07,3,1786094217.4527948,move,402,238,.!frame.!entry
demo_session_07,3,1786094217.5027947,move,399,231,.!frame.!entry
demo_session_07,3,1786094217.5527947,move,392,239,.!frame.!entry
demo_session_07,3,1786094217.6027946,move,392,246,.!frame.!entry
demo_session_07,3,1786094217.6527946,move,393,248,.!frame.!entry
demo_session_07,3,1786094217.7027946,move,392,249,.!frame.!entry
demo_session_07,3,1786094217.7527945,move,395,245,.!frame.!entry
demo_session_07,3,1786094217.8027945,move,385,259,.!frame.!entry
demo_session_07,3,1786094217.8527944,move,387,247,.!frame.!entry
demo_session_07,3,1786094217.9027944,move,380,255,.!frame.!entry
demo_session_07,3,1786094217.9527943,move,380,253,.!frame.!entry
demo_session_07,3,1786094218.0027943,move,389,251,.!frame.!entry
demo_session_07,3,1786094218.0527942,move,385,254,.!frame.!entry
demo_session_07,3,1786094218.1027942,move,384,256,.!frame.!entry
demo_session_07,3,1786094218.1527941,move,378,267,.!frame.!entry
demo_session_07,3,1786094218.202794,move,381,251,.!frame.!button
demo_session_07,3,1786094218.252794,move,375,276,.!frame.!button
demo_session_07,3,1786094218.302794,move,374,262,.!frame.!button
demo_session_07,3,1786094218.352794,move,390,266,.!frame.!button
demo_session_07,3,1786094218.402794,move,372,262,.!frame.!button
demo_session_07,3,1786094218.4527938,move,380,281,.!frame.!button
demo_session_07,3,1786094218.5027938,move,377,270,.!frame.!button
demo_session_07,3,1786094218.5527937,move,378,284,.!frame.!button
demo_session_07,3,1786094218.6027937,move,370,273,.!frame.!button
demo_session_07,3,1786094218.6527936,move,367,277,.!frame.!button
demo_session_07,3,1786094218.7027936,move,372,279,.!frame.!button
demo_session_07,3,1786094218.7527936,move,375,276,.!frame.!button
demo_session_07,3,1786094218.8027935,move,369,284,.!frame.!button
demo_session_07,3,1786094218.8527935,move,363,280,.!frame.!button
demo_session_07,3,1786094218.9027934,move,359,286,.!frame.!button
demo_session_07,3,1786094218.9527934,move,369,287,.!frame.!button
demo_session_07,3,1786094219.0027933,move,363,296,.!frame.!button
demo_session_07,3,1786094219.0527933,move,365,292,.!frame.!button
demo_session_07,3,1786094219.1027932,move,362,294,.!frame.!button
demo_session_07,3,1786094219.1527932,move,374,293,.!frame.!button
demo_session_07,3,1786094219.2027931,move,362,304,.!frame.!button
demo_session_07,3,1786094219.252793,move,358,304,.!frame.!button
demo_session_07,3,1786094219.302793,move,357,300,.!frame.!button
demo_session_07,3,1786094219.352793,move,365,300,.!frame.!button
demo_session_07,3,1786094219.402793,move,357,302,.!frame.!button
demo_session_07,3,1786094219.452793,move,359,302,.!frame.!button
demo_session_07,3,1786094219.5027928,move,360,304,.!frame.!button
demo_session_07,3,1786094219.5527928,move,356,306,.!frame.!button
demo_session_07,3,1786094219.6027927,move,352,319,.!frame.!button
demo_session_07,3,1786094219.6527927,move,344,305,.!frame.!button
demo_session_07,3,1786094219.7027926,move,355,318,.!frame.!button
demo_session_07,3,1786094219.7527926,move,347,323,.!frame.!button
demo_session_07,3,1786094219.8027925,move,353,318,.!frame.!button
demo_session_07,3,1786094219.8527925,move,352,319,.!frame.!button
demo_session_07,3,1786094219.9027925,move,348,321,.!frame.!button
demo_session_07,3,1786094219.9709697,click,348,318,.!frame.!button
demo_session_07,4,1786094232.9096904,move,293,119,.!frame.!entry
demo_session_07,4,1786094232.9596903,move,295,118,.!frame.!entry
demo_session_07,4,1786094233.0096903,move,296,116,.!frame.!entry
demo_session_07,4,1786094233.0596902,move,297,136,.!frame.!entry
demo_session_07,4,1786094233.1096902,move,295,120,.!frame.!entry
demo_session_07,4,1786094233.1596901,move,287,129,.!frame.!entry
demo_session_07,4,1786094233.20969,move,285,136,.!frame.!entry
demo_session_07,4,1786094233.25969,move,292,131,.!frame.!entry
demo_session_07,4,1786094233.30969,move,301,146,.!frame.!entry
demo_session_07,4,1786094233.35969,move,295,138,.!frame.!entry
demo_session_07,4,1786094233.40969,move,298,143,.!frame.!entry
demo_session_07,4,1786094233.4596899,move,287,141,.!frame.!entry
demo_session_07,4,1786094233.5096898,move,296,151,.!frame.!entry
demo_session_07,4,1786094233.5596898,move,298,143,.!frame.!entry
demo_session_07,4,1786094233.6096897,move,300,149,.!frame.!entry
demo_session_07,4,1786094233.6596897,move,296,149,.!frame.!entry
demo_session_07,4,1786094233.7096896,move,303,161,.!frame.!entry
demo_session_07,4,1786094233.7596896,move,294,152,.!frame.!entry
demo_session_07,4,1786094233.8096895,move,297,159,.!frame.!entry
demo_session_07,4,1786094233.8596895,move,295,163,.!frame.!entry
demo_session_07,4,1786094233.9096894,move,302,162,.!frame.!entry
demo_session_07,4,1786094233.9596894,move,307,169,.!frame.!entry
demo_session_07,4,1786094234.0096893,move,298,158,.!frame.!entry
demo_session_07,4,1786094234.0596893,move,298,175,.!frame.!entry
demo_session_07,4,1786094234.1096892,move,303,175,.!frame.!entry
demo_session_07,4,1786094234.1596892,move,313,174,.!frame.!entry
demo_session_07,4,1786094234.2096891,move,305,165,.!frame.!entry
demo_session_07,4,1786094234.259689,move,299,180,.!frame.!entry
demo_session_07,4,1786094234.309689,move,310,177,.!frame.!entry
demo_session_07,4,1786094234.359689,move,315,194,.!frame.!entry
demo_session_07,4,1786094234.409689,move,310,190,.!frame.!entry
demo_session_07,4,1786094234.459689,move,312,190,.!frame.!entry
demo_session_07,4,1786094234.5096889,move,314,192,.!frame.!entry
demo_session_07,4,1786094234.5596888,move,319,193,.!frame.!entry
demo_session_07,4,1786094234.6096888,move,317,201,.!frame.!entry
demo_session_07,4,1786094234.6596887,move,310,200,.!frame.!entry
demo_session_07,4,1786094234.7096887,move,316,190,.!frame.!entry
demo_session_07,4,1786094234.7596886,move,323,198,.!frame.!entry
demo_session_07,4,1786094234.8096886,move,310,189,.!frame.!entry
demo_session_07,4,1786094234.8596885,move,321,203,.!frame.!entry
demo_session_07,4,1786094234.9096885,move,316,212,.!frame.!entry
demo_session_07,4,1786094234.9596884,move,315,215,.!frame.!entry
demo_session_07,4,1786094235.0096884,move,315,216,.!frame.!entry
demo_session_07,4,1786094235.0596883,move,325,220,.!frame.!entry
demo_session_07,4,1786094235.1096883,move,323,217,.!frame.!entry
demo_session_07,4,1786094235.1596882,move,329,221,.!frame.!entry
demo_session_07,4,1786094235.2096882,move,332,221,.!frame.!entry
demo_session_07,4,1786094235.2596881,move,323,226,.!frame.!entry
demo_session_07,4,1786094235.309688,move,320,222,.!frame.!entry
demo_session_07,4,1786094235.359688,move,328,229,.!frame.!entry
demo_session_07,4,1786094235.409688,move,333,232,.!frame.!entry
demo_session_07,4,1786094235.459688,move,332,232,.!frame.!entry
demo_session_07,4,1786094235.509688,move,329,227,.!frame.!entry
demo_session_07,4,1786094235.5596879,move,323,228,.!frame.!entry
demo_session_07,4,1786094235.6096878,move,330,238,.!frame.!entry
demo_session_07,4,1786094235.6596878,move,334,241,.!frame.!entry
demo_session_07,4,1786094235.7096877,move,327,243,.!frame.!entry
demo_session_07,4,1786094235.7596877,move,329,251,.!frame.!entry
demo_session_07,4,1786094235.8096876,move,329,252,.!frame.!entry
demo_session_07,4,1786094235.8596876,move,329,250,.!frame.!entry
demo_session_07,4,1786094235.9096875,move,327,249,.!frame.!entry
demo_session_07,4,1786094235.9596875,move,339,261,.!frame.!entry
demo_session_07,4,1786094236.0096874,move,328,259,.!frame.!button
demo_session_07,4,1786094236.0596874,move,343,266,.!frame.!button
demo_session_07,4,1786094236.1096873,move,331,264,.!frame.!button
demo_session_07,4,1786094236.1596873,move,339,271,.!frame.!button
demo_session_07,4,1786094236.2096872,move,338,273,.!frame.!button
demo_session_07,4,1786094236.2596872,move,335,275,.!frame.!button
demo_session_07,4,1786094236.3096871,move,338,264,.!frame.!button
demo_session_07,4,1786094236.359687,move,344,285,.!frame.!button
demo_session_07,4,1786094236.409687,move,331,283,.!frame.!button
demo_session_07,4,1786094236.459687,move,336,278,.!frame.!button
demo_session_07,4,1786094236.509687,move,349,284,.!frame.!button
demo_session_07,4,1786094236.559687,move,336,286,.!frame.!button
demo_session_07,4,1786094236.6096869,move,346,289,.!frame.!button
demo_session_07,4,1786094236.6596868,move,340,282,.!frame.!button
demo_session_07,4,1786094236.7096868,move,333,289,.!frame.!button
demo_session_07,4,1786094236.7596867,move,344,304,.!frame.!button
demo_session_07,4,1786094236.8096867,move,343,292,.!frame.!button
demo_session_07,4,1786094236.8596866,move,340,297,.!frame.!button
demo_session_07,4,1786094236.9096866,move,346,303,.!frame.!button
demo_session_07,4,1786094236.9596865,move,340,303,.!frame.!button
demo_session_07,4,1786094237.0096865,move,350,309,.!frame.!button
demo_session_07,4,1786094237.0596864,move,342,308,.!frame.!button
demo_session_07,4,1786094237.1096864,move,351,317,.!frame.!button
demo_session_07,4,1786094237.1596863,move,349,307,.!frame.!button
demo_session_07,4,1786094237.2096863,move,353,312,.!frame.!button
demo_session_07,4,1786094237.2596862,move,341,315,.!frame.!button
demo_session_07,4,1786094237.3096862,move,350,319,.!frame.!button
demo_session_07,4,1786094237.3689806,click,353,323,.!frame.!button
demo_session_07,5,1786094237.3689806,move,382,386,.!frame.!entry
demo_session_07,5,1786094237.4189806,move,365,377,.!frame.!entry
demo_session_07,5,1786094237.4689806,move,369,375,.!frame.!entry
demo_session_07,5,1786094237.5189805,move,372,374,.!frame.!entry
demo_session_07,5,1786094237.5689805,move,368,374,.!frame.!entry
demo_session_07,5,1786094237.6189804,move,375,372,.!frame.!entry
demo_session_07,5,1786094237.6689804,move,375,372,.!frame.!entry
demo_session_07,5,1786094237.7189803,move,368,371,.!frame.!entry
demo_session_07,5,1786094237.7689803,move,360,364,.!frame.!entry
demo_session_07,5,1786094237.8189802,move,376,371,.!frame.!entry
demo_session_07,5,1786094237.8689802,move,358,368,.!frame.!entry
demo_session_07,5,1786094237.9189801,move,368,354,.!frame.!entry
demo_session_07,5,1786094237.96898,move,370,360,.!frame.!entry
demo_session_07,5,1786094238.01898,move,364,369,.!frame.!entry
demo_session_07,5,1786094238.06898,move,367,365,.!frame.!entry
demo_session_07,5,1786094238.11898,move,368,356,.!frame.!entry
demo_session_07,5,1786094238.16898,move,363,357,.!frame.!entry
demo_session_07,5,1786094238.2189798,move,368,364,.!frame.!entry
demo_session_07,5,1786094238.2689798,move,363,359,.!frame.!entry
demo_session_07,5,1786094238.3189797,move,372,361,.!frame.!entry
demo_session_07,5,1786094238.3689797,move,362,370,.!frame.!entry
demo_session_07,5,1786094238.4189796,move,361,368,.!frame.!entry
demo_session_07,5,1786094238.4689796,move,367,353,.!frame.!entry
demo_session_07,5,1786094238.5189795,move,361,363,.!frame.!entry
demo_session_07,5,1786094238.5689795,move,372,357,.!frame.!entry
demo_session_07,5,1786094238.6189795,move,358,365,.!frame.!entry
demo_session_07,5,1786094238.6689794,move,360,361,.!frame.!entry
demo_session_07,5,1786094238.7189794,move,370,359,.!frame.!entry
demo_session_07,5,1786094238.7689793,move,354,360,.!frame.!entry
demo_session_07,5,1786094238.8189793,move,361,356,.!frame.!entry
demo_session_07,5,1786094238.8689792,move,354,350,.!frame.!entry
demo_session_07,5,1786094238.9189792,move,362,348,.!frame.!entry
demo_session_07,5,1786094238.9689791,move,359,350,.!frame.!entry
demo_session_07,5,1786094239.018979,move,365,354,.!frame.!entry
demo_session_07,5,1786094239.068979,move,356,357,.!frame.!entry
demo_session_07,5,1786094239.118979,move,365,354,.!frame.!entry
demo_session_07,5,1786094239.168979,move,356,360,.!frame.!entry
demo_session_07,5,1786094239.218979,move,358,353,.!frame.!entry
demo_session_07,5,1786094239.2689788,move,371,356,.!frame.!entry
demo_session_07,5,1786094239.3189788,move,356,352,.!frame.!entry
demo_session_07,5,1786094239.3689787,move,359,346,.!frame.!entry
demo_session_07,5,1786094239.4189787,move,361,353,.!frame.!entry
demo_session_07,5,1786094239.4689786,move,370,342,.!frame.!entry
demo_session_07,5,1786094239.5189786,move,358,344,.!frame.!entry
demo_session_07,5,1786094239.5689785,move,361,339,.!frame.!entry
demo_session_07,5,1786094239.6189785,move,351,350,.!frame.!entry
demo_session_07,5,1786094239.6689785,move,368,343,.!frame.!entry
demo_session_07,5,1786094239.7189784,move,362,344,.!frame.!entry
demo_session_07,5,1786094239.7689784,move,362,341,.!frame.!entry
demo_session_07,5,1786094239.8189783,move,351,341,.!frame.!entry
demo_session_07,5,1786094239.8689783,move,361,343,.!frame.!entry
demo_session_07,5,1786094239.9189782,move,360,339,.!frame.!entry
demo_session_07,5,1786094239.9689782,move,354,341,.!frame.!entry
demo_session_07,5,1786094240.018978,move,368,344,.!frame.!entry
demo_session_07,5,1786094240.068978,move,353,343,.!frame.!entry
demo_session_07,5,1786094240.118978,move,356,342,.!frame.!entry
demo_session_07,5,1786094240.168978,move,357,345,.!frame.!entry
demo_session_07,5,1786094240.218978,move,351,333,.!frame.!entry
demo_session_07,5,1786094240.2689779,move,361,336,.!frame.!entry
demo_session_07,5,1786094240.3189778,move,354,340,.!frame.!entry
demo_session_07,5,1786094240.3689778,move,363,332,.!frame.!entry
demo_session_07,5,1786094240.4189777,move,348,337,.!frame.!entry
demo_session_07,5,1786094240.4689777,move,359,324,.!frame.!button
demo_session_07,5,1786094240.5189776,move,345,338,.!frame.!button
demo_session_07,5,1786094240.5689776,move,354,337,.!frame.!button
demo_session_07,5,1786094240.6189775,move,350,334,.!frame.!button
demo_session_07,5,1786094240.6689775,move,344,337,.!frame.!button
demo_session_07,5,1786094240.7189775,move,365,333,.!frame.!button
demo_session_07,5,1786094240.7689774,move,361,327,.!frame.!button
demo_session_07,5,1786094240.8189774,move,363,326,.!frame.!button
demo_session_07,5,1786094240.8689773,move,353,341,.!frame.!button
demo_session_07,5,1786094240.9189773,move,356,336,.!frame.!button
demo_session_07,5,1786094240.9689772,move,363,326,.!frame.!button
demo_session_07,5,1786094241.0189772,move,358,330,.!frame.!button
demo_session_07,5,1786094241.068977,move,350,321,.!frame.!button
demo_session_07,5,1786094241.118977,move,345,330,.!frame.!button
demo_session_07,5,1786094241.168977,move,346,327,.!frame.!button
demo_session_07,5,1786094241.218977,move,354,331,.!frame.!button
demo_session_07,5,1786094241.268977,move,360,322,.!frame.!button
demo_session_07,5,1786094241.3189769,move,354,320,.!frame.!button
demo_session_07,5,1786094241.3689768,move,356,331,.!frame.!button
demo_session_07,5,1786094241.4189768,move,351,327,.!frame.!button
demo_session_07,5,1786094241.4689767,move,345,315,.!frame.!button
demo_session_07,5,1786094241.5189767,move,363,333,.!frame.!button
demo_session_07,5,1786094241.5689766,move,357,318,.!frame.!button
demo_session_07,5,1786094241.6189766,move,353,323,.!frame.!button
demo_session_07,5,1786094241.6689765,move,348,321,.!frame.!button
demo_session_07,5,1786094241.7189765,move,356,317,.!frame.!button
demo_session_07,5,1786094241.7689764,move,343,314,.!frame.!button
demo_session_07,5,1786094241.8572836,click,352,322,.!frame.!button
demo_session_07,6,1786094241.8572836,move,554,217,.!frame.!entry
demo_session_07,6,1786094241.9072835,move,553,212,.!frame.!entry
demo_session_07,6,1786094241.9572835,move,555,216,.!frame.!entry
demo_session_07,6,1786094242.0072834,move,567,212,.!frame.!entry
demo_session_07,6,1786094242.0572834,move,555,213,.!frame.!entry
demo_session_07,6,1786094242.1072834,move,545,219,.!frame.!entry
demo_session_07,6,1786094242.1572833,move,551,217,.!frame.!entry
demo_session_07,6,1786094242.2072833,move,565,222,.!frame.!entry
demo_session_07,6,1786094242.2572832,move,546,218,.!frame.!entry
demo_session_07,6,1786094242.3072832,move,553,224,.!frame.!entry
demo_session_07,6,1786094242.357283,move,541,219,.!frame.!entry
demo_session_07,6,1786094242.407283,move,542,224,.!frame.!entry
demo_session_07,6,1786094242.457283,move,546,214,.!frame.!entry
demo_session_07,6,1786094242.507283,move,538,222,.!frame.!entry
demo_session_07,6,1786094242.557283,move,534,228,.!frame.!entry
demo_session_07,6,1786094242.6072829,move,532,233,.!frame.!entry
demo_session_07,6,1786094242.6572828,move,535,228,.!frame.!entry
demo_session_07,6,1786094242.7072828,move,529,225,.!frame.!entry
demo_session_07,6,1786094242.7572827,move,524,226,.!frame.!entry
demo_session_07,6,1786094242.8072827,move,516,234,.!frame.!entry
demo_session_07,6,1786094242.8572826,move,520,235,.!frame.!entry
demo_session_07,6,1786094242.9072826,move,517,230,.!frame.!entry
demo_session_07,6,1786094242.9572825,move,523,232,.!frame.!entry
demo_session_07,6,1786094243.0072825,move,512,226,.!frame.!entry
demo_session_07,6,1786094243.0572824,move,521,236,.!frame.!entry
demo_session_07,6,1786094243.1072824,move,511,237,.!frame.!entry
demo_session_07,6,1786094243.1572824,move,516,232,.!frame.!entry
demo_session_07,6,1786094243.2072823,move,504,248,.!frame.!entry
demo_session_07,6,1786094243.2572823,move,507,236,.!frame.!entry
demo_session_07,6,1786094243.3072822,move,515,245,.!frame.!entry
demo_session_07,6,1786094243.3572822,move,499,244,.!frame.!entry
demo_session_07,6,1786094243.407282,move,506,242,.!frame.!entry
demo_session_07,6,1786094243.457282,move,510,243,.!frame.!entry
demo_session_07,6,1786094243.507282,move,506,243,.!frame.!entry
demo_session_07,6,1786094243.557282,move,487,241,.!frame.!entry
demo_session_07,6,1786094243.607282,move,501,240,.!frame.!entry
demo_session_07,6,1786094243.6572819,move,485,249,.!frame.!entry
demo_session_07,6,1786094243.7072818,move,493,254,.!frame.!entry
demo_session_07,6,1786094243.7572818,move,488,243,.!frame.!entry
demo_session_07,6,1786094243.8072817,move,490,250,.!frame.!entry
demo_session_07,6,1786094243.8572817,move,476,254,.!frame.!entry
demo_session_07,6,1786094243.9072816,move,479,255,.!frame.!entry
demo_session_07,6,1786094243.9572816,move,482,246,.!frame.!entry
demo_session_07,6,1786094244.0072815,move,472,260,.!frame.!entry
demo_session_07,6,1786094244.0572815,move,482,263,.!frame.!entry
demo_session_07,6,1786094244.1072814,move,475,253,.!frame.!entry
demo_session_07,6,1786094244.1572814,move,469,258,.!frame.!entry
demo_session_07,6,1786094244.2072814,move,475,258,.!frame.!entry
demo_session_07,6,1786094244.2572813,move,480,255,.!frame.!entry
demo_session_07,6,1786094244.3072813,move,470,261,.!frame.!entry
demo_session_07,6,1786094244.3572812,move,469,261,.!frame.!entry
demo_session_07,6,1786094244.4072812,move,459,261,.!frame.!entry
demo_session_07,6,1786094244.457281,move,460,263,.!frame.!entry
demo_session_07,6,1786094244.507281,move,466,263,.!frame.!entry
demo_session_07,6,1786094244.557281,move,462,258,.!frame.!entry
demo_session_07,6,1786094244.607281,move,457,262,.!frame.!entry
demo_session_07,6,1786094244.657281,move,461,263,.!frame.!entry
demo_session_07,6,1786094244.7072809,move,450,269,.!frame.!entry
demo_session_07,6,1786094244.7572808,move,452,267,.!frame.!entry
demo_session_07,6,1786094244.8072808,move,453,265,.!frame.!entry
demo_session_07,6,1786094244.8572807,move,452,265,.!frame.!entry
demo_session_07,6,1786094244.9072807,move,438,275,.!frame.!entry
demo_session_07,6,1786094244.9572806,move,446,283,.!frame.!entry
demo_session_07,6,1786094245.0072806,move,444,281,.!frame.!entry
demo_session_07,6,1786094245.0572805,move,443,284,.!frame.!entry
demo_session_07,6,1786094245.1072805,move,437,275,.!frame.!entry
demo_session_07,6,1786094245.1572804,move,431,277,.!frame.!entry
demo_session_07,6,1786094245.2072804,move,437,287,.!frame.!entry
demo_session_07,6,1786094245.2572803,move,431,269,.!frame.!entry
demo_session_07,6,1786094245.3072803,move,431,279,.!frame.!entry
demo_session_07,6,1786094245.3572803,move,425,284,.!frame.!entry
demo_session_07,6,1786094245.4072802,move,429,284,.!frame.!entry
demo_session_07,6,1786094245.4572802,move,429,270,.!frame.!entry
demo_session_07,6,1786094245.50728,move,428,288,.!frame.!entry
demo_session_07,6,1786094245.55728,move,426,288,.!frame.!entry
demo_session_07,6,1786094245.60728,move,414,285,.!frame.!entry
demo_session_07,6,1786094245.65728,move,419,284,.!frame.!entry
demo_session_07,6,1786094245.70728,move,418,288,.!frame.!entry
demo_session_07,6,1786094245.7572799,move,420,291,.!frame.!button
demo_session_07,6,1786094245.8072798,move,416,288,.!frame.!button
demo_session_07,6,1786094245.8572798,move,411,295,.!frame.!button
demo_session_07,6,1786094245.9072797,move,413,292,.!frame.!button
demo_session_07,6,1786094245.9572797,move,405,301,.!frame.!button
demo_session_07,6,1786094246.0072796,move,408,304,.!frame.!button
demo_session_07,6,1786094246.0572796,move,402,288,.!frame.!button
demo_session_07,6,1786094246.1072795,move,407,292,.!frame.!button
demo_session_07,6,1786094246.1572795,move,401,294,.!frame.!button
demo_session_07,6,1786094246.2072794,move,396,297,.!frame.!button
demo_session_07,6,1786094246.2572794,move,396,304,.!frame.!button
demo_session_07,6,1786094246.3072793,move,397,298,.!frame.!button
demo_session_07,6,1786094246.3572793,move,392,301,.!frame.!button
demo_session_07,6,1786094246.4072793,move,387,304,.!frame.!button
demo_session_07,6,1786094246.4572792,move,388,296,.!frame.!button
demo_session_07,6,1786094246.5072792,move,389,303,.!frame.!button
demo_session_07,6,1786094246.557279,move,380,314,.!frame.!button
demo_session_07,6,1786094246.607279,move,383,306,.!frame.!button
demo_session_07,6,1786094246.657279,move,380,296,.!frame.!button
demo_session_07,6,1786094246.707279,move,384,309,.!frame.!button
demo_session_07,6,1786094246.757279,move,372,307,.!frame.!button
demo_session_07,6,1786094246.8072789,move,370,313,.!frame.!button
demo_session_07,6,1786094246.8572788,move,365,303,.!frame.!button
demo_session_07,6,1786094246.9072788,move,373,314,.!frame.!button
demo_session_07,6,1786094246.9572787,move,361,309,.!frame.!button
demo_session_07,6,1786094247.0072787,move,365,313,.!frame.!button
demo_session_07,6,1786094247.0572786,move,362,314,.!frame.!button
demo_session_07,6,1786094247.1072786,move,363,308,.!frame.!button
demo_session_07,6,1786094247.1572785,move,359,311,.!frame.!button
demo_session_07,6,1786094247.2072785,move,358,328,.!frame.!button
demo_session_07,6,1786094247.2572784,move,359,312,.!frame.!button
demo_session_07,6,1786094247.3072784,move,348,320,.!frame.!button
demo_session_07,6,1786094247.3572783,move,350,322,.!frame.!button
demo_session_07,6,1786094247.4072783,move,349,320,.!frame.!button
demo_session_07,6,1786094247.4931479,click,351,321,.!frame.!button
demo_session_07,7,1786094247.4931479,move,387,339,.!frame.!entry
demo_session_07,7,1786094247.5431478,move,381,337,.!frame.!entry
demo_session_07,7,1786094247.5931478,move,382,347,.!frame.!entry
demo_session_07,7,1786094247.6431477,move,375,349,.!frame.!entry
demo_session_07,7,1786094247.6931477,move,381,344,.!frame.!entry
demo_session_07,7,1786094247.7431476,move,388,352,.!frame.!entry
demo_session_07,7,1786094247.7931476,move,376,340,.!frame.!entry
demo_session_07,7,1786094247.8431475,move,387,342,.!frame.!entry
demo_session_07,7,1786094247.8931475,move,377,336,.!frame.!entry
demo_session_07,7,1786094247.9431474,move,382,344,.!frame.!entry
demo_session_07,7,1786094247.9931474,move,375,334,.!frame.!entry
demo_session_07,7,1786094248.0431473,move,381,350,.!frame.!entry
demo_session_07,7,1786094248.0931473,move,370,344,.!frame.!entry
demo_session_07,7,1786094248.1431472,move,378,348,.!frame.!entry
demo_session_07,7,1786094248.1931472,move,377,346,.!frame.!entry
demo_session_07,7,1786094248.2431471,move,375,335,.!frame.!entry
demo_session_07,7,1786094248.293147,move,371,344,.!frame.!entry
demo_session_07,7,1786094248.343147,move,371,340,.!frame.!entry
demo_session_07,7,1786094248.393147,move,374,335,.!frame.!entry
demo_session_07,7,1786094248.443147,move,369,337,.!frame.!entry
demo_session_07,7,1786094248.493147,move,376,347,.!frame.!entry
demo_session_07,7,1786094248.5431468,move,378,330,.!frame.!entry
demo_session_07,7,1786094248.5931468,move,377,339,.!frame.!entry
demo_session_07,7,1786094248.6431468,move,370,341,.!frame.!entry
demo_session_07,7,1786094248.6931467,move,372,332,.!frame.!entry
demo_session_07,7,1786094248.7431467,move,366,335,.!frame.!entry
demo_session_07,7,1786094248.7931466,move,368,329,.!frame.!entry
demo_session_07,7,1786094248.8431466,move,377,333,.!frame.!entry
demo_session_07,7,1786094248.8931465,move,374,337,.!frame.!entry
demo_session_07,7,1786094248.9431465,move,372,341,.!frame.!entry
demo_session_07,7,1786094248.9931464,move,372,348,.!frame.!entry
demo_session_07,7,1786094249.0431464,move,377,342,.!frame.!entry
demo_session_07,7,1786094249.0931463,move,378,338,.!frame.!entry
demo_session_07,7,1786094249.1431463,move,376,329,.!frame.!entry
demo_session_07,7,1786094249.1931462,move,362,332,.!frame.!entry
demo_session_07,7,1786094249.2431462,move,373,326,.!frame.!entry
demo_session_07,7,1786094249.2931461,move,377,336,.!frame.!entry
demo_session_07,7,1786094249.343146,move,379,341,.!frame.!entry
demo_session_07,7,1786094249.393146,move,373,335,.!frame.!entry
demo_session_07,7,1786094249.443146,move,374,340,.!frame.!entry
demo_session_07,7,1786094249.493146,move,374,331,.!frame.!entry
demo_session_07,7,1786094249.543146,move,362,342,.!frame.!entry
demo_session_07,7,1786094249.5931458,move,357,325,.!frame.!entry
demo_session_07,7,1786094249.6431458,move,368,331,.!frame.!entry
demo_session_07,7,1786094249.6931458,move,363,334,.!frame.!entry
demo_session_07,7,1786094249.7431457,move,367,333,.!frame.!entry
demo_session_07,7,1786094249.7931457,move,368,325,.!frame.!entry
demo_session_07,7,1786094249.8431456,move,368,330,.!frame.!entry
demo_session_07,7,1786094249.8931456,move,360,331,.!frame.!entry
demo_session_07,7,1786094249.9431455,move,362,332,.!frame.!entry
demo_session_07,7,1786094249.9931455,move,362,339,.!frame.!entry
demo_session_07,7,1786094250.0431454,move,368,336,.!frame.!entry
demo_session_07,7,1786094250.0931454,move,361,337,.!frame.!entry
demo_session_07,7,1786094250.1431453,move,361,323,.!frame.!entry
demo_session_07,7,1786094250.1931453,move,364,336,.!frame.!entry
demo_session_07,7,1786094250.2431452,move,365,334,.!frame.!entry
demo_session_07,7,1786094250.2931452,move,363,321,.!frame.!entry
demo_session_07,7,1786094250.3431451,move,356,333,.!frame.!entry
demo_session_07,7,1786094250.393145,move,372,340,.!frame.!entry
demo_session_07,7,1786094250.443145,move,360,327,.!frame.!entry
demo_session_07,7,1786094250.493145,move,354,334,.!frame.!entry
demo_session_07,7,1786094250.543145,move,363,322,.!frame.!entry
demo_session_07,7,1786094250.593145,move,363,330,.!frame.!entry
demo_session_07,7,1786094250.6431448,move,355,328,.!frame.!entry
demo_session_07,7,1786094250.6931448,move,362,328,.!frame.!entry
demo_session_07,7,1786094250.7431448,move,355,327,.!frame.!entry
demo_session_07,7,1786094250.7931447,move,368,328,.!frame.!entry
demo_session_07,7,1786094250.8431447,move,360,338,.!frame.!entry
demo_session_07,7,1786094250.8931446,move,358,331,.!frame.!button
demo_session_07,7,1786094250.9431446,move,359,332,.!frame.!button
demo_session_07,7,1786094250.9931445,move,359,332,.!frame.!button
demo_session_07,7,1786094251.0431445,move,357,330,.!frame.!button
demo_session_07,7,1786094251.0931444,move,359,324,.!frame.!button
demo_session_07,7,1786094251.1431444,move,355,326,.!frame.!button
demo_session_07,7,1786094251.1931443,move,351,326,.!frame.!button
demo_session_07,7,1786094251.2431443,move,354,317,.!frame.!button
demo_session_07,7,1786094251.2931442,move,359,327,.!frame.!button
demo_session_07,7,1786094251.3431442,move,357,320,.!frame.!button
demo_session_07,7,1786094251.3931441,move,354,332,.!frame.!button
demo_session_07,7,1786094251.443144,move,354,321,.!frame.!button
demo_session_07,7,1786094251.493144,move,355,325,.!frame.!button
demo_session_07,7,1786094251.543144,move,346,327,.!frame.!button
demo_session_07,7,1786094251.593144,move,359,329,.!frame.!button
demo_session_07,7,1786094251.643144,move,353,328,.!frame.!button
demo_session_07,7,1786094251.6931438,move,344,316,.!frame.!button
demo_session_07,7,1786094251.7431438,move,355,318,.!frame.!button
demo_session_07,7,1786094251.7931437,move,354,317,.!frame.!button
demo_session_07,7,1786094251.8431437,move,348,323,.!frame.!button
demo_session_07,7,1786094251.8931437,move,353,330,.!frame.!button
demo_session_07,7,1786094251.9431436,move,346,323,.!frame.!button
demo_session_07,7,1786094251.9931436,move,350,322,.!frame.!button
demo_session_07,7,1786094252.0431435,move,354,333,.!frame.!button
demo_session_07,7,1786094252.0931435,move,345,322,.!frame.!button
demo_session_07,7,1786094252.1431434,move,340,328,.!frame.!button
demo_session_07,7,1786094252.1931434,move,339,315,.!frame.!button
demo_session_07,7,1786094252.2431433,move,349,329,.!frame.!button
demo_session_07,7,1786094252.2931433,move,356,326,.!frame.!button
demo_session_07,7,1786094252.3493404,click,348,318,.!frame.!button
demo_session_07,8,1786094262.8818629,move,389,107,.!frame.!entry
demo_session_07,8,1786094262.9318628,move,385,103,.!frame.!entry
demo_session_07,8,1786094262.9818628,move,385,101,.!frame.!entry
demo_session_07,8,1786094263.0318627,move,380,113,.!frame.!entry
demo_session_07,8,1786094263.0818627,move,388,124,.!frame.!entry
demo_session_07,8,1786094263.1318626,move,381,116,.!frame.!entry
demo_session_07,8,1786094263.1818626,move,373,123,.!frame.!entry
demo_session_07,8,1786094263.2318625,move,379,118,.!frame.!entry
demo_session_07,8,1786094263.2818625,move,377,116,.!frame.!entry
demo_session_07,8,1786094263.3318624,move,377,125,.!frame.!entry
demo_session_07,8,1786094263.3818624,move,375,119,.!frame.!entry
demo_session_07,8,1786094263.4318624,move,386,129,.!frame.!entry
demo_session_07,8,1786094263.4818623,move,383,132,.!frame.!entry
demo_session_07,8,1786094263.5318623,move,377,124,.!frame.!entry
demo_session_07,8,1786094263.5818622,move,381,128,.!frame.!entry
demo_session_07,8,1786094263.6318622,move,391,137,.!frame.!entry
demo_session_07,8,1786094263.681862,move,381,131,.!frame.!entry
demo_session_07,8,1786094263.731862,move,385,140,.!frame.!entry
demo_session_07,8,1786094263.781862,move,373,144,.!frame.!entry
demo_session_07,8,1786094263.831862,move,371,136,.!frame.!entry
demo_session_07,8,1786094263.881862,move,381,144,.!frame.!entry
demo_session_07,8,1786094263.9318619,move,387,142,.!frame.!entry
demo_session_07,8,1786094263.9818618,move,365,146,.!frame.!entry
demo_session_07,8,1786094264.0318618,move,377,143,.!frame.!entry
demo_session_07,8,1786094264.0818617,move,369,148,.!frame.!entry
demo_session_07,8,1786094264.1318617,move,374,150,.!frame.!entry
demo_session_07,8,1786094264.1818616,move,369,148,.!frame.!entry
demo_session_07,8,1786094264.2318616,move,371,161,.!frame.!entry
demo_session_07,8,1786094264.2818615,move,385,151,.!frame.!entry
demo_session_07,8,1786094264.3318615,move,371,156,.!frame.!entry
demo_session_07,8,1786094264.3818614,move,382,160,.!frame.!entry
demo_session_07,8,1786094264.4318614,move,375,159,.!frame.!entry
demo_session_07,8,1786094264.4818614,move,381,167,.!frame.!entry
demo_session_07,8,1786094264.5318613,move,378,172,.!frame.!entry
demo_session_07,8,1786094264.5818613,move,372,180,.!frame.!entry
demo_session_07,8,1786094264.6318612,move,367,165,.!frame.!entry
demo_session_07,8,1786094264.6818612,move,381,177,.!frame.!entry
demo_session_07,8,1786094264.731861,move,373,176,.!frame.!entry
demo_session_07,8,1786094264.781861,move,382,177,.!frame.!entry
demo_session_07,8,1786094264.831861,move,369,177,.!frame.!entry
demo_session_07,8,1786094264.881861,move,372,173,.!frame.!entry
demo_session_07,8,1786094264.931861,move,361,176,.!frame.!entry
demo_session_07,8,1786094264.9818609,move,382,178,.!frame.!entry
demo_session_07,8,1786094265.0318608,move,366,190,.!frame.!entry
demo_session_07,8,1786094265.0818608,move,378,195,.!frame.!entry
demo_session_07,8,1786094265.1318607,move,372,193,.!frame.!entry
demo_session_07,8,1786094265.1818607,move,369,189,.!frame.!entry
demo_session_07,8,1786094265.2318606,move,369,193,.!frame.!entry
demo_session_07,8,1786094265.2818606,move,367,199,.!frame.!entry
demo_session_07,8,1786094265.3318605,move,370,195,.!frame.!entry
demo_session_07,8,1786094265.3818605,move,368,200,.!frame.!entry
demo_session_07,8,1786094265.4318604,move,367,192,.!frame.!entry
demo_session_07,8,1786094265.4818604,move,369,199,.!frame.!entry
demo_session_07,8,1786094265.5318604,move,368,214,.!frame.!entry
demo_session_07,8,1786094265.5818603,move,369,208,.!frame.!entry
demo_session_07,8,1786094265.6318603,move,359,209,.!frame.!entry
demo_session_07,8,1786094265.6818602,move,364,220,.!frame.!entry
demo_session_07,8,1786094265.7318602,move,361,217,.!frame.!entry
demo_session_07,8,1786094265.78186,move,358,229,.!frame.!entry
demo_session_07,8,1786094265.83186,move,373,215,.!frame.!entry
demo_session_07,8,1786094265.88186,move,369,222,.!frame.!entry
demo_session_07,8,1786094265.93186,move,367,220,.!frame.!entry
demo_session_07,8,1786094265.98186,move,369,223,.!frame.!entry
demo_session_07,8,1786094266.0318599,move,364,226,.!frame.!entry
demo_session_07,8,1786094266.0818598,move,367,229,.!frame.!entry
demo_session_07,8,1786094266.1318598,move,361,235,.!frame.!entry
demo_session_07,8,1786094266.1818597,move,364,232,.!frame.!entry
demo_session_07,8,1786094266.2318597,move,373,229,.!frame.!entry
demo_session_07,8,1786094266.2818596,move,357,234,.!frame.!entry
demo_session_07,8,1786094266.3318596,move,362,241,.!frame.!entry
demo_session_07,8,1786094266.3818595,move,364,245,.!frame.!entry
demo_session_07,8,1786094266.4318595,move,361,231,.!frame.!entry
demo_session_07,8,1786094266.4818594,move,370,239,.!frame.!entry
demo_session_07,8,1786094266.5318594,move,364,240,.!frame.!entry
demo_session_07,8,1786094266.5818594,move,355,245,.!frame.!entry
demo_session_07,8,1786094266.6318593,move,364,249,.!frame.!entry
demo_session_07,8,1786094266.6818593,move,355,245,.!frame.!entry
demo_session_07,8,1786094266.7318592,move,354,255,.!frame.!entry
demo_session_07,8,1786094266.7818592,move,364,254,.!frame.!entry
demo_session_07,8,1786094266.831859,move,362,251,.!frame.!button
demo_session_07,8,1786094266.881859,move,353,264,.!frame.!button
demo_session_07,8,1786094266.931859,move,356,256,.!frame.!button
demo_session_07,8,1786094266.981859,move,356,261,.!frame.!button
demo_session_07,8,1786094267.031859,move,356,267,.!frame.!button
demo_session_07,8,1786094267.0818589,move,359,263,.!frame.!button
demo_session_07,8,1786094267.1318588,move,356,273,.!frame.!button
demo_session_07,8,1786094267.1818588,move,354,271,.!frame.!button
demo_session_07,8,1786094267.2318587,move,358,272,.!frame.!button
demo_session_07,8,1786094267.2818587,move,354,270,.!frame.!button
demo_session_07,8,1786094267.3318586,move,352,273,.!frame.!button
demo_session_07,8,1786094267.3818586,move,353,276,.!frame.!button
demo_session_07,8,1786094267.4318585,move,351,273,.!frame.!button
demo_session_07,8,1786094267.4818585,move,358,281,.!frame.!button
demo_session_07,8,1786094267.5318584,move,357,288,.!frame.!button
demo_session_07,8,1786094267.5818584,move,361,288,.!frame.!button
demo_session_07,8,1786094267.6318583,move,349,289,.!frame.!button
demo_session_07,8,1786094267.6818583,move,351,293,.!frame.!button
demo_session_07,8,1786094267.7318583,move,352,295,.!frame.!button
demo_session_07,8,1786094267.7818582,move,350,293,.!frame.!button
demo_session_07,8,1786094267.8318582,move,351,292,.!frame.!button
demo_session_07,8,1786094267.881858,move,351,293,.!frame.!button
demo_session_07,8,1786094267.931858,move,355,290,.!frame.!button
demo_session_07,8,1786094267.981858,move,350,302,.!frame.!button
demo_session_07,8,1786094268.031858,move,366,296,.!frame.!button
demo_session_07,8,1786094268.081858,move,353,296,.!frame.!button
demo_session_07,8,1786094268.1318579,move,354,298,.!frame.!button
demo_session_07,8,1786094268.1818578,move,350,314,.!frame.!button
demo_session_07,8,1786094268.2318578,move,358,310,.!frame.!button
demo_session_07,8,1786094268.2818577,move,354,309,.!frame.!button
demo_session_07,8,1786094268.3318577,move,359,321,.!frame.!button
demo_session_07,8,1786094268.3818576,move,354,311,.!frame.!button
demo_session_07,8,1786094268.4318576,move,358,306,.!frame.!button
demo_session_07,8,1786094268.4818575,move,348,308,.!frame.!button
demo_session_07,8,1786094268.5324943,click,346,316,.!frame.!button
demo_session_07,9,1786094268.5324943,move,377,261,.!frame.!entry
demo_session_07,9,1786094268.5824943,move,373,270,.!frame.!entry
demo_session_07,9,1786094268.6324942,move,373,268,.!frame.!entry
demo_session_07,9,1786094268.6824942,move,374,275,.!frame.!entry
demo_session_07,9,1786094268.732494,move,371,271,.!frame.!entry
demo_session_07,9,1786094268.782494,move,366,274,.!frame.!entry
demo_session_07,9,1786094268.832494,move,365,279,.!frame.!entry
demo_session_07,9,1786094268.882494,move,371,280,.!frame.!entry
demo_session_07,9,1786094268.932494,move,377,272,.!frame.!entry
demo_session_07,9,1786094268.9824939,move,369,271,.!frame.!entry
demo_session_07,9,1786094269.0324938,move,369,265,.!frame.!entry
demo_session_07,9,1786094269.0824938,move,356,276,.!frame.!entry
demo_session_07,9,1786094269.1324937,move,369,273,.!frame.!entry
demo_session_07,9,1786094269.1824937,move,376,277,.!frame.!entry
demo_session_07,9,1786094269.2324936,move,370,280,.!frame.!entry
demo_session_07,9,1786094269.2824936,move,373,270,.!frame.!entry
demo_session_07,9,1786094269.3324935,move,363,274,.!frame.!entry
demo_session_07,9,1786094269.3824935,move,365,281,.!frame.!entry
demo_session_07,9,1786094269.4324934,move,367,273,.!frame.!entry
demo_session_07,9,1786094269.4824934,move,358,273,.!frame.!entry
demo_session_07,9,1786094269.5324934,move,375,285,.!frame.!entry
demo_session_07,9,1786094269.5824933,move,366,277,.!frame.!entry
demo_session_07,9,1786094269.6324933,move,369,279,.!frame.!entry
demo_session_07,9,1786094269.6824932,move,370,289,.!frame.!entry
demo_session_07,9,1786094269.7324932,move,367,277,.!frame.!entry
demo_session_07,9,1786094269.782493,move,370,288,.!frame.!entry
demo_session_07,9,1786094269.832493,move,368,283,.!frame.!entry
demo_session_07,9,1786094269.882493,move,358,279,.!frame.!entry
demo_session_07,9,1786094269.932493,move,365,287,.!frame.!entry
demo_session_07,9,1786094269.982493,move,373,285,.!frame.!entry
demo_session_07,9,1786094270.0324929,move,357,283,.!frame.!entry
demo_session_07,9,1786094270.0824928,move,366,288,.!frame.!entry
demo_session_07,9,1786094270.1324928,move,372,277,.!frame.!entry
demo_session_07,9,1786094270.1824927,move,365,286,.!frame.!entry
demo_session_07,9,1786094270.2324927,move,366,292,.!frame.!entry
demo_session_07,9,1786094270.2824926,move,363,294,.!frame.!entry
demo_session_07,9,1786094270.3324926,move,355,289,.!frame.!entry
demo_session_07,9,1786094270.3824925,move,361,286,.!frame.!entry
demo_session_07,9,1786094270.4324925,move,364,292,.!frame.!entry
demo_session_07,9,1786094270.4824924,move,366,288,.!frame.!entry
demo_session_07,9,1786094270.5324924,move,363,290,.!frame.!entry
demo_session_07,9,1786094270.5824924,move,364,297,.!frame.!entry
demo_session_07,9,1786094270.6324923,move,369,297,.!frame.!entry
demo_session_07,9,1786094270.6824923,move,363,293,.!frame.!entry
demo_session_07,9,1786094270.7324922,move,357,293,.!frame.!entry
demo_session_07,9,1786094270.7824922,move,363,297,.!frame.!entry
demo_session_07,9,1786094270.832492,move,358,292,.!frame.!entry
demo_session_07,9,1786094270.882492,move,353,296,.!frame.!entry
demo_session_07,9,1786094270.932492,move,363,306,.!frame.!entry
demo_session_07,9,1786094270.982492,move,360,301,.!frame.!entry
demo_session_07,9,1786094271.032492,move,372,293,.!frame.!entry
demo_session_07,9,1786094271.0824919,move,368,299,.!frame.!entry
demo_session_07,9,1786094271.1324918,move,357,297,.!frame.!entry
demo_session_07,9,1786094271.1824918,move,360,293,.!frame.!entry
demo_session_07,9,1786094271.2324917,move,359,296,.!frame.!entry
demo_session_07,9,1786094271.2824917,move,360,307,.!frame.!entry
demo_session_07,9,1786094271.3324916,move,362,303,.!frame.!entry
demo_session_07,9,1786094271.3824916,move,352,308,.!frame.!entry
demo_session_07,9,1786094271.4324915,move,360,303,.!frame.!entry
demo_session_07,9,1786094271.4824915,move,368,304,.!frame.!entry
demo_session_07,9,1786094271.5324914,move,354,294,.!frame.!entry
demo_session_07,9,1786094271.5824914,move,359,301,.!frame.!entry
demo_session_07,9,1786094271.6324914,move,358,296,.!frame.!entry
demo_session_07,9,1786094271.6824913,move,352,313,.!frame.!entry
demo_session_07,9,1786094271.7324913,move,354,306,.!frame.!entry
demo_session_07,9,1786094271.7824912,move,358,310,.!frame.!entry
demo_session_07,9,1786094271.8324912,move,353,314,.!frame.!button
demo_session_07,9,1786094271.882491,move,361,305,.!frame.!button
demo_session_07,9,1786094271.932491,move,356,297,.!frame.!button
demo_session_07,9,1786094271.982491,move,354,303,.!frame.!button
demo_session_07,9,1786094272.032491,move,355,305,.!frame.!button
demo_session_07,9,1786094272.082491,move,358,312,.!frame.!button
demo_session_07,9,1786094272.1324909,move,365,311,.!frame.!button
demo_session_07,9,1786094272.1824908,move,350,310,.!frame.!button
demo_session_07,9,1786094272.2324908,move,348,315,.!frame.!button
demo_session_07,9,1786094272.2824907,move,362,307,.!frame.!button
demo_session_07,9,1786094272.3324907,move,366,309,.!frame.!button
demo_session_07,9,1786094272.3824906,move,354,308,.!frame.!button
demo_session_07,9,1786094272.4324906,move,353,317,.!frame.!button
demo_session_07,9,1786094272.4824905,move,354,309,.!frame.!button
demo_session_07,9,1786094272.5324905,move,357,316,.!frame.!button
demo_session_07,9,1786094272.5824904,move,357,317,.!frame.!button
demo_session_07,9,1786094272.6324904,move,352,310,.!frame.!button
demo_session_07,9,1786094272.6824903,move,346,308,.!frame.!button
demo_session_07,9,1786094272.7324903,move,351,320,.!frame.!button
demo_session_07,9,1786094272.7824903,move,353,318,.!frame.!button
demo_session_07,9,1786094272.8324902,move,357,323,.!frame.!button
demo_session_07,9,1786094272.8824902,move,353,320,.!frame.!button
demo_session_07,9,1786094272.93249,move,351,322,.!frame.!button
demo_session_07,9,1786094272.98249,move,355,317,.!frame.!button
demo_session_07,9,1786094273.03249,move,347,314,.!frame.!button
demo_session_07,9,1786094273.08249,move,359,327,.!frame.!button
demo_session_07,9,1786094273.13249,move,354,327,.!frame.!button
demo_session_07,9,1786094273.1824899,move,351,315,.!frame.!button
demo_session_07,9,1786094273.2763953,click,349,319,.!frame.!button
demo_session_07,10,1786094273.2763953,move,537,296,.!frame.!entry
demo_session_07,10,1786094273.3263953,move,537,294,.!frame.!entry
demo_session_07,10,1786094273.3763952,move,532,292,.!frame.!entry
demo_session_07,10,1786094273.4263952,move,536,296,.!frame.!entry
demo_session_07,10,1786094273.4763951,move,531,290,.!frame.!entry
demo_session_07,10,1786094273.526395,move,533,298,.!frame.!entry
demo_session_07,10,1786094273.576395,move,534,290,.!frame.!entry
demo_session_07,10,1786094273.626395,move,526,294,.!frame.!entry
demo_session_07,10,1786094273.676395,move,528,290,.!frame.!entry
demo_session_07,10,1786094273.726395,move,528,296,.!frame.!entry
demo_session_07,10,1786094273.7763948,move,520,290,.!frame.!entry
demo_session_07,10,1786094273.8263948,move,519,296,.!frame.!entry
demo_session_07,10,1786094273.8763947,move,519,287,.!frame.!entry
demo_session_07,10,1786094273.9263947,move,528,296,.!frame.!entry
demo_session_07,10,1786094273.9763947,move,518,290,.!frame.!entry
demo_session_07,10,1786094274.0263946,move,514,288,.!frame.!entry
demo_session_07,10,1786094274.0763946,move,512,299,.!frame.!entry
demo_session_07,10,1786094274.1263945,move,512,293,.!frame.!entry
demo_session_07,10,1786094274.1763945,move,514,292,.!frame.!entry
demo_session_07,10,1786094274.2263944,move,504,290,.!frame.!entry
demo_session_07,10,1786094274.2763944,move,512,291,.!frame.!entry
demo_session_07,10,1786094274.3263943,move,510,306,.!frame.!entry
demo_session_07,10,1786094274.3763943,move,504,300,.!frame.!entry
demo_session_07,10,1786094274.4263942,move,505,295,.!frame.!entry
demo_session_07,10,1786094274.4763942,move,499,297,.!frame.!entry
demo_session_07,10,1786094274.5263941,move,495,297,.!frame.!entry
demo_session_07,10,1786094274.576394,move,500,306,.!frame.!entry
demo_session_07,10,1786094274.626394,move,496,295,.!frame.!entry
demo_session_07,10,1786094274.676394,move,496,297,.!frame.!entry
demo_session_07,10,1786094274.726394,move,487,294,.!frame.!entry
demo_session_07,10,1786094274.776394,move,488,301,.!frame.!entry
demo_session_07,10,1786094274.8263938,move,494,293,.!frame.!entry
demo_session_07,10,1786094274.8763938,move,489,303,.!frame.!entry
demo_session_07,10,1786094274.9263937,move,491,298,.!frame.!entry
demo_session_07,10,1786094274.9763937,move,483,305,.!frame.!entry
demo_session_07,10,1786094275.0263937,move,481,302,.!frame.!entry
demo_session_07,10,1786094275.0763936,move,487,287,.!frame.!entry
demo_session_07,10,1786094275.1263936,move,487,308,.!frame.!entry
demo_session_07,10,1786094275.1763935,move,478,300,.!frame.!entry
demo_session_07,10,1786094275.2263935,move,482,295,.!frame.!entry
demo_session_07,10,1786094275.2763934,move,474,297,.!frame.!entry
demo_session_07,10,1786094275.3263934,move,471,300,.!frame.!entry
demo_session_07,10,1786094275.3763933,move,479,300,.!frame.!entry
demo_session_07,10,1786094275.4263933,move,469,288,.!frame.!entry
demo_session_07,10,1786094275.4763932,move,476,294,.!frame.!entry
demo_session_07,10,1786094275.5263932,move,468,305,.!frame.!entry
demo_session_07,10,1786094275.5763931,move,459,294,.!frame.!entry
demo_session_07,10,1786094275.626393,move,459,303,.!frame.!entry
demo_session_07,10,1786094275.676393,move,460,291,.!frame.!entry
demo_session_07,10,1786094275.726393,move,455,301,.!frame.!entry
demo_session_07,10,1786094275.776393,move,461,303,.!frame.!entry
demo_session_07,10,1786094275.826393,move,462,301,.!frame.!entry
demo_session_07,10,1786094275.8763928,move,462,290,.!frame.!entry
demo_session_07,10,1786094275.9263928,move,464,308,.!frame.!entry
demo_session_07,10,1786094275.9763927,move,451,302,.!frame.!entry
demo_session_07,10,1786094276.0263927,move,449,302,.!frame.!entry
demo_session_07,10,1786094276.0763927,move,446,310,.!frame.!entry
demo_session_07,10,1786094276.1263926,move,456,301,.!frame.!entry
demo_session_07,10,1786094276.1763926,move,456,304,.!frame.!entry
demo_session_07,10,1786094276.2263925,move,457,298,.!frame.!entry
demo_session_07,10,1786094276.2763925,move,443,306,.!frame.!entry
demo_session_07,10,1786094276.3263924,move,448,306,.!frame.!entry
demo_session_07,10,1786094276.3763924,move,444,308,.!frame.!entry
demo_session_07,10,1786094276.4263923,move,444,292,.!frame.!entry
demo_session_07,10,1786094276.4763923,move,450,312,.!frame.!entry
demo_session_07,10,1786094276.5263922,move,438,313,.!frame.!entry
demo_session_07,10,1786094276.5763922,move,431,311,.!frame.!entry
demo_session_07,10,1786094276.6263921,move,441,305,.!frame.!entry
demo_session_07,10,1786094276.676392,move,434,302,.!frame.!entry
demo_session_07,10,1786094276.726392,move,430,303,.!frame.!entry
demo_session_07,10,1786094276.776392,move,437,307,.!frame.!entry
demo_session_07,10,1786094276.826392,move,422,306,.!frame.!entry
demo_session_07,10,1786094276.876392,move,434,306,.!frame.!entry
demo_session_07,10,1786094276.9263918,move,428,308,.!frame.!entry
demo_session_07,10,1786094276.9763918,move,431,304,.!frame.!entry
demo_session_07,10,1786094277.0263917,move,422,314,.!frame.!entry
demo_session_07,10,1786094277.0763917,move,431,311,.!frame.!entry
demo_session_07,10,1786094277.1263916,move,415,314,.!frame.!entry
demo_session_07,10,1786094277.1763916,move,425,305,.!frame.!entry
demo_session_07,10,1786094277.2263916,move,409,309,.!frame.!entry
demo_session_07,10,1786094277.2763915,move,416,315,.!frame.!entry
demo_session_07,10,1786094277.3263915,move,403,314,.!frame.!entry
demo_session_07,10,1786094277.3763914,move,406,310,.!frame.!entry
demo_session_07,10,1786094277.4263914,move,406,311,.!frame.!entry
demo_session_07,10,1786094277.4763913,move,419,306,.!frame.!entry
demo_session_07,10,1786094277.5263913,move,420,319,.!frame.!entry
demo_session_07,10,1786094277.5763912,move,409,315,.!frame.!entry
demo_session_07,10,1786094277.6263912,move,406,313,.!frame.!entry
demo_session_07,10,1786094277.6763911,move,409,313,.!frame.!button
demo_session_07,10,1786094277.726391,move,401,314,.!frame.!button
demo_session_07,10,1786094277.776391,move,410,312,.!frame.!button
demo_session_07,10,1786094277.826391,move,392,318,.!frame.!button
demo_session_07,10,1786094277.876391,move,405,307,.!frame.!button
demo_session_07,10,1786094277.926391,move,395,303,.!frame.!button
demo_session_07,10,1786094277.9763908,move,391,318,.!frame.!button
demo_session_07,10,1786094278.0263908,move,398,306,.!frame.!button
demo_session_07,10,1786094278.0763907,move,384,316,.!frame.!button
demo_session_07,10,1786094278.1263907,move,393,311,.!frame.!button
demo_session_07,10,1786094278.1763906,move,394,315,.!frame.!button
demo_session_07,10,1786094278.2263906,move,399,309,.!frame.!button
demo_session_07,10,1786094278.2763906,move,388,319,.!frame.!button
demo_session_07,10,1786094278.3263905,move,382,312,.!frame.!button
demo_session_07,10,1786094278.3763905,move,365,309,.!frame.!button
demo_session_07,10,1786094278.4263904,move,394,324,.!frame.!button
demo_session_07,10,1786094278.4763904,move,376,322,.!frame.!button
demo_session_07,10,1786094278.5263903,move,380,321,.!frame.!button
demo_session_07,10,1786094278.5763903,move,377,320,.!frame.!button
demo_session_07,10,1786094278.6263902,move,380,315,.!frame.!button
demo_session_07,10,1786094278.6763902,move,382,316,.!frame.!button
demo_session_07,10,1786094278.7263901,move,363,313,.!frame.!button
demo_session_07,10,1786094278.77639,move,375,306,.!frame.!button
demo_session_07,10,1786094278.82639,move,366,319,.!frame.!button
demo_session_07,10,1786094278.87639,move,369,316,.!frame.!button
demo_session_07,10,1786094278.92639,move,374,321,.!frame.!button
demo_session_07,10,1786094278.97639,move,372,314,.!frame.!button
demo_session_07,10,1786094279.0263898,move,359,314,.!frame.!button
demo_session_07,10,1786094279.0763898,move,368,322,.!frame.!button
demo_session_07,10,1786094279.1263897,move,353,313,.!frame.!button
demo_session_07,10,1786094279.1763897,move,352,329,.!frame.!button
demo_session_07,10,1786094279.2263896,move,356,307,.!frame.!button
demo_session_07,10,1786094279.2763896,move,363,315,.!frame.!button
demo_session_07,10,1786094279.3263896,move,350,325,.!frame.!button
demo_session_07,10,1786094279.3763895,move,351,313,.!frame.!button
demo_session_07,10,1786094279.4263895,move,355,320,.!frame.!button
demo_session_07,10,1786094279.4763894,move,342,321,.!frame.!button
demo_session_07,10,1786094279.5263894,move,351,317,.!frame.!button
demo_session_07,10,1786094279.5842876,click,348,318,.!frame.!button
demo_session_07,11,1786094279.5842876,move,560,117,.!frame.!entry
demo_session_07,11,1786094279.6342876,move,552,120,.!frame.!entry
demo_session_07,11,1786094279.6842875,move,549,124,.!frame.!entry
demo_session_07,11,1786094279.7342875,move,550,114,.!frame.!entry
demo_session_07,11,1786094279.7842875,move,546,131,.!frame.!entry
demo_session_07,11,1786094279.8342874,move,547,127,.!frame.!entry
demo_session_07,11,1786094279.8842874,move,541,142,.!frame.!entry
demo_session_07,11,1786094279.9342873,move,536,135,.!frame.!entry
demo_session_07,11,1786094279.9842873,move,534,148,.!frame.!entry
demo_session_07,11,1786094280.0342872,move,533,128,.!frame.!entry
demo_session_07,11,1786094280.0842872,move,521,136,.!frame.!entry
demo_session_07,11,1786094280.134287,move,532,140,.!frame.!entry
demo_session_07,11,1786094280.184287,move,526,140,.!frame.!entry
demo_session_07,11,1786094280.234287,move,527,150,.!frame.!entry
demo_session_07,11,1786094280.284287,move,510,156,.!frame.!entry
demo_session_07,11,1786094280.334287,move,512,158,.!frame.!entry
demo_session_07,11,1786094280.3842869,move,515,159,.!frame.!entry
demo_session_07,11,1786094280.4342868,move,510,153,.!frame.!entry
demo_session_07,11,1786094280.4842868,move,510,160,.!frame.!entry
demo_session_07,11,1786094280.5342867,move,503,167,.!frame.!entry
demo_session_07,11,1786094280.5842867,move,497,174,.!frame.!entry
demo_session_07,11,1786094280.6342866,move,513,170,.!frame.!entry
demo_session_07,11,1786094280.6842866,move,487,168,.!frame.!entry
demo_session_07,11,1786094280.7342865,move,499,181,.!frame.!entry
demo_session_07,11,1786094280.7842865,move,493,179,.!frame.!entry
demo_session_07,11,1786094280.8342865,move,485,175,.!frame.!entry
demo_session_07,11,1786094280.8842864,move,493,179,.!frame.!entry
demo_session_07,11,1786094280.9342864,move,492,193,.!frame.!entry
demo_session_07,11,1786094280.9842863,move,484,183,.!frame.!entry
demo_session_07,11,1786094281.0342863,move,482,187,.!frame.!entry
demo_session_07,11,1786094281.0842862,move,471,196,.!frame.!entry
demo_session_07,11,1786094281.1342862,move,470,191,.!frame.!entry
demo_session_07,11,1786094281.184286,move,478,201,.!frame.!entry
demo_session_07,11,1786094281.234286,move,472,203,.!frame.!entry
demo_session_07,11,1786094281.284286,move,473,203,.!frame.!entry
demo_session_07,11,1786094281.334286,move,460,199,.!frame.!entry
demo_session_07,11,1786094281.384286,move,457,206,.!frame.!entry
demo_session_07,11,1786094281.4342859,move,461,222,.!frame.!entry
demo_session_07,11,1786094281.4842858,move,462,213,.!frame.!entry
demo_session_07,11,1786094281.5342858,move,446,206,.!frame.!entry
demo_session_07,11,1786094281.5842857,move,447,211,.!frame.!entry
demo_session_07,11,1786094281.6342857,move,454,219,.!frame.!entry
demo_session_07,11,1786094281.6842856,move,442,223,.!frame.!entry
demo_session_07,11,1786094281.7342856,move,446,228,.!frame.!entry
demo_session_07,11,1786094281.7842855,move,447,238,.!frame.!entry
demo_session_07,11,1786094281.8342855,move,428,226,.!frame.!entry
demo_session_07,11,1786094281.8842854,move,439,239,.!frame.!entry
demo_session_07,11,1786094281.9342854,move,427,233,.!frame.!entry
demo_session_07,11,1786094281.9842854,move,437,229,.!frame.!entry
demo_session_07,11,1786094282.0342853,move,429,233,.!frame.!entry
demo_session_07,11,1786094282.0842853,move,431,241,.!frame.!entry
demo_session_07,11,1786094282.1342852,move,440,246,.!frame.!entry
demo_session_07,11,1786094282.1842852,move,426,243,.!frame.!entry
demo_session_07,11,1786094282.234285,move,421,248,.!frame.!entry
demo_session_07,11,1786094282.284285,move,418,253,.!frame.!entry
demo_session_07,11,1786094282.334285,move,412,270,.!frame.!entry
demo_session_07,11,1786094282.384285,move,405,256,.!frame.!entry
demo_session_07,11,1786094282.434285,move,407,254,.!frame.!button
demo_session_07,11,1786094282.4842849,move,414,258,.!frame.!button
demo_session_07,11,1786094282.5342848,move,406,259,.!frame.!button
demo_session_07,11,1786094282.5842848,move,407,271,.!frame.!button
demo_session_07,11,1786094282.6342847,move,403,267,.!frame.!button
demo_session_07,11,1786094282.6842847,move,389,263,.!frame.!button
demo_session_07,11,1786094282.7342846,move,395,272,.!frame.!button
demo_session_07,11,1786094282.7842846,move,387,280,.!frame.!button
demo_session_07,11,1786094282.8342845,move,396,280,.!frame.!button
demo_session_07,11,1786094282.8842845,move,381,282,.!frame.!button
demo_session_07,11,1786094282.9342844,move,384,278,.!frame.!button
demo_session_07,11,1786094282.9842844,move,391,293,.!frame.!button
demo_session_07,11,1786094283.0342844,move,378,303,.!frame.!button
demo_session_07,11,1786094283.0842843,move,373,303,.!frame.!button
demo_session_07,11,1786094283.1342843,move,388,289,.!frame.!button
demo_session_07,11,1786094283.1842842,move,372,297,.!frame.!button
demo_session_07,11,1786094283.2342842,move,367,295,.!frame.!button
demo_session_07,11,1786094283.284284,move,370,293,.!frame.!button
demo_session_07,11,1786094283.334284,move,356,318,.!frame.!button
demo_session_07,11,1786094283.384284,move,376,311,.!frame.!button
demo_session_07,11,1786094283.434284,move,357,314,.!frame.!button
demo_session_07,11,1786094283.484284,move,360,318,.!frame.!button
demo_session_07,11,1786094283.5342839,move,357,317,.!frame.!button
demo_session_07,11,1786094283.5842838,move,351,310,.!frame.!button
demo_session_07,11,1786094283.6342838,move,353,316,.!frame.!button
demo_session_07,11,1786094283.7210646,click,349,319,.!frame.!button
demo_session_07,12,1786094283.7210646,move,495,206,.!frame.!entry
demo_session_07,12,1786094283.7710645,move,488,208,.!frame.!entry
demo_session_07,12,1786094283.8210645,move,501,204,.!frame.!entry
demo_session_07,12,1786094283.8710644,move,487,207,.!frame.!entry
demo_session_07,12,1786094283.9210644,move,477,210,.!frame.!entry
demo_session_07,12,1786094283.9710643,move,491,218,.!frame.!entry
demo_session_07,12,1786094284.0210643,move,479,215,.!frame.!entry
demo_session_07,12,1786094284.0710642,move,478,216,.!frame.!entry
demo_session_07,12,1786094284.1210642,move,483,215,.!frame.!entry
demo_session_07,12,1786094284.1710641,move,480,221,.!frame.!entry
demo_session_07,12,1786094284.221064,move,469,225,.!frame.!entry
demo_session_07,12,1786094284.271064,move,471,222,.!frame.!entry
demo_session_07,12,1786094284.321064,move,460,228,.!frame.!entry
demo_session_07,12,1786094284.371064,move,470,229,.!frame.!entry
demo_session_07,12,1786094284.421064,move,464,226,.!frame.!entry
demo_session_07,12,1786094284.4710639,move,470,232,.!frame.!entry
demo_session_07,12,1786094284.5210638,move,459,232,.!frame.!entry
demo_session_07,12,1786094284.5710638,move,468,224,.!frame.!entry
demo_session_07,12,1786094284.6210637,move,462,225,.!frame.!entry
demo_session_07,12,1786094284.6710637,move,453,234,.!frame.!entry
demo_session_07,12,1786094284.7210636,move,457,235,.!frame.!entry
demo_session_07,12,1786094284.7710636,move,449,240,.!frame.!entry
demo_session_07,12,1786094284.8210635,move,458,243,.!frame.!entry
demo_session_07,12,1786094284.8710635,move,447,235,.!frame.!entry
demo_session_07,12,1786094284.9210634,move,444,247,.!frame.!entry
demo_session_07,12,1786094284.9710634,move,448,249,.!frame.!entry
demo_session_07,12,1786094285.0210633,move,444,244,.!frame.!entry
demo_session_07,12,1786094285.0710633,move,448,241,.!frame.!entry
demo_session_07,12,1786094285.1210632,move,447,250,.!frame.!entry
demo_session_07,12,1786094285.1710632,move,435,246,.!frame.!entry
demo_session_07,12,1786094285.2210631,move,432,244,.!frame.!entry
demo_session_07,12,1786094285.271063,move,427,249,.!frame.!entry
demo_session_07,12,1786094285.321063,move,434,259,.!frame.!entry
demo_session_07,12,1786094285.371063,move,430,261,.!frame.!entry
demo_session_07,12,1786094285.421063,move,430,262,.!frame.!entry
demo_session_07,12,1786094285.471063,move,421,263,.!frame.!entry
demo_session_07,12,1786094285.5210629,move,424,258,.!frame.!entry
demo_session_07,12,1786094285.5710628,move,427,261,.!frame.!entry
demo_session_07,12,1786094285.6210628,move,424,263,.!frame.!entry
demo_session_07,12,1786094285.6710627,move,415,267,.!frame.!entry
demo_session_07,12,1786094285.7210627,move,415,274,.!frame.!entry
demo_session_07,12,1786094285.7710626,move,412,271,.!frame.!entry
demo_session_07,12,1786094285.8210626,move,412,277,.!frame.!entry
demo_session_07,12,1786094285.8710625,move,411,273,.!frame.!entry
demo_session_07,12,1786094285.9210625,move,411,261,.!frame.!entry
demo_session_07,12,1786094285.9710624,move,404,277,.!frame.!entry
demo_session_07,12,1786094286.0210624,move,407,276,.!frame.!entry
demo_session_07,12,1786094286.0710623,move,409,280,.!frame.!entry
demo_session_07,12,1786094286.1210623,move,399,275,.!frame.!entry
demo_session_07,12,1786094286.1710622,move,393,273,.!frame.!entry
demo_session_07,12,1786094286.2210622,move,391,290,.!frame.!entry
demo_session_07,12,1786094286.2710621,move,387,283,.!frame.!entry
demo_session_07,12,1786094286.321062,move,385,295,.!frame.!button
demo_session_07,12,1786094286.371062,move,394,282,.!frame.!button
demo_session_07,12,1786094286.421062,move,392,281,.!frame.!button
demo_session_07,12,1786094286.471062,move,379,286,.!frame.!button
demo_session_07,12,1786094286.521062,move,387,293,.!frame.!button
demo_session_07,12,1786094286.5710618,move,388,298,.!frame.!button
demo_session_07,12,1786094286.6210618,move,376,289,.!frame.!button
demo_session_07,12,1786094286.6710618,move,374,303,.!frame.!button
demo_session_07,12,1786094286.7210617,move,373,299,.!frame.!button
demo_session_07,12,1786094286.7710617,move,365,297,.!frame.!button
demo_session_07,12,1786094286.8210616,move,372,294,.!frame.!button
demo_session_07,12,1786094286.8710616,move,375,304,.!frame.!button
demo_session_07,12,1786094286.9210615,move,365,299,.!frame.!button
demo_session_07,12,1786094286.9710615,move,368,308,.!frame.!button
demo_session_07,12,1786094287.0210614,move,366,303,.!frame.!button
demo_session_07,12,1786094287.0710614,move,365,310,.!frame.!button
demo_session_07,12,1786094287.1210613,move,356,309,.!frame.!button
demo_session_07,12,1786094287.1710613,move,354,312,.!frame.!button
demo_session_07,12,1786094287.2210612,move,351,319,.!frame.!button
demo_session_07,12,1786094287.2710612,move,351,319,.!frame.!button
demo_session_07,12,1786094287.3210611,move,357,318,.!frame.!button
demo_session_07,12,1786094287.371061,move,341,327,.!frame.!button
demo_session_07,12,1786094287.4448774,click,352,322,.!frame.!button
demo_session_07,13,1786094287.4448774,move,385,194,.!frame.!entry
demo_session_07,13,1786094287.4948773,move,386,189,.!frame.!entry
demo_session_07,13,1786094287.5448773,move,390,176,.!frame.!entry
demo_session_07,13,1786094287.5948772,move,386,189,.!frame.!entry
demo_session_07,13,1786094287.6448772,move,404,176,.!frame.!entry
demo_session_07,13,1786094287.6948771,move,390,199,.!frame.!entry
demo_session_07,13,1786094287.744877,move,379,198,.!frame.!entry
demo_session_07,13,1786094287.794877,move,391,200,.!frame.!entry
demo_session_07,13,1786094287.844877,move,384,200,.!frame.!entry
demo_session_07,13,1786094287.894877,move,393,194,.!frame.!entry
demo_session_07,13,1786094287.944877,move,382,199,.!frame.!entry
demo_session_07,13,1786094287.9948769,move,392,201,.!frame.!entry
demo_session_07,13,1786094288.0448768,move,394,198,.!frame.!entry
demo_session_07,13,1786094288.0948768,move,390,216,.!frame.!entry
demo_session_07,13,1786094288.1448767,move,388,208,.!frame.!entry
demo_session_07,13,1786094288.1948767,move,378,199,.!frame.!entry
demo_session_07,13,1786094288.2448766,move,379,202,.!frame.!entry
demo_session_07,13,1786094288.2948766,move,384,216,.!frame.!entry
demo_session_07,13,1786094288.3448765,move,371,204,.!frame.!entry
demo_session_07,13,1786094288.3948765,move,377,204,.!frame.!entry
demo_session_07,13,1786094288.4448764,move,376,207,.!frame.!entry
demo_session_07,13,1786094288.4948764,move,396,204,.!frame.!entry
demo_session_07,13,1786094288.5448763,move,385,212,.!frame.!entry
demo_session_07,13,1786094288.5948763,move,379,226,.!frame.!entry
demo_session_07,13,1786094288.6448762,move,378,225,.!frame.!entry
demo_session_07,13,1786094288.6948762,move,371,216,.!frame.!entry
demo_session_07,13,1786094288.7448761,move,381,221,.!frame.!entry
demo_session_07,13,1786094288.794876,move,386,218,.!frame.!entry
demo_session_07,13,1786094288.844876,move,386,222,.!frame.!entry
demo_session_07,13,1786094288.894876,move,389,236,.!frame.!entry
demo_session_07,13,1786094288.944876,move,363,226,.!frame.!entry
demo_session_07,13,1786094288.994876,move,383,231,.!frame.!entry
demo_session_07,13,1786094289.0448759,move,378,224,.!frame.!entry
demo_session_07,13,1786094289.0948758,move,380,238,.!frame.!entry
demo_session_07,13,1786094289.1448758,move,369,242,.!frame.!entry
demo_session_07,13,1786094289.1948757,move,369,237,.!frame.!entry
demo_session_07,13,1786094289.2448757,move,370,241,.!frame.!entry
demo_session_07,13,1786094289.2948756,move,369,238,.!frame.!entry
demo_session_07,13,1786094289.3448756,move,386,239,.!frame.!entry
demo_session_07,13,1786094289.3948755,move,383,245,.!frame.!entry
demo_session_07,13,1786094289.4448755,move,375,247,.!frame.!entry
demo_session_07,13,1786094289.4948754,move,368,256,.!frame.!entry
demo_session_07,13,1786094289.5448754,move,368,251,.!frame.!entry
demo_session_07,13,1786094289.5948753,move,374,241,.!frame.!entry
demo_session_07,13,1786094289.6448753,move,378,251,.!frame.!entry
demo_session_07,13,1786094289.6948752,move,367,245,.!frame.!entry
demo_session_07,13,1786094289.7448752,move,360,242,.!frame.!entry
demo_session_07,13,1786094289.7948751,move,370,257,.!frame.!entry
demo_session_07,13,1786094289.844875,move,372,262,.!frame.!entry
demo_session_07,13,1786094289.894875,move,373,259,.!frame.!entry
demo_session_07,13,1786094289.944875,move,360,262,.!frame.!entry
demo_session_07,13,1786094289.994875,move,358,259,.!frame.!entry
demo_session_07,13,1786094290.044875,move,364,254,.!frame.!entry
demo_session_07,13,1786094290.0948749,move,366,263,.!frame.!entry
demo_session_07,13,1786094290.1448748,move,364,269,.!frame.!entry
demo_session_07,13,1786094290.1948748,move,376,261,.!frame.!entry
demo_session_07,13,1786094290.2448747,move,352,255,.!frame.!entry
demo_session_07,13,1786094290.2948747,move,353,270,.!frame.!entry
demo_session_07,13,1786094290.3448746,move,357,267,.!frame.!entry
demo_session_07,13,1786094290.3948746,move,361,284,.!frame.!entry
demo_session_07,13,1786094290.4448745,move,357,273,.!frame.!entry
demo_session_07,13,1786094290.4948745,move,378,280,.!frame.!entry
demo_session_07,13,1786094290.5448744,move,367,276,.!frame.!entry
demo_session_07,13,1786094290.5948744,move,373,264,.!frame.!entry
demo_session_07,13,1786094290.6448743,move,359,283,.!frame.!entry
demo_session_07,13,1786094290.6948743,move,372,286,.!frame.!button
demo_session_07,13,1786094290.7448742,move,355,290,.!frame.!button
demo_session_07,13,1786094290.7948742,move,364,290,.!frame.!button
demo_session_07,13,1786094290.8448741,move,376,276,.!frame.!button
demo_session_07,13,1786094290.894874,move,358,287,.!frame.!button
demo_session_07,13,1786094290.944874,move,357,290,.!frame.!button
demo_session_07,13,1786094290.994874,move,353,289,.!frame.!button
demo_session_07,13,1786094291.044874,move,359,292,.!frame.!button
demo_session_07,13,1786094291.094874,move,362,300,.!frame.!button
demo_session_07,13,1786094291.1448739,move,362,295,.!frame.!button
demo_session_07,13,1786094291.1948738,move,365,294,.!frame.!button
demo_session_07,13,1786094291.2448738,move,361,294,.!frame.!button
demo_session_07,13,1786094291.2948737,move,348,304,.!frame.!button
demo_session_07,13,1786094291.3448737,move,360,290,.!frame.!button
demo_session_07,13,1786094291.3948736,move,353,295,.!frame.!button
demo_session_07,13,1786094291.4448736,move,361,293,.!frame.!button
demo_session_07,13,1786094291.4948735,move,346,303,.!frame.!button
demo_session_07,13,1786094291.5448735,move,355,303,.!frame.!button
demo_session_07,13,1786094291.5948734,move,359,306,.!frame.!button
demo_session_07,13,1786094291.6448734,move,354,307,.!frame.!button
demo_session_07,13,1786094291.6948733,move,356,312,.!frame.!button
demo_session_07,13,1786094291.7448733,move,343,314,.!frame.!button
demo_session_07,13,1786094291.7948732,move,361,313,.!frame.!button
demo_session_07,13,1786094291.8448732,move,356,318,.!frame.!button
demo_session_07,13,1786094291.8948731,move,350,312,.!frame.!button
demo_session_07,13,1786094291.944873,move,352,310,.!frame.!button
demo_session_07,13,1786094291.994873,move,345,318,.!frame.!button
demo_session_07,13,1786094292.044873,move,352,318,.!frame.!button
demo_session_07,13,1786094292.1021333,click,357,327,.!frame.!button
demo_session_07,14,1786094292.1021333,move,183,371,.!frame.!entry
demo_session_07,14,1786094292.1521332,move,182,371,.!frame.!entry
demo_session_07,14,1786094292.2021332,move,173,367,.!frame.!entry
demo_session_07,14,1786094292.2521331,move,180,364,.!frame.!entry
demo_session_07,14,1786094292.302133,move,185,351,.!frame.!entry
demo_session_07,14,1786094292.352133,move,181,367,.!frame.!entry
demo_session_07,14,1786094292.402133,move,195,371,.!frame.!entry
demo_session_07,14,1786094292.452133,move,193,356,.!frame.!entry
demo_session_07,14,1786094292.502133,move,199,365,.!frame.!entry
demo_session_07,14,1786094292.5521328,move,198,364,.!frame.!entry
demo_session_07,14,1786094292.6021328,move,197,356,.!frame.!entry
demo_session_07,14,1786094292.6521327,move,186,366,.!frame.!entry
demo_session_07,14,1786094292.7021327,move,188,373,.!frame.!entry
demo_session_07,14,1786094292.7521327,move,182,356,.!frame.!entry
demo_session_07,14,1786094292.8021326,move,205,359,.!frame.!entry
demo_session_07,14,1786094292.8521326,move,200,360,.!frame.!entry
demo_session_07,14,1786094292.9021325,move,201,368,.!frame.!entry
demo_session_07,14,1786094292.9521325,move,208,351,.!frame.!entry
demo_session_07,14,1786094293.0021324,move,214,355,.!frame.!entry
demo_session_07,14,1786094293.0521324,move,202,355,.!frame.!entry
demo_session_07,14,1786094293.1021323,move,214,359,.!frame.!entry
demo_session_07,14,1786094293.1521323,move,205,356,.!frame.!entry
demo_session_07,14,1786094293.2021322,move,216,351,.!frame.!entry
demo_session_07,14,1786094293.2521322,move,211,355,.!frame.!entry
demo_session_07,14,1786094293.3021321,move,206,351,.!frame.!entry
demo_session_07,14,1786094293.352132,move,213,353,.!frame.!entry
demo_session_07,14,1786094293.402132,move,210,349,.!frame.!entry
demo_session_07,14,1786094293.452132,move,218,367,.!frame.!entry
demo_session_07,14,1786094293.502132,move,217,343,.!frame.!entry
demo_session_07,14,1786094293.552132,move,222,358,.!frame.!entry
demo_session_07,14,1786094293.6021318,move,217,351,.!frame.!entry
demo_session_07,14,1786094293.6521318,move,220,352,.!frame.!entry
demo_session_07,14,1786094293.7021317,move,213,352,.!frame.!entry
demo_session_07,14,1786094293.7521317,move,231,358,.!frame.!entry
demo_session_07,14,1786094293.8021317,move,216,362,.!frame.!entry
demo_session_07,14,1786094293.8521316,move,229,351,.!frame.!entry
demo_session_07,14,1786094293.9021316,move,235,355,.!frame.!entry
demo_session_07,14,1786094293.9521315,move,232,357,.!frame.!entry
demo_session_07,14,1786094294.0021315,move,240,354,.!frame.!entry
demo_session_07,14,1786094294.0521314,move,228,358,.!frame.!entry
demo_session_07,14,1786094294.1021314,move,234,348,.!frame.!entry
demo_session_07,14,1786094294.1521313,move,239,344,.!frame.!entry
demo_session_07,14,1786094294.2021313,move,238,360,.!frame.!entry
demo_session_07,14,1786094294.2521312,move,244,347,.!frame.!entry
demo_session_07,14,1786094294.3021312,move,253,344,.!frame.!entry
demo_session_07,14,1786094294.3521311,move,244,343,.!frame.!entry
demo_session_07,14,1786094294.402131,move,240,363,.!frame.!entry
demo_session_07,14,1786094294.452131,move,253,335,.!frame.!entry
demo_session_07,14,1786094294.502131,move,249,357,.!frame.!entry
demo_session_07,14,1786094294.552131,move,251,343,.!frame.!entry
demo_session_07,14,1786094294.602131,move,255,344,.!frame.!entry
demo_session_07,14,1786094294.6521308,move,241,360,.!frame.!entry
demo_session_07,14,1786094294.7021308,move,257,347,.!frame.!entry
demo_session_07,14,1786094294.7521307,move,264,350,.!frame.!entry
demo_session_07,14,1786094294.8021307,move,254,348,.!frame.!entry
demo_session_07,14,1786094294.8521307,move,258,344,.!frame.!entry
demo_session_07,14,1786094294.9021306,move,255,342,.!frame.!entry
demo_session_07,14,1786094294.9521306,move,276,343,.!frame.!entry
demo_session_07,14,1786094295.0021305,move,258,336,.!frame.!entry
demo_session_07,14,1786094295.0521305,move,253,337,.!frame.!entry
demo_session_07,14,1786094295.1021304,move,265,335,.!frame.!entry
demo_session_07,14,1786094295.1521304,move,255,344,.!frame.!entry
demo_session_07,14,1786094295.2021303,move,261,349,.!frame.!entry
demo_session_07,14,1786094295.2521303,move,273,337,.!frame.!entry
demo_session_07,14,1786094295.3021302,move,268,340,.!frame.!entry
demo_session_07,14,1786094295.3521302,move,275,341,.!frame.!entry
demo_session_07,14,1786094295.4021301,move,278,344,.!frame.!entry
demo_session_07,14,1786094295.45213,move,276,345,.!frame.!entry
demo_session_07,14,1786094295.50213,move,267,342,.!frame.!entry
demo_session_07,14,1786094295.55213,move,280,339,.!frame.!entry
demo_session_07,14,1786094295.60213,move,279,329,.!frame.!entry
demo_session_07,14,1786094295.65213,move,269,316,.!frame.!entry
demo_session_07,14,1786094295.7021298,move,280,343,.!frame.!entry
demo_session_07,14,1786094295.7521298,move,278,338,.!frame.!entry
demo_session_07,14,1786094295.8021297,move,282,337,.!frame.!entry
demo_session_07,14,1786094295.8521297,move,284,328,.!frame.!entry
demo_session_07,14,1786094295.9021297,move,285,340,.!frame.!entry
demo_session_07,14,1786094295.9521296,move,278,327,.!frame.!entry
demo_session_07,14,1786094296.0021296,move,287,341,.!frame.!entry
demo_session_07,14,1786094296.0521295,move,288,330,.!frame.!entry
demo_session_07,14,1786094296.1021295,move,293,339,.!frame.!entry
demo_session_07,14,1786094296.1521294,move,302,335,.!frame.!entry
demo_session_07,14,1786094296.2021294,move,301,325,.!frame.!entry
demo_session_07,14,1786094296.2521293,move,298,334,.!frame.!entry
demo_session_07,14,1786094296.3021293,move,281,340,.!frame.!entry
demo_session_07,14,1786094296.3521292,move,294,332,.!frame.!entry
demo_session_07,14,1786094296.4021292,move,286,339,.!frame.!entry
demo_session_07,14,1786094296.4521291,move,302,346,.!frame.!button
demo_session_07,14,1786094296.502129,move,307,337,.!frame.!button
demo_session_07,14,1786094296.552129,move,304,334,.!frame.!button
demo_session_07,14,1786094296.602129,move,300,326,.!frame.!button
demo_session_07,14,1786094296.652129,move,298,320,.!frame.!button
demo_session_07,14,1786094296.702129,move,307,327,.!frame.!button
demo_session_07,14,1786094296.7521288,move,313,327,.!frame.!button
demo_session_07,14,1786094296.8021288,move,307,326,.!frame.!button
demo_session_07,14,1786094296.8521287,move,315,338,.!frame.!button
demo_session_07,14,1786094296.9021287,move,310,332,.!frame.!button
demo_session_07,14,1786094296.9521286,move,313,318,.!frame.!button
demo_session_07,14,1786094297.0021286,move,325,327,.!frame.!button
demo_session_07,14,1786094297.0521286,move,313,331,.!frame.!button
demo_session_07,14,1786094297.1021285,move,323,324,.!frame.!button
demo_session_07,14,1786094297.1521285,move,313,323,.!frame.!button
demo_session_07,14,1786094297.2021284,move,312,333,.!frame.!button
demo_session_07,14,1786094297.2521284,move,326,330,.!frame.!button
demo_session_07,14,1786094297.3021283,move,325,318,.!frame.!button
demo_session_07,14,1786094297.3521283,move,322,325,.!frame.!button
demo_session_07,14,1786094297.4021282,move,326,323,.!frame.!button
demo_session_07,14,1786094297.4521282,move,338,316,.!frame.!button
demo_session_07,14,1786094297.5021281,move,335,323,.!frame.!button
demo_session_07,14,1786094297.552128,move,324,327,.!frame.!button
demo_session_07,14,1786094297.602128,move,324,316,.!frame.!button
demo_session_07,14,1786094297.652128,move,338,324,.!frame.!button
demo_session_07,14,1786094297.702128,move,329,324,.!frame.!button
demo_session_07,14,1786094297.752128,move,331,319,.!frame.!button
demo_session_07,14,1786094297.8021278,move,335,319,.!frame.!button
demo_session_07,14,1786094297.8521278,move,333,320,.!frame.!button
demo_session_07,14,1786094297.9021277,move,346,320,.!frame.!button
demo_session_07,14,1786094297.9521277,move,334,319,.!frame.!button
demo_session_07,14,1786094298.0021276,move,345,318,.!frame.!button
demo_session_07,14,1786094298.0521276,move,352,317,.!frame.!button
demo_session_07,14,1786094298.1021276,move,339,329,.!frame.!button
demo_session_07,14,1786094298.1521275,move,348,324,.!frame.!button
demo_session_07,14,1786094298.2021275,move,347,318,.!frame.!button
demo_session_07,14,1786094298.2521274,move,352,312,.!frame.!button
demo_session_07,14,1786094298.302936,click,345,315,.!frame.!button
demo_session_07,15,1786094298.302936,move,189,175,.!frame.!entry
demo_session_07,15,1786094298.352936,move,194,197,.!frame.!entry
demo_session_07,15,1786094298.402936,move,195,191,.!frame.!entry
demo_session_07,15,1786094298.452936,move,201,189,.!frame.!entry
demo_session_07,15,1786094298.502936,move,201,190,.!frame.!entry
demo_session_07,15,1786094298.5529358,move,203,186,.!frame.!entry
demo_session_07,15,1786094298.6029358,move,202,196,.!frame.!entry
demo_session_07,15,1786094298.6529357,move,205,199,.!frame.!entry
demo_session_07,15,1786094298.7029357,move,206,203,.!frame.!entry
demo_session_07,15,1786094298.7529356,move,212,185,.!frame.!entry
demo_session_07,15,1786094298.8029356,move,224,195,.!frame.!entry
demo_session_07,15,1786094298.8529356,move,212,200,.!frame.!entry
demo_session_07,15,1786094298.9029355,move,211,199,.!frame.!entry
demo_session_07,15,1786094298.9529355,move,212,215,.!frame.!entry
demo_session_07,15,1786094299.0029354,move,218,212,.!frame.!entry
demo_session_07,15,1786094299.0529354,move,221,202,.!frame.!entry
demo_session_07,15,1786094299.1029353,move,224,213,.!frame.!entry
demo_session_07,15,1786094299.1529353,move,217,199,.!frame.!entry
demo_session_07,15,1786094299.2029352,move,225,200,.!frame.!entry
demo_session_07,15,1786094299.2529352,move,235,215,.!frame.!entry
demo_session_07,15,1786094299.3029351,move,233,229,.!frame.!entry
demo_session_07,15,1786094299.352935,move,229,211,.!frame.!entry
demo_session_07,15,1786094299.402935,move,234,225,.!frame.!entry
demo_session_07,15,1786094299.452935,move,231,220,.!frame.!entry
demo_session_07,15,1786094299.502935,move,252,220,.!frame.!entry
demo_session_07,15,1786094299.552935,move,234,227,.!frame.!entry
demo_session_07,15,1786094299.6029348,move,239,211,.!frame.!entry
demo_session_07,15,1786094299.6529348,move,243,224,.!frame.!entry
demo_session_07,15,1786094299.7029347,move,245,224,.!frame.!entry
demo_session_07,15,1786094299.7529347,move,237,233,.!frame.!entry
demo_session_07,15,1786094299.8029346,move,240,236,.!frame.!entry
demo_session_07,15,1786094299.8529346,move,250,230,.!frame.!entry
demo_session_07,15,1786094299.9029346,move,256,230,.!frame.!entry
demo_session_07,15,1786094299.9529345,move,247,229,.!frame.!entry
demo_session_07,15,1786094300.0029345,move,255,228,.!frame.!entry
demo_session_07,15,1786094300.0529344,move,251,225,.!frame.!entry
demo_session_07,15,1786094300.1029344,move,254,244,.!frame.!entry
demo_session_07,15,1786094300.1529343,move,267,234,.!frame.!entry
demo_session_07,15,1786094300.2029343,move,256,239,.!frame.!entry
demo_session_07,15,1786094300.2529342,move,269,253,.!frame.!entry
demo_session_07,15,1786094300.3029342,move,248,240,.!frame.!entry
demo_session_07,15,1786094300.3529341,move,259,250,.!frame.!entry
demo_session_07,15,1786094300.402934,move,258,244,.!frame.!entry
demo_session_07,15,1786094300.452934,move,265,235,.!frame.!entry
demo_session_07,15,1786094300.502934,move,263,244,.!frame.!entry
demo_session_07,15,1786094300.552934,move,264,248,.!frame.!entry
demo_session_07,15,1786094300.602934,move,269,241,.!frame.!entry
demo_session_07,15,1786094300.6529338,move,259,260,.!frame.!entry
demo_session_07,15,1786094300.7029338,move,274,259,.!frame.!entry
demo_session_07,15,1786094300.7529337,move,281,257,.!frame.!entry
demo_session_07,15,1786094300.8029337,move,280,259,.!frame.!entry
demo_session_07,15,1786094300.8529336,move,272,249,.!frame.!entry
demo_session_07,15,1786094300.9029336,move,280,261,.!frame.!entry
demo_session_07,15,1786094300.9529335,move,286,265,.!frame.!entry
demo_session_07,15,1786094301.0029335,move,289,256,.!frame.!entry
demo_session_07,15,1786094301.0529335,move,285,269,.!frame.!entry
demo_session_07,15,1786094301.1029334,move,292,262,.!frame.!entry
demo_session_07,15,1786094301.1529334,move,291,271,.!frame.!entry
demo_session_07,15,1786094301.2029333,move,298,269,.!frame.!entry
demo_session_07,15,1786094301.2529333,move,285,267,.!frame.!entry
demo_session_07,15,1786094301.3029332,move,291,279,.!frame.!entry
demo_session_07,15,1786094301.3529332,move,292,271,.!frame.!entry
demo_session_07,15,1786094301.4029331,move,304,280,.!frame.!entry
demo_session_07,15,1786094301.452933,move,301,271,.!frame.!entry
demo_session_07,15,1786094301.502933,move,298,282,.!frame.!entry
demo_session_07,15,1786094301.552933,move,292,278,.!frame.!entry
demo_session_07,15,1786094301.602933,move,311,273,.!frame.!button
demo_session_07,15,1786094301.652933,move,318,292,.!frame.!button
demo_session_07,15,1786094301.7029328,move,293,281,.!frame.!button
demo_session_07,15,1786094301.7529328,move,322,288,.!frame.!button
demo_session_07,15,1786094301.8029327,move,314,292,.!frame.!button
demo_session_07,15,1786094301.8529327,move,304,282,.!frame.!button
demo_session_07,15,1786094301.9029326,move,304,281,.!frame.!button
demo_session_07,15,1786094301.9529326,move,320,289,.!frame.!button
demo_session_07,15,1786094302.0029325,move,321,300,.!frame.!button
demo_session_07,15,1786094302.0529325,move,320,288,.!frame.!button
demo_session_07,15,1786094302.1029325,move,313,285,.!frame.!button
demo_session_07,15,1786094302.1529324,move,328,301,.!frame.!button
demo_session_07,15,1786094302.2029324,move,327,292,.!frame.!button
demo_session_07,15,1786094302.2529323,move,323,302,.!frame.!button
demo_session_07,15,1786094302.3029323,move,325,285,.!frame.!button
demo_session_07,15,1786094302.3529322,move,334,297,.!frame.!button
demo_session_07,15,1786094302.4029322,move,340,292,.!frame.!button
demo_session_07,15,1786094302.4529321,move,328,307,.!frame.!button
demo_session_07,15,1786094302.502932,move,330,303,.!frame.!button
demo_session_07,15,1786094302.552932,move,341,302,.!frame.!button
demo_session_07,15,1786094302.602932,move,339,303,.!frame.!button
demo_session_07,15,1786094302.652932,move,331,303,.!frame.!button
demo_session_07,15,1786094302.702932,move,337,314,.!frame.!button
demo_session_07,15,1786094302.7529318,move,335,313,.!frame.!button
demo_session_07,15,1786094302.8029318,move,341,317,.!frame.!button
demo_session_07,15,1786094302.8529317,move,350,321,.!frame.!button
demo_session_07,15,1786094302.9029317,move,359,317,.!frame.!button
demo_session_07,15,1786094302.9529316,move,356,319,.!frame.!button
demo_session_07,15,1786094303.0313332,click,350,320,.!frame.!button
demo_session_07,16,1786094303.0313332,move,267,335,.!frame.!entry
demo_session_07,16,1786094303.0813332,move,280,347,.!frame.!entry
demo_session_07,16,1786094303.131333,move,272,356,.!frame.!entry
demo_session_07,16,1786094303.181333,move,293,358,.!frame.!entry
demo_session_07,16,1786094303.231333,move,286,344,.!frame.!entry
demo_session_07,16,1786094303.281333,move,283,349,.!frame.!entry
demo_session_07,16,1786094303.331333,move,279,336,.!frame.!entry
demo_session_07,16,1786094303.3813329,move,276,344,.!frame.!entry
demo_session_07,16,1786094303.4313328,move,294,343,.!frame.!entry
demo_session_07,16,1786094303.4813328,move,295,340,.!frame.!entry
demo_session_07,16,1786094303.5313327,move,287,351,.!frame.!entry
demo_session_07,16,1786094303.5813327,move,288,345,.!frame.!entry
demo_session_07,16,1786094303.6313326,move,284,342,.!frame.!entry
demo_session_07,16,1786094303.6813326,move,289,343,.!frame.!entry
demo_session_07,16,1786094303.7313325,move,296,340,.!frame.!entry
demo_session_07,16,1786094303.7813325,move,290,334,.!frame.!entry
demo_session_07,16,1786094303.8313324,move,280,345,.!frame.!entry
demo_session_07,16,1786094303.8813324,move,294,344,.!frame.!entry
demo_session_07,16,1786094303.9313323,move,296,342,.!frame.!entry
demo_session_07,16,1786094303.9813323,move,288,342,.!frame.!entry
demo_session_07,16,1786094304.0313323,move,292,348,.!frame.!entry
demo_session_07,16,1786094304.0813322,move,303,351,.!frame.!entry
demo_session_07,16,1786094304.1313322,move,299,342,.!frame.!entry
demo_session_07,16,1786094304.181332,move,295,337,.!frame.!entry
demo_session_07,16,1786094304.231332,move,300,330,.!frame.!entry
demo_session_07,16,1786094304.281332,move,303,347,.!frame.!entry
demo_session_07,16,1786094304.331332,move,303,338,.!frame.!entry
demo_session_07,16,1786094304.381332,move,308,342,.!frame.!entry
demo_session_07,16,1786094304.4313319,move,301,350,.!frame.!entry
demo_session_07,16,1786094304.4813318,move,295,326,.!frame.!entry
demo_session_07,16,1786094304.5313318,move,300,332,.!frame.!entry
demo_session_07,16,1786094304.5813317,move,294,334,.!frame.!entry
demo_session_07,16,1786094304.6313317,move,305,341,.!frame.!entry
demo_session_07,16,1786094304.6813316,move,296,349,.!frame.!entry
demo_session_07,16,1786094304.7313316,move,320,339,.!frame.!entry
demo_session_07,16,1786094304.7813315,move,303,340,.!frame.!entry
demo_session_07,16,1786094304.8313315,move,324,334,.!frame.!entry
demo_session_07,16,1786094304.8813314,move,311,344,.!frame.!entry
demo_session_07,16,1786094304.9313314,move,306,335,.!frame.!entry
demo_session_07,16,1786094304.9813313,move,313,344,.!frame.!entry
demo_session_07,16,1786094305.0313313,move,315,341,.!frame.!entry
demo_session_07,16,1786094305.0813313,move,305,329,.!frame.!entry
demo_session_07,16,1786094305.1313312,move,322,335,.!frame.!entry
demo_session_07,16,1786094305.1813312,move,317,330,.!frame.!entry
demo_session_07,16,1786094305.231331,move,319,343,.!frame.!entry
demo_session_07,16,1786094305.281331,move,329,330,.!frame.!entry
demo_session_07,16,1786094305.331331,move,316,324,.!frame.!entry
demo_session_07,16,1786094305.381331,move,312,327,.!frame.!entry
demo_session_07,16,1786094305.431331,move,319,336,.!frame.!entry
demo_session_07,16,1786094305.4813309,move,323,333,.!frame.!entry
demo_session_07,16,1786094305.5313308,move,313,333,.!frame.!entry
demo_session_07,16,1786094305.5813308,move,326,329,.!frame.!entry
demo_session_07,16,1786094305.6313307,move,334,332,.!frame.!entry
demo_session_07,16,1786094305.6813307,move,324,330,.!frame.!entry
demo_session_07,16,1786094305.7313306,move,328,339,.!frame.!entry
demo_session_07,16,1786094305.7813306,move,325,340,.!frame.!entry
demo_session_07,16,1786094305.8313305,move,339,323,.!frame.!entry
demo_session_07,16,1786094305.8813305,move,326,330,.!frame.!entry
demo_session_07,16,1786094305.9313304,move,333,329,.!frame.!button
demo_session_07,16,1786094305.9813304,move,330,328,.!frame.!button
demo_session_07,16,1786094306.0313303,move,333,328,.!frame.!button
demo_session_07,16,1786094306.0813303,move,331,331,.!frame.!button
demo_session_07,16,1786094306.1313303,move,334,324,.!frame.!button
demo_session_07,16,1786094306.1813302,move,325,332,.!frame.!button
demo_session_07,16,1786094306.2313302,move,331,328,.!frame.!button
demo_session_07,16,1786094306.28133,move,329,331,.!frame.!button
demo_session_07,16,1786094306.33133,move,336,326,.!frame.!button
demo_session_07,16,1786094306.38133,move,325,325,.!frame.!button
demo_session_07,16,1786094306.43133,move,337,325,.!frame.!button
demo_session_07,16,1786094306.48133,move,340,322,.!frame.!button
demo_session_07,16,1786094306.5313299,move,324,319,.!frame.!button
demo_session_07,16,1786094306.5813298,move,358,327,.!frame.!button
demo_session_07,16,1786094306.6313298,move,335,319,.!frame.!button
demo_session_07,16,1786094306.6813297,move,347,321,.!frame.!button
demo_session_07,16,1786094306.7313297,move,342,316,.!frame.!button
demo_session_07,16,1786094306.7813296,move,343,320,.!frame.!button
demo_session_07,16,1786094306.8313296,move,350,312,.!frame.!button
demo_session_07,16,1786094306.8813295,move,350,322,.!frame.!button
demo_session_07,16,1786094306.9313295,move,356,311,.!frame.!button
demo_session_07,16,1786094306.9813294,move,352,326,.!frame.!button
demo_session_07,16,1786094307.0313294,move,337,322,.!frame.!button
demo_session_07,16,1786094307.0813293,move,346,321,.!frame.!button
demo_session_07,16,1786094307.1313293,move,347,335,.!frame.!button
demo_session_07,16,1786094307.2160225,click,350,320,.!frame.!button
demo_session_07,17,1786094307.2160225,move,213,238,.!frame.!entry
demo_session_07,17,1786094307.2660224,move,211,247,.!frame.!entry
demo_session_07,17,1786094307.3160224,move,210,249,.!frame.!entry
demo_session_07,17,1786094307.3660223,move,216,253,.!frame.!entry
demo_session_07,17,1786094307.4160223,move,212,245,.!frame.!entry
demo_session_07,17,1786094307.4660223,move,228,242,.!frame.!entry
demo_session_07,17,1786094307.5160222,move,211,254,.!frame.!entry
demo_session_07,17,1786094307.5660222,move,209,249,.!frame.!entry
demo_session_07,17,1786094307.616022,move,228,232,.!frame.!entry
demo_session_07,17,1786094307.666022,move,220,255,.!frame.!entry
demo_session_07,17,1786094307.716022,move,225,242,.!frame.!entry
demo_session_07,17,1786094307.766022,move,218,253,.!frame.!entry
demo_session_07,17,1786094307.816022,move,227,241,.!frame.!entry
demo_session_07,17,1786094307.8660219,move,226,251,.!frame.!entry
demo_session_07,17,1786094307.9160218,move,220,249,.!frame.!entry
demo_session_07,17,1786094307.9660218,move,234,245,.!frame.!entry
demo_session_07,17,1786094308.0160217,move,245,262,.!frame.!entry
demo_session_07,17,1786094308.0660217,move,229,259,.!frame.!entry
demo_session_07,17,1786094308.1160216,move,233,241,.!frame.!entry
demo_session_07,17,1786094308.1660216,move,235,257,.!frame.!entry
demo_session_07,17,1786094308.2160215,move,239,253,.!frame.!entry
demo_session_07,17,1786094308.2660215,move,238,262,.!frame.!entry
demo_session_07,17,1786094308.3160214,move,243,264,.!frame.!entry
demo_session_07,17,1786094308.3660214,move,244,255,.!frame.!entry
demo_session_07,17,1786094308.4160213,move,236,261,.!frame.!entry
demo_session_07,17,1786094308.4660213,move,251,253,.!frame.!entry
demo_session_07,17,1786094308.5160213,move,246,247,.!frame.!entry
demo_session_07,17,1786094308.5660212,move,246,274,.!frame.!entry
demo_session_07,17,1786094308.6160212,move,265,265,.!frame.!entry
demo_session_07,17,1786094308.666021,move,253,273,.!frame.!entry
demo_session_07,17,1786094308.716021,move,258,267,.!frame.!entry
demo_session_07,17,1786094308.766021,move,261,267,.!frame.!entry
demo_session_07,17,1786094308.816021,move,246,275,.!frame.!entry
demo_session_07,17,1786094308.866021,move,272,271,.!frame.!entry
demo_session_07,17,1786094308.9160209,move,264,277,.!frame.!entry
demo_session_07,17,1786094308.9660208,move,272,273,.!frame.!entry
demo_session_07,17,1786094309.0160208,move,275,271,.!frame.!entry
demo_session_07,17,1786094309.0660207,move,258,270,.!frame.!entry
demo_session_07,17,1786094309.1160207,move,266,274,.!frame.!entry
demo_session_07,17,1786094309.1660206,move,271,277,.!frame.!entry
demo_session_07,17,1786094309.2160206,move,269,281,.!frame.!entry
demo_session_07,17,1786094309.2660205,move,268,278,.!frame.!entry
demo_session_07,17,1786094309.3160205,move,271,284,.!frame.!entry
demo_session_07,17,1786094309.3660204,move,278,278,.!frame.!entry
demo_session_07,17,1786094309.4160204,move,264,280,.!frame.!entry
demo_session_07,17,1786094309.4660203,move,287,282,.!frame.!entry
demo_session_07,17,1786094309.5160203,move,281,285,.!frame.!entry
demo_session_07,17,1786094309.5660203,move,288,279,.!frame.!entry
demo_session_07,17,1786094309.6160202,move,288,281,.!frame.!entry
demo_session_07,17,1786094309.6660202,move,281,287,.!frame.!entry
demo_session_07,17,1786094309.71602,move,290,274,.!frame.!entry
demo_session_07,17,1786094309.76602,move,288,287,.!frame.!entry
demo_session_07,17,1786094309.81602,move,299,280,.!frame.!entry
demo_session_07,17,1786094309.86602,move,301,295,.!frame.!entry
demo_session_07,17,1786094309.91602,move,300,279,.!frame.!entry
demo_session_07,17,1786094309.9660199,move,295,286,.!frame.!entry
demo_session_07,17,1786094310.0160198,move,288,288,.!frame.!entry
demo_session_07,17,1786094310.0660198,move,292,296,.!frame.!entry
demo_session_07,17,1786094310.1160197,move,303,288,.!frame.!entry
demo_session_07,17,1786094310.1660197,move,303,294,.!frame.!entry
demo_session_07,17,1786094310.2160196,move,294,290,.!frame.!entry
demo_session_07,17,1786094310.2660196,move,302,298,.!frame.!entry
demo_session_07,17,1786094310.3160195,move,301,299,.!frame.!entry
demo_session_07,17,1786094310.3660195,move,311,297,.!frame.!entry
demo_session_07,17,1786094310.4160194,move,304,288,.!frame.!button
demo_session_07,17,1786094310.4660194,move,312,302,.!frame.!button
demo_session_07,17,1786094310.5160193,move,318,299,.!frame.!button
demo_session_07,17,1786094310.5660193,move,306,295,.!frame.!button
demo_session_07,17,1786094310.6160192,move,316,295,.!frame.!button
demo_session_07,17,1786094310.6660192,move,324,299,.!frame.!button
demo_session_07,17,1786094310.7160192,move,323,301,.!frame.!button
demo_session_07,17,1786094310.766019,move,313,307,.!frame.!button
demo_session_07,17,1786094310.816019,move,325,293,.!frame.!button
demo_session_07,17,1786094310.866019,move,309,294,.!frame.!button
demo_session_07,17,1786094310.916019,move,328,306,.!frame.!button
demo_session_07,17,1786094310.966019,move,322,302,.!frame.!button
demo_session_07,17,1786094311.0160189,move,332,305,.!frame.!button
demo_session_07,17,1786094311.0660188,move,326,306,.!frame.!button
demo_session_07,17,1786094311.1160188,move,322,321,.!frame.!button
demo_session_07,17,1786094311.1660187,move,339,302,.!frame.!button
demo_session_07,17,1786094311.2160187,move,335,312,.!frame.!button
demo_session_07,17,1786094311.2660186,move,331,312,.!frame.!button
demo_session_07,17,1786094311.3160186,move,349,315,.!frame.!button
demo_session_07,17,1786094311.3660185,move,337,309,.!frame.!button
demo_session_07,17,1786094311.4160185,move,333,322,.!frame.!button
demo_session_07,17,1786094311.4660184,move,345,314,.!frame.!button
demo_session_07,17,1786094311.5160184,move,340,318,.!frame.!button
demo_session_07,17,1786094311.5660183,move,353,313,.!frame.!button
demo_session_07,17,1786094311.6160183,move,344,319,.!frame.!button
demo_session_07,17,1786094311.6660182,move,353,317,.!frame.!button
demo_session_07,17,1786094311.7160182,move,339,328,.!frame.!button
demo_session_07,17,1786094311.7660182,move,338,307,.!frame.!button
demo_session_07,17,1786094311.8342855,click,349,319,.!frame.!button
demo_session_07,18,1786094311.8342855,move,339,259,.!frame.!entry
demo_session_07,18,1786094311.8842854,move,331,269,.!frame.!entry
demo_session_07,18,1786094311.9342854,move,335,270,.!frame.!entry
demo_session_07,18,1786094311.9842854,move,340,272,.!frame.!entry
demo_session_07,18,1786094312.0342853,move,335,261,.!frame.!entry
demo_session_07,18,1786094312.0842853,move,335,263,.!frame.!entry
demo_session_07,18,1786094312.1342852,move,349,271,.!frame.!entry
demo_session_07,18,1786094312.1842852,move,332,272,.!frame.!entry
demo_session_07,18,1786094312.234285,move,334,264,.!frame.!entry
demo_session_07,18,1786094312.284285,move,331,277,.!frame.!entry
demo_session_07,18,1786094312.334285,move,334,267,.!frame.!entry
demo_session_07,18,1786094312.384285,move,344,275,.!frame.!entry
demo_session_07,18,1786094312.434285,move,324,285,.!frame.!entry
demo_session_07,18,1786094312.4842849,move,326,264,.!frame.!entry
demo_session_07,18,1786094312.5342848,move,338,272,.!frame.!entry
demo_session_07,18,1786094312.5842848,move,336,268,.!frame.!entry
demo_session_07,18,1786094312.6342847,move,344,273,.!frame.!entry
demo_session_07,18,1786094312.6842847,move,335,270,.!frame.!entry
demo_session_07,18,1786094312.7342846,move,329,289,.!frame.!entry
demo_session_07,18,1786094312.7842846,move,330,266,.!frame.!entry
demo_session_07,18,1786094312.8342845,move,323,276,.!frame.!entry
demo_session_07,18,1786094312.8842845,move,346,286,.!frame.!entry
demo_session_07,18,1786094312.9342844,move,326,265,.!frame.!entry
demo_session_07,18,1786094312.9842844,move,341,277,.!frame.!entry
demo_session_07,18,1786094313.0342844,move,344,271,.!frame.!entry
demo_session_07,18,1786094313.0842843,move,337,277,.!frame.!entry
demo_session_07,18,1786094313.1342843,move,336,282,.!frame.!entry
demo_session_07,18,1786094313.1842842,move,341,262,.!frame.!entry
demo_session_07,18,1786094313.2342842,move,338,283,.!frame.!entry
demo_session_07,18,1786094313.284284,move,338,286,.!frame.!entry
demo_session_07,18,1786094313.334284,move,348,274,.!frame.!entry
demo_session_07,18,1786094313.384284,move,354,277,.!frame.!entry
demo_session_07,18,1786094313.434284,move,340,276,.!frame.!entry
demo_session_07,18,1786094313.484284,move,339,289,.!frame.!entry
demo_session_07,18,1786094313.5342839,move,336,275,.!frame.!entry
demo_session_07,18,1786094313.5842838,move,350,285,.!frame.!entry
demo_session_07,18,1786094313.6342838,move,339,277,.!frame.!entry
demo_session_07,18,1786094313.6842837,move,345,272,.!frame.!entry
demo_session_07,18,1786094313.7342837,move,340,291,.!frame.!entry
demo_session_07,18,1786094313.7842836,move,346,280,.!frame.!entry
demo_session_07,18,1786094313.8342836,move,345,314,.!frame.!entry
demo_session_07,18,1786094313.8842835,move,347,297,.!frame.!entry
demo_session_07,18,1786094313.9342835,move,341,282,.!frame.!entry
demo_session_07,18,1786094313.9842834,move,328,284,.!frame.!entry
demo_session_07,18,1786094314.0342834,move,326,284,.!frame.!entry
demo_session_07,18,1786094314.0842834,move,333,282,.!frame.!entry
demo_session_07,18,1786094314.1342833,move,346,291,.!frame.!entry
demo_session_07,18,1786094314.1842833,move,341,280,.!frame.!entry
demo_session_07,18,1786094314.2342832,move,344,312,.!frame.!entry
demo_session_07,18,1786094314.2842832,move,335,292,.!frame.!entry
demo_session_07,18,1786094314.334283,move,342,288,.!frame.!entry
demo_session_07,18,1786094314.384283,move,343,299,.!frame.!entry
demo_session_07,18,1786094314.434283,move,340,293,.!frame.!entry
demo_session_07,18,1786094314.484283,move,336,276,.!frame.!entry
demo_session_07,18,1786094314.534283,move,342,294,.!frame.!entry
demo_session_07,18,1786094314.5842829,move,343,302,.!frame.!entry
demo_session_07,18,1786094314.6342828,move,344,297,.!frame.!entry
demo_session_07,18,1786094314.6842828,move,343,291,.!frame.!entry
demo_session_07,18,1786094314.7342827,move,339,290,.!frame.!entry
demo_session_07,18,1786094314.7842827,move,341,296,.!frame.!entry
demo_session_07,18,1786094314.8342826,move,351,289,.!frame.!entry
demo_session_07,18,1786094314.8842826,move,338,296,.!frame.!entry
demo_session_07,18,1786094314.9342825,move,341,300,.!frame.!entry
demo_session_07,18,1786094314.9842825,move,340,296,.!frame.!entry
demo_session_07,18,1786094315.0342824,move,347,296,.!frame.!entry
demo_session_07,18,1786094315.0842824,move,341,292,.!frame.!entry
demo_session_07,18,1786094315.1342824,move,335,300,.!frame.!entry
demo_session_07,18,1786094315.1842823,move,338,307,.!frame.!entry
demo_session_07,18,1786094315.2342823,move,348,294,.!frame.!entry
demo_session_07,18,1786094315.2842822,move,339,295,.!frame.!entry
demo_session_07,18,1786094315.3342822,move,343,301,.!frame.!entry
demo_session_07,18,1786094315.384282,move,334,301,.!frame.!entry
demo_session_07,18,1786094315.434282,move,350,295,.!frame.!entry
demo_session_07,18,1786094315.484282,move,343,310,.!frame.!entry
demo_session_07,18,1786094315.534282,move,347,297,.!frame.!entry
demo_session_07,18,1786094315.584282,move,345,310,.!frame.!entry
demo_session_07,18,1786094315.6342819,move,341,308,.!frame.!entry
demo_session_07,18,1786094315.6842818,move,341,295,.!frame.!entry
demo_session_07,18,1786094315.7342818,move,348,307,.!frame.!entry
demo_session_07,18,1786094315.7842817,move,344,298,.!frame.!entry
demo_session_07,18,1786094315.8342817,move,354,300,.!frame.!button
demo_session_07,18,1786094315.8842816,move,333,309,.!frame.!button
demo_session_07,18,1786094315.9342816,move,349,302,.!frame.!button
demo_session_07,18,1786094315.9842815,move,336,305,.!frame.!button
demo_session_07,18,1786094316.0342815,move,336,308,.!frame.!button
demo_session_07,18,1786094316.0842814,move,342,304,.!frame.!button
demo_session_07,18,1786094316.1342814,move,352,299,.!frame.!button
demo_session_07,18,1786094316.1842813,move,328,318,.!frame.!button
demo_session_07,18,1786094316.2342813,move,350,308,.!frame.!button
demo_session_07,18,1786094316.2842813,move,353,315,.!frame.!button
demo_session_07,18,1786094316.3342812,move,354,313,.!frame.!button
demo_session_07,18,1786094316.3842812,move,352,304,.!frame.!button
demo_session_07,18,1786094316.434281,move,333,299,.!frame.!button
demo_session_07,18,1786094316.484281,move,350,312,.!frame.!button
demo_session_07,18,1786094316.534281,move,343,310,.!frame.!button
demo_session_07,18,1786094316.584281,move,354,330,.!frame.!button
demo_session_07,18,1786094316.634281,move,351,308,.!frame.!button
demo_session_07,18,1786094316.6842809,move,336,311,.!frame.!button
demo_session_07,18,1786094316.7342808,move,354,305,.!frame.!button
demo_session_07,18,1786094316.7842808,move,348,323,.!frame.!button
demo_session_07,18,1786094316.8342807,move,347,308,.!frame.!button
demo_session_07,18,1786094316.8842807,move,338,306,.!frame.!button
demo_session_07,18,1786094316.9342806,move,363,299,.!frame.!button
demo_session_07,18,1786094316.9842806,move,341,322,.!frame.!button
demo_session_07,18,1786094317.0342805,move,353,312,.!frame.!button
demo_session_07,18,1786094317.0842805,move,359,306,.!frame.!button
demo_session_07,18,1786094317.1342804,move,354,329,.!frame.!button
demo_session_07,18,1786094317.1842804,move,354,310,.!frame.!button
demo_session_07,18,1786094317.2342803,move,348,311,.!frame.!button
demo_session_07,18,1786094317.2842803,move,358,321,.!frame.!button
demo_session_07,18,1786094317.3342803,move,358,305,.!frame.!button
demo_session_07,18,1786094317.3842802,move,352,315,.!frame.!button
demo_session_07,18,1786094317.4342802,move,345,328,.!frame.!button
demo_session_07,18,1786094317.48428,move,353,322,.!frame.!button
demo_session_07,18,1786094317.53428,move,353,313,.!frame.!button
demo_session_07,18,1786094317.60299,click,340,310,.!frame.!button
demo_session_07,19,1786094317.60299,move,595,102,.!frame.!entry
demo_session_07,19,1786094317.6529899,move,589,105,.!frame.!entry
demo_session_07,19,1786094317.7029898,move,579,110,.!frame.!entry
demo_session_07,19,1786094317.7529898,move,580,128,.!frame.!entry
demo_session_07,19,1786094317.8029897,move,579,117,.!frame.!entry
demo_session_07,19,1786094317.8529897,move,567,133,.!frame.!entry
demo_session_07,19,1786094317.9029896,move,567,122,.!frame.!entry
demo_session_07,19,1786094317.9529896,move,567,136,.!frame.!entry
demo_session_07,19,1786094318.0029895,move,565,128,.!frame.!entry
demo_session_07,19,1786094318.0529895,move,560,134,.!frame.!entry
demo_session_07,19,1786094318.1029894,move,573,132,.!frame.!entry
demo_session_07,19,1786094318.1529894,move,558,136,.!frame.!entry
demo_session_07,19,1786094318.2029893,move,558,129,.!frame.!entry
demo_session_07,19,1786094318.2529893,move,558,122,.!frame.!entry
demo_session_07,19,1786094318.3029892,move,554,139,.!frame.!entry
demo_session_07,19,1786094318.3529892,move,556,145,.!frame.!entry
demo_session_07,19,1786094318.4029891,move,557,138,.!frame.!entry
demo_session_07,19,1786094318.452989,move,549,142,.!frame.!entry
demo_session_07,19,1786094318.502989,move,537,151,.!frame.!entry
demo_session_07,19,1786094318.552989,move,544,152,.!frame.!entry
demo_session_07,19,1786094318.602989,move,535,156,.!frame.!entry
demo_session_07,19,1786094318.652989,move,544,147,.!frame.!entry
demo_session_07,19,1786094318.7029889,move,535,142,.!frame.!entry
demo_session_07,19,1786094318.7529888,move,529,161,.!frame.!entry
demo_session_07,19,1786094318.8029888,move,528,158,.!frame.!entry
demo_session_07,19,1786094318.8529887,move,527,158,.!frame.!entry
demo_session_07,19,1786094318.9029887,move,527,167,.!frame.!entry
demo_session_07,19,1786094318.9529886,move,518,164,.!frame.!entry
demo_session_07,19,1786094319.0029886,move,517,165,.!frame.!entry
demo_session_07,19,1786094319.0529885,move,522,173,.!frame.!entry
demo_session_07,19,1786094319.1029885,move,517,173,.!frame.!entry
demo_session_07,19,1786094319.1529884,move,516,162,.!frame.!entry
demo_session_07,19,1786094319.2029884,move,514,178,.!frame.!entry
demo_session_07,19,1786094319.2529883,move,512,173,.!frame.!entry
demo_session_07,19,1786094319.3029883,move,500,185,.!frame.!entry
demo_session_07,19,1786094319.3529882,move,505,181,.!frame.!entry
demo_session_07,19,1786094319.4029882,move,498,186,.!frame.!entry
demo_session_07,19,1786094319.4529881,move,504,190,.!frame.!entry
demo_session_07,19,1786094319.502988,move,498,186,.!frame.!entry
demo_session_07,19,1786094319.552988,move,498,193,.!frame.!entry
demo_session_07,19,1786094319.602988,move,497,192,.!frame.!entry
demo_session_07,19,1786094319.652988,move,481,186,.!frame.!entry
demo_session_07,19,1786094319.702988,move,479,188,.!frame.!entry
demo_session_07,19,1786094319.7529879,move,492,193,.!frame.!entry
demo_session_07,19,1786094319.8029878,move,480,206,.!frame.!entry
demo_session_07,19,1786094319.8529878,move,486,206,.!frame.!entry
demo_session_07,19,1786094319.9029877,move,486,204,.!frame.!entry
demo_session_07,19,1786094319.9529877,move,479,216,.!frame.!entry
demo_session_07,19,1786094320.0029876,move,475,211,.!frame.!entry
demo_session_07,19,1786094320.0529876,move,465,213,.!frame.!entry
demo_session_07,19,1786094320.1029875,move,473,219,.!frame.!entry
demo_session_07,19,1786094320.1529875,move,465,206,.!frame.!entry
demo_session_07,19,1786094320.2029874,move,457,218,.!frame.!entry
demo_session_07,19,1786094320.2529874,move,461,223,.!frame.!entry
demo_session_07,19,1786094320.3029873,move,452,227,.!frame.!entry
demo_session_07,19,1786094320.3529873,move,445,216,.!frame.!entry
demo_session_07,19,1786094320.4029872,move,449,231,.!frame.!entry
demo_session_07,19,1786094320.4529872,move,456,227,.!frame.!entry
demo_session_07,19,1786094320.5029871,move,454,244,.!frame.!entry
demo_session_07,19,1786094320.552987,move,455,231,.!frame.!entry
demo_session_07,19,1786094320.602987,move,445,255,.!frame.!entry
demo_session_07,19,1786094320.652987,move,444,245,.!frame.!entry
demo_session_07,19,1786094320.702987,move,436,245,.!frame.!entry
demo_session_07,19,1786094320.752987,move,446,248,.!frame.!entry
demo_session_07,19,1786094320.8029869,move,429,239,.!frame.!entry
demo_session_07,19,1786094320.8529868,move,426,246,.!frame.!entry
demo_session_07,19,1786094320.9029868,move,427,250,.!frame.!entry
demo_session_07,19,1786094320.9529867,move,423,250,.!frame.!entry
demo_session_07,19,1786094321.0029867,move,438,269,.!frame.!entry
demo_session_07,19,1786094321.0529866,move,415,259,.!frame.!entry
demo_session_07,19,1786094321.1029866,move,431,258,.!frame.!button
demo_session_07,19,1786094321.1529865,move,423,271,.!frame.!button
demo_session_07,19,1786094321.2029865,move,418,267,.!frame.!button
demo_session_07,19,1786094321.2529864,move,413,260,.!frame.!button
demo_session_07,19,1786094321.3029864,move,413,265,.!frame.!button
demo_session_07,19,1786094321.3529863,move,413,260,.!frame.!button
demo_session_07,19,1786094321.4029863,move,403,285,.!frame.!button
demo_session_07,19,1786094321.4529862,move,408,267,.!frame.!button
demo_session_07,19,1786094321.5029862,move,408,279,.!frame.!button
demo_session_07,19,1786094321.5529861,move,409,279,.!frame.!button
demo_session_07,19,1786094321.602986,move,389,283,.!frame.!button
demo_session_07,19,1786094321.652986,move,402,279,.!frame.!button
demo_session_07,19,1786094321.702986,move,389,282,.!frame.!button
demo_session_07,19,1786094321.752986,move,399,286,.!frame.!button
demo_session_07,19,1786094321.802986,move,380,280,.!frame.!button
demo_session_07,19,1786094321.8529859,move,389,288,.!frame.!button
demo_session_07,19,1786094321.9029858,move,383,289,.!frame.!button
demo_session_07,19,1786094321.9529858,move,381,291,.!frame.!button
demo_session_07,19,1786094322.0029857,move,378,299,.!frame.!button
demo_session_07,19,1786094322.0529857,move,375,307,.!frame.!button
demo_session_07,19,1786094322.1029856,move,374,301,.!frame.!button
demo_session_07,19,1786094322.1529856,move,372,311,.!frame.!button
demo_session_07,19,1786094322.2029855,move,374,303,.!frame.!button
demo_session_07,19,1786094322.2529855,move,366,300,.!frame.!button
demo_session_07,19,1786094322.3029854,move,375,306,.!frame.!button
demo_session_07,19,1786094322.3529854,move,359,312,.!frame.!button
demo_session_07,19,1786094322.4029853,move,352,310,.!frame.!button
demo_session_07,19,1786094322.4529853,move,347,306,.!frame.!button
demo_session_07,19,1786094322.5029852,move,364,326,.!frame.!button
demo_session_07,19,1786094322.5529852,move,356,316,.!frame.!button
demo_session_07,19,1786094322.6029851,move,350,321,.!frame.!button
demo_session_07,19,1786094322.6885948,click,350,320,.!frame.!button
demo_session_07,20,1786094322.6885948,move,144,276,.!frame.!entry
demo_session_07,20,1786094322.7385948,move,162,283,.!frame.!entry
demo_session_07,20,1786094322.7885947,move,145,271,.!frame.!entry
demo_session_07,20,1786094322.8385947,move,167,268,.!frame.!entry
demo_session_07,20,1786094322.8885946,move,160,273,.!frame.!entry
demo_session_07,20,1786094322.9385946,move,165,280,.!frame.!entry
demo_session_07,20,1786094322.9885945,move,152,285,.!frame.!entry
demo_session_07,20,1786094323.0385945,move,161,283,.!frame.!entry
demo_session_07,20,1786094323.0885944,move,167,283,.!frame.!entry
demo_session_07,20,1786094323.1385944,move,171,278,.!frame.!entry
demo_session_07,20,1786094323.1885943,move,166,284,.!frame.!entry
demo_session_07,20,1786094323.2385943,move,164,283,.!frame.!entry
demo_session_07,20,1786094323.2885942,move,179,285,.!frame.!entry
demo_session_07,20,1786094323.3385942,move,179,285,.!frame.!entry
demo_session_07,20,1786094323.3885942,move,182,293,.!frame.!entry
demo_session_07,20,1786094323.438594,move,175,278,.!frame.!entry
demo_session_07,20,1786094323.488594,move,179,283,.!frame.!entry
demo_session_07,20,1786094323.538594,move,195,280,.!frame.!entry
demo_session_07,20,1786094323.588594,move,187,292,.!frame.!entry
demo_session_07,20,1786094323.638594,move,185,291,.!frame.!entry
demo_session_07,20,1786094323.6885939,move,199,300,.!frame.!entry
demo_session_07,20,1786094323.7385938,move,196,293,.!frame.!entry
demo_session_07,20,1786094323.7885938,move,192,281,.!frame.!entry
demo_session_07,20,1786094323.8385937,move,199,299,.!frame.!entry
demo_session_07,20,1786094323.8885937,move,194,291,.!frame.!entry
demo_session_07,20,1786094323.9385936,move,205,286,.!frame.!entry
demo_session_07,20,1786094323.9885936,move,215,278,.!frame.!entry
demo_session_07,20,1786094324.0385935,move,211,289,.!frame.!entry
demo_session_07,20,1786094324.0885935,move,208,280,.!frame.!entry
demo_session_07,20,1786094324.1385934,move,214,291,.!frame.!entry
demo_session_07,20,1786094324.1885934,move,196,289,.!frame.!entry
demo_session_07,20,1786094324.2385933,move,216,297,.!frame.!entry
demo_session_07,20,1786094324.2885933,move,209,304,.!frame.!entry
demo_session_07,20,1786094324.3385932,move,208,291,.!frame.!entry
demo_session_07,20,1786094324.3885932,move,213,289,.!frame.!entry
demo_session_07,20,1786094324.4385931,move,230,301,.!frame.!entry
demo_session_07,20,1786094324.488593,move,232,295,.!frame.!entry
demo_session_07,20,1786094324.538593,move,235,293,.!frame.!entry
demo_session_07,20,1786094324.588593,move,231,298,.!frame.!entry
demo_session_07,20,1786094324.638593,move,229,292,.!frame.!entry
demo_session_07,20,1786094324.688593,move,236,312,.!frame.!entry
demo_session_07,20,1786094324.7385929,move,239,292,.!frame.!entry
demo_session_07,20,1786094324.7885928,move,230,308,.!frame.!entry
demo_session_07,20,1786094324.8385928,move,239,295,.!frame.!entry
demo_session_07,20,1786094324.8885927,move,246,305,.!frame.!entry
demo_session_07,20,1786094324.9385927,move,243,296,.!frame.!entry
demo_session_07,20,1786094324.9885926,move,246,293,.!frame.!entry
demo_session_07,20,1786094325.0385926,move,251,300,.!frame.!entry
demo_session_07,20,1786094325.0885925,move,261,299,.!frame.!entry
demo_session_07,20,1786094325.1385925,move,243,295,.!frame.!entry
demo_session_07,20,1786094325.1885924,move,255,306,.!frame.!entry
demo_session_07,20,1786094325.2385924,move,257,299,.!frame.!entry
demo_session_07,20,1786094325.2885923,move,265,296,.!frame.!entry
demo_session_07,20,1786094325.3385923,move,259,306,.!frame.!entry
demo_session_07,20,1786094325.3885922,move,260,301,.!frame.!entry
demo_session_07,20,1786094325.4385922,move,251,313,.!frame.!entry
demo_session_07,20,1786094325.4885921,move,253,293,.!frame.!entry
demo_session_07,20,1786094325.538592,move,281,303,.!frame.!entry
demo_session_07,20,1786094325.588592,move,281,293,.!frame.!entry
demo_session_07,20,1786094325.638592,move,271,298,.!frame.!entry
demo_session_07,20,1786094325.688592,move,278,306,.!frame.!entry
demo_session_07,20,1786094325.738592,move,287,300,.!frame.!entry
demo_session_07,20,1786094325.7885919,move,279,308,.!frame.!entry
demo_session_07,20,1786094325.8385918,move,277,297,.!frame.!entry
demo_session_07,20,1786094325.8885918,move,280,312,.!frame.!entry
demo_session_07,20,1786094325.9385917,move,283,303,.!frame.!entry
demo_session_07,20,1786094325.9885917,move,290,311,.!frame.!button
demo_session_07,20,1786094326.0385916,move,287,302,.!frame.!button
demo_session_07,20,1786094326.0885916,move,302,309,.!frame.!button
demo_session_07,20,1786094326.1385915,move,282,319,.!frame.!button
demo_session_07,20,1786094326.1885915,move,298,305,.!frame.!button
demo_session_07,20,1786094326.2385914,move,308,302,.!frame.!button
demo_session_07,20,1786094326.2885914,move,296,307,.!frame.!button
demo_session_07,20,1786094326.3385913,move,302,305,.!frame.!button
demo_session_07,20,1786094326.3885913,move,325,309,.!frame.!button
demo_session_07,20,1786094326.4385912,move,295,323,.!frame.!button
demo_session_07,20,1786094326.4885912,move,312,319,.!frame.!button
demo_session_07,20,1786094326.5385911,move,317,304,.!frame.!button
demo_session_07,20,1786094326.588591,move,301,309,.!frame.!button
demo_session_07,20,1786094326.638591,move,314,321,.!frame.!button
demo_session_07,20,1786094326.688591,move,314,306,.!frame.!button
demo_session_07,20,1786094326.738591,move,326,321,.!frame.!button
demo_session_07,20,1786094326.788591,move,319,314,.!frame.!button
demo_session_07,20,1786094326.8385909,move,315,302,.!frame.!button
demo_session_07,20,1786094326.8885908,move,318,318,.!frame.!button
demo_session_07,20,1786094326.9385908,move,331,307,.!frame.!button
demo_session_07,20,1786094326.9885907,move,319,304,.!frame.!button
demo_session_07,20,1786094327.0385907,move,331,315,.!frame.!button
demo_session_07,20,1786094327.0885906,move,333,307,.!frame.!button
demo_session_07,20,1786094327.1385906,move,328,322,.!frame.!button
demo_session_07,20,1786094327.1885905,move,350,314,.!frame.!button
demo_session_07,20,1786094327.2385905,move,349,314,.!frame.!button
demo_session_07,20,1786094327.2885904,move,347,318,.!frame.!button
demo_session_07,20,1786094327.3385904,move,351,327,.!frame.!button
demo_session_07,20,1786094327.3885903,move,348,328,.!frame.!button
demo_session_07,20,1786094327.476584,click,350,320,.!frame.!button
demo_session_07,21,1786094327.476584,move,538,105,.!frame.!entry
demo_session_07,21,1786094327.526584,move,534,118,.!frame.!entry
demo_session_07,21,1786094327.5765839,move,533,109,.!frame.!entry
demo_session_07,21,1786094327.6265838,move,529,122,.!frame.!entry
demo_session_07,21,1786094327.6765838,move,532,126,.!frame.!entry
demo_session_07,21,1786094327.7265837,move,535,118,.!frame.!entry
demo_session_07,21,1786094327.7765837,move,528,122,.!frame.!entry
demo_session_07,21,1786094327.8265836,move,529,127,.!frame.!entry
demo_session_07,21,1786094327.8765836,move,534,119,.!frame.!entry
demo_session_07,21,1786094327.9265835,move,534,127,.!frame.!entry
demo_session_07,21,1786094327.9765835,move,522,128,.!frame.!entry
demo_session_07,21,1786094328.0265834,move,513,134,.!frame.!entry
demo_session_07,21,1786094328.0765834,move,513,136,.!frame.!entry
demo_session_07,21,1786094328.1265833,move,511,155,.!frame.!entry
demo_session_07,21,1786094328.1765833,move,521,138,.!frame.!entry
demo_session_07,21,1786094328.2265832,move,519,148,.!frame.!entry
demo_session_07,21,1786094328.2765832,move,507,126,.!frame.!entry
demo_session_07,21,1786094328.3265831,move,506,149,.!frame.!entry
demo_session_07,21,1786094328.376583,move,513,151,.!frame.!entry
demo_session_07,21,1786094328.426583,move,501,152,.!frame.!entry
demo_session_07,21,1786094328.476583,move,497,150,.!frame.!entry
demo_session_07,21,1786094328.526583,move,500,153,.!frame.!entry
demo_session_07,21,1786094328.576583,move,496,147,.!frame.!entry
demo_session_07,21,1786094328.6265829,move,505,167,.!frame.!entry
demo_session_07,21,1786094328.6765828,move,508,167,.!frame.!entry
demo_session_07,21,1786094328.7265828,move,499,163,.!frame.!entry
demo_session_07,21,1786094328.7765827,move,489,176,.!frame.!entry
demo_session_07,21,1786094328.8265827,move,491,153,.!frame.!entry
demo_session_07,21,1786094328.8765826,move,485,158,.!frame.!entry
demo_session_07,21,1786094328.9265826,move,498,165,.!frame.!entry
demo_session_07,21,1786094328.9765825,move,496,163,.!frame.!entry
demo_session_07,21,1786094329.0265825,move,488,164,.!frame.!entry
demo_session_07,21,1786094329.0765824,move,485,170,.!frame.!entry
demo_session_07,21,1786094329.1265824,move,493,173,.!frame.!entry
demo_session_07,21,1786094329.1765823,move,483,167,.!frame.!entry
demo_session_07,21,1786094329.2265823,move,472,176,.!frame.!entry
demo_session_07,21,1786094329.2765822,move,479,179,.!frame.!entry
demo_session_07,21,1786094329.3265822,move,466,176,.!frame.!entry
demo_session_07,21,1786094329.3765821,move,482,180,.!frame.!entry
demo_session_07,21,1786094329.426582,move,465,180,.!frame.!entry
demo_session_07,21,1786094329.476582,move,475,190,.!frame.!entry
demo_session_07,21,1786094329.526582,move,482,175,.!frame.!entry
demo_session_07,21,1786094329.576582,move,461,188,.!frame.!entry
demo_session_07,21,1786094329.626582,move,474,192,.!frame.!entry
demo_session_07,21,1786094329.6765819,move,460,189,.!frame.!entry
demo_session_07,21,1786094329.7265818,move,456,190,.!frame.!entry
demo_session_07,21,1786094329.7765818,move,475,196,.!frame.!entry
demo_session_07,21,1786094329.8265817,move,453,197,.!frame.!entry
demo_session_07,21,1786094329.8765817,move,460,203,.!frame.!entry
demo_session_07,21,1786094329.9265816,move,451,195,.!frame.!entry
demo_session_07,21,1786094329.9765816,move,454,196,.!frame.!entry
demo_session_07,21,1786094330.0265815,move,457,209,.!frame.!entry
demo_session_07,21,1786094330.0765815,move,449,203,.!frame.!entry
demo_session_07,21,1786094330.1265814,move,455,212,.!frame.!entry
demo_session_07,21,1786094330.1765814,move,453,200,.!frame.!entry
demo_session_07,21,1786094330.2265813,move,451,214,.!frame.!entry
demo_session_07,21,1786094330.2765813,move,442,208,.!frame.!entry
demo_session_07,21,1786094330.3265812,move,441,222,.!frame.!entry
demo_session_07,21,1786094330.3765812,move,437,202,.!frame.!entry
demo_session_07,21,1786094330.4265811,move,439,204,.!frame.!entry
demo_session_07,21,1786094330.476581,move,445,210,.!frame.!entry
demo_session_07,21,1786094330.526581,move,439,227,.!frame.!entry
demo_session_07,21,1786094330.576581,move,433,227,.!frame.!entry
demo_session_07,21,1786094330.626581,move,434,221,.!frame.!entry
demo_session_07,21,1786094330.676581,move,443,229,.!frame.!entry
demo_session_07,21,1786094330.7265809,move,424,219,.!frame.!entry
demo_session_07,21,1786094330.7765808,move,431,233,.!frame.!entry
demo_session_07,21,1786094330.8265808,move,429,221,.!frame.!entry
demo_session_07,21,1786094330.8765807,move,428,235,.!frame.!entry
demo_session_07,21,1786094330.9265807,move,419,248,.!frame.!entry
demo_session_07,21,1786094330.9765806,move,421,247,.!frame.!entry
demo_session_07,21,1786094331.0265806,move,413,230,.!frame.!entry
demo_session_07,21,1786094331.0765805,move,425,240,.!frame.!entry
demo_session_07,21,1786094331.1265805,move,415,245,.!frame.!entry
demo_session_07,21,1786094331.1765804,move,416,245,.!frame.!entry
demo_session_07,21,1786094331.2265804,move,420,244,.!frame.!entry
demo_session_07,21,1786094331.2765803,move,426,256,.!frame.!entry
demo_session_07,21,1786094331.3265803,move,416,247,.!frame.!entry
demo_session_07,21,1786094331.3765802,move,417,259,.!frame.!entry
demo_session_07,21,1786094331.4265802,move,409,254,.!frame.!entry
demo_session_07,21,1786094331.4765801,move,398,253,.!frame.!entry
demo_session_07,21,1786094331.52658,move,398,249,.!frame.!button
demo_session_07,21,1786094331.57658,move,409,265,.!frame.!button
demo_session_07,21,1786094331.62658,move,400,269,.!frame.!button
demo_session_07,21,1786094331.67658,move,413,278,.!frame.!button
demo_session_07,21,1786094331.72658,move,410,270,.!frame.!button
demo_session_07,21,1786094331.7765799,move,404,262,.!frame.!button
demo_session_07,21,1786094331.8265798,move,386,263,.!frame.!button
demo_session_07,21,1786094331.8765798,move,393,269,.!frame.!button
demo_session_07,21,1786094331.9265797,move,386,275,.!frame.!button
demo_session_07,21,1786094331.9765797,move,403,285,.!frame.!button
demo_session_07,21,1786094332.0265796,move,403,286,.!frame.!button
demo_session_07,21,1786094332.0765796,move,387,271,.!frame.!button
demo_session_07,21,1786094332.1265795,move,379,290,.!frame.!button
demo_session_07,21,1786094332.1765795,move,378,285,.!frame.!button
demo_session_07,21,1786094332.2265794,move,381,274,.!frame.!button
demo_session_07,21,1786094332.2765794,move,379,270,.!frame.!button
demo_session_07,21,1786094332.3265793,move,383,276,.!frame.!button
demo_session_07,21,1786094332.3765793,move,379,297,.!frame.!button
demo_session_07,21,1786094332.4265792,move,373,299,.!frame.!button
demo_session_07,21,1786094332.4765792,move,379,285,.!frame.!button
demo_session_07,21,1786094332.5265791,move,383,286,.!frame.!button
demo_session_07,21,1786094332.576579,move,367,294,.!frame.!button
demo_session_07,21,1786094332.626579,move,372,299,.!frame.!button
demo_session_07,21,1786094332.676579,move,355,287,.!frame.!button
demo_session_07,21,1786094332.726579,move,365,310,.!frame.!button
demo_session_07,21,1786094332.776579,move,355,315,.!frame.!button
demo_session_07,21,1786094332.8265789,move,351,302,.!frame.!button
demo_session_07,21,1786094332.8765788,move,363,311,.!frame.!button
demo_session_07,21,1786094332.9265788,move,347,294,.!frame.!button
demo_session_07,21,1786094332.9765787,move,357,311,.!frame.!button
demo_session_07,21,1786094333.0265787,move,354,320,.!frame.!button
demo_session_07,21,1786094333.0765786,move,347,323,.!frame.!button
demo_session_07,21,1786094333.1265786,move,339,317,.!frame.!button
demo_session_07,21,1786094333.1765785,move,355,322,.!frame.!button
demo_session_07,21,1786094333.2265785,move,350,318,.!frame.!button
demo_session_07,21,1786094333.295326,click,346,316,.!frame.!button
demo_session_07,22,1786094333.295326,move,273,130,.!frame.!entry
demo_session_07,22,1786094333.345326,move,271,133,.!frame.!entry
demo_session_07,22,1786094333.395326,move,278,125,.!frame.!entry
demo_session_07,22,1786094333.4453259,move,275,137,.!frame.!entry
demo_session_07,22,1786094333.4953258,move,274,140,.!frame.!entry
demo_session_07,22,1786094333.5453258,move,283,129,.!frame.!entry
demo_session_07,22,1786094333.5953257,move,286,151,.!frame.!entry
demo_session_07,22,1786094333.6453257,move,285,137,.!frame.!entry
demo_session_07,22,1786094333.6953256,move,293,146,.!frame.!entry
demo_session_07,22,1786094333.7453256,move,283,145,.!frame.!entry
demo_session_07,22,1786094333.7953255,move,288,148,.!frame.!entry
demo_session_07,22,1786094333.8453255,move,292,155,.!frame.!entry
demo_session_07,22,1786094333.8953254,move,285,159,.!frame.!entry
demo_session_07,22,1786094333.9453254,move,288,162,.!frame.!entry
demo_session_07,22,1786094333.9953253,move,285,176,.!frame.!entry
demo_session_07,22,1786094334.0453253,move,285,147,.!frame.!entry
demo_session_07,22,1786094334.0953252,move,293,154,.!frame.!entry
demo_session_07,22,1786094334.1453252,move,296,157,.!frame.!entry
demo_session_07,22,1786094334.1953251,move,291,170,.!frame.!entry
demo_session_07,22,1786094334.245325,move,300,170,.!frame.!entry
demo_session_07,22,1786094334.295325,move,295,155,.!frame.!entry
demo_session_07,22,1786094334.345325,move,293,181,.!frame.!entry
demo_session_07,22,1786094334.395325,move,287,171,.!frame.!entry
demo_session_07,22,1786094334.445325,move,291,162,.!frame.!entry
demo_session_07,22,1786094334.4953249,move,297,179,.!frame.!entry
demo_session_07,22,1786094334.5453248,move,284,188,.!frame.!entry
demo_session_07,22,1786094334.5953248,move,302,169,.!frame.!entry
demo_session_07,22,1786094334.6453247,move,304,181,.!frame.!entry
demo_session_07,22,1786094334.6953247,move,305,187,.!frame.!entry
demo_session_07,22,1786094334.7453246,move,298,174,.!frame.!entry
demo_session_07,22,1786094334.7953246,move,298,172,.!frame.!entry
demo_session_07,22,1786094334.8453245,move,299,205,.!frame.!entry
demo_session_07,22,1786094334.8953245,move,292,186,.!frame.!entry
demo_session_07,22,1786094334.9453244,move,292,204,.!frame.!entry
demo_session_07,22,1786094334.9953244,move,317,193,.!frame.!entry
demo_session_07,22,1786094335.0453243,move,309,194,.!frame.!entry
demo_session_07,22,1786094335.0953243,move,318,204,.!frame.!entry
demo_session_07,22,1786094335.1453242,move,313,207,.!frame.!entry
demo_session_07,22,1786094335.1953242,move,306,214,.!frame.!entry
demo_session_07,22,1786094335.2453241,move,306,201,.!frame.!entry
demo_session_07,22,1786094335.295324,move,309,203,.!frame.!entry
demo_session_07,22,1786094335.345324,move,307,210,.!frame.!entry
demo_session_07,22,1786094335.395324,move,312,209,.!frame.!entry
demo_session_07,22,1786094335.445324,move,320,203,.!frame.!entry
demo_session_07,22,1786094335.495324,move,303,214,.!frame.!entry
demo_session_07,22,1786094335.5453238,move,312,224,.!frame.!entry
demo_session_07,22,1786094335.5953238,move,302,215,.!frame.!entry
demo_session_07,22,1786094335.6453238,move,313,229,.!frame.!entry
demo_session_07,22,1786094335.6953237,move,297,211,.!frame.!entry
demo_session_07,22,1786094335.7453237,move,314,230,.!frame.!entry
demo_session_07,22,1786094335.7953236,move,318,228,.!frame.!entry
demo_session_07,22,1786094335.8453236,move,324,229,.!frame.!entry
demo_session_07,22,1786094335.8953235,move,333,223,.!frame.!entry
demo_session_07,22,1786094335.9453235,move,326,223,.!frame.!entry
demo_session_07,22,1786094335.9953234,move,327,236,.!frame.!entry
demo_session_07,22,1786094336.0453234,move,310,233,.!frame.!entry
demo_session_07,22,1786094336.0953233,move,315,236,.!frame.!entry
demo_session_07,22,1786094336.1453233,move,324,238,.!frame.!entry
demo_session_07,22,1786094336.1953232,move,322,243,.!frame.!entry
demo_session_07,22,1786094336.2453232,move,325,254,.!frame.!entry
demo_session_07,22,1786094336.2953231,move,312,240,.!frame.!entry
demo_session_07,22,1786094336.345323,move,332,230,.!frame.!entry
demo_session_07,22,1786094336.395323,move,317,252,.!frame.!entry
demo_session_07,22,1786094336.445323,move,331,264,.!frame.!entry
demo_session_07,22,1786094336.495323,move,336,253,.!frame.!entry
demo_session_07,22,1786094336.545323,move,327,259,.!frame.!entry
demo_session_07,22,1786094336.5953228,move,323,246,.!frame.!entry
demo_session_07,22,1786094336.6453228,move,328,262,.!frame.!entry
demo_session_07,22,1786094336.6953228,move,327,257,.!frame.!button
demo_session_07,22,1786094336.7453227,move,317,255,.!frame.!button
demo_session_07,22,1786094336.7953227,move,318,263,.!frame.!button
demo_session_07,22,1786094336.8453226,move,330,263,.!frame.!button
demo_session_07,22,1786094336.8953226,move,326,277,.!frame.!button
demo_session_07,22,1786094336.9453225,move,330,257,.!frame.!button
demo_session_07,22,1786094336.9953225,move,336,262,.!frame.!button
demo_session_07,22,1786094337.0453224,move,333,274,.!frame.!button
demo_session_07,22,1786094337.0953224,move,340,270,.!frame.!button
demo_session_07,22,1786094337.1453223,move,329,275,.!frame.!button
demo_session_07,22,1786094337.1953223,move,332,282,.!frame.!button
demo_session_07,22,1786094337.2453222,move,333,267,.!frame.!button
demo_session_07,22,1786094337.2953222,move,326,292,.!frame.!button
demo_session_07,22,1786094337.3453221,move,329,293,.!frame.!button
demo_session_07,22,1786094337.395322,move,326,300,.!frame.!button
demo_session_07,22,1786094337.445322,move,335,296,.!frame.!button
demo_session_07,22,1786094337.495322,move,332,305,.!frame.!button
demo_session_07,22,1786094337.545322,move,361,293,.!frame.!button
demo_session_07,22,1786094337.595322,move,340,297,.!frame.!button
demo_session_07,22,1786094337.6453218,move,341,302,.!frame.!button
demo_session_07,22,1786094337.6953218,move,348,303,.!frame.!button
demo_session_07,22,1786094337.7453218,move,344,290,.!frame.!button
demo_session_07,22,1786094337.7953217,move,340,306,.!frame.!button
demo_session_07,22,1786094337.8453217,move,348,308,.!frame.!button
demo_session_07,22,1786094337.8953216,move,342,305,.!frame.!button
demo_session_07,22,1786094337.9453216,move,340,305,.!frame.!button
demo_session_07,22,1786094337.9953215,move,339,313,.!frame.!button
demo_session_07,22,1786094338.0453215,move,344,312,.!frame.!button
demo_session_07,22,1786094338.0953214,move,346,308,.!frame.!button
demo_session_07,22,1786094338.1453214,move,342,309,.!frame.!button
demo_session_07,22,1786094338.2076447,click,359,329,.!frame.!button
demo_session_07,23,1786094338.2076447,move,538,385,.!frame.!entry
demo_session_07,23,1786094338.2576447,move,526,365,.!frame.!entry
demo_session_07,23,1786094338.3076446,move,537,368,.!frame.!entry
demo_session_07,23,1786094338.3576446,move,526,362,.!frame.!entry
demo_session_07,23,1786094338.4076445,move,532,371,.!frame.!entry
demo_session_07,23,1786094338.4576445,move,526,364,.!frame.!entry
demo_session_07,23,1786094338.5076444,move,532,361,.!frame.!entry
demo_session_07,23,1786094338.5576444,move,526,358,.!frame.!entry
demo_session_07,23,1786094338.6076443,move,527,357,.!frame.!entry
demo_session_07,23,1786094338.6576443,move,510,357,.!frame.!entry
demo_session_07,23,1786094338.7076442,move,516,358,.!frame.!entry
demo_session_07,23,1786094338.7576442,move,517,357,.!frame.!entry
demo_session_07,23,1786094338.8076441,move,515,352,.!frame.!entry
demo_session_07,23,1786094338.857644,move,522,351,.!frame.!entry
demo_session_07,23,1786094338.907644,move,505,354,.!frame.!entry
demo_session_07,23,1786094338.957644,move,502,362,.!frame.!entry
demo_session_07,23,1786094339.007644,move,502,357,.!frame.!entry
demo_session_07,23,1786094339.057644,move,488,354,.!frame.!entry
demo_session_07,23,1786094339.1076438,move,506,367,.!frame.!entry
demo_session_07,23,1786094339.1576438,move,499,370,.!frame.!entry
demo_session_07,23,1786094339.2076437,move,500,363,.!frame.!entry
demo_session_07,23,1786094339.2576437,move,492,361,.!frame.!entry
demo_session_07,23,1786094339.3076437,move,492,352,.!frame.!entry
demo_session_07,23,1786094339.3576436,move,489,352,.!frame.!entry
demo_session_07,23,1786094339.4076436,move,498,345,.!frame.!entry
demo_session_07,23,1786094339.4576435,move,496,351,.!frame.!entry
demo_session_07,23,1786094339.5076435,move,486,354,.!frame.!entry
demo_session_07,23,1786094339.5576434,move,474,348,.!frame.!entry
demo_session_07,23,1786094339.6076434,move,476,349,.!frame.!entry
demo_session_07,23,1786094339.6576433,move,486,351,.!frame.!entry
demo_session_07,23,1786094339.7076433,move,474,356,.!frame.!entry
demo_session_07,23,1786094339.7576432,move,467,362,.!frame.!entry
demo_session_07,23,1786094339.8076432,move,468,357,.!frame.!entry
demo_session_07,23,1786094339.8576431,move,476,344,.!frame.!entry
demo_session_07,23,1786094339.907643,move,468,341,.!frame.!entry
demo_session_07,23,1786094339.957643,move,469,344,.!frame.!entry
demo_session_07,23,1786094340.007643,move,472,356,.!frame.!entry
demo_session_07,23,1786094340.057643,move,480,349,.!frame.!entry
demo_session_07,23,1786094340.107643,move,458,362,.!frame.!entry
demo_session_07,23,1786094340.1576428,move,453,349,.!frame.!entry
demo_session_07,23,1786094340.2076428,move,457,349,.!frame.!entry
demo_session_07,23,1786094340.2576427,move,461,342,.!frame.!entry
demo_session_07,23,1786094340.3076427,move,450,351,.!frame.!entry
demo_session_07,23,1786094340.3576427,move,459,351,.!frame.!entry
demo_session_07,23,1786094340.4076426,move,455,346,.!frame.!entry
demo_session_07,23,1786094340.4576426,move,452,348,.!frame.!entry
demo_session_07,23,1786094340.5076425,move,456,346,.!frame.!entry
demo_session_07,23,1786094340.5576425,move,440,357,.!frame.!entry
demo_session_07,23,1786094340.6076424,move,446,349,.!frame.!entry
demo_session_07,23,1786094340.6576424,move,452,344,.!frame.!entry
demo_session_07,23,1786094340.7076423,move,442,342,.!frame.!entry
demo_session_07,23,1786094340.7576423,move,444,339,.!frame.!entry
demo_session_07,23,1786094340.8076422,move,423,348,.!frame.!entry
demo_session_07,23,1786094340.8576422,move,437,333,.!frame.!entry
demo_session_07,23,1786094340.9076421,move,436,335,.!frame.!entry
demo_session_07,23,1786094340.957642,move,434,342,.!frame.!entry
demo_session_07,23,1786094341.007642,move,436,347,.!frame.!entry
demo_session_07,23,1786094341.057642,move,417,341,.!frame.!entry
demo_session_07,23,1786094341.107642,move,420,341,.!frame.!entry
demo_session_07,23,1786094341.157642,move,427,346,.!frame.!entry
demo_session_07,23,1786094341.2076418,move,434,328,.!frame.!entry
demo_session_07,23,1786094341.2576418,move,413,346,.!frame.!entry
demo_session_07,23,1786094341.3076417,move,420,328,.!frame.!entry
demo_session_07,23,1786094341.3576417,move,419,335,.!frame.!entry
demo_session_07,23,1786094341.4076416,move,414,330,.!frame.!entry
demo_session_07,23,1786094341.4576416,move,408,336,.!frame.!entry
demo_session_07,23,1786094341.5076416,move,405,331,.!frame.!entry
demo_session_07,23,1786094341.5576415,move,397,333,.!frame.!entry
demo_session_07,23,1786094341.6076415,move,395,331,.!frame.!entry
demo_session_07,23,1786094341.6576414,move,398,322,.!frame.!button
demo_session_07,23,1786094341.7076414,move,412,341,.!frame.!button
demo_session_07,23,1786094341.7576413,move,396,338,.!frame.!button
demo_session_07,23,1786094341.8076413,move,395,335,.!frame.!button
demo_session_07,23,1786094341.8576412,move,392,337,.!frame.!button
demo_session_07,23,1786094341.9076412,move,394,332,.!frame.!button
demo_session_07,23,1786094341.9576411,move,401,335,.!frame.!button
demo_session_07,23,1786094342.007641,move,384,326,.!frame.!button
demo_session_07,23,1786094342.057641,move,382,321,.!frame.!button
demo_session_07,23,1786094342.107641,move,387,322,.!frame.!button
demo_session_07,23,1786094342.157641,move,387,321,.!frame.!button
demo_session_07,23,1786094342.207641,move,383,329,.!frame.!button
demo_session_07,23,1786094342.2576408,move,377,327,.!frame.!button
demo_session_07,23,1786094342.3076408,move,377,319,.!frame.!button
demo_session_07,23,1786094342.3576407,move,371,329,.!frame.!button
demo_session_07,23,1786094342.4076407,move,386,325,.!frame.!button
demo_session_07,23,1786094342.4576406,move,362,339,.!frame.!button
demo_session_07,23,1786094342.5076406,move,379,327,.!frame.!button
demo_session_07,23,1786094342.5576406,move,368,322,.!frame.!button
demo_session_07,23,1786094342.6076405,move,370,329,.!frame.!button
demo_session_07,23,1786094342.6576405,move,362,322,.!frame.!button
demo_session_07,23,1786094342.7076404,move,356,333,.!frame.!button
demo_session_07,23,1786094342.7576404,move,346,317,.!frame.!button
demo_session_07,23,1786094342.8076403,move,366,319,.!frame.!button
demo_session_07,23,1786094342.8576403,move,355,311,.!frame.!button
demo_session_07,23,1786094342.9076402,move,357,324,.!frame.!button
demo_session_07,23,1786094342.9576402,move,365,313,.!frame.!button
demo_session_07,23,1786094343.0076401,move,360,328,.!frame.!button
demo_session_07,23,1786094343.05764,move,362,334,.!frame.!button
demo_session_07,23,1786094343.10764,move,353,321,.!frame.!button
demo_session_07,23,1786094343.1767433,click,345,315,.!frame.!button
demo_session_07,24,1786094364.6583164,move,475,364,.!frame.!entry
demo_session_07,24,1786094364.7083163,move,461,359,.!frame.!entry
demo_session_07,24,1786094364.7583163,move,467,357,.!frame.!entry
demo_session_07,24,1786094364.8083162,move,471,351,.!frame.!entry
demo_session_07,24,1786094364.8583162,move,473,345,.!frame.!entry
demo_session_07,24,1786094364.9083161,move,457,352,.!frame.!entry
demo_session_07,24,1786094364.958316,move,452,359,.!frame.!entry
demo_session_07,24,1786094365.008316,move,457,352,.!frame.!entry
demo_session_07,24,1786094365.058316,move,457,358,.!frame.!entry
demo_session_07,24,1786094365.108316,move,464,345,.!frame.!entry
demo_session_07,24,1786094365.158316,move,455,357,.!frame.!entry
demo_session_07,24,1786094365.2083158,move,460,355,.!frame.!entry
demo_session_07,24,1786094365.2583158,move,450,349,.!frame.!entry
demo_session_07,24,1786094365.3083158,move,460,356,.!frame.!entry
demo_session_07,24,1786094365.3583157,move,441,347,.!frame.!entry
demo_session_07,24,1786094365.4083157,move,448,327,.!frame.!entry
demo_session_07,24,1786094365.4583156,move,449,362,.!frame.!entry
demo_session_07,24,1786094365.5083156,move,447,353,.!frame.!entry
demo_session_07,24,1786094365.5583155,move,447,355,.!frame.!entry
demo_session_07,24,1786094365.6083155,move,455,349,.!frame.!entry
demo_session_07,24,1786094365.6583154,move,460,344,.!frame.!entry
demo_session_07,24,1786094365.7083154,move,449,344,.!frame.!entry
demo_session_07,24,1786094365.7583153,move,446,349,.!frame.!entry
demo_session_07,24,1786094365.8083153,move,457,359,.!frame.!entry
demo_session_07,24,1786094365.8583152,move,446,353,.!frame.!entry
demo_session_07,24,1786094365.9083152,move,442,349,.!frame.!entry
demo_session_07,24,1786094365.9583151,move,432,347,.!frame.!entry
demo_session_07,24,1786094366.008315,move,430,338,.!frame.!entry
demo_session_07,24,1786094366.058315,move,435,341,.!frame.!entry
demo_session_07,24,1786094366.108315,move,434,352,.!frame.!entry
demo_session_07,24,1786094366.158315,move,433,339,.!frame.!entry
demo_session_07,24,1786094366.208315,move,429,351,.!frame.!entry
demo_session_07,24,1786094366.2583148,move,433,335,.!frame.!entry
demo_session_07,24,1786094366.3083148,move,427,348,.!frame.!entry
demo_session_07,24,1786094366.3583148,move,431,351,.!frame.!entry
demo_session_07,24,1786094366.4083147,move,431,344,.!frame.!entry
demo_session_07,24,1786094366.4583147,move,430,345,.!frame.!entry
demo_session_07,24,1786094366.5083146,move,423,345,.!frame.!entry
demo_session_07,24,1786094366.5583146,move,441,337,.!frame.!entry
demo_session_07,24,1786094366.6083145,move,423,357,.!frame.!entry
demo_session_07,24,1786094366.6583145,move,417,337,.!frame.!entry
demo_session_07,24,1786094366.7083144,move,426,358,.!frame.!entry
demo_session_07,24,1786094366.7583144,move,413,342,.!frame.!entry
demo_session_07,24,1786094366.8083143,move,412,352,.!frame.!entry
demo_session_07,24,1786094366.8583143,move,407,338,.!frame.!entry
demo_session_07,24,1786094366.9083142,move,421,341,.!frame.!entry
demo_session_07,24,1786094366.9583142,move,406,342,.!frame.!entry
demo_session_07,24,1786094367.0083141,move,428,346,.!frame.!entry
demo_session_07,24,1786094367.058314,move,420,332,.!frame.!entry
demo_session_07,24,1786094367.108314,move,413,324,.!frame.!entry
demo_session_07,24,1786094367.158314,move,416,338,.!frame.!entry
demo_session_07,24,1786094367.208314,move,410,338,.!frame.!entry
demo_session_07,24,1786094367.258314,move,404,342,.!frame.!entry
demo_session_07,24,1786094367.3083138,move,410,340,.!frame.!entry
demo_session_07,24,1786094367.3583138,move,409,336,.!frame.!entry
demo_session_07,24,1786094367.4083138,move,413,348,.!frame.!entry
demo_session_07,24,1786094367.4583137,move,402,334,.!frame.!entry
demo_session_07,24,1786094367.5083137,move,411,338,.!frame.!entry
demo_session_07,24,1786094367.5583136,move,396,334,.!frame.!entry
demo_session_07,24,1786094367.6083136,move,392,338,.!frame.!entry
demo_session_07,24,1786094367.6583135,move,407,335,.!frame.!entry
demo_session_07,24,1786094367.7083135,move,396,340,.!frame.!entry
demo_session_07,24,1786094367.7583134,move,392,324,.!frame.!entry
demo_session_07,24,1786094367.8083134,move,394,325,.!frame.!entry
demo_session_07,24,1786094367.8583133,move,394,341,.!frame.!entry
demo_session_07,24,1786094367.9083133,move,388,336,.!frame.!entry
demo_session_07,24,1786094367.9583132,move,397,328,.!frame.!entry
demo_session_07,24,1786094368.0083132,move,389,330,.!frame.!entry
demo_session_07,24,1786094368.0583131,move,391,334,.!frame.!entry
demo_session_07,24,1786094368.108313,move,386,337,.!frame.!entry
demo_session_07,24,1786094368.158313,move,382,346,.!frame.!entry
demo_session_07,24,1786094368.208313,move,376,340,.!frame.!entry
demo_session_07,24,1786094368.258313,move,382,333,.!frame.!entry
demo_session_07,24,1786094368.308313,move,377,328,.!frame.!entry
demo_session_07,24,1786094368.3583128,move,386,325,.!frame.!entry
demo_session_07,24,1786094368.4083128,move,384,325,.!frame.!button
demo_session_07,24,1786094368.4583127,move,389,343,.!frame.!button
demo_session_07,24,1786094368.5083127,move,386,336,.!frame.!button
demo_session_07,24,1786094368.5583127,move,379,336,.!frame.!button
demo_session_07,24,1786094368.6083126,move,393,344,.!frame.!button
demo_session_07,24,1786094368.6583126,move,373,329,.!frame.!button
demo_session_07,24,1786094368.7083125,move,379,341,.!frame.!button
demo_session_07,24,1786094368.7583125,move,383,318,.!frame.!button
demo_session_07,24,1786094368.8083124,move,360,319,.!frame.!button
demo_session_07,24,1786094368.8583124,move,374,315,.!frame.!button
demo_session_07,24,1786094368.9083123,move,379,324,.!frame.!button
demo_session_07,24,1786094368.9583123,move,379,324,.!frame.!button
demo_session_07,24,1786094369.0083122,move,368,316,.!frame.!button
demo_session_07,24,1786094369.0583122,move,380,323,.!frame.!button
demo_session_07,24,1786094369.1083121,move,352,319,.!frame.!button
demo_session_07,24,1786094369.158312,move,363,324,.!frame.!button
demo_session_07,24,1786094369.208312,move,364,335,.!frame.!button
demo_session_07,24,1786094369.258312,move,367,325,.!frame.!button
demo_session_07,24,1786094369.308312,move,367,329,.!frame.!button
demo_session_07,24,1786094369.358312,move,365,322,.!frame.!button
demo_session_07,24,1786094369.4083118,move,358,333,.!frame.!button
demo_session_07,24,1786094369.4583118,move,362,324,.!frame.!button
demo_session_07,24,1786094369.5083117,move,355,320,.!frame.!button
demo_session_07,24,1786094369.5583117,move,358,324,.!frame.!button
demo_session_07,24,1786094369.6083117,move,361,326,.!frame.!button
demo_session_07,24,1786094369.6583116,move,356,328,.!frame.!button
demo_session_07,24,1786094369.7083116,move,356,318,.!frame.!button
demo_session_07,24,1786094369.7583115,move,353,316,.!frame.!button
demo_session_07,24,1786094369.8083115,move,357,329,.!frame.!button
demo_session_07,24,1786094369.8583114,move,347,312,.!frame.!button
demo_session_07,24,1786094369.9083114,move,354,323,.!frame.!button
demo_session_07,24,1786094369.9583113,move,350,318,.!frame.!button
demo_session_07,24,1786094370.0083113,move,347,324,.!frame.!button
demo_session_07,24,1786094370.06401,click,346,316,.!frame.!button
demo_session_07,25,1786094370.06401,move,380,102,.!frame.!entry
demo_session_07,25,1786094370.1140099,move,369,110,.!frame.!entry
demo_session_07,25,1786094370.1640098,move,375,121,.!frame.!entry
demo_session_07,25,1786094370.2140098,move,363,104,.!frame.!entry
demo_session_07,25,1786094370.2640097,move,387,125,.!frame.!entry
demo_session_07,25,1786094370.3140097,move,367,109,.!frame.!entry
demo_session_07,25,1786094370.3640096,move,371,121,.!frame.!entry
demo_session_07,25,1786094370.4140096,move,366,124,.!frame.!entry
demo_session_07,25,1786094370.4640095,move,355,127,.!frame.!entry
demo_session_07,25,1786094370.5140095,move,359,124,.!frame.!entry
demo_session_07,25,1786094370.5640094,move,362,127,.!frame.!entry
demo_session_07,25,1786094370.6140094,move,380,132,.!frame.!entry
demo_session_07,25,1786094370.6640093,move,381,130,.!frame.!entry
demo_session_07,25,1786094370.7140093,move,364,143,.!frame.!entry
demo_session_07,25,1786094370.7640092,move,374,136,.!frame.!entry
demo_session_07,25,1786094370.8140092,move,366,126,.!frame.!entry
demo_session_07,25,1786094370.8640091,move,373,123,.!frame.!entry
demo_session_07,25,1786094370.914009,move,357,126,.!frame.!entry
demo_session_07,25,1786094370.964009,move,379,136,.!frame.!entry
demo_session_07,25,1786094371.014009,move,370,144,.!frame.!entry
demo_session_07,25,1786094371.064009,move,384,137,.!frame.!entry
demo_session_07,25,1786094371.114009,move,375,148,.!frame.!entry
demo_session_07,25,1786094371.1640089,move,360,134,.!frame.!entry
demo_session_07,25,1786094371.2140088,move,367,148,.!frame.!entry
demo_session_07,25,1786094371.2640088,move,356,144,.!frame.!entry
demo_session_07,25,1786094371.3140087,move,352,153,.!frame.!entry
demo_session_07,25,1786094371.3640087,move,375,145,.!frame.!entry
demo_session_07,25,1786094371.4140086,move,362,153,.!frame.!entry
demo_session_07,25,1786094371.4640086,move,365,162,.!frame.!entry
demo_session_07,25,1786094371.5140085,move,354,149,.!frame.!entry
demo_session_07,25,1786094371.5640085,move,358,161,.!frame.!entry
demo_session_07,25,1786094371.6140084,move,362,167,.!frame.!entry
demo_session_07,25,1786094371.6640084,move,360,158,.!frame.!entry
demo_session_07,25,1786094371.7140083,move,374,188,.!frame.!entry
demo_session_07,25,1786094371.7640083,move,367,160,.!frame.!entry
demo_session_07,25,1786094371.8140082,move,371,170,.!frame.!entry
demo_session_07,25,1786094371.8640082,move,366,185,.!frame.!entry
demo_session_07,25,1786094371.9140081,move,380,155,.!frame.!entry
demo_session_07,25,1786094371.964008,move,361,174,.!frame.!entry
demo_session_07,25,1786094372.014008,move,360,163,.!frame.!entry
demo_session_07,25,1786094372.064008,move,365,170,.!frame.!entry
demo_session_07,25,1786094372.114008,move,375,179,.!frame.!entry
demo_session_07,25,1786094372.164008,move,374,184,.!frame.!entry
demo_session_07,25,1786094372.2140079,move,357,188,.!frame.!entry
demo_session_07,25,1786094372.2640078,move,357,196,.!frame.!entry
demo_session_07,25,1786094372.3140078,move,369,188,.!frame.!entry
demo_session_07,25,1786094372.3640077,move,368,179,.!frame.!entry
demo_session_07,25,1786094372.4140077,move,374,187,.!frame.!entry
demo_session_07,25,1786094372.4640076,move,353,177,.!frame.!entry
demo_session_07,25,1786094372.5140076,move,369,211,.!frame.!entry
demo_session_07,25,1786094372.5640075,move,360,205,.!frame.!entry
demo_session_07,25,1786094372.6140075,move,360,186,.!frame.!entry
demo_session_07,25,1786094372.6640074,move,372,188,.!frame.!entry
demo_session_07,25,1786094372.7140074,move,352,190,.!frame.!entry
demo_session_07,25,1786094372.7640073,move,368,198,.!frame.!entry
demo_session_07,25,1786094372.8140073,move,359,188,.!frame.!entry
demo_session_07,25,1786094372.8640072,move,354,204,.!frame.!entry
demo_session_07,25,1786094372.9140072,move,373,183,.!frame.!entry
demo_session_07,25,1786094372.9640071,move,355,208,.!frame.!entry
demo_session_07,25,1786094373.014007,move,356,221,.!frame.!entry
demo_session_07,25,1786094373.064007,move,362,217,.!frame.!entry
demo_session_07,25,1786094373.114007,move,364,202,.!frame.!entry
demo_session_07,25,1786094373.164007,move,362,219,.!frame.!entry
demo_session_07,25,1786094373.214007,move,365,201,.!frame.!entry
demo_session_07,25,1786094373.2640069,move,368,220,.!frame.!entry
demo_session_07,25,1786094373.3140068,move,348,201,.!frame.!entry
demo_session_07,25,1786094373.3640068,move,364,214,.!frame.!entry
demo_session_07,25,1786094373.4140067,move,377,226,.!frame.!entry
demo_session_07,25,1786094373.4640067,move,357,226,.!frame.!entry
demo_session_07,25,1786094373.5140066,move,364,219,.!frame.!entry
demo_session_07,25,1786094373.5640066,move,352,228,.!frame.!entry
demo_session_07,25,1786094373.6140065,move,369,218,.!frame.!entry
demo_session_07,25,1786094373.6640065,move,359,238,.!frame.!entry
demo_session_07,25,1786094373.7140064,move,361,231,.!frame.!entry
demo_session_07,25,1786094373.7640064,move,367,241,.!frame.!entry
demo_session_07,25,1786094373.8140063,move,363,231,.!frame.!entry
demo_session_07,25,1786094373.8640063,move,356,233,.!frame.!entry
demo_session_07,25,1786094373.9140062,move,349,233,.!frame.!entry
demo_session_07,25,1786094373.9640062,move,348,229,.!frame.!entry
demo_session_07,25,1786094374.0140061,move,361,242,.!frame.!entry
demo_session_07,25,1786094374.064006,move,360,247,.!frame.!entry
demo_session_07,25,1786094374.114006,move,363,246,.!frame.!entry
demo_session_07,25,1786094374.164006,move,350,229,.!frame.!entry
demo_session_07,25,1786094374.214006,move,358,226,.!frame.!entry
demo_session_07,25,1786094374.264006,move,363,235,.!frame.!entry
demo_session_07,25,1786094374.3140059,move,346,234,.!frame.!entry
demo_session_07,25,1786094374.3640058,move,370,243,.!frame.!entry
demo_session_07,25,1786094374.4140058,move,348,255,.!frame.!entry
demo_session_07,25,1786094374.4640057,move,348,266,.!frame.!entry
demo_session_07,25,1786094374.5140057,move,350,252,.!frame.!entry
demo_session_07,25,1786094374.5640056,move,354,241,.!frame.!entry
demo_session_07,25,1786094374.6140056,move,343,259,.!frame.!entry
demo_session_07,25,1786094374.6640055,move,358,244,.!frame.!entry
demo_session_07,25,1786094374.7140055,move,372,243,.!frame.!entry
demo_session_07,25,1786094374.7640054,move,364,251,.!frame.!entry
demo_session_07,25,1786094374.8140054,move,359,259,.!frame.!entry
demo_session_07,25,1786094374.8640053,move,351,262,.!frame.!button
demo_session_07,25,1786094374.9140053,move,361,263,.!frame.!button
demo_session_07,25,1786094374.9640052,move,351,265,.!frame.!button
demo_session_07,25,1786094375.0140052,move,335,262,.!frame.!button
demo_session_07,25,1786094375.0640051,move,361,266,.!frame.!button
demo_session_07,25,1786094375.114005,move,357,272,.!frame.!button
demo_session_07,25,1786094375.164005,move,365,281,.!frame.!button
demo_session_07,25,1786094375.214005,move,358,283,.!frame.!button
demo_session_07,25,1786094375.264005,move,362,268,.!frame.!button
demo_session_07,25,1786094375.314005,move,346,283,.!frame.!button
demo_session_07,25,1786094375.3640049,move,358,276,.!frame.!button
demo_session_07,25,1786094375.4140048,move,361,282,.!frame.!button
demo_session_07,25,1786094375.4640048,move,362,268,.!frame.!button
demo_session_07,25,1786094375.5140047,move,344,281,.!frame.!button
demo_session_07,25,1786094375.5640047,move,360,271,.!frame.!button
demo_session_07,25,1786094375.6140046,move,356,268,.!frame.!button
demo_session_07,25,1786094375.6640046,move,342,290,.!frame.!button
demo_session_07,25,1786094375.7140045,move,362,288,.!frame.!button
demo_session_07,25,1786094375.7640045,move,355,284,.!frame.!button
demo_session_07,25,1786094375.8140044,move,349,308,.!frame.!button
demo_session_07,25,1786094375.8640044,move,355,296,.!frame.!button
demo_session_07,25,1786094375.9140043,move,365,295,.!frame.!button
demo_session_07,25,1786094375.9640043,move,348,296,.!frame.!button
demo_session_07,25,1786094376.0140042,move,355,293,.!frame.!button
demo_session_07,25,1786094376.0640042,move,355,300,.!frame.!button
demo_session_07,25,1786094376.1140041,move,348,296,.!frame.!button
demo_session_07,25,1786094376.164004,move,352,296,.!frame.!button
demo_session_07,25,1786094376.214004,move,349,297,.!frame.!button
demo_session_07,25,1786094376.264004,move,371,289,.!frame.!button
demo_session_07,25,1786094376.314004,move,346,303,.!frame.!button
demo_session_07,25,1786094376.364004,move,362,288,.!frame.!button
demo_session_07,25,1786094376.4140038,move,341,310,.!frame.!button
demo_session_07,25,1786094376.4640038,move,356,306,.!frame.!button
demo_session_07,25,1786094376.5140038,move,352,300,.!frame.!button
demo_session_07,25,1786094376.5640037,move,339,306,.!frame.!button
demo_session_07,25,1786094376.6140037,move,329,307,.!frame.!button
demo_session_07,25,1786094376.6640036,move,350,321,.!frame.!button
demo_session_07,25,1786094376.7140036,move,355,323,.!frame.!button
demo_session_07,25,1786094376.7640035,move,340,321,.!frame.!button
demo_session_07,25,1786094376.8140035,move,345,306,.!frame.!button
demo_session_07,25,1786094376.8640034,move,347,313,.!frame.!button
demo_session_07,25,1786094376.923146,click,351,321,.!frame.!button
demo_session_07,26,1786094376.923146,move,542,356,.!frame.!entry
demo_session_07,26,1786094376.973146,move,533,352,.!frame.!entry
demo_session_07,26,1786094377.023146,move,524,364,.!frame.!entry
demo_session_07,26,1786094377.0731459,move,531,338,.!frame.!entry
demo_session_07,26,1786094377.1231458,move,521,363,.!frame.!entry
demo_session_07,26,1786094377.1731458,move,528,356,.!frame.!entry
demo_session_07,26,1786094377.2231457,move,537,351,.!frame.!entry
demo_session_07,26,1786094377.2731457,move,540,342,.!frame.!entry
demo_session_07,26,1786094377.3231456,move,544,350,.!frame.!entry
demo_session_07,26,1786094377.3731456,move,531,346,.!frame.!entry
demo_session_07,26,1786094377.4231455,move,527,345,.!frame.!entry
demo_session_07,26,1786094377.4731455,move,518,348,.!frame.!entry
demo_session_07,26,1786094377.5231454,move,515,356,.!frame.!entry
demo_session_07,26,1786094377.5731454,move,530,338,.!frame.!entry
demo_session_07,26,1786094377.6231453,move,525,338,.!frame.!entry
demo_session_07,26,1786094377.6731453,move,510,338,.!frame.!entry
demo_session_07,26,1786094377.7231452,move,492,349,.!frame.!entry
demo_session_07,26,1786094377.7731452,move,501,352,.!frame.!entry
demo_session_07,26,1786094377.8231452,move,497,354,.!frame.!entry
demo_session_07,26,1786094377.873145,move,507,339,.!frame.!entry
demo_session_07,26,1786094377.923145,move,502,357,.!frame.!entry
demo_session_07,26,1786094377.973145,move,506,353,.!frame.!entry
demo_session_07,26,1786094378.023145,move,487,350,.!frame.!entry
demo_session_07,26,1786094378.073145,move,500,348,.!frame.!entry
demo_session_07,26,1786094378.1231449,move,502,343,.!frame.!entry
demo_session_07,26,1786094378.1731448,move,488,339,.!frame.!entry
demo_session_07,26,1786094378.2231448,move,492,341,.!frame.!entry
demo_session_07,26,1786094378.2731447,move,498,327,.!frame.!entry
demo_session_07,26,1786094378.3231447,move,496,332,.!frame.!entry
demo_session_07,26,1786094378.3731446,move,492,323,.!frame.!entry
demo_session_07,26,1786094378.4231446,move,477,354,.!frame.!entry
demo_session_07,26,1786094378.4731445,move,487,354,.!frame.!entry
demo_session_07,26,1786094378.5231445,move,472,336,.!frame.!entry
demo_session_07,26,1786094378.5731444,move,480,353,.!frame.!entry
demo_session_07,26,1786094378.6231444,move,479,321,.!frame.!entry
demo_session_07,26,1786094378.6731443,move,467,350,.!frame.!entry
demo_session_07,26,1786094378.7231443,move,475,348,.!frame.!entry
demo_session_07,26,1786094378.7731442,move,473,329,.!frame.!entry
demo_session_07,26,1786094378.8231442,move,473,339,.!frame.!entry
demo_session_07,26,1786094378.8731441,move,464,347,.!frame.!entry
demo_session_07,26,1786094378.923144,move,462,342,.!frame.!entry
demo_session_07,26,1786094378.973144,move,464,350,.!frame.!entry
demo_session_07,26,1786094379.023144,move,463,341,.!frame.!entry
demo_session_07,26,1786094379.073144,move,463,353,.!frame.!entry
demo_session_07,26,1786094379.123144,move,446,329,.!frame.!entry
demo_session_07,26,1786094379.1731439,move,457,329,.!frame.!entry
demo_session_07,26,1786094379.2231438,move,454,345,.!frame.!entry
demo_session_07,26,1786094379.2731438,move,460,338,.!frame.!entry
demo_session_07,26,1786094379.3231437,move,452,322,.!frame.!entry
demo_session_07,26,1786094379.3731437,move,460,323,.!frame.!entry
demo_session_07,26,1786094379.4231436,move,441,344,.!frame.!entry
demo_session_07,26,1786094379.4731436,move,453,343,.!frame.!entry
demo_session_07,26,1786094379.5231435,move,437,347,.!frame.!entry
demo_session_07,26,1786094379.5731435,move,434,340,.!frame.!entry
demo_session_07,26,1786094379.6231434,move,438,336,.!frame.!entry
demo_session_07,26,1786094379.6731434,move,433,322,.!frame.!entry
demo_session_07,26,1786094379.7231433,move,443,331,.!frame.!entry
demo_session_07,26,1786094379.7731433,move,422,335,.!frame.!entry
demo_session_07,26,1786094379.8231432,move,433,332,.!frame.!entry
demo_session_07,26,1786094379.8731432,move,426,337,.!frame.!entry
demo_session_07,26,1786094379.9231431,move,429,347,.!frame.!entry
demo_session_07,26,1786094379.973143,move,426,340,.!frame.!entry
demo_session_07,26,1786094380.023143,move,422,345,.!frame.!entry
demo_session_07,26,1786094380.073143,move,419,337,.!frame.!entry
demo_session_07,26,1786094380.123143,move,415,327,.!frame.!entry
demo_session_07,26,1786094380.173143,move,425,319,.!frame.!entry
demo_session_07,26,1786094380.2231429,move,418,336,.!frame.!entry
demo_session_07,26,1786094380.2731428,move,420,326,.!frame.!entry
demo_session_07,26,1786094380.3231428,move,399,334,.!frame.!entry
demo_session_07,26,1786094380.3731427,move,407,326,.!frame.!entry
demo_session_07,26,1786094380.4231427,move,414,343,.!frame.!entry
demo_session_07,26,1786094380.4731426,move,404,331,.!frame.!entry
demo_session_07,26,1786094380.5231426,move,403,336,.!frame.!entry
demo_session_07,26,1786094380.5731425,move,415,308,.!frame.!button
demo_session_07,26,1786094380.6231425,move,403,313,.!frame.!button
demo_session_07,26,1786094380.6731424,move,403,334,.!frame.!button
demo_session_07,26,1786094380.7231424,move,408,331,.!frame.!button
demo_session_07,26,1786094380.7731423,move,392,330,.!frame.!button
demo_session_07,26,1786094380.8231423,move,394,318,.!frame.!button
demo_session_07,26,1786094380.8731422,move,382,334,.!frame.!button
demo_session_07,26,1786094380.9231422,move,391,333,.!frame.!button
demo_session_07,26,1786094380.9731421,move,409,326,.!frame.!button
demo_session_07,26,1786094381.023142,move,378,322,.!frame.!button
demo_session_07,26,1786094381.073142,move,390,321,.!frame.!button
demo_session_07,26,1786094381.123142,move,390,307,.!frame.!button
demo_session_07,26,1786094381.173142,move,375,325,.!frame.!button
demo_session_07,26,1786094381.223142,move,386,329,.!frame.!button
demo_session_07,26,1786094381.2731419,move,384,319,.!frame.!button
demo_session_07,26,1786094381.3231418,move,378,333,.!frame.!button
demo_session_07,26,1786094381.3731418,move,365,323,.!frame.!button
demo_session_07,26,1786094381.4231417,move,371,332,.!frame.!button
demo_session_07,26,1786094381.4731417,move,368,318,.!frame.!button
demo_session_07,26,1786094381.5231416,move,376,324,.!frame.!button
demo_session_07,26,1786094381.5731416,move,362,328,.!frame.!button
demo_session_07,26,1786094381.6231415,move,372,327,.!frame.!button
demo_session_07,26,1786094381.6731415,move,366,334,.!frame.!button
demo_session_07,26,1786094381.7231414,move,368,318,.!frame.!button
demo_session_07,26,1786094381.7731414,move,364,307,.!frame.!button
demo_session_07,26,1786094381.8231413,move,362,321,.!frame.!button
demo_session_07,26,1786094381.8731413,move,360,333,.!frame.!button
demo_session_07,26,1786094381.9231412,move,359,308,.!frame.!button
demo_session_07,26,1786094381.9731412,move,349,319,.!frame.!button
demo_session_07,26,1786094382.0231411,move,361,314,.!frame.!button
demo_session_07,26,1786094382.073141,move,368,322,.!frame.!button
demo_session_07,26,1786094382.123141,move,356,312,.!frame.!button
demo_session_07,26,1786094382.217462,click,361,331,.!frame.!button
demo_session_07,27,1786094382.217462,move,410,216,.!frame.!entry
demo_session_07,27,1786094382.267462,move,418,200,.!frame.!entry
demo_session_07,27,1786094382.317462,move,427,209,.!frame.!entry
demo_session_07,27,1786094382.367462,move,414,204,.!frame.!entry
demo_session_07,27,1786094382.4174619,move,424,190,.!frame.!entry
demo_session_07,27,1786094382.4674618,move,426,216,.!frame.!entry
demo_session_07,27,1786094382.5174618,move,428,213,.!frame.!entry
demo_session_07,27,1786094382.5674617,move,415,202,.!frame.!entry
demo_session_07,27,1786094382.6174617,move,418,224,.!frame.!entry
demo_session_07,27,1786094382.6674616,move,402,208,.!frame.!entry
demo_session_07,27,1786094382.7174616,move,426,218,.!frame.!entry
demo_session_07,27,1786094382.7674615,move,420,203,.!frame.!entry
demo_session_07,27,1786094382.8174615,move,403,220,.!frame.!entry
demo_session_07,27,1786094382.8674614,move,412,229,.!frame.!entry
demo_session_07,27,1786094382.9174614,move,399,226,.!frame.!entry
demo_session_07,27,1786094382.9674613,move,415,218,.!frame.!entry
demo_session_07,27,1786094383.0174613,move,418,212,.!frame.!entry
demo_session_07,27,1786094383.0674613,move,410,214,.!frame.!entry
demo_session_07,27,1786094383.1174612,move,414,224,.!frame.!entry
demo_session_07,27,1786094383.1674612,move,414,238,.!frame.!entry
demo_session_07,27,1786094383.217461,move,420,223,.!frame.!entry
demo_session_07,27,1786094383.267461,move,419,232,.!frame.!entry
demo_session_07,27,1786094383.317461,move,409,223,.!frame.!entry
demo_session_07,27,1786094383.367461,move,412,222,.!frame.!entry
demo_session_07,27,1786094383.417461,move,402,230,.!frame.!entry
demo_session_07,27,1786094383.4674609,move,408,233,.!frame.!entry
demo_session_07,27,1786094383.5174608,move,408,232,.!frame.!entry
demo_session_07,27,1786094383.5674608,move,406,226,.!frame.!entry
demo_session_07,27,1786094383.6174607,move,406,217,.!frame.!entry
demo_session_07,27,1786094383.6674607,move,389,229,.!frame.!entry
demo_session_07,27,1786094383.7174606,move,400,227,.!frame.!entry
demo_session_07,27,1786094383.7674606,move,404,232,.!frame.!entry
demo_session_07,27,1786094383.8174605,move,403,235,.!frame.!entry
demo_session_07,27,1786094383.8674605,move,391,241,.!frame.!entry
demo_session_07,27,1786094383.9174604,move,403,232,.!frame.!entry
demo_session_07,27,1786094383.9674604,move,404,256,.!frame.!entry
demo_session_07,27,1786094384.0174603,move,398,250,.!frame.!entry
demo_session_07,27,1786094384.0674603,move,397,246,.!frame.!entry
demo_session_07,27,1786094384.1174603,move,395,243,.!frame.!entry
demo_session_07,27,1786094384.1674602,move,391,264,.!frame.!entry
demo_session_07,27,1786094384.2174602,move,401,243,.!frame.!entry
demo_session_07,27,1786094384.26746,move,402,241,.!frame.!entry
demo_session_07,27,1786094384.31746,move,387,246,.!frame.!entry
demo_session_07,27,1786094384.36746,move,396,269,.!frame.!entry
demo_session_07,27,1786094384.41746,move,379,258,.!frame.!entry
demo_session_07,27,1786094384.46746,move,395,249,.!frame.!entry
demo_session_07,27,1786094384.5174599,move,373,249,.!frame.!entry
demo_session_07,27,1786094384.5674598,move,386,256,.!frame.!entry
demo_session_07,27,1786094384.6174598,move,385,260,.!frame.!entry
demo_session_07,27,1786094384.6674597,move,388,265,.!frame.!entry
demo_session_07,27,1786094384.7174597,move,381,256,.!frame.!entry
demo_session_07,27,1786094384.7674596,move,389,267,.!frame.!entry
demo_session_07,27,1786094384.8174596,move,389,254,.!frame.!entry
demo_session_07,27,1786094384.8674595,move,386,250,.!frame.!entry
demo_session_07,27,1786094384.9174595,move,382,265,.!frame.!entry
demo_session_07,27,1786094384.9674594,move,394,260,.!frame.!entry
demo_session_07,27,1786094385.0174594,move,383,262,.!frame.!entry
demo_session_07,27,1786094385.0674593,move,383,245,.!frame.!entry
demo_session_07,27,1786094385.1174593,move,385,271,.!frame.!entry
demo_session_07,27,1786094385.1674592,move,384,271,.!frame.!entry
demo_session_07,27,1786094385.2174592,move,381,259,.!frame.!entry
demo_session_07,27,1786094385.2674592,move,378,279,.!frame.!entry
demo_session_07,27,1786094385.317459,move,359,275,.!frame.!entry
demo_session_07,27,1786094385.367459,move,390,275,.!frame.!entry
demo_session_07,27,1786094385.417459,move,382,273,.!frame.!entry
demo_session_07,27,1786094385.467459,move,372,268,.!frame.!entry
demo_session_07,27,1786094385.517459,move,364,287,.!frame.!entry
demo_session_07,27,1786094385.5674589,move,377,270,.!frame.!entry
demo_session_07,27,1786094385.6174588,move,387,277,.!frame.!entry
demo_session_07,27,1786094385.6674588,move,380,278,.!frame.!entry
demo_session_07,27,1786094385.7174587,move,367,262,.!frame.!entry
demo_session_07,27,1786094385.7674587,move,380,290,.!frame.!entry
demo_session_07,27,1786094385.8174586,move,379,273,.!frame.!entry
demo_session_07,27,1786094385.8674586,move,374,286,.!frame.!entry
demo_session_07,27,1786094385.9174585,move,377,278,.!frame.!entry
demo_session_07,27,1786094385.9674585,move,383,293,.!frame.!button
demo_session_07,27,1786094386.0174584,move,360,264,.!frame.!button
demo_session_07,27,1786094386.0674584,move,360,294,.!frame.!button
demo_session_07,27,1786094386.1174583,move,375,301,.!frame.!button
demo_session_07,27,1786094386.1674583,move,385,303,.!frame.!button
demo_session_07,27,1786094386.2174582,move,348,283,.!frame.!button
demo_session_07,27,1786094386.2674582,move,380,300,.!frame.!button
demo_session_07,27,1786094386.3174582,move,365,301,.!frame.!button
demo_session_07,27,1786094386.367458,move,362,301,.!frame.!button
demo_session_07,27,1786094386.417458,move,367,299,.!frame.!button
demo_session_07,27,1786094386.467458,move,355,303,.!frame.!button
demo_session_07,27,1786094386.517458,move,349,284,.!frame.!button
demo_session_07,27,1786094386.567458,move,358,293,.!frame.!button
demo_session_07,27,1786094386.6174579,move,374,307,.!frame.!button
demo_session_07,27,1786094386.6674578,move,372,301,.!frame.!button
demo_session_07,27,1786094386.7174578,move,374,300,.!frame.!button
demo_session_07,27,1786094386.7674577,move,372,306,.!frame.!button
demo_session_07,27,1786094386.8174577,move,351,293,.!frame.!button
demo_session_07,27,1786094386.8674576,move,367,316,.!frame.!button
demo_session_07,27,1786094386.9174576,move,361,309,.!frame.!button
demo_session_07,27,1786094386.9674575,move,362,320,.!frame.!button
demo_session_07,27,1786094387.0174575,move,357,311,.!frame.!button
demo_session_07,27,1786094387.0674574,move,366,318,.!frame.!button
demo_session_07,27,1786094387.1174574,move,360,308,.!frame.!button
demo_session_07,27,1786094387.1674573,move,354,305,.!frame.!button
demo_session_07,27,1786094387.2174573,move,348,321,.!frame.!button
demo_session_07,27,1786094387.2674572,move,351,313,.!frame.!button
demo_session_07,27,1786094387.3174572,move,359,312,.!frame.!button
demo_session_07,27,1786094387.3674572,move,359,317,.!frame.!button
demo_session_07,27,1786094387.417457,move,356,315,.!frame.!button
demo_session_07,27,1786094387.467457,move,340,319,.!frame.!button
demo_session_07,27,1786094387.517457,move,355,325,.!frame.!button
demo_session_07,27,1786094387.567457,move,347,316,.!frame.!button
demo_session_07,27,1786094387.6602151,click,357,327,.!frame.!button
demo_session_07,28,1786094387.6602151,move,538,134,.!frame.!entry
demo_session_07,28,1786094387.710215,move,523,147,.!frame.!entry
demo_session_07,28,1786094387.760215,move,525,151,.!frame.!entry
demo_session_07,28,1786094387.810215,move,516,154,.!frame.!entry
demo_session_07,28,1786094387.860215,move,525,149,.!frame.!entry
demo_session_07,28,1786094387.910215,move,528,148,.!frame.!entry
demo_session_07,28,1786094387.9602149,move,525,147,.!frame.!entry
demo_session_07,28,1786094388.0102148,move,519,166,.!frame.!entry
demo_session_07,28,1786094388.0602148,move,523,153,.!frame.!entry
demo_session_07,28,1786094388.1102147,move,515,169,.!frame.!entry
demo_session_07,28,1786094388.1602147,move,520,164,.!frame.!entry
demo_session_07,28,1786094388.2102146,move,510,155,.!frame.!entry
demo_session_07,28,1786094388.2602146,move,520,165,.!frame.!entry
demo_session_07,28,1786094388.3102145,move,518,179,.!frame.!entry
demo_session_07,28,1786094388.3602145,move,520,163,.!frame.!entry
demo_session_07,28,1786094388.4102144,move,515,168,.!frame.!entry
demo_session_07,28,1786094388.4602144,move,516,177,.!frame.!entry
demo_session_07,28,1786094388.5102143,move,515,165,.!frame.!entry
demo_session_07,28,1786094388.5602143,move,500,173,.!frame.!entry
demo_session_07,28,1786094388.6102142,move,492,178,.!frame.!entry
demo_session_07,28,1786094388.6602142,move,502,184,.!frame.!entry
demo_session_07,28,1786094388.7102141,move,503,191,.!frame.!entry
demo_session_07,28,1786094388.760214,move,500,163,.!frame.!entry
demo_session_07,28,1786094388.810214,move,496,186,.!frame.!entry
demo_session_07,28,1786094388.860214,move,481,190,.!frame.!entry
demo_session_07,28,1786094388.910214,move,493,188,.!frame.!entry
demo_session_07,28,1786094388.960214,move,494,185,.!frame.!entry
demo_session_07,28,1786094389.0102139,move,494,186,.!frame.!entry
demo_session_07,28,1786094389.0602138,move,491,180,.!frame.!entry
demo_session_07,28,1786094389.1102138,move,483,186,.!frame.!entry
demo_session_07,28,1786094389.1602137,move,488,186,.!frame.!entry
demo_session_07,28,1786094389.2102137,move,476,176,.!frame.!entry
demo_session_07,28,1786094389.2602136,move,485,194,.!frame.!entry
demo_session_07,28,1786094389.3102136,move,478,182,.!frame.!entry
demo_session_07,28,1786094389.3602135,move,484,202,.!frame.!entry
demo_session_07,28,1786094389.4102135,move,482,203,.!frame.!entry
demo_session_07,28,1786094389.4602134,move,470,204,.!frame.!entry
demo_session_07,28,1786094389.5102134,move,465,206,.!frame.!entry
demo_session_07,28,1786094389.5602133,move,456,197,.!frame.!entry
demo_session_07,28,1786094389.6102133,move,461,208,.!frame.!entry
demo_session_07,28,1786094389.6602132,move,473,195,.!frame.!entry
demo_session_07,28,1786094389.7102132,move,465,218,.!frame.!entry
demo_session_07,28,1786094389.7602131,move,458,196,.!frame.!entry
demo_session_07,28,1786094389.810213,move,457,219,.!frame.!entry
demo_session_07,28,1786094389.860213,move,474,225,.!frame.!entry
demo_session_07,28,1786094389.910213,move,455,214,.!frame.!entry
demo_session_07,28,1786094389.960213,move,463,218,.!frame.!entry
demo_session_07,28,1786094390.010213,move,451,221,.!frame.!entry
demo_session_07,28,1786094390.0602129,move,450,220,.!frame.!entry
demo_session_07,28,1786094390.1102128,move,443,235,.!frame.!entry
demo_session_07,28,1786094390.1602128,move,435,225,.!frame.!entry
demo_session_07,28,1786094390.2102127,move,447,239,.!frame.!entry
demo_session_07,28,1786094390.2602127,move,443,229,.!frame.!entry
demo_session_07,28,1786094390.3102126,move,459,238,.!frame.!entry
demo_session_07,28,1786094390.3602126,move,436,240,.!frame.!entry
demo_session_07,28,1786094390.4102125,move,428,236,.!frame.!entry
demo_session_07,28,1786094390.4602125,move,429,243,.!frame.!entry
demo_session_07,28,1786094390.5102124,move,425,238,.!frame.!entry
demo_session_07,28,1786094390.5602124,move,439,250,.!frame.!entry
demo_session_07,28,1786094390.6102123,move,419,248,.!frame.!entry
demo_session_07,28,1786094390.6602123,move,423,250,.!frame.!entry
demo_session_07,28,1786094390.7102122,move,432,251,.!frame.!entry
demo_session_07,28,1786094390.7602122,move,442,252,.!frame.!entry
demo_session_07,28,1786094390.8102121,move,409,252,.!frame.!entry
demo_session_07,28,1786094390.860212,move,418,253,.!frame.!entry
demo_session_07,28,1786094390.910212,move,408,244,.!frame.!entry
demo_session_07,28,1786094390.960212,move,436,251,.!frame.!entry
demo_session_07,28,1786094391.010212,move,422,255,.!frame.!entry
demo_session_07,28,1786094391.060212,move,422,263,.!frame.!entry
demo_session_07,28,1786094391.1102118,move,414,250,.!frame.!entry
demo_session_07,28,1786094391.1602118,move,419,256,.!frame.!entry
demo_session_07,28,1786094391.2102118,move,396,257,.!frame.!entry
demo_session_07,28,1786094391.2602117,move,410,262,.!frame.!entry
demo_session_07,28,1786094391.3102117,move,395,267,.!frame.!entry
demo_session_07,28,1786094391.3602116,move,400,259,.!frame.!entry
demo_session_07,28,1786094391.4102116,move,407,275,.!frame.!button
demo_session_07,28,1786094391.4602115,move,405,265,.!frame.!button
demo_session_07,28,1786094391.5102115,move,389,264,.!frame.!button
demo_session_07,28,1786094391.5602114,move,402,261,.!frame.!button
demo_session_07,28,1786094391.6102114,move,402,281,.!frame.!button
demo_session_07,28,1786094391.6602113,move,383,257,.!frame.!button
demo_session_07,28,1786094391.7102113,move,393,290,.!frame.!button
demo_session_07,28,1786094391.7602112,move,398,273,.!frame.!button
demo_session_07,28,1786094391.8102112,move,398,280,.!frame.!button
demo_session_07,28,1786094391.8602111,move,392,278,.!frame.!button
demo_session_07,28,1786094391.910211,move,391,276,.!frame.!button
demo_session_07,28,1786094391.960211,move,386,283,.!frame.!button
demo_session_07,28,1786094392.010211,move,374,285,.!frame.!button
demo_session_07,28,1786094392.060211,move,374,282,.!frame.!button
demo_session_07,28,1786094392.110211,move,369,284,.!frame.!button
demo_session_07,28,1786094392.1602108,move,376,304,.!frame.!button
demo_session_07,28,1786094392.2102108,move,382,314,.!frame.!button
demo_session_07,28,1786094392.2602108,move,381,292,.!frame.!button
demo_session_07,28,1786094392.3102107,move,377,298,.!frame.!button
demo_session_07,28,1786094392.3602107,move,371,299,.!frame.!button
demo_session_07,28,1786094392.4102106,move,369,289,.!frame.!button
demo_session_07,28,1786094392.4602106,move,359,296,.!frame.!button
demo_session_07,28,1786094392.5102105,move,378,303,.!frame.!button
demo_session_07,28,1786094392.5602105,move,371,308,.!frame.!button
demo_session_07,28,1786094392.6102104,move,355,304,.!frame.!button
demo_session_07,28,1786094392.6602104,move,370,324,.!frame.!button
demo_session_07,28,1786094392.7102103,move,362,305,.!frame.!button
demo_session_07,28,1786094392.7602103,move,361,305,.!frame.!button
demo_session_07,28,1786094392.8102102,move,366,321,.!frame.!button
demo_session_07,28,1786094392.8602102,move,353,310,.!frame.!button
demo_session_07,28,1786094392.9102101,move,357,319,.!frame.!button
demo_session_07,28,1786094392.96021,move,346,315,.!frame.!button
demo_session_07,28,1786094393.0289257,click,349,319,.!frame.!button
demo_session_07,29,1786094393.0289257,move,247,165,.!frame.!entry
demo_session_07,29,1786094393.0789256,move,233,177,.!frame.!entry
demo_session_07,29,1786094393.1289256,move,239,175,.!frame.!entry
demo_session_07,29,1786094393.1789255,move,241,156,.!frame.!entry
demo_session_07,29,1786094393.2289255,move,249,175,.!frame.!entry
demo_session_07,29,1786094393.2789254,move,246,171,.!frame.!entry
demo_session_07,29,1786094393.3289254,move,239,156,.!frame.!entry
demo_session_07,29,1786094393.3789253,move,240,171,.!frame.!entry
demo_session_07,29,1786094393.4289253,move,227,153,.!frame.!entry
demo_session_07,29,1786094393.4789252,move,248,175,.!frame.!entry
demo_session_07,29,1786094393.5289252,move,262,183,.!frame.!entry
demo_session_07,29,1786094393.5789251,move,251,171,.!frame.!entry
demo_session_07,29,1786094393.628925,move,227,189,.!frame.!entry
demo_session_07,29,1786094393.678925,move,242,192,.!frame.!entry
demo_session_07,29,1786094393.728925,move,247,175,.!frame.!entry
demo_session_07,29,1786094393.778925,move,242,189,.!frame.!entry
demo_session_07,29,1786094393.828925,move,236,182,.!frame.!entry
demo_session_07,29,1786094393.8789248,move,238,187,.!frame.!entry
demo_session_07,29,1786094393.9289248,move,234,199,.!frame.!entry
demo_session_07,29,1786094393.9789248,move,238,185,.!frame.!entry
demo_session_07,29,1786094394.0289247,move,250,204,.!frame.!entry
demo_session_07,29,1786094394.0789247,move,253,177,.!frame.!entry
demo_session_07,29,1786094394.1289246,move,242,197,.!frame.!entry
demo_session_07,29,1786094394.1789246,move,258,163,.!frame.!entry
demo_session_07,29,1786094394.2289245,move,249,190,.!frame.!entry
demo_session_07,29,1786094394.2789245,move,249,192,.!frame.!entry
demo_session_07,29,1786094394.3289244,move,256,181,.!frame.!entry
demo_session_07,29,1786094394.3789244,move,255,185,.!frame.!entry
demo_session_07,29,1786094394.4289243,move,260,212,.!frame.!entry
demo_session_07,29,1786094394.4789243,move,255,199,.!frame.!entry
demo_session_07,29,1786094394.5289242,move,248,183,.!frame.!entry
demo_session_07,29,1786094394.5789242,move,262,195,.!frame.!entry
demo_session_07,29,1786094394.6289241,move,251,195,.!frame.!entry
demo_session_07,29,1786094394.678924,move,260,184,.!frame.!entry
demo_session_07,29,1786094394.728924,move,255,184,.!frame.!entry
demo_session_07,29,1786094394.778924,move,253,202,.!frame.!entry
demo_session_07,29,1786094394.828924,move,269,207,.!frame.!entry
demo_session_07,29,1786094394.878924,move,248,192,.!frame.!entry
demo_session_07,29,1786094394.9289238,move,269,199,.!frame.!entry
demo_session_07,29,1786094394.9789238,move,242,203,.!frame.!entry
demo_session_07,29,1786094395.0289237,move,275,191,.!frame.!entry
demo_session_07,29,1786094395.0789237,move,263,199,.!frame.!entry
demo_session_07,29,1786094395.1289237,move,253,209,.!frame.!entry
demo_session_07,29,1786094395.1789236,move,277,217,.!frame.!entry
demo_session_07,29,1786094395.2289236,move,275,200,.!frame.!entry
demo_session_07,29,1786094395.2789235,move,261,208,.!frame.!entry
demo_session_07,29,1786094395.3289235,move,262,217,.!frame.!entry
demo_session_07,29,1786094395.3789234,move,280,217,.!frame.!entry
demo_session_07,29,1786094395.4289234,move,261,206,.!frame.!entry
demo_session_07,29,1786094395.4789233,move,268,216,.!frame.!entry
demo_session_07,29,1786094395.5289233,move,270,208,.!frame.!entry
demo_session_07,29,1786094395.5789232,move,274,218,.!frame.!entry
demo_session_07,29,1786094395.6289232,move,269,210,.!frame.!entry
demo_session_07,29,1786094395.6789231,move,272,218,.!frame.!entry
demo_session_07,29,1786094395.728923,move,264,210,.!frame.!entry
demo_session_07,29,1786094395.778923,move,269,231,.!frame.!entry
demo_session_07,29,1786094395.828923,move,277,220,.!frame.!entry
demo_session_07,29,1786094395.878923,move,274,212,.!frame.!entry
demo_session_07,29,1786094395.928923,move,260,223,.!frame.!entry
demo_session_07,29,1786094395.9789228,move,290,204,.!frame.!entry
demo_session_07,29,1786094396.0289228,move,278,225,.!frame.!entry
demo_session_07,29,1786094396.0789227,move,279,218,.!frame.!entry
demo_session_07,29,1786094396.1289227,move,281,220,.!frame.!entry
demo_session_07,29,1786094396.1789227,move,273,224,.!frame.!entry
demo_session_07,29,1786094396.2289226,move,268,224,.!frame.!entry
demo_session_07,29,1786094396.2789226,move,274,223,.!frame.!entry
demo_session_07,29,1786094396.3289225,move,277,217,.!frame.!entry
demo_session_07,29,1786094396.3789225,move,285,227,.!frame.!entry
demo_session_07,29,1786094396.4289224,move,280,219,.!frame.!entry
demo_session_07,29,1786094396.4789224,move,293,228,.!frame.!entry
demo_session_07,29,1786094396.5289223,move,289,241,.!frame.!entry
demo_session_07,29,1786094396.5789223,move,270,234,.!frame.!entry
demo_session_07,29,1786094396.6289222,move,290,234,.!frame.!entry
demo_session_07,29,1786094396.6789222,move,279,224,.!frame.!entry
demo_session_07,29,1786094396.7289221,move,298,243,.!frame.!entry
demo_session_07,29,1786094396.778922,move,288,238,.!frame.!entry
demo_session_07,29,1786094396.828922,move,275,244,.!frame.!entry
demo_session_07,29,1786094396.878922,move,281,220,.!frame.!entry
demo_session_07,29,1786094396.928922,move,293,242,.!frame.!entry
demo_session_07,29,1786094396.978922,move,288,242,.!frame.!entry
demo_session_07,29,1786094397.0289218,move,269,236,.!frame.!entry
demo_session_07,29,1786094397.0789218,move,290,254,.!frame.!entry
demo_session_07,29,1786094397.1289217,move,277,243,.!frame.!entry
demo_session_07,29,1786094397.1789217,move,300,236,.!frame.!entry
demo_session_07,29,1786094397.2289217,move,299,243,.!frame.!entry
demo_session_07,29,1786094397.2789216,move,286,245,.!frame.!entry
demo_session_07,29,1786094397.3289216,move,293,247,.!frame.!entry
demo_session_07,29,1786094397.3789215,move,299,260,.!frame.!entry
demo_session_07,29,1786094397.4289215,move,287,249,.!frame.!entry
demo_session_07,29,1786094397.4789214,move,291,252,.!frame.!entry
demo_session_07,29,1786094397.5289214,move,284,248,.!frame.!entry
demo_session_07,29,1786094397.5789213,move,304,258,.!frame.!entry
demo_session_07,29,1786094397.6289213,move,306,240,.!frame.!entry
demo_session_07,29,1786094397.6789212,move,312,251,.!frame.!entry
demo_session_07,29,1786094397.7289212,move,303,271,.!frame.!entry
demo_session_07,29,1786094397.7789211,move,308,260,.!frame.!entry
demo_session_07,29,1786094397.828921,move,307,243,.!frame.!entry
demo_session_07,29,1786094397.878921,move,308,252,.!frame.!entry
demo_session_07,29,1786094397.928921,move,305,244,.!frame.!entry
demo_session_07,29,1786094397.978921,move,290,263,.!frame.!entry
demo_session_07,29,1786094398.028921,move,301,267,.!frame.!entry
demo_session_07,29,1786094398.0789208,move,318,256,.!frame.!entry
demo_session_07,29,1786094398.1289208,move,311,262,.!frame.!entry
demo_session_07,29,1786094398.1789207,move,304,269,.!frame.!entry
demo_session_07,29,1786094398.2289207,move,311,255,.!frame.!entry
demo_session_07,29,1786094398.2789207,move,297,262,.!frame.!entry
demo_session_07,29,1786094398.3289206,move,317,240,.!frame.!entry
demo_session_07,29,1786094398.3789206,move,316,266,.!frame.!entry
demo_session_07,29,1786094398.4289205,move,316,261,.!frame.!entry
demo_session_07,29,1786094398.4789205,move,306,275,.!frame.!entry
demo_session_07,29,1786094398.5289204,move,299,271,.!frame.!entry
demo_session_07,29,1786094398.5789204,move,315,257,.!frame.!entry
demo_session_07,29,1786094398.6289203,move,322,255,.!frame.!entry
demo_session_07,29,1786094398.6789203,move,314,268,.!frame.!entry
demo_session_07,29,1786094398.7289202,move,318,273,.!frame.!entry
demo_session_07,29,1786094398.7789202,move,305,281,.!frame.!entry
demo_session_07,29,1786094398.8289201,move,316,277,.!frame.!entry
demo_session_07,29,1786094398.87892,move,307,271,.!frame.!button
demo_session_07,29,1786094398.92892,move,329,272,.!frame.!button
demo_session_07,29,1786094398.97892,move,328,276,.!frame.!button
demo_session_07,29,1786094399.02892,move,322,278,.!frame.!button
demo_session_07,29,1786094399.07892,move,312,277,.!frame.!button
demo_session_07,29,1786094399.1289198,move,330,269,.!frame.!button
demo_session_07,29,1786094399.1789198,move,321,277,.!frame.!button
demo_session_07,29,1786094399.2289197,move,317,269,.!frame.!button
demo_session_07,29,1786094399.2789197,move,313,274,.!frame.!button
demo_session_07,29,1786094399.3289196,move,321,274,.!frame.!button
demo_session_07,29,1786094399.3789196,move,328,291,.!frame.!button
demo_session_07,29,1786094399.4289196,move,328,278,.!frame.!button
demo_session_07,29,1786094399.4789195,move,336,277,.!frame.!button
demo_session_07,29,1786094399.5289195,move,323,309,.!frame.!button
demo_session_07,29,1786094399.5789194,move,333,294,.!frame.!button
demo_session_07,29,1786094399.6289194,move,319,279,.!frame.!button
demo_session_07,29,1786094399.6789193,move,327,286,.!frame.!button
demo_session_07,29,1786094399.7289193,move,325,287,.!frame.!button
demo_session_07,29,1786094399.7789192,move,341,283,.!frame.!button
demo_session_07,29,1786094399.8289192,move,330,300,.!frame.!button
demo_session_07,29,1786094399.8789191,move,316,289,.!frame.!button
demo_session_07,29,1786094399.928919,move,333,289,.!frame.!button
demo_session_07,29,1786094399.978919,move,333,288,.!frame.!button
demo_session_07,29,1786094400.028919,move,342,297,.!frame.!button
demo_session_07,29,1786094400.078919,move,317,290,.!frame.!button
demo_session_07,29,1786094400.128919,move,325,295,.!frame.!button
demo_session_07,29,1786094400.1789188,move,327,291,.!frame.!button
demo_session_07,29,1786094400.2289188,move,336,295,.!frame.!button
demo_session_07,29,1786094400.2789187,move,328,304,.!frame.!button
demo_session_07,29,1786094400.3289187,move,360,303,.!frame.!button
demo_session_07,29,1786094400.3789186,move,318,309,.!frame.!button
demo_session_07,29,1786094400.4289186,move,333,299,.!frame.!button
demo_session_07,29,1786094400.4789186,move,336,309,.!frame.!button
demo_session_07,29,1786094400.5289185,move,343,320,.!frame.!button
demo_session_07,29,1786094400.5789185,move,341,308,.!frame.!button
demo_session_07,29,1786094400.6289184,move,342,325,.!frame.!button
demo_session_07,29,1786094400.6789184,move,326,306,.!frame.!button
demo_session_07,29,1786094400.7289183,move,346,314,.!frame.!button
demo_session_07,29,1786094400.7789183,move,345,304,.!frame.!button
demo_session_07,29,1786094400.8289182,move,336,315,.!frame.!button
demo_session_07,29,1786094400.8789182,move,347,314,.!frame.!button
demo_session_07,29,1786094400.9289181,move,335,299,.!frame.!button
demo_session_07,29,1786094400.978918,move,341,315,.!frame.!button
demo_session_07,29,1786094401.028918,move,348,303,.!frame.!button
demo_session_07,29,1786094401.078918,move,349,306,.!frame.!button
demo_session_07,29,1786094401.128918,move,339,319,.!frame.!button
demo_session_07,29,1786094401.178918,move,359,324,.!frame.!button
demo_session_07,29,1786094401.2289178,move,345,323,.!frame.!button
demo_session_07,29,1786094401.2789178,move,359,325,.!frame.!button
demo_session_07,29,1786094401.3289177,move,348,325,.!frame.!button
demo_session_07,29,1786094401.4033606,click,346,316,.!frame.!button
demo_session_07,30,1786094401.4033606,move,575,372,.!frame.!entry
demo_session_07,30,1786094401.4533606,move,569,373,.!frame.!entry
demo_session_07,30,1786094401.5033605,move,559,385,.!frame.!entry
demo_session_07,30,1786094401.5533605,move,556,366,.!frame.!entry
demo_session_07,30,1786094401.6033604,move,552,379,.!frame.!entry
demo_session_07,30,1786094401.6533604,move,538,371,.!frame.!entry
demo_session_07,30,1786094401.7033603,move,557,391,.!frame.!entry
demo_session_07,30,1786094401.7533603,move,545,378,.!frame.!entry
demo_session_07,30,1786094401.8033602,move,543,389,.!frame.!entry
demo_session_07,30,1786094401.8533602,move,549,379,.!frame.!entry
demo_session_07,30,1786094401.9033601,move,551,366,.!frame.!entry
demo_session_07,30,1786094401.95336,move,537,375,.!frame.!entry
demo_session_07,30,1786094402.00336,move,529,362,.!frame.!entry
demo_session_07,30,1786094402.05336,move,547,374,.!frame.!entry
demo_session_07,30,1786094402.10336,move,532,368,.!frame.!entry
demo_session_07,30,1786094402.15336,move,534,354,.!frame.!entry
demo_session_07,30,1786094402.2033598,move,535,368,.!frame.!entry
demo_session_07,30,1786094402.2533598,move,535,368,.!frame.!entry
demo_session_07,30,1786094402.3033597,move,516,359,.!frame.!entry
demo_session_07,30,1786094402.3533597,move,531,371,.!frame.!entry
demo_session_07,30,1786094402.4033597,move,553,373,.!frame.!entry
demo_session_07,30,1786094402.4533596,move,517,364,.!frame.!entry
demo_session_07,30,1786094402.5033596,move,510,369,.!frame.!entry
demo_session_07,30,1786094402.5533595,move,517,377,.!frame.!entry
demo_session_07,30,1786094402.6033595,move,536,363,.!frame.!entry
demo_session_07,30,1786094402.6533594,move,525,380,.!frame.!entry
demo_session_07,30,1786094402.7033594,move,504,376,.!frame.!entry
demo_session_07,30,1786094402.7533593,move,507,354,.!frame.!entry
demo_session_07,30,1786094402.8033593,move,507,374,.!frame.!entry
demo_session_07,30,1786094402.8533592,move,518,361,.!frame.!entry
demo_session_07,30,1786094402.9033592,move,499,363,.!frame.!entry
demo_session_07,30,1786094402.9533591,move,490,360,.!frame.!entry
demo_session_07,30,1786094403.003359,move,496,351,.!frame.!entry
demo_session_07,30,1786094403.053359,move,507,361,.!frame.!entry
demo_session_07,30,1786094403.103359,move,498,358,.!frame.!entry
demo_session_07,30,1786094403.153359,move,486,356,.!frame.!entry
demo_session_07,30,1786094403.203359,move,477,364,.!frame.!entry
demo_session_07,30,1786094403.2533588,move,497,355,.!frame.!entry
demo_session_07,30,1786094403.3033588,move,476,354,.!frame.!entry
demo_session_07,30,1786094403.3533587,move,488,353,.!frame.!entry
demo_session_07,30,1786094403.4033587,move,496,354,.!frame.!entry
demo_session_07,30,1786094403.4533587,move,497,349,.!frame.!entry
demo_session_07,30,1786094403.5033586,move,475,355,.!frame.!entry
demo_session_07,30,1786094403.5533586,move,487,357,.!frame.!entry
demo_session_07,30,1786094403.6033585,move,473,358,.!frame.!entry
demo_session_07,30,1786094403.6533585,move,470,353,.!frame.!entry
demo_session_07,30,1786094403.7033584,move,463,355,.!frame.!entry
demo_session_07,30,1786094403.7533584,move,466,346,.!frame.!entry
demo_session_07,30,1786094403.8033583,move,476,356,.!frame.!entry
demo_session_07,30,1786094403.8533583,move,464,345,.!frame.!entry
demo_session_07,30,1786094403.9033582,move,482,343,.!frame.!entry
demo_session_07,30,1786094403.9533582,move,450,351,.!frame.!entry
demo_session_07,30,1786094404.0033581,move,462,371,.!frame.!entry
demo_session_07,30,1786094404.053358,move,465,347,.!frame.!entry
demo_session_07,30,1786094404.103358,move,450,340,.!frame.!entry
demo_session_07,30,1786094404.153358,move,449,345,.!frame.!entry
demo_session_07,30,1786094404.203358,move,446,356,.!frame.!entry
demo_session_07,30,1786094404.253358,move,445,340,.!frame.!entry
demo_session_07,30,1786094404.3033578,move,449,332,.!frame.!entry
demo_session_07,30,1786094404.3533578,move,442,343,.!frame.!entry
demo_session_07,30,1786094404.4033577,move,453,338,.!frame.!entry
demo_session_07,30,1786094404.4533577,move,437,345,.!frame.!entry
demo_session_07,30,1786094404.5033576,move,433,337,.!frame.!entry
demo_session_07,30,1786094404.5533576,move,432,346,.!frame.!entry
demo_session_07,30,1786094404.6033576,move,433,342,.!frame.!entry
demo_session_07,30,1786094404.6533575,move,431,349,.!frame.!entry
demo_session_07,30,1786094404.7033575,move,427,337,.!frame.!entry
demo_session_07,30,1786094404.7533574,move,425,339,.!frame.!entry
demo_session_07,30,1786094404.8033574,move,431,322,.!frame.!entry
demo_session_07,30,1786094404.8533573,move,432,349,.!frame.!entry
demo_session_07,30,1786094404.9033573,move,430,346,.!frame.!entry
demo_session_07,30,1786094404.9533572,move,413,355,.!frame.!entry
demo_session_07,30,1786094405.0033572,move,412,357,.!frame.!entry
demo_session_07,30,1786094405.0533571,move,425,356,.!frame.!button
demo_session_07,30,1786094405.103357,move,423,329,.!frame.!button
demo_session_07,30,1786094405.153357,move,422,327,.!frame.!button
demo_session_07,30,1786094405.203357,move,422,343,.!frame.!button
demo_session_07,30,1786094405.253357,move,424,341,.!frame.!button
demo_session_07,30,1786094405.303357,move,401,323,.!frame.!button
demo_session_07,30,1786094405.3533568,move,405,317,.!frame.!button
demo_session_07,30,1786094405.4033568,move,423,324,.!frame.!button
demo_session_07,30,1786094405.4533567,move,399,322,.!frame.!button
demo_session_07,30,1786094405.5033567,move,412,332,.!frame.!button
demo_session_07,30,1786094405.5533566,move,374,330,.!frame.!button
demo_session_07,30,1786094405.6033566,move,403,338,.!frame.!button
demo_session_07,30,1786094405.6533566,move,393,318,.!frame.!button
demo_session_07,30,1786094405.7033565,move,378,336,.!frame.!button
demo_session_07,30,1786094405.7533565,move,386,328,.!frame.!button
demo_session_07,30,1786094405.8033564,move,388,325,.!frame.!button
demo_session_07,30,1786094405.8533564,move,380,335,.!frame.!button
demo_session_07,30,1786094405.9033563,move,368,325,.!frame.!button
demo_session_07,30,1786094405.9533563,move,381,321,.!frame.!button
demo_session_07,30,1786094406.0033562,move,366,339,.!frame.!button
demo_session_07,30,1786094406.0533562,move,373,323,.!frame.!button
demo_session_07,30,1786094406.1033561,move,369,330,.!frame.!button
demo_session_07,30,1786094406.153356,move,369,334,.!frame.!button
demo_session_07,30,1786094406.203356,move,361,332,.!frame.!button
demo_session_07,30,1786094406.253356,move,380,329,.!frame.!button
demo_session_07,30,1786094406.303356,move,349,326,.!frame.!button
demo_session_07,30,1786094406.353356,move,359,323,.!frame.!button
demo_session_07,30,1786094406.4033558,move,368,323,.!frame.!button
demo_session_07,30,1786094406.4533558,move,355,311,.!frame.!button
demo_session_07,30,1786094406.5033557,move,351,323,.!frame.!button
demo_session_07,30,1786094406.5533557,move,341,325,.!frame.!button
demo_session_07,30,1786094406.6033556,move,340,320,.!frame.!button
demo_session_07,30,1786094406.6949048,click,340,310,.!frame.!button
demo_session_07,31,1786094406.6949048,move,203,369,.!frame.!entry
demo_session_07,31,1786094406.7449048,move,220,378,.!frame.!entry
demo_session_07,31,1786094406.7949047,move,211,396,.!frame.!entry
demo_session_07,31,1786094406.8449047,move,201,361,.!frame.!entry
demo_session_07,31,1786094406.8949046,move,216,377,.!frame.!entry
demo_session_07,31,1786094406.9449046,move,218,389,.!frame.!entry
demo_session_07,31,1786094406.9949045,move,208,379,.!frame.!entry
demo_session_07,31,1786094407.0449045,move,223,391,.!frame.!entry
demo_session_07,31,1786094407.0949044,move,215,384,.!frame.!entry
demo_session_07,31,1786094407.1449044,move,215,372,.!frame.!entry
demo_session_07,31,1786094407.1949043,move,214,388,.!frame.!entry
demo_session_07,31,1786094407.2449043,move,218,373,.!frame.!entry
demo_session_07,31,1786094407.2949042,move,218,376,.!frame.!entry
demo_session_07,31,1786094407.3449042,move,209,375,.!frame.!entry
demo_session_07,31,1786094407.3949041,move,222,366,.!frame.!entry
demo_session_07,31,1786094407.444904,move,225,371,.!frame.!entry
demo_session_07,31,1786094407.494904,move,220,377,.!frame.!entry
demo_session_07,31,1786094407.544904,move,225,371,.!frame.!entry
demo_session_07,31,1786094407.594904,move,231,371,.!frame.!entry
demo_session_07,31,1786094407.644904,move,217,374,.!frame.!entry
demo_session_07,31,1786094407.6949039,move,223,386,.!frame.!entry
demo_session_07,31,1786094407.7449038,move,229,377,.!frame.!entry
demo_session_07,31,1786094407.7949038,move,221,369,.!frame.!entry
demo_session_07,31,1786094407.8449037,move,233,368,.!frame.!entry
demo_session_07,31,1786094407.8949037,move,256,354,.!frame.!entry
demo_session_07,31,1786094407.9449036,move,235,374,.!frame.!entry
demo_session_07,31,1786094407.9949036,move,236,371,.!frame.!entry
demo_session_07,31,1786094408.0449035,move,233,355,.!frame.!entry
demo_session_07,31,1786094408.0949035,move,229,365,.!frame.!entry
demo_session_07,31,1786094408.1449034,move,246,380,.!frame.!entry
demo_session_07,31,1786094408.1949034,move,231,347,.!frame.!entry
demo_session_07,31,1786094408.2449033,move,241,371,.!frame.!entry
demo_session_07,31,1786094408.2949033,move,245,368,.!frame.!entry
demo_session_07,31,1786094408.3449032,move,250,361,.!frame.!entry
demo_session_07,31,1786094408.3949032,move,250,349,.!frame.!entry
demo_session_07,31,1786094408.4449031,move,242,346,.!frame.!entry
demo_session_07,31,1786094408.494903,move,243,360,.!frame.!entry
demo_session_07,31,1786094408.544903,move,246,352,.!frame.!entry
demo_session_07,31,1786094408.594903,move,245,354,.!frame.!entry
demo_session_07,31,1786094408.644903,move,261,360,.!frame.!entry
demo_session_07,31,1786094408.694903,move,247,369,.!frame.!entry
demo_session_07,31,1786094408.7449028,move,253,349,.!frame.!entry
demo_session_07,31,1786094408.7949028,move,253,356,.!frame.!entry
demo_session_07,31,1786094408.8449028,move,272,365,.!frame.!entry
demo_session_07,31,1786094408.8949027,move,263,355,.!frame.!entry
demo_session_07,31,1786094408.9449027,move,262,346,.!frame.!entry
demo_session_07,31,1786094408.9949026,move,266,360,.!frame.!entry
demo_session_07,31,1786094409.0449026,move,261,354,.!frame.!entry
demo_session_07,31,1786094409.0949025,move,286,359,.!frame.!entry
demo_session_07,31,1786094409.1449025,move,261,357,.!frame.!entry
demo_session_07,31,1786094409.1949024,move,271,343,.!frame.!entry
demo_session_07,31,1786094409.2449024,move,259,359,.!frame.!entry
demo_session_07,31,1786094409.2949023,move,249,355,.!frame.!entry
demo_session_07,31,1786094409.3449023,move,263,356,.!frame.!entry
demo_session_07,31,1786094409.3949022,move,280,344,.!frame.!entry
demo_session_07,31,1786094409.4449022,move,272,369,.!frame.!entry
demo_session_07,31,1786094409.4949021,move,267,348,.!frame.!entry
demo_session_07,31,1786094409.544902,move,269,370,.!frame.!entry
demo_session_07,31,1786094409.594902,move,280,347,.!frame.!entry
demo_session_07,31,1786094409.644902,move,297,358,.!frame.!entry
demo_session_07,31,1786094409.694902,move,268,355,.!frame.!entry
demo_session_07,31,1786094409.744902,move,285,348,.!frame.!entry
demo_session_07,31,1786094409.7949018,move,274,337,.!frame.!entry
demo_session_07,31,1786094409.8449018,move,273,352,.!frame.!entry
demo_session_07,31,1786094409.8949018,move,283,349,.!frame.!entry
demo_session_07,31,1786094409.9449017,move,296,340,.!frame.!entry
demo_session_07,31,1786094409.9949017,move,307,324,.!frame.!entry
demo_session_07,31,1786094410.0449016,move,290,335,.!frame.!entry
demo_session_07,31,1786094410.0949016,move,299,331,.!frame.!entry
demo_session_07,31,1786094410.1449015,move,305,338,.!frame.!entry
demo_session_07,31,1786094410.1949015,move,283,344,.!frame.!entry
demo_session_07,31,1786094410.2449014,move,298,350,.!frame.!entry
demo_session_07,31,1786094410.2949014,move,309,347,.!frame.!entry
demo_session_07,31,1786094410.3449013,move,292,349,.!frame.!entry
demo_session_07,31,1786094410.3949013,move,293,339,.!frame.!entry
demo_session_07,31,1786094410.4449012,move,311,338,.!frame.!entry
demo_session_07,31,1786094410.4949012,move,280,348,.!frame.!entry
demo_session_07,31,1786094410.5449011,move,302,335,.!frame.!entry
demo_session_07,31,1786094410.594901,move,290,330,.!frame.!entry
demo_session_07,31,1786094410.644901,move,297,339,.!frame.!entry
demo_session_07,31,1786094410.694901,move,305,340,.!frame.!button
demo_session_07,31,1786094410.744901,move,297,330,.!frame.!button
demo_session_07,31,1786094410.794901,move,321,338,.!frame.!button
demo_session_07,31,1786094410.8449008,move,313,337,.!frame.!button
demo_session_07,31,1786094410.8949008,move,317,324,.!frame.!button
demo_session_07,31,1786094410.9449008,move,308,347,.!frame.!button
demo_session_07,31,1786094410.9949007,move,301,341,.!frame.!button
demo_session_07,31,1786094411.0449007,move,314,351,.!frame.!button
demo_session_07,31,1786094411.0949006,move,330,331,.!frame.!button
demo_session_07,31,1786094411.1449006,move,328,338,.!frame.!button
demo_session_07,31,1786094411.1949005,move,326,334,.!frame.!button
demo_session_07,31,1786094411.2449005,move,327,344,.!frame.!button
demo_session_07,31,1786094411.2949004,move,325,329,.!frame.!button
demo_session_07,31,1786094411.3449004,move,317,347,.!frame.!button
demo_session_07,31,1786094411.3949003,move,329,319,.!frame.!button
demo_session_07,31,1786094411.4449003,move,326,329,.!frame.!button
demo_session_07,31,1786094411.4949002,move,326,336,.!frame.!button
demo_session_07,31,1786094411.5449002,move,321,324,.!frame.!button
demo_session_07,31,1786094411.5949001,move,318,329,.!frame.!button
demo_session_07,31,1786094411.6449,move,311,336,.!frame.!button
demo_session_07,31,1786094411.6949,move,339,336,.!frame.!button
demo_session_07,31,1786094411.7449,move,336,318,.!frame.!button
demo_session_07,31,1786094411.7949,move,334,320,.!frame.!button
demo_session_07,31,1786094411.8449,move,331,332,.!frame.!button
demo_session_07,31,1786094411.8948998,move,339,322,.!frame.!button
demo_session_07,31,1786094411.9448998,move,336,326,.!frame.!button
demo_session_07,31,1786094411.9948997,move,353,327,.!frame.!button
demo_session_07,31,1786094412.0448997,move,353,319,.!frame.!button
demo_session_07,31,1786094412.0948997,move,350,327,.!frame.!button
demo_session_07,31,1786094412.1448996,move,325,326,.!frame.!button
demo_session_07,31,1786094412.1948996,move,332,324,.!frame.!button
demo_session_07,31,1786094412.2448995,move,339,325,.!frame.!button
demo_session_07,31,1786094412.2948995,move,335,324,.!frame.!button
demo_session_07,31,1786094412.3448994,move,358,317,.!frame.!button
demo_session_07,31,1786094412.4164698,click,346,316,.!frame.!button
demo_session_07,32,1786094412.4164698,move,361,92,.!frame.!entry
demo_session_07,32,1786094412.4664698,move,349,107,.!frame.!entry
demo_session_07,32,1786094412.5164697,move,343,89,.!frame.!entry
demo_session_07,32,1786094412.5664697,move,363,108,.!frame.!entry
demo_session_07,32,1786094412.6164696,move,340,118,.!frame.!entry
demo_session_07,32,1786094412.6664696,move,349,112,.!frame.!entry
demo_session_07,32,1786094412.7164695,move,357,106,.!frame.!entry
demo_session_07,32,1786094412.7664695,move,366,117,.!frame.!entry
demo_session_07,32,1786094412.8164694,move,354,104,.!frame.!entry
demo_session_07,32,1786094412.8664694,move,352,132,.!frame.!entry
demo_session_07,32,1786094412.9164693,move,349,115,.!frame.!entry
demo_session_07,32,1786094412.9664693,move,352,110,.!frame.!entry
demo_session_07,32,1786094413.0164692,move,356,134,.!frame.!entry
demo_session_07,32,1786094413.0664692,move,340,131,.!frame.!entry
demo_session_07,32,1786094413.1164691,move,361,125,.!frame.!entry
demo_session_07,32,1786094413.166469,move,348,130,.!frame.!entry
demo_session_07,32,1786094413.216469,move,338,139,.!frame.!entry
demo_session_07,32,1786094413.266469,move,344,149,.!frame.!entry
demo_session_07,32,1786094413.316469,move,349,138,.!frame.!entry
demo_session_07,32,1786094413.366469,move,350,132,.!frame.!entry
demo_session_07,32,1786094413.4164689,move,352,130,.!frame.!entry
demo_session_07,32,1786094413.4664688,move,345,144,.!frame.!entry
demo_session_07,32,1786094413.5164688,move,349,146,.!frame.!entry
demo_session_07,32,1786094413.5664687,move,350,138,.!frame.!entry
demo_session_07,32,1786094413.6164687,move,339,141,.!frame.!entry
demo_session_07,32,1786094413.6664686,move,354,148,.!frame.!entry
demo_session_07,32,1786094413.7164686,move,363,156,.!frame.!entry
demo_session_07,32,1786094413.7664685,move,347,147,.!frame.!entry
demo_session_07,32,1786094413.8164685,move,359,171,.!frame.!entry
demo_session_07,32,1786094413.8664684,move,358,171,.!frame.!entry
demo_session_07,32,1786094413.9164684,move,349,144,.!frame.!entry
demo_session_07,32,1786094413.9664683,move,360,161,.!frame.!entry
demo_session_07,32,1786094414.0164683,move,356,162,.!frame.!entry
demo_session_07,32,1786094414.0664682,move,340,167,.!frame.!entry
demo_session_07,32,1786094414.1164682,move,354,177,.!frame.!entry
demo_session_07,32,1786094414.1664681,move,351,183,.!frame.!entry
demo_session_07,32,1786094414.216468,move,344,179,.!frame.!entry
demo_session_07,32,1786094414.266468,move,347,178,.!frame.!entry
demo_session_07,32,1786094414.316468,move,349,181,.!frame.!entry
demo_session_07,32,1786094414.366468,move,352,193,.!frame.!entry
demo_session_07,32,1786094414.416468,move,351,179,.!frame.!entry
demo_session_07,32,1786094414.4664679,move,344,184,.!frame.!entry
demo_session_07,32,1786094414.5164678,move,347,181,.!frame.!entry
demo_session_07,32,1786094414.5664678,move,359,184,.!frame.!entry
demo_session_07,32,1786094414.6164677,move,341,199,.!frame.!entry
demo_session_07,32,1786094414.6664677,move,351,187,.!frame.!entry
demo_session_07,32,1786094414.7164676,move,343,183,.!frame.!entry
demo_session_07,32,1786094414.7664676,move,365,189,.!frame.!entry
demo_session_07,32,1786094414.8164675,move,353,194,.!frame.!entry
demo_session_07,32,1786094414.8664675,move,360,186,.!frame.!entry
demo_session_07,32,1786094414.9164674,move,338,191,.!frame.!entry
demo_session_07,32,1786094414.9664674,move,345,190,.!frame.!entry
demo_session_07,32,1786094415.0164673,move,360,209,.!frame.!entry
demo_session_07,32,1786094415.0664673,move,346,213,.!frame.!entry
demo_session_07,32,1786094415.1164672,move,347,204,.!frame.!entry
demo_session_07,32,1786094415.1664672,move,351,208,.!frame.!entry
demo_session_07,32,1786094415.2164671,move,340,220,.!frame.!entry
demo_session_07,32,1786094415.266467,move,340,215,.!frame.!entry
demo_session_07,32,1786094415.316467,move,346,213,.!frame.!entry
demo_session_07,32,1786094415.366467,move,354,216,.!frame.!entry
demo_session_07,32,1786094415.416467,move,341,225,.!frame.!entry
demo_session_07,32,1786094415.466467,move,337,225,.!frame.!entry
demo_session_07,32,1786094415.5164669,move,358,232,.!frame.!entry
demo_session_07,32,1786094415.5664668,move,362,233,.!frame.!entry
demo_session_07,32,1786094415.6164668,move,352,224,.!frame.!entry
demo_session_07,32,1786094415.6664667,move,342,235,.!frame.!entry
demo_session_07,32,1786094415.7164667,move,350,240,.!frame.!entry
demo_session_07,32,1786094415.7664666,move,357,228,.!frame.!entry
demo_session_07,32,1786094415.8164666,move,342,249,.!frame.!entry
demo_session_07,32,1786094415.8664665,move,348,236,.!frame.!entry
demo_session_07,32,1786094415.9164665,move,347,236,.!frame.!entry
demo_session_07,32,1786094415.9664664,move,331,223,.!frame.!entry
demo_session_07,32,1786094416.0164664,move,347,255,.!frame.!entry
demo_session_07,32,1786094416.0664663,move,344,242,.!frame.!entry
demo_session_07,32,1786094416.1164663,move,346,256,.!frame.!entry
demo_session_07,32,1786094416.1664662,move,357,258,.!frame.!entry
demo_session_07,32,1786094416.2164662,move,364,246,.!frame.!entry
demo_session_07,32,1786094416.2664661,move,343,248,.!frame.!button
demo_session_07,32,1786094416.316466,move,356,269,.!frame.!button
demo_session_07,32,1786094416.366466,move,352,256,.!frame.!button
demo_session_07,32,1786094416.416466,move,369,275,.!frame.!button
demo_session_07,32,1786094416.466466,move,342,270,.!frame.!button
demo_session_07,32,1786094416.516466,move,351,254,.!frame.!button
demo_session_07,32,1786094416.5664659,move,336,244,.!frame.!button
demo_session_07,32,1786094416.6164658,move,361,280,.!frame.!button
demo_session_07,32,1786094416.6664658,move,350,263,.!frame.!button
demo_session_07,32,1786094416.7164657,move,353,281,.!frame.!button
demo_session_07,32,1786094416.7664657,move,355,271,.!frame.!button
demo_session_07,32,1786094416.8164656,move,342,290,.!frame.!button
demo_session_07,32,1786094416.8664656,move,341,281,.!frame.!button
demo_session_07,32,1786094416.9164655,move,339,289,.!frame.!button
demo_session_07,32,1786094416.9664655,move,339,292,.!frame.!button
demo_session_07,32,1786094417.0164654,move,361,276,.!frame.!button
demo_session_07,32,1786094417.0664654,move,361,290,.!frame.!button
demo_session_07,32,1786094417.1164653,move,356,277,.!frame.!button
demo_session_07,32,1786094417.1664653,move,362,285,.!frame.!button
demo_session_07,32,1786094417.2164652,move,353,288,.!frame.!button
demo_session_07,32,1786094417.2664652,move,357,293,.!frame.!button
demo_session_07,32,1786094417.3164651,move,357,298,.!frame.!button
demo_session_07,32,1786094417.366465,move,357,306,.!frame.!button
demo_session_07,32,1786094417.416465,move,362,307,.!frame.!button
demo_session_07,32,1786094417.466465,move,349,291,.!frame.!button
demo_session_07,32,1786094417.516465,move,341,298,.!frame.!button
demo_session_07,32,1786094417.566465,move,352,310,.!frame.!button
demo_session_07,32,1786094417.6164649,move,359,312,.!frame.!button
demo_session_07,32,1786094417.6664648,move,355,301,.!frame.!button
demo_session_07,32,1786094417.7164648,move,355,311,.!frame.!button
demo_session_07,32,1786094417.7664647,move,356,308,.!frame.!button
demo_session_07,32,1786094417.8164647,move,352,336,.!frame.!button
demo_session_07,32,1786094417.8664646,move,349,330,.!frame.!button
demo_session_07,32,1786094417.9164646,move,347,314,.!frame.!button
demo_session_07,32,1786094417.9787738,click,345,315,.!frame.!button
demo_session_07,33,1786094417.9787738,move,555,120,.!frame.!entry
demo_session_07,33,1786094418.0287738,move,556,112,.!frame.!entry
demo_session_07,33,1786094418.0787737,move,567,104,.!frame.!entry
demo_session_07,33,1786094418.1287737,move,554,130,.!frame.!entry
demo_session_07,33,1786094418.1787736,move,555,132,.!frame.!entry
demo_session_07,33,1786094418.2287736,move,549,116,.!frame.!entry
demo_session_07,33,1786094418.2787735,move,563,122,.!frame.!entry
demo_session_07,33,1786094418.3287735,move,557,138,.!frame.!entry
demo_session_07,33,1786094418.3787735,move,560,129,.!frame.!entry
demo_session_07,33,1786094418.4287734,move,539,138,.!frame.!entry
demo_session_07,33,1786094418.4787734,move,548,123,.!frame.!entry
demo_session_07,33,1786094418.5287733,move,548,126,.!frame.!entry
demo_session_07,33,1786094418.5787733,move,544,150,.!frame.!entry
demo_session_07,33,1786094418.6287732,move,534,124,.!frame.!entry
demo_session_07,33,1786094418.6787732,move,550,125,.!frame.!entry
demo_session_07,33,1786094418.728773,move,524,129,.!frame.!entry
demo_session_07,33,1786094418.778773,move,533,149,.!frame.!entry
demo_session_07,33,1786094418.828773,move,524,139,.!frame.!entry
demo_session_07,33,1786094418.878773,move,535,144,.!frame.!entry
demo_session_07,33,1786094418.928773,move,526,144,.!frame.!entry
demo_session_07,33,1786094418.9787729,move,522,148,.!frame.!entry
demo_session_07,33,1786094419.0287728,move,521,133,.!frame.!entry
demo_session_07,33,1786094419.0787728,move,535,157,.!frame.!entry
demo_session_07,33,1786094419.1287727,move,517,126,.!frame.!entry
demo_session_07,33,1786094419.1787727,move,531,158,.!frame.!entry
demo_session_07,33,1786094419.2287726,move,518,157,.!frame.!entry
demo_session_07,33,1786094419.2787726,move,505,149,.!frame.!entry
demo_session_07,33,1786094419.3287725,move,498,151,.!frame.!entry
demo_session_07,33,1786094419.3787725,move,499,156,.!frame.!entry
demo_session_07,33,1786094419.4287724,move,513,177,.!frame.!entry
demo_session_07,33,1786094419.4787724,move,522,152,.!frame.!entry
demo_session_07,33,1786094419.5287724,move,519,158,.!frame.!entry
demo_session_07,33,1786094419.5787723,move,501,176,.!frame.!entry
demo_session_07,33,1786094419.6287723,move,492,162,.!frame.!entry
demo_session_07,33,1786094419.6787722,move,517,169,.!frame.!entry
demo_session_07,33,1786094419.7287722,move,501,164,.!frame.!entry
demo_session_07,33,1786094419.778772,move,497,167,.!frame.!entry
demo_session_07,33,1786094419.828772,move,498,155,.!frame.!entry
demo_session_07,33,1786094419.878772,move,495,173,.!frame.!entry
demo_session_07,33,1786094419.928772,move,494,178,.!frame.!entry
demo_session_07,33,1786094419.978772,move,497,167,.!frame.!entry
demo_session_07,33,1786094420.0287719,move,507,180,.!frame.!entry
demo_session_07,33,1786094420.0787718,move,490,177,.!frame.!entry
demo_session_07,33,1786094420.1287718,move,498,190,.!frame.!entry
demo_session_07,33,1786094420.1787717,move,485,180,.!frame.!entry
demo_session_07,33,1786094420.2287717,move,484,184,.!frame.!entry
demo_session_07,33,1786094420.2787716,move,505,173,.!frame.!entry
demo_session_07,33,1786094420.3287716,move,468,186,.!frame.!entry
demo_session_07,33,1786094420.3787715,move,482,187,.!frame.!entry
demo_session_07,33,1786094420.4287715,move,473,204,.!frame.!entry
demo_session_07,33,1786094420.4787714,move,489,208,.!frame.!entry
demo_session_07,33,1786094420.5287714,move,483,203,.!frame.!entry
demo_session_07,33,1786094420.5787714,move,486,199,.!frame.!entry
demo_session_07,33,1786094420.6287713,move,479,205,.!frame.!entry
demo_session_07,33,1786094420.6787713,move,473,207,.!frame.!entry
demo_session_07,33,1786094420.7287712,move,468,212,.!frame.!entry
demo_session_07,33,1786094420.7787712,move,452,199,.!frame.!entry
demo_session_07,33,1786094420.828771,move,476,217,.!frame.!entry
demo_session_07,33,1786094420.878771,move,466,200,.!frame.!entry
demo_session_07,33,1786094420.928771,move,461,193,.!frame.!entry
demo_session_07,33,1786094420.978771,move,466,231,.!frame.!entry
demo_session_07,33,1786094421.028771,move,444,212,.!frame.!entry
demo_session_07,33,1786094421.0787709,move,459,207,.!frame.!entry
demo_session_07,33,1786094421.1287708,move,461,210,.!frame.!entry
demo_session_07,33,1786094421.1787708,move,445,208,.!frame.!entry
demo_session_07,33,1786094421.2287707,move,459,209,.!frame.!entry
demo_session_07,33,1786094421.2787707,move,466,229,.!frame.!entry
demo_session_07,33,1786094421.3287706,move,440,224,.!frame.!entry
demo_session_07,33,1786094421.3787706,move,440,214,.!frame.!entry
demo_session_07,33,1786094421.4287705,move,443,218,.!frame.!entry
demo_session_07,33,1786094421.4787705,move,434,234,.!frame.!entry
demo_session_07,33,1786094421.5287704,move,449,232,.!frame.!entry
demo_session_07,33,1786094421.5787704,move,448,253,.!frame.!entry
demo_session_07,33,1786094421.6287704,move,445,244,.!frame.!entry
demo_session_07,33,1786094421.6787703,move,437,218,.!frame.!entry
demo_session_07,33,1786094421.7287703,move,438,233,.!frame.!entry
demo_session_07,33,1786094421.7787702,move,418,235,.!frame.!entry
demo_session_07,33,1786094421.8287702,move,428,249,.!frame.!entry
demo_session_07,33,1786094421.87877,move,426,237,.!frame.!entry
demo_session_07,33,1786094421.92877,move,435,239,.!frame.!entry
demo_session_07,33,1786094421.97877,move,437,230,.!frame.!entry
demo_session_07,33,1786094422.02877,move,425,240,.!frame.!entry
demo_session_07,33,1786094422.07877,move,418,253,.!frame.!entry
demo_session_07,33,1786094422.1287699,move,413,240,.!frame.!entry
demo_session_07,33,1786094422.1787698,move,425,251,.!frame.!entry
demo_session_07,33,1786094422.2287698,move,424,247,.!frame.!entry
demo_session_07,33,1786094422.2787697,move,421,236,.!frame.!entry
demo_session_07,33,1786094422.3287697,move,407,272,.!frame.!entry
demo_session_07,33,1786094422.3787696,move,410,256,.!frame.!entry
demo_session_07,33,1786094422.4287696,move,418,263,.!frame.!button
demo_session_07,33,1786094422.4787695,move,392,249,.!frame.!button
demo_session_07,33,1786094422.5287695,move,398,264,.!frame.!button
demo_session_07,33,1786094422.5787694,move,399,263,.!frame.!button
demo_session_07,33,1786094422.6287694,move,404,275,.!frame.!button
demo_session_07,33,1786094422.6787694,move,394,261,.!frame.!button
demo_session_07,33,1786094422.7287693,move,399,268,.!frame.!button
demo_session_07,33,1786094422.7787693,move,408,271,.!frame.!button
demo_session_07,33,1786094422.8287692,move,399,266,.!frame.!button
demo_session_07,33,1786094422.8787692,move,394,277,.!frame.!button
demo_session_07,33,1786094422.928769,move,382,284,.!frame.!button
demo_session_07,33,1786094422.978769,move,417,290,.!frame.!button
demo_session_07,33,1786094423.028769,move,387,294,.!frame.!button
demo_session_07,33,1786094423.078769,move,393,280,.!frame.!button
demo_session_07,33,1786094423.128769,move,405,284,.!frame.!button
demo_session_07,33,1786094423.1787689,move,376,284,.!frame.!button
demo_session_07,33,1786094423.2287688,move,378,282,.!frame.!button
demo_session_07,33,1786094423.2787688,move,368,304,.!frame.!button
demo_session_07,33,1786094423.3287687,move,374,283,.!frame.!button
demo_session_07,33,1786094423.3787687,move,382,304,.!frame.!button
demo_session_07,33,1786094423.4287686,move,372,296,.!frame.!button
demo_session_07,33,1786094423.4787686,move,366,298,.!frame.!button
demo_session_07,33,1786094423.5287685,move,372,298,.!frame.!button
demo_session_07,33,1786094423.5787685,move,373,294,.!frame.!button
demo_session_07,33,1786094423.6287684,move,374,312,.!frame.!button
demo_session_07,33,1786094423.6787684,move,368,310,.!frame.!button
demo_session_07,33,1786094423.7287683,move,372,296,.!frame.!button
demo_session_07,33,1786094423.7787683,move,376,293,.!frame.!button
demo_session_07,33,1786094423.8287683,move,358,304,.!frame.!button
demo_session_07,33,1786094423.8787682,move,368,302,.!frame.!button
demo_session_07,33,1786094423.9287682,move,355,307,.!frame.!button
demo_session_07,33,1786094423.978768,move,361,328,.!frame.!button
demo_session_07,33,1786094424.028768,move,363,319,.!frame.!button
demo_session_07,33,1786094424.078768,move,371,311,.!frame.!button
demo_session_07,33,1786094424.128768,move,358,317,.!frame.!button
demo_session_07,33,1786094424.178768,move,367,308,.!frame.!button
demo_session_07,33,1786094424.2287679,move,342,303,.!frame.!button
demo_session_07,33,1786094424.2787678,move,347,317,.!frame.!button
demo_session_07,33,1786094424.3299918,click,360,330,.!frame.!button
demo_session_07,34,1786094424.3299918,move,405,261,.!frame.!entry
demo_session_07,34,1786094424.3799918,move,411,252,.!frame.!entry
demo_session_07,34,1786094424.4299917,move,384,251,.!frame.!entry
demo_session_07,34,1786094424.4799917,move,400,254,.!frame.!entry
demo_session_07,34,1786094424.5299916,move,402,261,.!frame.!entry
demo_session_07,34,1786094424.5799916,move,385,248,.!frame.!entry
demo_session_07,34,1786094424.6299915,move,384,274,.!frame.!entry
demo_session_07,34,1786094424.6799915,move,397,262,.!frame.!entry
demo_session_07,34,1786094424.7299914,move,385,260,.!frame.!entry
demo_session_07,34,1786094424.7799914,move,404,258,.!frame.!entry
demo_session_07,34,1786094424.8299913,move,399,258,.!frame.!entry
demo_session_07,34,1786094424.8799913,move,399,249,.!frame.!entry
demo_session_07,34,1786094424.9299912,move,386,254,.!frame.!entry
demo_session_07,34,1786094424.9799912,move,396,272,.!frame.!entry
demo_session_07,34,1786094425.0299911,move,402,264,.!frame.!entry
demo_session_07,34,1786094425.079991,move,390,257,.!frame.!entry
demo_session_07,34,1786094425.129991,move,394,260,.!frame.!entry
demo_session_07,34,1786094425.179991,move,399,254,.!frame.!entry
demo_session_07,34,1786094425.229991,move,384,269,.!frame.!entry
demo_session_07,34,1786094425.279991,move,397,260,.!frame.!entry
demo_session_07,34,1786094425.3299909,move,382,268,.!frame.!entry
demo_session_07,34,1786094425.3799908,move,387,280,.!frame.!entry
demo_session_07,34,1786094425.4299908,move,387,254,.!frame.!entry
demo_session_07,34,1786094425.4799907,move,376,266,.!frame.!entry
demo_session_07,34,1786094425.5299907,move,382,260,.!frame.!entry
demo_session_07,34,1786094425.5799906,move,385,254,.!frame.!entry
demo_session_07,34,1786094425.6299906,move,380,264,.!frame.!entry
demo_session_07,34,1786094425.6799905,move,386,253,.!frame.!entry
demo_session_07,34,1786094425.7299905,move,391,267,.!frame.!entry
demo_session_07,34,1786094425.7799904,move,387,274,.!frame.!entry
demo_session_07,34,1786094425.8299904,move,366,268,.!frame.!entry
demo_session_07,34,1786094425.8799903,move,384,278,.!frame.!entry
demo_session_07,34,1786094425.9299903,move,363,276,.!frame.!entry
demo_session_07,34,1786094425.9799902,move,376,273,.!frame.!entry
demo_session_07,34,1786094426.0299902,move,385,259,.!frame.!entry
demo_session_07,34,1786094426.0799901,move,368,273,.!frame.!entry
demo_session_07,34,1786094426.12999,move,387,265,.!frame.!entry
demo_session_07,34,1786094426.17999,move,372,302,.!frame.!entry
demo_session_07,34,1786094426.22999,move,378,273,.!frame.!entry
demo_session_07,34,1786094426.27999,move,370,286,.!frame.!entry
demo_session_07,34,1786094426.32999,move,375,286,.!frame.!entry
demo_session_07,34,1786094426.3799899,move,371,282,.!frame.!entry
demo_session_07,34,1786094426.4299898,move,377,272,.!frame.!entry
demo_session_07,34,1786094426.4799898,move,376,275,.!frame.!entry
demo_session_07,34,1786094426.5299897,move,401,284,.!frame.!entry
demo_session_07,34,1786094426.5799897,move,365,277,.!frame.!entry
demo_session_07,34,1786094426.6299896,move,366,277,.!frame.!entry
demo_session_07,34,1786094426.6799896,move,367,275,.!frame.!entry
demo_session_07,34,1786094426.7299895,move,376,263,.!frame.!entry
demo_session_07,34,1786094426.7799895,move,354,289,.!frame.!entry
demo_session_07,34,1786094426.8299894,move,369,297,.!frame.!entry
demo_session_07,34,1786094426.8799894,move,357,284,.!frame.!entry
demo_session_07,34,1786094426.9299893,move,371,286,.!frame.!entry
demo_session_07,34,1786094426.9799893,move,373,288,.!frame.!entry
demo_session_07,34,1786094427.0299892,move,375,290,.!frame.!entry
demo_session_07,34,1786094427.0799892,move,369,295,.!frame.!entry
demo_session_07,34,1786094427.1299891,move,361,286,.!frame.!entry
demo_session_07,34,1786094427.179989,move,380,286,.!frame.!entry
demo_session_07,34,1786094427.229989,move,393,271,.!frame.!entry
demo_session_07,34,1786094427.279989,move,379,295,.!frame.!entry
demo_session_07,34,1786094427.329989,move,366,303,.!frame.!entry
demo_session_07,34,1786094427.379989,move,375,300,.!frame.!entry
demo_session_07,34,1786094427.4299889,move,365,293,.!frame.!entry
demo_session_07,34,1786094427.4799888,move,380,300,.!frame.!entry
demo_session_07,34,1786094427.5299888,move,378,293,.!frame.!entry
demo_session_07,34,1786094427.5799887,move,370,303,.!frame.!entry
demo_session_07,34,1786094427.6299887,move,367,301,.!frame.!entry
demo_session_07,34,1786094427.6799886,move,364,300,.!frame.!entry
demo_session_07,34,1786094427.7299886,move,360,283,.!frame.!entry
demo_session_07,34,1786094427.7799885,move,367,292,.!frame.!entry
demo_session_07,34,1786094427.8299885,move,356,289,.!frame.!button
demo_session_07,34,1786094427.8799884,move,372,315,.!frame.!button
demo_session_07,34,1786094427.9299884,move,360,299,.!frame.!button
demo_session_07,34,1786094427.9799883,move,363,283,.!frame.!button
demo_session_07,34,1786094428.0299883,move,356,292,.!frame.!button
demo_session_07,34,1786094428.0799882,move,355,302,.!frame.!button
demo_session_07,34,1786094428.1299882,move,359,296,.!frame.!button
demo_session_07,34,1786094428.1799881,move,358,300,.!frame.!button
demo_session_07,34,1786094428.229988,move,348,311,.!frame.!button
demo_session_07,34,1786094428.279988,move,368,298,.!frame.!button
demo_session_07,34,1786094428.329988,move,376,297,.!frame.!button
demo_session_07,34,1786094428.379988,move,352,300,.!frame.!button
demo_session_07,34,1786094428.429988,move,359,309,.!frame.!button
demo_session_07,34,1786094428.4799879,move,347,323,.!frame.!button
demo_session_07,34,1786094428.5299878,move,368,316,.!frame.!button
demo_session_07,34,1786094428.5799878,move,348,312,.!frame.!button
demo_session_07,34,1786094428.6299877,move,365,328,.!frame.!button
demo_session_07,34,1786094428.6799877,move,365,312,.!frame.!button
demo_session_07,34,1786094428.7299876,move,346,303,.!frame.!button
demo_session_07,34,1786094428.7799876,move,353,321,.!frame.!button
demo_session_07,34,1786094428.8299875,move,348,327,.!frame.!button
demo_session_07,34,1786094428.8799875,move,345,314,.!frame.!button
demo_session_07,34,1786094428.9299874,move,351,328,.!frame.!button
demo_session_07,34,1786094428.9799874,move,331,325,.!frame.!button
demo_session_07,34,1786094429.0299873,move,344,306,.!frame.!button
demo_session_07,34,1786094429.0799873,move,351,313,.!frame.!button
demo_session_07,34,1786094429.1299872,move,345,321,.!frame.!button
demo_session_07,34,1786094429.1799872,move,347,307,.!frame.!button
demo_session_07,34,1786094429.2299871,move,348,321,.!frame.!button
demo_session_07,34,1786094429.279987,move,358,306,.!frame.!button
demo_session_07,34,1786094429.329987,move,350,306,.!frame.!button
demo_session_07,34,1786094429.3941634,click,362,332,.!frame.!button
demo_session_07,35,1786094429.3941634,move,101,198,.!frame.!entry
demo_session_07,35,1786094429.4441633,move,103,214,.!frame.!entry
demo_session_07,35,1786094429.4941633,move,106,210,.!frame.!entry
demo_session_07,35,1786094429.5441632,move,92,210,.!frame.!entry
demo_session_07,35,1786094429.5941632,move,128,245,.!frame.!entry
demo_session_07,35,1786094429.6441631,move,117,218,.!frame.!entry
demo_session_07,35,1786094429.694163,move,108,219,.!frame.!entry
demo_session_07,35,1786094429.744163,move,105,207,.!frame.!entry
demo_session_07,35,1786094429.794163,move,138,227,.!frame.!entry
demo_session_07,35,1786094429.844163,move,113,229,.!frame.!entry
demo_session_07,35,1786094429.894163,move,111,221,.!frame.!entry
demo_session_07,35,1786094429.9441628,move,135,217,.!frame.!entry
demo_session_07,35,1786094429.9941628,move,131,218,.!frame.!entry
demo_session_07,35,1786094430.0441628,move,123,227,.!frame.!entry
demo_session_07,35,1786094430.0941627,move,129,216,.!frame.!entry
demo_session_07,35,1786094430.1441627,move,133,234,.!frame.!entry
demo_session_07,35,1786094430.1941626,move,142,229,.!frame.!entry
demo_session_07,35,1786094430.2441626,move,140,246,.!frame.!entry
demo_session_07,35,1786094430.2941625,move,143,233,.!frame.!entry
demo_session_07,35,1786094430.3441625,move,155,232,.!frame.!entry
demo_session_07,35,1786094430.3941624,move,156,228,.!frame.!entry
demo_session_07,35,1786094430.4441624,move,145,249,.!frame.!entry
demo_session_07,35,1786094430.4941623,move,154,244,.!frame.!entry
demo_session_07,35,1786094430.5441623,move,155,225,.!frame.!entry
demo_session_07,35,1786094430.5941622,move,149,238,.!frame.!entry
demo_session_07,35,1786094430.6441622,move,150,228,.!frame.!entry
demo_session_07,35,1786094430.6941621,move,153,251,.!frame.!entry
demo_session_07,35,1786094430.744162,move,163,245,.!frame.!entry
demo_session_07,35,1786094430.794162,move,165,251,.!frame.!entry
demo_session_07,35,1786094430.844162,move,172,235,.!frame.!entry
demo_session_07,35,1786094430.894162,move,179,235,.!frame.!entry
demo_session_07,35,1786094430.944162,move,171,258,.!frame.!entry
demo_session_07,35,1786094430.9941618,move,178,248,.!frame.!entry
demo_session_07,35,1786094431.0441618,move,187,250,.!frame.!entry
demo_session_07,35,1786094431.0941617,move,189,232,.!frame.!entry
demo_session_07,35,1786094431.1441617,move,172,255,.!frame.!entry
demo_session_07,35,1786094431.1941617,move,181,248,.!frame.!entry
demo_session_07,35,1786094431.2441616,move,177,258,.!frame.!entry
demo_session_07,35,1786094431.2941616,move,198,272,.!frame.!entry
demo_session_07,35,1786094431.3441615,move,176,258,.!frame.!entry
demo_session_07,35,1786094431.3941615,move,191,276,.!frame.!entry
demo_session_07,35,1786094431.4441614,move,193,257,.!frame.!entry
demo_session_07,35,1786094431.4941614,move,201,266,.!frame.!entry
demo_session_07,35,1786094431.5441613,move,215,260,.!frame.!entry
demo_session_07,35,1786094431.5941613,move,211,257,.!frame.!entry
demo_session_07,35,1786094431.6441612,move,206,255,.!frame.!entry
demo_session_07,35,1786094431.6941612,move,212,266,.!frame.!entry
demo_session_07,35,1786094431.7441611,move,202,280,.!frame.!entry
demo_session_07,35,1786094431.794161,move,220,249,.!frame.!entry
demo_session_07,35,1786094431.844161,move,201,258,.!frame.!entry
demo_session_07,35,1786094431.894161,move,211,262,.!frame.!entry
demo_session_07,35,1786094431.944161,move,213,265,.!frame.!entry
demo_session_07,35,1786094431.994161,move,219,259,.!frame.!entry
demo_session_07,35,1786094432.0441608,move,234,273,.!frame.!entry
demo_session_07,35,1786094432.0941608,move,232,266,.!frame.!entry
demo_session_07,35,1786094432.1441607,move,236,258,.!frame.!entry
demo_session_07,35,1786094432.1941607,move,242,285,.!frame.!entry
demo_session_07,35,1786094432.2441607,move,235,266,.!frame.!entry
demo_session_07,35,1786094432.2941606,move,218,276,.!frame.!entry
demo_session_07,35,1786094432.3441606,move,237,269,.!frame.!entry
demo_session_07,35,1786094432.3941605,move,240,265,.!frame.!entry
demo_session_07,35,1786094432.4441605,move,227,293,.!frame.!entry
demo_session_07,35,1786094432.4941604,move,245,288,.!frame.!entry
demo_session_07,35,1786094432.5441604,move,261,279,.!frame.!entry
demo_session_07,35,1786094432.5941603,move,253,295,.!frame.!entry
demo_session_07,35,1786094432.6441603,move,263,285,.!frame.!entry
demo_session_07,35,1786094432.6941602,move,245,298,.!frame.!entry
demo_session_07,35,1786094432.7441602,move,252,275,.!frame.!entry
demo_session_07,35,1786094432.7941601,move,254,280,.!frame.!entry
demo_session_07,35,1786094432.84416,move,262,273,.!frame.!entry
demo_session_07,35,1786094432.89416,move,262,275,.!frame.!entry
demo_session_07,35,1786094432.94416,move,276,283,.!frame.!entry
demo_session_07,35,1786094432.99416,move,251,262,.!frame.!entry
demo_session_07,35,1786094433.04416,move,275,285,.!frame.!entry
demo_session_07,35,1786094433.0941598,move,292,281,.!frame.!button
demo_session_07,35,1786094433.1441598,move,268,302,.!frame.!button
demo_session_07,35,1786094433.1941597,move,265,303,.!frame.!button
demo_session_07,35,1786094433.2441597,move,282,291,.!frame.!button
demo_session_07,35,1786094433.2941597,move,293,299,.!frame.!button
demo_session_07,35,1786094433.3441596,move,279,285,.!frame.!button
demo_session_07,35,1786094433.3941596,move,298,290,.!frame.!button
demo_session_07,35,1786094433.4441595,move,288,321,.!frame.!button
demo_session_07,35,1786094433.4941595,move,296,315,.!frame.!button
demo_session_07,35,1786094433.5441594,move,302,290,.!frame.!button
demo_session_07,35,1786094433.5941594,move,293,295,.!frame.!button
demo_session_07,35,1786094433.6441593,move,302,297,.!frame.!button
demo_session_07,35,1786094433.6941593,move,292,310,.!frame.!button
demo_session_07,35,1786094433.7441592,move,312,312,.!frame.!button
demo_session_07,35,1786094433.7941592,move,310,318,.!frame.!button
demo_session_07,35,1786094433.8441591,move,321,298,.!frame.!button
demo_session_07,35,1786094433.894159,move,310,320,.!frame.!button
demo_session_07,35,1786094433.944159,move,309,299,.!frame.!button
demo_session_07,35,1786094433.994159,move,323,321,.!frame.!button
demo_session_07,35,1786094434.044159,move,316,303,.!frame.!button
demo_session_07,35,1786094434.094159,move,331,309,.!frame.!button
demo_session_07,35,1786094434.1441588,move,326,315,.!frame.!button
demo_session_07,35,1786094434.1941588,move,323,315,.!frame.!button
demo_session_07,35,1786094434.2441587,move,341,314,.!frame.!button
demo_session_07,35,1786094434.2941587,move,333,310,.!frame.!button
demo_session_07,35,1786094434.3441586,move,340,315,.!frame.!button
demo_session_07,35,1786094434.3941586,move,336,322,.!frame.!button
demo_session_07,35,1786094434.4441586,move,339,335,.!frame.!button
demo_session_07,35,1786094434.4941585,move,341,337,.!frame.!button
demo_session_07,35,1786094434.5441585,move,351,321,.!frame.!button
demo_session_07,35,1786094434.5941584,move,337,326,.!frame.!button
demo_session_07,35,1786094434.6441584,move,347,324,.!frame.!button
demo_session_07,35,1786094434.7433176,click,359,329,.!frame.!button
demo_session_07,36,1786094457.4570749,move,131,137,.!frame.!entry
demo_session_07,36,1786094457.5070748,move,112,138,.!frame.!entry
demo_session_07,36,1786094457.5570748,move,130,139,.!frame.!entry
demo_session_07,36,1786094457.6070747,move,127,156,.!frame.!entry
demo_session_07,36,1786094457.6570747,move,124,150,.!frame.!entry
demo_session_07,36,1786094457.7070746,move,131,154,.!frame.!entry
demo_session_07,36,1786094457.7570746,move,130,149,.!frame.!entry
demo_session_07,36,1786094457.8070745,move,134,150,.!frame.!entry
demo_session_07,36,1786094457.8570745,move,137,156,.!frame.!entry
demo_session_07,36,1786094457.9070745,move,156,159,.!frame.!entry
demo_session_07,36,1786094457.9570744,move,153,166,.!frame.!entry
demo_session_07,36,1786094458.0070744,move,149,152,.!frame.!entry
demo_session_07,36,1786094458.0570743,move,144,157,.!frame.!entry
demo_session_07,36,1786094458.1070743,move,142,164,.!frame.!entry
demo_session_07,36,1786094458.1570742,move,154,168,.!frame.!entry
demo_session_07,36,1786094458.2070742,move,151,173,.!frame.!entry
demo_session_07,36,1786094458.257074,move,150,154,.!frame.!entry
demo_session_07,36,1786094458.307074,move,157,162,.!frame.!entry
demo_session_07,36,1786094458.357074,move,163,166,.!frame.!entry
demo_session_07,36,1786094458.407074,move,156,181,.!frame.!entry
demo_session_07,36,1786094458.457074,move,172,172,.!frame.!entry
demo_session_07,36,1786094458.5070739,move,149,167,.!frame.!entry
demo_session_07,36,1786094458.5570738,move,152,182,.!frame.!entry
demo_session_07,36,1786094458.6070738,move,162,184,.!frame.!entry
demo_session_07,36,1786094458.6570737,move,169,178,.!frame.!entry
demo_session_07,36,1786094458.7070737,move,185,182,.!frame.!entry
demo_session_07,36,1786094458.7570736,move,177,182,.!frame.!entry
demo_session_07,36,1786094458.8070736,move,155,189,.!frame.!entry
demo_session_07,36,1786094458.8570735,move,170,175,.!frame.!entry
demo_session_07,36,1786094458.9070735,move,165,191,.!frame.!entry
demo_session_07,36,1786094458.9570735,move,173,195,.!frame.!entry
demo_session_07,36,1786094459.0070734,move,198,195,.!frame.!entry
demo_session_07,36,1786094459.0570734,move,169,198,.!frame.!entry
demo_session_07,36,1786094459.1070733,move,196,203,.!frame.!entry
demo_session_07,36,1786094459.1570733,move,183,204,.!frame.!entry
demo_session_07,36,1786094459.2070732,move,189,198,.!frame.!entry
demo_session_07,36,1786094459.2570732,move,203,200,.!frame.!entry
demo_session_07,36,1786094459.307073,move,184,204,.!frame.!entry
demo_session_07,36,1786094459.357073,move,178,200,.!frame.!entry
demo_session_07,36,1786094459.407073,move,203,204,.!frame.!entry
demo_session_07,36,1786094459.457073,move,196,210,.!frame.!entry
demo_session_07,36,1786094459.507073,move,221,198,.!frame.!entry
demo_session_07,36,1786094459.5570729,move,194,203,.!frame.!entry
demo_session_07,36,1786094459.6070728,move,210,201,.!frame.!entry
demo_session_07,36,1786094459.6570728,move,204,223,.!frame.!entry
demo_session_07,36,1786094459.7070727,move,201,207,.!frame.!entry
demo_session_07,36,1786094459.7570727,move,213,217,.!frame.!entry
demo_session_07,36,1786094459.8070726,move,199,210,.!frame.!entry
demo_session_07,36,1786094459.8570726,move,223,208,.!frame.!entry
demo_session_07,36,1786094459.9070725,move,211,225,.!frame.!entry
demo_session_07,36,1786094459.9570725,move,198,214,.!frame.!entry
demo_session_07,36,1786094460.0070724,move,227,225,.!frame.!entry
demo_session_07,36,1786094460.0570724,move,221,232,.!frame.!entry
demo_session_07,36,1786094460.1070724,move,220,229,.!frame.!entry
demo_session_07,36,1786094460.1570723,move,227,235,.!frame.!entry
demo_session_07,36,1786094460.2070723,move,227,232,.!frame.!entry
demo_session_07,36,1786094460.2570722,move,211,220,.!frame.!entry
demo_session_07,36,1786094460.3070722,move,239,220,.!frame.!entry
demo_session_07,36,1786094460.357072,move,236,243,.!frame.!entry
demo_session_07,36,1786094460.407072,move,223,234,.!frame.!entry
demo_session_07,36,1786094460.457072,move,233,245,.!frame.!entry
demo_session_07,36,1786094460.507072,move,235,218,.!frame.!entry
demo_session_07,36,1786094460.557072,move,241,244,.!frame.!entry
demo_session_07,36,1786094460.6070719,move,232,243,.!frame.!entry
demo_session_07,36,1786094460.6570718,move,234,238,.!frame.!entry
demo_session_07,36,1786094460.7070718,move,249,233,.!frame.!entry
demo_session_07,36,1786094460.7570717,move,253,241,.!frame.!entry
demo_session_07,36,1786094460.8070717,move,247,237,.!frame.!entry
demo_session_07,36,1786094460.8570716,move,232,242,.!frame.!entry
demo_session_07,36,1786094460.9070716,move,256,246,.!frame.!entry
demo_session_07,36,1786094460.9570715,move,271,256,.!frame.!entry
demo_session_07,36,1786094461.0070715,move,251,256,.!frame.!entry
demo_session_07,36,1786094461.0570714,move,247,247,.!frame.!entry
demo_session_07,36,1786094461.1070714,move,260,240,.!frame.!entry
demo_session_07,36,1786094461.1570714,move,270,252,.!frame.!entry
demo_session_07,36,1786094461.2070713,move,263,262,.!frame.!entry
demo_session_07,36,1786094461.2570713,move,262,248,.!frame.!entry
demo_session_07,36,1786094461.3070712,move,267,257,.!frame.!entry
demo_session_07,36,1786094461.3570712,move,276,247,.!frame.!entry
demo_session_07,36,1786094461.407071,move,249,264,.!frame.!entry
demo_session_07,36,1786094461.457071,move,271,256,.!frame.!entry
demo_session_07,36,1786094461.507071,move,276,267,.!frame.!entry
demo_session_07,36,1786094461.557071,move,277,275,.!frame.!entry
demo_session_07,36,1786094461.607071,move,281,261,.!frame.!entry
demo_session_07,36,1786094461.6570709,move,284,266,.!frame.!button
demo_session_07,36,1786094461.7070708,move,287,267,.!frame.!button
demo_session_07,36,1786094461.7570708,move,296,277,.!frame.!button
demo_session_07,36,1786094461.8070707,move,285,285,.!frame.!button
demo_session_07,36,1786094461.8570707,move,267,298,.!frame.!button
demo_session_07,36,1786094461.9070706,move,292,291,.!frame.!button
demo_session_07,36,1786094461.9570706,move,277,284,.!frame.!button
demo_session_07,36,1786094462.0070705,move,300,283,.!frame.!button
demo_session_07,36,1786094462.0570705,move,302,286,.!frame.!button
demo_session_07,36,1786094462.1070704,move,281,273,.!frame.!button
demo_session_07,36,1786094462.1570704,move,297,301,.!frame.!button
demo_session_07,36,1786094462.2070704,move,303,281,.!frame.!button
demo_session_07,36,1786094462.2570703,move,312,293,.!frame.!button
demo_session_07,36,1786094462.3070703,move,308,278,.!frame.!button
demo_session_07,36,1786094462.3570702,move,295,288,.!frame.!button
demo_session_07,36,1786094462.4070702,move,318,291,.!frame.!button
demo_session_07,36,1786094462.45707,move,298,297,.!frame.!button
demo_session_07,36,1786094462.50707,move,308,295,.!frame.!button
demo_session_07,36,1786094462.55707,move,320,300,.!frame.!button
demo_session_07,36,1786094462.60707,move,331,283,.!frame.!button
demo_session_07,36,1786094462.65707,move,330,299,.!frame.!button
demo_session_07,36,1786094462.7070699,move,307,302,.!frame.!button
demo_session_07,36,1786094462.7570698,move,320,315,.!frame.!button
demo_session_07,36,1786094462.8070698,move,316,307,.!frame.!button
demo_session_07,36,1786094462.8570697,move,327,306,.!frame.!button
demo_session_07,36,1786094462.9070697,move,330,282,.!frame.!button
demo_session_07,36,1786094462.9570696,move,337,315,.!frame.!button
demo_session_07,36,1786094463.0070696,move,333,304,.!frame.!button
demo_session_07,36,1786094463.0570695,move,338,309,.!frame.!button
demo_session_07,36,1786094463.1070695,move,319,305,.!frame.!button
demo_session_07,36,1786094463.1570694,move,323,321,.!frame.!button
demo_session_07,36,1786094463.2070694,move,362,304,.!frame.!button
demo_session_07,36,1786094463.2570693,move,352,331,.!frame.!button
demo_session_07,36,1786094463.3070693,move,341,308,.!frame.!button
demo_session_07,36,1786094463.3570693,move,359,315,.!frame.!button
demo_session_07,36,1786094463.4070692,move,345,337,.!frame.!button
demo_session_07,36,1786094463.5059898,click,352,322,.!frame.!button
demo_session_07,37,1786094471.6569827,move,483,111,.!frame.!entry
demo_session_07,37,1786094471.7069826,move,486,94,.!frame.!entry
demo_session_07,37,1786094471.7569826,move,457,109,.!frame.!entry
demo_session_07,37,1786094471.8069825,move,496,112,.!frame.!entry
demo_session_07,37,1786094471.8569825,move,471,104,.!frame.!entry
demo_session_07,37,1786094471.9069824,move,493,104,.!frame.!entry
demo_session_07,37,1786094471.9569824,move,482,105,.!frame.!entry
demo_session_07,37,1786094472.0069823,move,473,137,.!frame.!entry
demo_session_07,37,1786094472.0569823,move,463,124,.!frame.!entry
demo_session_07,37,1786094472.1069822,move,472,134,.!frame.!entry
demo_session_07,37,1786094472.1569822,move,477,120,.!frame.!entry
demo_session_07,37,1786094472.2069821,move,483,119,.!frame.!entry
demo_session_07,37,1786094472.256982,move,467,161,.!frame.!entry
demo_session_07,37,1786094472.306982,move,471,135,.!frame.!entry
demo_session_07,37,1786094472.356982,move,462,121,.!frame.!entry
demo_session_07,37,1786094472.406982,move,470,112,.!frame.!entry
demo_session_07,37,1786094472.456982,move,471,140,.!frame.!entry
demo_session_07,37,1786094472.5069818,move,476,141,.!frame.!entry
demo_session_07,37,1786094472.5569818,move,467,135,.!frame.!entry
demo_session_07,37,1786094472.6069818,move,476,134,.!frame.!entry
demo_session_07,37,1786094472.6569817,move,460,165,.!frame.!entry
demo_session_07,37,1786094472.7069817,move,463,146,.!frame.!entry
demo_session_07,37,1786094472.7569816,move,456,152,.!frame.!entry
demo_session_07,37,1786094472.8069816,move,472,154,.!frame.!entry
demo_session_07,37,1786094472.8569815,move,453,154,.!frame.!entry
demo_session_07,37,1786094472.9069815,move,441,168,.!frame.!entry
demo_session_07,37,1786094472.9569814,move,439,136,.!frame.!entry
demo_session_07,37,1786094473.0069814,move,453,153,.!frame.!entry
demo_session_07,37,1786094473.0569813,move,456,160,.!frame.!entry
demo_session_07,37,1786094473.1069813,move,467,146,.!frame.!entry
demo_session_07,37,1786094473.1569812,move,462,163,.!frame.!entry
demo_session_07,37,1786094473.2069812,move,449,138,.!frame.!entry
demo_session_07,37,1786094473.2569811,move,447,170,.!frame.!entry
demo_session_07,37,1786094473.306981,move,464,156,.!frame.!entry
demo_session_07,37,1786094473.356981,move,460,175,.!frame.!entry
demo_session_07,37,1786094473.406981,move,455,162,.!frame.!entry
demo_session_07,37,1786094473.456981,move,449,171,.!frame.!entry
demo_session_07,37,1786094473.506981,move,444,198,.!frame.!entry
demo_session_07,37,1786094473.5569808,move,435,159,.!frame.!entry
demo_session_07,37,1786094473.6069808,move,459,183,.!frame.!entry
demo_session_07,37,1786094473.6569808,move,445,182,.!frame.!entry
demo_session_07,37,1786094473.7069807,move,451,178,.!frame.!entry
demo_session_07,37,1786094473.7569807,move,447,186,.!frame.!entry
demo_session_07,37,1786094473.8069806,move,451,171,.!frame.!entry
demo_session_07,37,1786094473.8569806,move,439,188,.!frame.!entry
demo_session_07,37,1786094473.9069805,move,421,197,.!frame.!entry
demo_session_07,37,1786094473.9569805,move,410,178,.!frame.!entry
demo_session_07,37,1786094474.0069804,move,433,193,.!frame.!entry
demo_session_07,37,1786094474.0569804,move,447,179,.!frame.!entry
demo_session_07,37,1786094474.1069803,move,424,192,.!frame.!entry
demo_session_07,37,1786094474.1569803,move,425,196,.!frame.!entry
demo_session_07,37,1786094474.2069802,move,427,208,.!frame.!entry
demo_session_07,37,1786094474.2569802,move,421,202,.!frame.!entry
demo_session_07,37,1786094474.3069801,move,429,212,.!frame.!entry
demo_session_07,37,1786094474.35698,move,410,225,.!frame.!entry
demo_session_07,37,1786094474.40698,move,431,210,.!frame.!entry
demo_session_07,37,1786094474.45698,move,415,199,.!frame.!entry
demo_session_07,37,1786094474.50698,move,433,212,.!frame.!entry
demo_session_07,37,1786094474.55698,move,414,200,.!frame.!entry
demo_session_07,37,1786094474.6069798,move,435,183,.!frame.!entry
demo_session_07,37,1786094474.6569798,move,416,210,.!frame.!entry
demo_session_07,37,1786094474.7069798,move,425,209,.!frame.!entry
demo_session_07,37,1786094474.7569797,move,415,220,.!frame.!entry
demo_session_07,37,1786094474.8069797,move,418,223,.!frame.!entry
demo_session_07,37,1786094474.8569796,move,430,199,.!frame.!entry
demo_session_07,37,1786094474.9069796,move,407,230,.!frame.!entry
demo_session_07,37,1786094474.9569795,move,415,214,.!frame.!entry
demo_session_07,37,1786094475.0069795,move,396,232,.!frame.!entry
demo_session_07,37,1786094475.0569794,move,390,224,.!frame.!entry
demo_session_07,37,1786094475.1069794,move,423,257,.!frame.!entry
demo_session_07,37,1786094475.1569793,move,411,234,.!frame.!entry
demo_session_07,37,1786094475.2069793,move,419,217,.!frame.!entry
demo_session_07,37,1786094475.2569792,move,400,237,.!frame.!entry
demo_session_07,37,1786094475.3069792,move,398,240,.!frame.!entry
demo_session_07,37,1786094475.3569791,move,427,224,.!frame.!entry
demo_session_07,37,1786094475.406979,move,409,244,.!frame.!entry
demo_session_07,37,1786094475.456979,move,380,262,.!frame.!entry
demo_session_07,37,1786094475.506979,move,392,235,.!frame.!entry
demo_session_07,37,1786094475.556979,move,403,238,.!frame.!entry
demo_session_07,37,1786094475.606979,move,387,244,.!frame.!entry
demo_session_07,37,1786094475.6569788,move,394,257,.!frame.!entry
demo_session_07,37,1786094475.7069788,move,384,238,.!frame.!entry
demo_session_07,37,1786094475.7569788,move,401,260,.!frame.!entry
demo_session_07,37,1786094475.8069787,move,390,259,.!frame.!entry
demo_session_07,37,1786094475.8569787,move,409,236,.!frame.!entry
demo_session_07,37,1786094475.9069786,move,378,243,.!frame.!entry
demo_session_07,37,1786094475.9569786,move,391,255,.!frame.!entry
demo_session_07,37,1786094476.0069785,move,399,258,.!frame.!button
demo_session_07,37,1786094476.0569785,move,374,268,.!frame.!button
demo_session_07,37,1786094476.1069784,move,375,250,.!frame.!button
demo_session_07,37,1786094476.1569784,move,371,264,.!frame.!button
demo_session_07,37,1786094476.2069783,move,386,263,.!frame.!button
demo_session_07,37,1786094476.2569783,move,378,263,.!frame.!button
demo_session_07,37,1786094476.3069782,move,381,260,.!frame.!button
demo_session_07,37,1786094476.3569782,move,377,275,.!frame.!button
demo_session_07,37,1786094476.4069781,move,379,266,.!frame.!button
demo_session_07,37,1786094476.456978,move,376,278,.!frame.!button
demo_session_07,37,1786094476.506978,move,367,266,.!frame.!button
demo_session_07,37,1786094476.556978,move,386,275,.!frame.!button
demo_session_07,37,1786094476.606978,move,386,279,.!frame.!button
demo_session_07,37,1786094476.656978,move,358,288,.!frame.!button
demo_session_07,37,1786094476.7069778,move,374,280,.!frame.!button
demo_session_07,37,1786094476.7569778,move,382,275,.!frame.!button
demo_session_07,37,1786094476.8069777,move,383,287,.!frame.!button
demo_session_07,37,1786094476.8569777,move,383,294,.!frame.!button
demo_session_07,37,1786094476.9069777,move,379,269,.!frame.!button
demo_session_07,37,1786094476.9569776,move,379,284,.!frame.!button
demo_session_07,37,1786094477.0069776,move,357,281,.!frame.!button
demo_session_07,37,1786094477.0569775,move,360,277,.!frame.!button
demo_session_07,37,1786094477.1069775,move,369,289,.!frame.!button
demo_session_07,37,1786094477.1569774,move,369,302,.!frame.!button
demo_session_07,37,1786094477.2069774,move,390,289,.!frame.!button
demo_session_07,37,1786094477.2569773,move,366,305,.!frame.!button
demo_session_07,37,1786094477.3069773,move,371,317,.!frame.!button
demo_session_07,37,1786094477.3569772,move,368,314,.!frame.!button
demo_session_07,37,1786094477.4069772,move,360,308,.!frame.!button
demo_session_07,37,1786094477.4569771,move,356,312,.!frame.!button
demo_session_07,37,1786094477.506977,move,353,312,.!frame.!button
demo_session_07,37,1786094477.556977,move,374,306,.!frame.!button
demo_session_07,37,1786094477.606977,move,334,313,.!frame.!button
demo_session_07,37,1786094477.656977,move,358,302,.!frame.!button
demo_session_07,37,1786094477.706977,move,344,311,.!frame.!button
demo_session_07,37,1786094477.7569768,move,344,323,.!frame.!button
demo_session_07,37,1786094477.8069768,move,359,321,.!frame.!button
demo_session_07,37,1786094477.8569767,move,365,316,.!frame.!button
demo_session_07,37,1786094477.953804,click,351,321,.!frame.!button
demo_session_07,38,1786094477.953804,move,267,134,.!frame.!entry
demo_session_07,38,1786094478.003804,move,266,141,.!frame.!entry
demo_session_07,38,1786094478.053804,move,253,158,.!frame.!entry
demo_session_07,38,1786094478.1038039,move,264,164,.!frame.!entry
demo_session_07,38,1786094478.1538038,move,275,138,.!frame.!entry
demo_session_07,38,1786094478.2038038,move,282,135,.!frame.!entry
demo_session_07,38,1786094478.2538037,move,279,160,.!frame.!entry
demo_session_07,38,1786094478.3038037,move,269,154,.!frame.!entry
demo_session_07,38,1786094478.3538036,move,265,162,.!frame.!entry
demo_session_07,38,1786094478.4038036,move,268,166,.!frame.!entry
demo_session_07,38,1786094478.4538035,move,267,176,.!frame.!entry
demo_session_07,38,1786094478.5038035,move,279,162,.!frame.!entry
demo_session_07,38,1786094478.5538034,move,287,156,.!frame.!entry
demo_session_07,38,1786094478.6038034,move,278,165,.!frame.!entry
demo_session_07,38,1786094478.6538033,move,289,181,.!frame.!entry
demo_session_07,38,1786094478.7038033,move,288,170,.!frame.!entry
demo_session_07,38,1786094478.7538033,move,281,175,.!frame.!entry
demo_session_07,38,1786094478.8038032,move,276,179,.!frame.!entry
demo_session_07,38,1786094478.8538032,move,266,182,.!frame.!entry
demo_session_07,38,1786094478.903803,move,273,160,.!frame.!entry
demo_session_07,38,1786094478.953803,move,291,175,.!frame.!entry
demo_session_07,38,1786094479.003803,move,271,181,.!frame.!entry
demo_session_07,38,1786094479.053803,move,285,192,.!frame.!entry
demo_session_07,38,1786094479.103803,move,282,196,.!frame.!entry
demo_session_07,38,1786094479.1538029,move,275,209,.!frame.!entry
demo_session_07,38,1786094479.2038028,move,273,194,.!frame.!entry
demo_session_07,38,1786094479.2538028,move,290,204,.!frame.!entry
demo_session_07,38,1786094479.3038027,move,281,189,.!frame.!entry
demo_session_07,38,1786094479.3538027,move,286,198,.!frame.!entry
demo_session_07,38,1786094479.4038026,move,288,202,.!frame.!entry
demo_session_07,38,1786094479.4538026,move,279,197,.!frame.!entry
demo_session_07,38,1786094479.5038025,move,293,186,.!frame.!entry
demo_session_07,38,1786094479.5538025,move,281,195,.!frame.!entry
demo_session_07,38,1786094479.6038024,move,302,203,.!frame.!entry
demo_session_07,38,1786094479.6538024,move,298,205,.!frame.!entry
demo_session_07,38,1786094479.7038023,move,303,212,.!frame.!entry
demo_session_07,38,1786094479.7538023,move,287,202,.!frame.!entry
demo_session_07,38,1786094479.8038023,move,296,196,.!frame.!entry
demo_session_07,38,1786094479.8538022,move,278,210,.!frame.!entry
demo_session_07,38,1786094479.9038022,move,299,219,.!frame.!entry
demo_session_07,38,1786094479.953802,move,303,190,.!frame.!entry
demo_session_07,38,1786094480.003802,move,303,198,.!frame.!entry
demo_session_07,38,1786094480.053802,move,299,218,.!frame.!entry
demo_session_07,38,1786094480.103802,move,304,220,.!frame.!entry
demo_session_07,38,1786094480.153802,move,288,209,.!frame.!entry
demo_session_07,38,1786094480.2038019,move,295,197,.!frame.!entry
demo_session_07,38,1786094480.2538018,move,310,200,.!frame.!entry
demo_session_07,38,1786094480.3038018,move,298,210,.!frame.!entry
demo_session_07,38,1786094480.3538017,move,295,216,.!frame.!entry
demo_session_07,38,1786094480.4038017,move,305,226,.!frame.!entry
demo_session_07,38,1786094480.4538016,move,298,224,.!frame.!entry
demo_session_07,38,1786094480.5038016,move,301,237,.!frame.!entry
demo_session_07,38,1786094480.5538015,move,306,239,.!frame.!entry
demo_session_07,38,1786094480.6038015,move,313,238,.!frame.!entry
demo_session_07,38,1786094480.6538014,move,330,223,.!frame.!entry
demo_session_07,38,1786094480.7038014,move,297,242,.!frame.!entry
demo_session_07,38,1786094480.7538013,move,297,227,.!frame.!entry
demo_session_07,38,1786094480.8038013,move,298,239,.!frame.!entry
demo_session_07,38,1786094480.8538013,move,318,229,.!frame.!entry
demo_session_07,38,1786094480.9038012,move,306,240,.!frame.!entry
demo_session_07,38,1786094480.9538012,move,301,224,.!frame.!entry
demo_session_07,38,1786094481.003801,move,296,235,.!frame.!entry
demo_session_07,38,1786094481.053801,move,313,232,.!frame.!entry
demo_session_07,38,1786094481.103801,move,301,231,.!frame.!entry
demo_session_07,38,1786094481.153801,move,306,246,.!frame.!entry
demo_session_07,38,1786094481.203801,move,296,251,.!frame.!entry
demo_session_07,38,1786094481.2538009,move,320,250,.!frame.!entry
demo_session_07,38,1786094481.3038008,move,325,251,.!frame.!entry
demo_session_07,38,1786094481.3538008,move,330,256,.!frame.!entry
demo_session_07,38,1786094481.4038007,move,312,271,.!frame.!entry
demo_session_07,38,1786094481.4538007,move,306,255,.!frame.!entry
demo_session_07,38,1786094481.5038006,move,313,258,.!frame.!entry
demo_session_07,38,1786094481.5538006,move,329,255,.!frame.!entry
demo_session_07,38,1786094481.6038005,move,313,249,.!frame.!entry
demo_session_07,38,1786094481.6538005,move,319,254,.!frame.!entry
demo_session_07,38,1786094481.7038004,move,331,263,.!frame.!entry
demo_session_07,38,1786094481.7538004,move,316,259,.!frame.!entry
demo_session_07,38,1786094481.8038003,move,326,275,.!frame.!entry
demo_session_07,38,1786094481.8538003,move,326,269,.!frame.!entry
demo_session_07,38,1786094481.9038002,move,313,268,.!frame.!button
demo_session_07,38,1786094481.9538002,move,320,271,.!frame.!button
demo_session_07,38,1786094482.0038002,move,332,266,.!frame.!button
demo_session_07,38,1786094482.0538,move,340,275,.!frame.!button
demo_session_07,38,1786094482.1038,move,325,288,.!frame.!button
demo_session_07,38,1786094482.1538,move,330,290,.!frame.!button
demo_session_07,38,1786094482.2038,move,327,271,.!frame.!button
demo_session_07,38,1786094482.2538,move,329,269,.!frame.!button
demo_session_07,38,1786094482.3037999,move,334,281,.!frame.!button
demo_session_07,38,1786094482.3537998,move,331,278,.!frame.!button
demo_session_07,38,1786094482.4037998,move,344,283,.!frame.!button
demo_session_07,38,1786094482.4537997,move,330,280,.!frame.!button
demo_session_07,38,1786094482.5037997,move,339,287,.!frame.!button
demo_session_07,38,1786094482.5537996,move,333,312,.!frame.!button
demo_session_07,38,1786094482.6037996,move,347,282,.!frame.!button
demo_session_07,38,1786094482.6537995,move,347,284,.!frame.!button
demo_session_07,38,1786094482.7037995,move,319,292,.!frame.!button
demo_session_07,38,1786094482.7537994,move,337,288,.!frame.!button
demo_session_07,38,1786094482.8037994,move,340,303,.!frame.!button
demo_session_07,38,1786094482.8537993,move,349,291,.!frame.!button
demo_session_07,38,1786094482.9037993,move,332,294,.!frame.!button
demo_session_07,38,1786094482.9537992,move,347,309,.!frame.!button
demo_session_07,38,1786094483.0037992,move,344,297,.!frame.!button
demo_session_07,38,1786094483.0537992,move,337,310,.!frame.!button
demo_session_07,38,1786094483.103799,move,336,310,.!frame.!button
demo_session_07,38,1786094483.153799,move,354,296,.!frame.!button
demo_session_07,38,1786094483.203799,move,357,318,.!frame.!button
demo_session_07,38,1786094483.253799,move,351,315,.!frame.!button
demo_session_07,38,1786094483.303799,move,341,298,.!frame.!button
demo_session_07,38,1786094483.3537989,move,347,314,.!frame.!button
demo_session_07,38,1786094483.4037988,move,351,308,.!frame.!button
demo_session_07,38,1786094483.4537988,move,351,323,.!frame.!button
demo_session_07,38,1786094483.5037987,move,347,320,.!frame.!button
demo_session_07,38,1786094483.5537987,move,344,336,.!frame.!button
demo_session_07,38,1786094483.624861,click,354,324,.!frame.!button
demo_session_07,39,1786094483.624861,move,465,158,.!frame.!entry
demo_session_07,39,1786094483.674861,move,466,149,.!frame.!entry
demo_session_07,39,1786094483.724861,move,470,155,.!frame.!entry
demo_session_07,39,1786094483.7748609,move,470,156,.!frame.!entry
demo_session_07,39,1786094483.8248608,move,467,159,.!frame.!entry
demo_session_07,39,1786094483.8748608,move,473,159,.!frame.!entry
demo_session_07,39,1786094483.9248607,move,466,154,.!frame.!entry
demo_session_07,39,1786094483.9748607,move,462,137,.!frame.!entry
demo_session_07,39,1786094484.0248606,move,462,180,.!frame.!entry
demo_session_07,39,1786094484.0748606,move,477,154,.!frame.!entry
demo_session_07,39,1786094484.1248605,move,450,168,.!frame.!entry
demo_session_07,39,1786094484.1748605,move,449,170,.!frame.!entry
demo_session_07,39,1786094484.2248604,move,464,164,.!frame.!entry
demo_session_07,39,1786094484.2748604,move,458,176,.!frame.!entry
demo_session_07,39,1786094484.3248603,move,462,164,.!frame.!entry
demo_session_07,39,1786094484.3748603,move,461,188,.!frame.!entry
demo_session_07,39,1786094484.4248602,move,476,180,.!frame.!entry
demo_session_07,39,1786094484.4748602,move,443,176,.!frame.!entry
demo_session_07,39,1786094484.5248601,move,470,194,.!frame.!entry
demo_session_07,39,1786094484.57486,move,470,175,.!frame.!entry
demo_session_07,39,1786094484.62486,move,466,189,.!frame.!entry
demo_session_07,39,1786094484.67486,move,455,183,.!frame.!entry
demo_session_07,39,1786094484.72486,move,460,182,.!frame.!entry
demo_session_07,39,1786094484.77486,move,442,177,.!frame.!entry
demo_session_07,39,1786094484.8248599,move,460,178,.!frame.!entry
demo_session_07,39,1786094484.8748598,move,447,183,.!frame.!entry
demo_session_07,39,1786094484.9248598,move,450,207,.!frame.!entry
demo_session_07,39,1786094484.9748597,move,440,207,.!frame.!entry
demo_session_07,39,1786094485.0248597,move,455,206,.!frame.!entry
demo_session_07,39,1786094485.0748596,move,434,180,.!frame.!entry
demo_session_07,39,1786094485.1248596,move,439,198,.!frame.!entry
demo_session_07,39,1786094485.1748595,move,451,201,.!frame.!entry
demo_session_07,39,1786094485.2248595,move,445,219,.!frame.!entry
demo_session_07,39,1786094485.2748594,move,437,185,.!frame.!entry
demo_session_07,39,1786094485.3248594,move,439,194,.!frame.!entry
demo_session_07,39,1786094485.3748593,move,448,194,.!frame.!entry
demo_session_07,39,1786094485.4248593,move,426,201,.!frame.!entry
demo_session_07,39,1786094485.4748592,move,423,209,.!frame.!entry
demo_session_07,39,1786094485.5248592,move,426,195,.!frame.!entry
demo_session_07,39,1786094485.5748591,move,437,199,.!frame.!entry
demo_session_07,39,1786094485.624859,move,421,208,.!frame.!entry
demo_session_07,39,1786094485.674859,move,427,201,.!frame.!entry
demo_session_07,39,1786094485.724859,move,434,203,.!frame.!entry
demo_session_07,39,1786094485.774859,move,413,218,.!frame.!entry
demo_session_07,39,1786094485.824859,move,416,214,.!frame.!entry
demo_session_07,39,1786094485.8748589,move,423,226,.!frame.!entry
demo_session_07,39,1786094485.9248588,move,429,207,.!frame.!entry
demo_session_07,39,1786094485.9748588,move,434,218,.!frame.!entry
demo_session_07,39,1786094486.0248587,move,419,213,.!frame.!entry
demo_session_07,39,1786094486.0748587,move,422,215,.!frame.!entry
demo_session_07,39,1786094486.1248586,move,430,227,.!frame.!entry
demo_session_07,39,1786094486.1748586,move,403,239,.!frame.!entry
demo_session_07,39,1786094486.2248585,move,436,228,.!frame.!entry
demo_session_07,39,1786094486.2748585,move,411,240,.!frame.!entry
demo_session_07,39,1786094486.3248584,move,413,207,.!frame.!entry
demo_session_07,39,1786094486.3748584,move,431,234,.!frame.!entry
demo_session_07,39,1786094486.4248583,move,418,237,.!frame.!entry
demo_session_07,39,1786094486.4748583,move,439,226,.!frame.!entry
demo_session_07,39,1786094486.5248582,move,415,216,.!frame.!entry
demo_session_07,39,1786094486.5748582,move,424,228,.!frame.!entry
demo_session_07,39,1786094486.6248581,move,422,242,.!frame.!entry
demo_session_07,39,1786094486.674858,move,418,225,.!frame.!entry
demo_session_07,39,1786094486.724858,move,412,215,.!frame.!entry
demo_session_07,39,1786094486.774858,move,425,246,.!frame.!entry
demo_session_07,39,1786094486.824858,move,412,239,.!frame.!entry
demo_session_07,39,1786094486.874858,move,412,227,.!frame.!entry
demo_session_07,39,1786094486.9248579,move,397,244,.!frame.!entry
demo_session_07,39,1786094486.9748578,move,397,229,.!frame.!entry
demo_session_07,39,1786094487.0248578,move,398,260,.!frame.!entry
demo_session_07,39,1786094487.0748577,move,401,218,.!frame.!entry
demo_session_07,39,1786094487.1248577,move,408,247,.!frame.!entry
demo_session_07,39,1786094487.1748576,move,392,259,.!frame.!entry
demo_session_07,39,1786094487.2248576,move,398,246,.!frame.!entry
demo_session_07,39,1786094487.2748575,move,378,227,.!frame.!entry
demo_session_07,39,1786094487.3248575,move,380,251,.!frame.!entry
demo_session_07,39,1786094487.3748574,move,416,253,.!frame.!entry
demo_session_07,39,1786094487.4248574,move,395,258,.!frame.!entry
demo_session_07,39,1786094487.4748573,move,385,264,.!frame.!entry
demo_session_07,39,1786094487.5248573,move,379,257,.!frame.!entry
demo_session_07,39,1786094487.5748572,move,388,258,.!frame.!entry
demo_session_07,39,1786094487.6248572,move,391,258,.!frame.!entry
demo_session_07,39,1786094487.6748571,move,385,255,.!frame.!entry
demo_session_07,39,1786094487.724857,move,375,253,.!frame.!entry
demo_session_07,39,1786094487.774857,move,372,256,.!frame.!entry
demo_session_07,39,1786094487.824857,move,388,267,.!frame.!button
demo_session_07,39,1786094487.874857,move,396,276,.!frame.!button
demo_session_07,39,1786094487.924857,move,398,270,.!frame.!button
demo_session_07,39,1786094487.9748569,move,374,270,.!frame.!button
demo_session_07,39,1786094488.0248568,move,389,268,.!frame.!button
demo_session_07,39,1786094488.0748568,move,380,259,.!frame.!button
demo_session_07,39,1786094488.1248567,move,382,273,.!frame.!button
demo_session_07,39,1786094488.1748567,move,389,276,.!frame.!button
demo_session_07,39,1786094488.2248566,move,371,285,.!frame.!button
demo_session_07,39,1786094488.2748566,move,356,276,.!frame.!button
demo_session_07,39,1786094488.3248565,move,381,278,.!frame.!button
demo_session_07,39,1786094488.3748565,move,386,298,.!frame.!button
demo_session_07,39,1786094488.4248564,move,378,293,.!frame.!button
demo_session_07,39,1786094488.4748564,move,387,283,.!frame.!button
demo_session_07,39,1786094488.5248563,move,386,277,.!frame.!button
demo_session_07,39,1786094488.5748563,move,382,299,.!frame.!button
demo_session_07,39,1786094488.6248562,move,372,288,.!frame.!button
demo_session_07,39,1786094488.6748562,move,339,298,.!frame.!button
demo_session_07,39,1786094488.7248561,move,384,293,.!frame.!button
demo_session_07,39,1786094488.774856,move,385,304,.!frame.!button
demo_session_07,39,1786094488.824856,move,377,311,.!frame.!button
demo_session_07,39,1786094488.874856,move,378,293,.!frame.!button
demo_session_07,39,1786094488.924856,move,365,317,.!frame.!button
demo_session_07,39,1786094488.974856,move,359,316,.!frame.!button
demo_session_07,39,1786094489.0248559,move,365,316,.!frame.!button
demo_session_07,39,1786094489.0748558,move,364,302,.!frame.!button
demo_session_07,39,1786094489.1248558,move,346,295,.!frame.!button
demo_session_07,39,1786094489.1748557,move,365,298,.!frame.!button
demo_session_07,39,1786094489.2248557,move,364,314,.!frame.!button
demo_session_07,39,1786094489.2748556,move,359,317,.!frame.!button
demo_session_07,39,1786094489.3248556,move,348,314,.!frame.!button
demo_session_07,39,1786094489.3748555,move,360,320,.!frame.!button
demo_session_07,39,1786094489.4248555,move,350,312,.!frame.!button
demo_session_07,39,1786094489.4748554,move,353,301,.!frame.!button
demo_session_07,39,1786094489.5248554,move,347,318,.!frame.!button
demo_session_07,39,1786094489.5748553,move,357,297,.!frame.!button
demo_session_07,39,1786094489.6248553,move,345,320,.!frame.!button
demo_session_07,39,1786094489.6899993,click,359,329,.!frame.!button
demo_session_07,40,1786094489.6899993,move,181,146,.!frame.!entry
demo_session_07,40,1786094489.7399993,move,180,155,.!frame.!entry
demo_session_07,40,1786094489.7899992,move,182,172,.!frame.!entry
demo_session_07,40,1786094489.8399992,move,210,164,.!frame.!entry
demo_session_07,40,1786094489.8899992,move,194,159,.!frame.!entry
demo_session_07,40,1786094489.939999,move,192,161,.!frame.!entry
demo_session_07,40,1786094489.989999,move,182,158,.!frame.!entry
demo_session_07,40,1786094490.039999,move,180,180,.!frame.!entry
demo_session_07,40,1786094490.089999,move,197,168,.!frame.!entry
demo_session_07,40,1786094490.139999,move,209,171,.!frame.!entry
demo_session_07,40,1786094490.1899989,move,185,173,.!frame.!entry
demo_session_07,40,1786094490.2399988,move,195,164,.!frame.!entry
demo_session_07,40,1786094490.2899988,move,183,160,.!frame.!entry
demo_session_07,40,1786094490.3399987,move,205,175,.!frame.!entry
demo_session_07,40,1786094490.3899987,move,213,159,.!frame.!entry
demo_session_07,40,1786094490.4399986,move,213,186,.!frame.!entry
demo_session_07,40,1786094490.4899986,move,210,186,.!frame.!entry
demo_session_07,40,1786094490.5399985,move,243,210,.!frame.!entry
demo_session_07,40,1786094490.5899985,move,213,168,.!frame.!entry
demo_session_07,40,1786094490.6399984,move,210,178,.!frame.!entry
demo_session_07,40,1786094490.6899984,move,209,173,.!frame.!entry
demo_session_07,40,1786094490.7399983,move,212,191,.!frame.!entry
demo_session_07,40,1786094490.7899983,move,219,174,.!frame.!entry
demo_session_07,40,1786094490.8399982,move,220,175,.!frame.!entry
demo_session_07,40,1786094490.8899982,move,205,198,.!frame.!entry
demo_session_07,40,1786094490.9399981,move,223,180,.!frame.!entry
demo_session_07,40,1786094490.989998,move,210,172,.!frame.!entry
demo_session_07,40,1786094491.039998,move,219,195,.!frame.!entry
demo_session_07,40,1786094491.089998,move,228,205,.!frame.!entry
demo_session_07,40,1786094491.139998,move,241,191,.!frame.!entry
demo_session_07,40,1786094491.189998,move,228,198,.!frame.!entry
demo_session_07,40,1786094491.2399979,move,237,190,.!frame.!entry
demo_session_07,40,1786094491.2899978,move,219,204,.!frame.!entry
demo_session_07,40,1786094491.3399978,move,238,181,.!frame.!entry
demo_session_07,40,1786094491.3899977,move,213,191,.!frame.!entry
demo_session_07,40,1786094491.4399977,move,228,206,.!frame.!entry
demo_session_07,40,1786094491.4899976,move,240,199,.!frame.!entry
demo_session_07,40,1786094491.5399976,move,231,197,.!frame.!entry
demo_session_07,40,1786094491.5899975,move,252,202,.!frame.!entry
demo_session_07,40,1786094491.6399975,move,238,222,.!frame.!entry
demo_session_07,40,1786094491.6899974,move,234,212,.!frame.!entry
demo_session_07,40,1786094491.7399974,move,252,211,.!frame.!entry
demo_session_07,40,1786094491.7899973,move,248,222,.!frame.!entry
demo_session_07,40,1786094491.8399973,move,239,211,.!frame.!entry
demo_session_07,40,1786094491.8899972,move,267,209,.!frame.!entry
demo_session_07,40,1786094491.9399972,move,251,228,.!frame.!entry
demo_session_07,40,1786094491.9899971,move,258,225,.!frame.!entry
demo_session_07,40,1786094492.039997,move,244,210,.!frame.!entry
demo_session_07,40,1786094492.089997,move,256,234,.!frame.!entry
demo_session_07,40,1786094492.139997,move,249,229,.!frame.!entry
demo_session_07,40,1786094492.189997,move,248,218,.!frame.!entry
demo_session_07,40,1786094492.239997,move,270,257,.!frame.!entry
demo_session_07,40,1786094492.2899969,move,252,231,.!frame.!entry
demo_session_07,40,1786094492.3399968,move,256,219,.!frame.!entry
demo_session_07,40,1786094492.3899968,move,264,224,.!frame.!entry
demo_session_07,40,1786094492.4399967,move,257,229,.!frame.!entry
demo_session_07,40,1786094492.4899967,move,252,236,.!frame.!entry
demo_session_07,40,1786094492.5399966,move,267,220,.!frame.!entry
demo_session_07,40,1786094492.5899966,move,263,253,.!frame.!entry
demo_session_07,40,1786094492.6399965,move,256,238,.!frame.!entry
demo_session_07,40,1786094492.6899965,move,282,251,.!frame.!entry
demo_session_07,40,1786094492.7399964,move,281,248,.!frame.!entry
demo_session_07,40,1786094492.7899964,move,261,248,.!frame.!entry
demo_session_07,40,1786094492.8399963,move,270,242,.!frame.!entry
demo_session_07,40,1786094492.8899963,move,266,233,.!frame.!entry
demo_session_07,40,1786094492.9399962,move,287,233,.!frame.!entry
demo_session_07,40,1786094492.9899962,move,274,267,.!frame.!entry
demo_session_07,40,1786094493.0399961,move,282,256,.!frame.!entry
demo_session_07,40,1786094493.089996,move,291,255,.!frame.!entry
demo_session_07,40,1786094493.139996,move,271,266,.!frame.!entry
demo_session_07,40,1786094493.189996,move,280,274,.!frame.!entry
demo_session_07,40,1786094493.239996,move,275,260,.!frame.!entry
demo_session_07,40,1786094493.289996,move,298,257,.!frame.!entry
demo_session_07,40,1786094493.3399959,move,273,246,.!frame.!entry
demo_session_07,40,1786094493.3899958,move,292,263,.!frame.!entry
demo_session_07,40,1786094493.4399958,move,269,257,.!frame.!entry
demo_session_07,40,1786094493.4899957,move,262,258,.!frame.!entry
demo_session_07,40,1786094493.5399957,move,286,261,.!frame.!entry
demo_session_07,40,1786094493.5899956,move,307,270,.!frame.!entry
demo_session_07,40,1786094493.6399956,move,282,278,.!frame.!entry
demo_session_07,40,1786094493.6899955,move,311,283,.!frame.!entry
demo_session_07,40,1786094493.7399955,move,276,274,.!frame.!entry
demo_session_07,40,1786094493.7899954,move,296,268,.!frame.!entry
demo_session_07,40,1786094493.8399954,move,301,272,.!frame.!entry
demo_session_07,40,1786094493.8899953,move,303,281,.!frame.!button
demo_session_07,40,1786094493.9399953,move,315,256,.!frame.!button
demo_session_07,40,1786094493.9899952,move,319,268,.!frame.!button
demo_session_07,40,1786094494.0399952,move,316,283,.!frame.!button
demo_session_07,40,1786094494.0899951,move,304,281,.!frame.!button
demo_session_07,40,1786094494.139995,move,318,270,.!frame.!button
demo_session_07,40,1786094494.189995,move,314,283,.!frame.!button
demo_session_07,40,1786094494.239995,move,305,280,.!frame.!button
demo_session_07,40,1786094494.289995,move,313,285,.!frame.!button
demo_session_07,40,1786094494.339995,move,318,279,.!frame.!button
demo_session_07,40,1786094494.3899949,move,312,286,.!frame.!button
demo_session_07,40,1786094494.4399948,move,311,301,.!frame.!button
demo_session_07,40,1786094494.4899948,move,301,277,.!frame.!button
demo_session_07,40,1786094494.5399947,move,306,308,.!frame.!button
demo_session_07,40,1786094494.5899947,move,343,278,.!frame.!button
demo_session_07,40,1786094494.6399946,move,312,289,.!frame.!button
demo_session_07,40,1786094494.6899946,move,344,302,.!frame.!button
demo_session_07,40,1786094494.7399945,move,331,284,.!frame.!button
demo_session_07,40,1786094494.7899945,move,323,308,.!frame.!button
demo_session_07,40,1786094494.8399944,move,322,309,.!frame.!button
demo_session_07,40,1786094494.8899944,move,341,284,.!frame.!button
demo_session_07,40,1786094494.9399943,move,325,285,.!frame.!button
demo_session_07,40,1786094494.9899943,move,336,311,.!frame.!button
demo_session_07,40,1786094495.0399942,move,324,304,.!frame.!button
demo_session_07,40,1786094495.0899942,move,326,286,.!frame.!button
demo_session_07,40,1786094495.1399941,move,323,317,.!frame.!button
demo_session_07,40,1786094495.189994,move,335,307,.!frame.!button
demo_session_07,40,1786094495.239994,move,345,325,.!frame.!button
demo_session_07,40,1786094495.289994,move,348,314,.!frame.!button
demo_session_07,40,1786094495.339994,move,337,327,.!frame.!button
demo_session_07,40,1786094495.389994,move,324,324,.!frame.!button
demo_session_07,40,1786094495.4399939,move,347,323,.!frame.!button
demo_session_07,40,1786094495.4899938,move,348,324,.!frame.!button
demo_session_07,40,1786094495.5399938,move,353,301,.!frame.!button
demo_session_07,40,1786094495.5899937,move,333,334,.!frame.!button
demo_session_07,40,1786094495.6399937,move,348,318,.!frame.!button
demo_session_07,40,1786094495.6943498,click,346,316,.!frame.!button
demo_session_07,41,1786094515.6096756,move,354,195,.!frame.!entry
demo_session_07,41,1786094515.6596756,move,379,204,.!frame.!entry
demo_session_07,41,1786094515.7096756,move,378,216,.!frame.!entry
demo_session_07,41,1786094515.7596755,move,340,214,.!frame.!entry
demo_session_07,41,1786094515.8096755,move,345,213,.!frame.!entry
demo_session_07,41,1786094515.8596754,move,352,215,.!frame.!entry
demo_session_07,41,1786094515.9096754,move,362,212,.!frame.!entry
demo_session_07,41,1786094515.9596753,move,372,213,.!frame.!entry
demo_session_07,41,1786094516.0096753,move,362,219,.!frame.!entry
demo_session_07,41,1786094516.0596752,move,356,211,.!frame.!entry
demo_session_07,41,1786094516.1096752,move,358,214,.!frame.!entry
demo_session_07,41,1786094516.1596751,move,364,227,.!frame.!entry
demo_session_07,41,1786094516.209675,move,365,214,.!frame.!entry
demo_session_07,41,1786094516.259675,move,356,206,.!frame.!entry
demo_session_07,41,1786094516.309675,move,354,209,.!frame.!entry
demo_session_07,41,1786094516.359675,move,356,242,.!frame.!entry
demo_session_07,41,1786094516.409675,move,361,232,.!frame.!entry
demo_session_07,41,1786094516.4596748,move,331,230,.!frame.!entry
demo_session_07,41,1786094516.5096748,move,375,206,.!frame.!entry
demo_session_07,41,1786094516.5596747,move,350,220,.!frame.!entry
demo_session_07,41,1786094516.6096747,move,361,243,.!frame.!entry
demo_session_07,41,1786094516.6596746,move,355,221,.!frame.!entry
demo_session_07,41,1786094516.7096746,move,355,233,.!frame.!entry
demo_session_07,41,1786094516.7596745,move,363,237,.!frame.!entry
demo_session_07,41,1786094516.8096745,move,339,234,.!frame.!entry
demo_session_07,41,1786094516.8596745,move,360,239,.!frame.!entry
demo_session_07,41,1786094516.9096744,move,354,232,.!frame.!entry
demo_session_07,41,1786094516.9596744,move,349,227,.!frame.!entry
demo_session_07,41,1786094517.0096743,move,379,233,.!frame.!entry
demo_session_07,41,1786094517.0596743,move,361,242,.!frame.!entry
demo_session_07,41,1786094517.1096742,move,347,222,.!frame.!entry
demo_session_07,41,1786094517.1596742,move,360,219,.!frame.!entry
demo_session_07,41,1786094517.2096741,move,347,223,.!frame.!entry
demo_session_07,41,1786094517.259674,move,352,235,.!frame.!entry
demo_session_07,41,1786094517.309674,move,373,248,.!frame.!entry
demo_session_07,41,1786094517.359674,move,370,258,.!frame.!entry
demo_session_07,41,1786094517.409674,move,368,249,.!frame.!entry
demo_session_07,41,1786094517.459674,move,368,222,.!frame.!entry
demo_session_07,41,1786094517.5096738,move,347,234,.!frame.!entry
demo_session_07,41,1786094517.5596738,move,358,229,.!frame.!entry
demo_session_07,41,1786094517.6096737,move,346,242,.!frame.!entry
demo_session_07,41,1786094517.6596737,move,358,252,.!frame.!entry
demo_session_07,41,1786094517.7096736,move,363,235,.!frame.!entry
demo_session_07,41,1786094517.7596736,move,360,241,.!frame.!entry
demo_session_07,41,1786094517.8096735,move,360,249,.!frame.!entry
demo_session_07,41,1786094517.8596735,move,360,263,.!frame.!entry
demo_session_07,41,1786094517.9096735,move,337,241,.!frame.!entry
demo_session_07,41,1786094517.9596734,move,375,255,.!frame.!entry
demo_session_07,41,1786094518.0096734,move,348,265,.!frame.!entry
demo_session_07,41,1786094518.0596733,move,384,244,.!frame.!entry
demo_session_07,41,1786094518.1096733,move,348,233,.!frame.!entry
demo_session_07,41,1786094518.1596732,move,366,238,.!frame.!entry
demo_session_07,41,1786094518.2096732,move,343,244,.!frame.!entry
demo_session_07,41,1786094518.259673,move,341,252,.!frame.!entry
demo_session_07,41,1786094518.309673,move,366,273,.!frame.!entry
demo_session_07,41,1786094518.359673,move,372,248,.!frame.!entry
demo_session_07,41,1786094518.409673,move,352,259,.!frame.!entry
demo_session_07,41,1786094518.459673,move,377,262,.!frame.!entry
demo_session_07,41,1786094518.5096729,move,368,285,.!frame.!entry
demo_session_07,41,1786094518.5596728,move,371,257,.!frame.!entry
demo_session_07,41,1786094518.6096728,move,346,262,.!frame.!entry
demo_session_07,41,1786094518.6596727,move,345,264,.!frame.!entry
demo_session_07,41,1786094518.7096727,move,365,269,.!frame.!entry
demo_session_07,41,1786094518.7596726,move,379,253,.!frame.!entry
demo_session_07,41,1786094518.8096726,move,350,278,.!frame.!entry
demo_session_07,41,1786094518.8596725,move,358,269,.!frame.!entry
demo_session_07,41,1786094518.9096725,move,364,263,.!frame.!entry
demo_session_07,41,1786094518.9596725,move,350,269,.!frame.!entry
demo_session_07,41,1786094519.0096724,move,370,255,.!frame.!entry
demo_session_07,41,1786094519.0596724,move,366,268,.!frame.!entry
demo_session_07,41,1786094519.1096723,move,359,256,.!frame.!entry
demo_session_07,41,1786094519.1596723,move,347,260,.!frame.!entry
demo_session_07,41,1786094519.2096722,move,371,267,.!frame.!entry
demo_session_07,41,1786094519.2596722,move,353,289,.!frame.!entry
demo_session_07,41,1786094519.309672,move,358,259,.!frame.!entry
demo_session_07,41,1786094519.359672,move,368,287,.!frame.!entry
demo_session_07,41,1786094519.409672,move,363,291,.!frame.!entry
demo_session_07,41,1786094519.459672,move,355,275,.!frame.!entry
demo_session_07,41,1786094519.509672,move,361,277,.!frame.!entry
demo_session_07,41,1786094519.5596719,move,367,290,.!frame.!entry
demo_session_07,41,1786094519.6096718,move,358,289,.!frame.!entry
demo_session_07,41,1786094519.6596718,move,344,291,.!frame.!entry
demo_session_07,41,1786094519.7096717,move,365,280,.!frame.!button
demo_session_07,41,1786094519.7596717,move,348,285,.!frame.!button
demo_session_07,41,1786094519.8096716,move,347,270,.!frame.!button
demo_session_07,41,1786094519.8596716,move,353,307,.!frame.!button
demo_session_07,41,1786094519.9096715,move,339,297,.!frame.!button
demo_session_07,41,1786094519.9596715,move,341,292,.!frame.!button
demo_session_07,41,1786094520.0096714,move,356,283,.!frame.!button
demo_session_07,41,1786094520.0596714,move,354,298,.!frame.!button
demo_session_07,41,1786094520.1096714,move,351,296,.!frame.!button
demo_session_07,41,1786094520.1596713,move,356,297,.!frame.!button
demo_session_07,41,1786094520.2096713,move,344,283,.!frame.!button
demo_session_07,41,1786094520.2596712,move,362,286,.!frame.!button
demo_session_07,41,1786094520.3096712,move,352,302,.!frame.!button
demo_session_07,41,1786094520.359671,move,350,291,.!frame.!button
demo_session_07,41,1786094520.409671,move,344,311,.!frame.!button
demo_session_07,41,1786094520.459671,move,357,293,.!frame.!button
demo_session_07,41,1786094520.509671,move,351,288,.!frame.!button
demo_session_07,41,1786094520.559671,move,345,294,.!frame.!button
demo_session_07,41,1786094520.6096709,move,341,303,.!frame.!button
demo_session_07,41,1786094520.6596708,move,342,310,.!frame.!button
demo_session_07,41,1786094520.7096708,move,347,292,.!frame.!button
demo_session_07,41,1786094520.7596707,move,348,309,.!frame.!button
demo_session_07,41,1786094520.8096707,move,355,297,.!frame.!button
demo_session_07,41,1786094520.8596706,move,345,325,.!frame.!button
demo_session_07,41,1786094520.9096706,move,354,316,.!frame.!button
demo_session_07,41,1786094520.9596705,move,358,315,.!frame.!button
demo_session_07,41,1786094521.0096705,move,345,280,.!frame.!button
demo_session_07,41,1786094521.0596704,move,359,312,.!frame.!button
demo_session_07,41,1786094521.1096704,move,352,314,.!frame.!button
demo_session_07,41,1786094521.1596704,move,361,339,.!frame.!button
demo_session_07,41,1786094521.2096703,move,371,334,.!frame.!button
demo_session_07,41,1786094521.2596703,move,333,321,.!frame.!button
demo_session_07,41,1786094521.3096702,move,363,312,.!frame.!button
demo_session_07,41,1786094521.3596702,move,356,322,.!frame.!button
demo_session_07,41,1786094521.40967,move,347,327,.!frame.!button
demo_session_07,41,1786094521.482159,click,362,332,.!frame.!button
demo_session_07,42,1786094521.482159,move,579,185,.!frame.!entry
demo_session_07,42,1786094521.5321589,move,575,182,.!frame.!entry
demo_session_07,42,1786094521.5821588,move,568,193,.!frame.!entry
demo_session_07,42,1786094521.6321588,move,569,185,.!frame.!entry
demo_session_07,42,1786094521.6821587,move,570,192,.!frame.!entry
demo_session_07,42,1786094521.7321587,move,566,175,.!frame.!entry
demo_session_07,42,1786094521.7821586,move,566,163,.!frame.!entry
demo_session_07,42,1786094521.8321586,move,560,191,.!frame.!entry
demo_session_07,42,1786094521.8821585,move,559,178,.!frame.!entry
demo_session_07,42,1786094521.9321585,move,530,197,.!frame.!entry
demo_session_07,42,1786094521.9821584,move,548,190,.!frame.!entry
demo_session_07,42,1786094522.0321584,move,564,209,.!frame.!entry
demo_session_07,42,1786094522.0821583,move,538,217,.!frame.!entry
demo_session_07,42,1786094522.1321583,move,552,188,.!frame.!entry
demo_session_07,42,1786094522.1821582,move,535,194,.!frame.!entry
demo_session_07,42,1786094522.2321582,move,548,216,.!frame.!entry
demo_session_07,42,1786094522.2821581,move,539,200,.!frame.!entry
demo_session_07,42,1786094522.332158,move,529,195,.!frame.!entry
demo_session_07,42,1786094522.382158,move,554,202,.!frame.!entry
demo_session_07,42,1786094522.432158,move,538,208,.!frame.!entry
demo_session_07,42,1786094522.482158,move,521,191,.!frame.!entry
demo_session_07,42,1786094522.532158,move,533,210,.!frame.!entry
demo_session_07,42,1786094522.5821579,move,522,215,.!frame.!entry
demo_session_07,42,1786094522.6321578,move,530,204,.!frame.!entry
demo_session_07,42,1786094522.6821578,move,529,198,.!frame.!entry
demo_session_07,42,1786094522.7321577,move,527,211,.!frame.!entry
demo_session_07,42,1786094522.7821577,move,537,205,.!frame.!entry
demo_session_07,42,1786094522.8321576,move,524,214,.!frame.!entry
demo_session_07,42,1786094522.8821576,move,503,237,.!frame.!entry
demo_session_07,42,1786094522.9321575,move,527,205,.!frame.!entry
demo_session_07,42,1786094522.9821575,move,514,226,.!frame.!entry
demo_session_07,42,1786094523.0321574,move,497,230,.!frame.!entry
demo_session_07,42,1786094523.0821574,move,515,220,.!frame.!entry
demo_session_07,42,1786094523.1321573,move,522,215,.!frame.!entry
demo_session_07,42,1786094523.1821573,move,529,197,.!frame.!entry
demo_session_07,42,1786094523.2321572,move,513,212,.!frame.!entry
demo_session_07,42,1786094523.2821572,move,500,242,.!frame.!entry
demo_session_07,42,1786094523.3321571,move,505,216,.!frame.!entry
demo_session_07,42,1786094523.382157,move,518,217,.!frame.!entry
demo_session_07,42,1786094523.432157,move,525,230,.!frame.!entry
demo_session_07,42,1786094523.482157,move,509,235,.!frame.!entry
demo_session_07,42,1786094523.532157,move,491,212,.!frame.!entry
demo_session_07,42,1786094523.582157,move,493,231,.!frame.!entry
demo_session_07,42,1786094523.6321568,move,496,205,.!frame.!entry
demo_session_07,42,1786094523.6821568,move,501,227,.!frame.!entry
demo_session_07,42,1786094523.7321568,move,497,225,.!frame.!entry
demo_session_07,42,1786094523.7821567,move,502,226,.!frame.!entry
demo_session_07,42,1786094523.8321567,move,502,236,.!frame.!entry
demo_session_07,42,1786094523.8821566,move,482,225,.!frame.!entry
demo_session_07,42,1786094523.9321566,move,492,247,.!frame.!entry
demo_session_07,42,1786094523.9821565,move,501,240,.!frame.!entry
demo_session_07,42,1786094524.0321565,move,482,211,.!frame.!entry
demo_session_07,42,1786094524.0821564,move,507,232,.!frame.!entry
demo_session_07,42,1786094524.1321564,move,481,230,.!frame.!entry
demo_session_07,42,1786094524.1821563,move,482,250,.!frame.!entry
demo_session_07,42,1786094524.2321563,move,484,263,.!frame.!entry
demo_session_07,42,1786094524.2821562,move,478,223,.!frame.!entry
demo_session_07,42,1786094524.3321562,move,470,246,.!frame.!entry
demo_session_07,42,1786094524.3821561,move,465,216,.!frame.!entry
demo_session_07,42,1786094524.432156,move,479,253,.!frame.!entry
demo_session_07,42,1786094524.482156,move,469,233,.!frame.!entry
demo_session_07,42,1786094524.532156,move,462,237,.!frame.!entry
demo_session_07,42,1786094524.582156,move,473,236,.!frame.!entry
demo_session_07,42,1786094524.632156,move,447,232,.!frame.!entry
demo_session_07,42,1786094524.6821558,move,455,243,.!frame.!entry
demo_session_07,42,1786094524.7321558,move,473,242,.!frame.!entry
demo_session_07,42,1786094524.7821558,move,457,234,.!frame.!entry
demo_session_07,42,1786094524.8321557,move,451,241,.!frame.!entry
demo_session_07,42,1786094524.8821557,move,479,249,.!frame.!entry
demo_session_07,42,1786094524.9321556,move,450,228,.!frame.!entry
demo_session_07,42,1786094524.9821556,move,470,231,.!frame.!entry
demo_session_07,42,1786094525.0321555,move,459,255,.!frame.!entry
demo_session_07,42,1786094525.0821555,move,463,281,.!frame.!entry
demo_session_07,42,1786094525.1321554,move,460,256,.!frame.!entry
demo_session_07,42,1786094525.1821554,move,459,244,.!frame.!entry
demo_session_07,42,1786094525.2321553,move,451,273,.!frame.!entry
demo_session_07,42,1786094525.2821553,move,455,258,.!frame.!entry
demo_session_07,42,1786094525.3321552,move,452,285,.!frame.!entry
demo_session_07,42,1786094525.3821552,move,435,257,.!frame.!entry
demo_session_07,42,1786094525.4321551,move,463,263,.!frame.!entry
demo_session_07,42,1786094525.482155,move,461,264,.!frame.!entry
demo_session_07,42,1786094525.532155,move,437,277,.!frame.!entry
demo_session_07,42,1786094525.582155,move,438,257,.!frame.!entry
demo_session_07,42,1786094525.632155,move,446,268,.!frame.!entry
demo_session_07,42,1786094525.682155,move,442,271,.!frame.!entry
demo_session_07,42,1786094525.7321548,move,439,252,.!frame.!entry
demo_session_07,42,1786094525.7821548,move,425,262,.!frame.!entry
demo_session_07,42,1786094525.8321548,move,422,276,.!frame.!entry
demo_session_07,42,1786094525.8821547,move,446,262,.!frame.!entry
demo_session_07,42,1786094525.9321547,move,431,254,.!frame.!entry
demo_session_07,42,1786094525.9821546,move,429,268,.!frame.!entry
demo_session_07,42,1786094526.0321546,move,422,256,.!frame.!entry
demo_session_07,42,1786094526.0821545,move,426,254,.!frame.!entry
demo_session_07,42,1786094526.1321545,move,416,256,.!frame.!entry
demo_session_07,42,1786094526.1821544,move,438,278,.!frame.!entry
demo_session_07,42,1786094526.2321544,move,424,282,.!frame.!entry
demo_session_07,42,1786094526.2821543,move,416,278,.!frame.!entry
demo_session_07,42,1786094526.3321543,move,423,274,.!frame.!entry
demo_session_07,42,1786094526.3821542,move,420,274,.!frame.!entry
demo_session_07,42,1786094526.4321542,move,428,264,.!frame.!entry
demo_session_07,42,1786094526.4821541,move,408,261,.!frame.!entry
demo_session_07,42,1786094526.532154,move,404,254,.!frame.!entry
demo_session_07,42,1786094526.582154,move,425,271,.!frame.!entry
demo_session_07,42,1786094526.632154,move,410,281,.!frame.!entry
demo_session_07,42,1786094526.682154,move,419,294,.!frame.!button
demo_session_07,42,1786094526.732154,move,394,287,.!frame.!button
demo_session_07,42,1786094526.7821538,move,421,279,.!frame.!button
demo_session_07,42,1786094526.8321538,move,401,275,.!frame.!button
demo_session_07,42,1786094526.8821537,move,413,292,.!frame.!button
demo_session_07,42,1786094526.9321537,move,408,281,.!frame.!button
demo_session_07,42,1786094526.9821537,move,394,293,.!frame.!button
demo_session_07,42,1786094527.0321536,move,398,287,.!frame.!button
demo_session_07,42,1786094527.0821536,move,393,299,.!frame.!button
demo_session_07,42,1786094527.1321535,move,386,279,.!frame.!button
demo_session_07,42,1786094527.1821535,move,375,276,.!frame.!button
demo_session_07,42,1786094527.2321534,move,397,300,.!frame.!button
demo_session_07,42,1786094527.2821534,move,392,289,.!frame.!button
demo_session_07,42,1786094527.3321533,move,382,285,.!frame.!button
demo_session_07,42,1786094527.3821533,move,376,288,.!frame.!button
demo_session_07,42,1786094527.4321532,move,402,305,.!frame.!button
demo_session_07,42,1786094527.4821532,move,386,312,.!frame.!button
demo_session_07,42,1786094527.5321531,move,404,298,.!frame.!button
demo_session_07,42,1786094527.582153,move,388,301,.!frame.!button
demo_session_07,42,1786094527.632153,move,381,295,.!frame.!button
demo_session_07,42,1786094527.682153,move,394,299,.!frame.!button
demo_session_07,42,1786094527.732153,move,395,311,.!frame.!button
demo_session_07,42,1786094527.782153,move,389,302,.!frame.!button
demo_session_07,42,1786094527.8321528,move,385,299,.!frame.!button
demo_session_07,42,1786094527.8821528,move,375,312,.!frame.!button
demo_session_07,42,1786094527.9321527,move,371,292,.!frame.!button
demo_session_07,42,1786094527.9821527,move,377,310,.!frame.!button
demo_session_07,42,1786094528.0321527,move,374,300,.!frame.!button
demo_session_07,42,1786094528.0821526,move,366,311,.!frame.!button
demo_session_07,42,1786094528.1321526,move,356,313,.!frame.!button
demo_session_07,42,1786094528.1821525,move,364,326,.!frame.!button
demo_session_07,42,1786094528.2321525,move,370,328,.!frame.!button
demo_session_07,42,1786094528.2821524,move,381,309,.!frame.!button
demo_session_07,42,1786094528.3321524,move,352,303,.!frame.!button
demo_session_07,42,1786094528.3821523,move,372,292,.!frame.!button
demo_session_07,42,1786094528.4321523,move,372,318,.!frame.!button
demo_session_07,42,1786094528.4821522,move,354,326,.!frame.!button
demo_session_07,42,1786094528.5321522,move,357,311,.!frame.!button
demo_session_07,42,1786094528.5821521,move,374,309,.!frame.!button
demo_session_07,42,1786094528.632152,move,355,303,.!frame.!button
demo_session_07,42,1786094528.682152,move,349,314,.!frame.!button
demo_session_07,42,1786094528.732152,move,322,313,.!frame.!button
demo_session_07,42,1786094528.782152,move,346,326,.!frame.!button
demo_session_07,42,1786094528.832152,move,346,314,.!frame.!button
demo_session_07,42,1786094528.8821518,move,351,320,.!frame.!button
demo_session_07,42,1786094528.9674194,click,342,312,.!frame.!button
demo_session_07,43,1786094528.9674194,move,373,247,.!frame.!entry
demo_session_07,43,1786094529.0174193,move,384,276,.!frame.!entry
demo_session_07,43,1786094529.0674193,move,374,252,.!frame.!entry
demo_session_07,43,1786094529.1174192,move,375,259,.!frame.!entry
demo_session_07,43,1786094529.1674192,move,390,243,.!frame.!entry
demo_session_07,43,1786094529.2174191,move,375,255,.!frame.!entry
demo_session_07,43,1786094529.267419,move,382,255,.!frame.!entry
demo_session_07,43,1786094529.317419,move,375,248,.!frame.!entry
demo_session_07,43,1786094529.367419,move,368,256,.!frame.!entry
demo_session_07,43,1786094529.417419,move,356,258,.!frame.!entry
demo_session_07,43,1786094529.467419,move,360,253,.!frame.!entry
demo_session_07,43,1786094529.5174189,move,364,250,.!frame.!entry
demo_session_07,43,1786094529.5674188,move,373,254,.!frame.!entry
demo_session_07,43,1786094529.6174188,move,357,261,.!frame.!entry
demo_session_07,43,1786094529.6674187,move,379,262,.!frame.!entry
demo_session_07,43,1786094529.7174187,move,376,240,.!frame.!entry
demo_session_07,43,1786094529.7674186,move,371,267,.!frame.!entry
demo_session_07,43,1786094529.8174186,move,370,253,.!frame.!entry
demo_session_07,43,1786094529.8674185,move,337,251,.!frame.!entry
demo_session_07,43,1786094529.9174185,move,358,260,.!frame.!entry
demo_session_07,43,1786094529.9674184,move,371,246,.!frame.!entry
demo_session_07,43,1786094530.0174184,move,350,253,.!frame.!entry
demo_session_07,43,1786094530.0674183,move,367,261,.!frame.!entry
demo_session_07,43,1786094530.1174183,move,358,244,.!frame.!entry
demo_session_07,43,1786094530.1674182,move,373,271,.!frame.!entry
demo_session_07,43,1786094530.2174182,move,369,252,.!frame.!entry
demo_session_07,43,1786094530.2674181,move,365,279,.!frame.!entry
demo_session_07,43,1786094530.317418,move,348,262,.!frame.!entry
demo_session_07,43,1786094530.367418,move,362,253,.!frame.!entry
demo_session_07,43,1786094530.417418,move,370,270,.!frame.!entry
demo_session_07,43,1786094530.467418,move,364,252,.!frame.!entry
demo_session_07,43,1786094530.517418,move,361,249,.!frame.!entry
demo_session_07,43,1786094530.5674179,move,358,264,.!frame.!entry
demo_session_07,43,1786094530.6174178,move,362,258,.!frame.!entry
demo_session_07,43,1786094530.6674178,move,377,240,.!frame.!entry
demo_session_07,43,1786094530.7174177,move,360,270,.!frame.!entry
demo_session_07,43,1786094530.7674177,move,355,287,.!frame.!entry
demo_session_07,43,1786094530.8174176,move,342,255,.!frame.!entry
demo_session_07,43,1786094530.8674176,move,363,247,.!frame.!entry
demo_session_07,43,1786094530.9174175,move,364,255,.!frame.!entry
demo_session_07,43,1786094530.9674175,move,348,263,.!frame.!entry
demo_session_07,43,1786094531.0174174,move,381,270,.!frame.!entry
demo_session_07,43,1786094531.0674174,move,343,271,.!frame.!entry
demo_session_07,43,1786094531.1174173,move,359,269,.!frame.!entry
demo_session_07,43,1786094531.1674173,move,379,275,.!frame.!entry
demo_session_07,43,1786094531.2174172,move,357,259,.!frame.!entry
demo_session_07,43,1786094531.2674172,move,357,278,.!frame.!entry
demo_session_07,43,1786094531.3174171,move,366,262,.!frame.!entry
demo_session_07,43,1786094531.367417,move,358,277,.!frame.!entry
demo_session_07,43,1786094531.417417,move,350,276,.!frame.!entry
demo_session_07,43,1786094531.467417,move,355,267,.!frame.!entry
demo_session_07,43,1786094531.517417,move,351,285,.!frame.!entry
demo_session_07,43,1786094531.567417,move,365,275,.!frame.!entry
demo_session_07,43,1786094531.6174169,move,341,254,.!frame.!entry
demo_session_07,43,1786094531.6674168,move,363,276,.!frame.!entry
demo_session_07,43,1786094531.7174168,move,363,279,.!frame.!entry
demo_session_07,43,1786094531.7674167,move,373,271,.!frame.!entry
demo_session_07,43,1786094531.8174167,move,375,271,.!frame.!entry
demo_session_07,43,1786094531.8674166,move,359,282,.!frame.!entry
demo_session_07,43,1786094531.9174166,move,354,258,.!frame.!entry
demo_session_07,43,1786094531.9674165,move,359,261,.!frame.!entry
demo_session_07,43,1786094532.0174165,move,380,272,.!frame.!entry
demo_session_07,43,1786094532.0674164,move,361,291,.!frame.!entry
demo_session_07,43,1786094532.1174164,move,383,291,.!frame.!entry
demo_session_07,43,1786094532.1674163,move,342,270,.!frame.!entry
demo_session_07,43,1786094532.2174163,move,348,298,.!frame.!entry
demo_session_07,43,1786094532.2674162,move,383,292,.!frame.!entry
demo_session_07,43,1786094532.3174162,move,360,285,.!frame.!entry
demo_session_07,43,1786094532.3674161,move,359,276,.!frame.!entry
demo_session_07,43,1786094532.417416,move,365,281,.!frame.!entry
demo_session_07,43,1786094532.467416,move,346,286,.!frame.!entry
demo_session_07,43,1786094532.517416,move,379,275,.!frame.!entry
demo_session_07,43,1786094532.567416,move,361,298,.!frame.!entry
demo_session_07,43,1786094532.617416,move,353,279,.!frame.!entry
demo_session_07,43,1786094532.6674159,move,350,288,.!frame.!entry
demo_session_07,43,1786094532.7174158,move,359,277,.!frame.!entry
demo_session_07,43,1786094532.7674158,move,369,299,.!frame.!entry
demo_session_07,43,1786094532.8174157,move,351,282,.!frame.!entry
demo_session_07,43,1786094532.8674157,move,363,287,.!frame.!entry
demo_session_07,43,1786094532.9174156,move,354,289,.!frame.!entry
demo_session_07,43,1786094532.9674156,move,346,286,.!frame.!entry
demo_session_07,43,1786094533.0174155,move,372,299,.!frame.!entry
demo_session_07,43,1786094533.0674155,move,349,282,.!frame.!entry
demo_session_07,43,1786094533.1174154,move,368,288,.!frame.!entry
demo_session_07,43,1786094533.1674154,move,365,275,.!frame.!entry
demo_session_07,43,1786094533.2174153,move,363,291,.!frame.!entry
demo_session_07,43,1786094533.2674153,move,387,305,.!frame.!entry
demo_session_07,43,1786094533.3174152,move,364,280,.!frame.!entry
demo_session_07,43,1786094533.3674152,move,369,307,.!frame.!entry
demo_session_07,43,1786094533.4174151,move,368,288,.!frame.!entry
demo_session_07,43,1786094533.467415,move,351,296,.!frame.!entry
demo_session_07,43,1786094533.517415,move,344,266,.!frame.!entry
demo_session_07,43,1786094533.567415,move,368,276,.!frame.!entry
demo_session_07,43,1786094533.617415,move,360,289,.!frame.!entry
demo_session_07,43,1786094533.667415,move,359,324,.!frame.!entry
demo_session_07,43,1786094533.7174149,move,361,299,.!frame.!entry
demo_session_07,43,1786094533.7674148,move,344,297,.!frame.!entry
demo_session_07,43,1786094533.8174148,move,363,296,.!frame.!entry
demo_session_07,43,1786094533.8674147,move,360,330,.!frame.!entry
demo_session_07,43,1786094533.9174147,move,366,301,.!frame.!entry
demo_session_07,43,1786094533.9674146,move,347,292,.!frame.!entry
demo_session_07,43,1786094534.0174146,move,368,292,.!frame.!entry
demo_session_07,43,1786094534.0674145,move,347,319,.!frame.!entry
demo_session_07,43,1786094534.1174145,move,362,280,.!frame.!entry
demo_session_07,43,1786094534.1674144,move,360,303,.!frame.!entry
demo_session_07,43,1786094534.2174144,move,327,292,.!frame.!entry
demo_session_07,43,1786094534.2674143,move,339,307,.!frame.!entry
demo_session_07,43,1786094534.3174143,move,348,261,.!frame.!entry
demo_session_07,43,1786094534.3674142,move,351,300,.!frame.!entry
demo_session_07,43,1786094534.4174142,move,356,304,.!frame.!entry
demo_session_07,43,1786094534.4674141,move,365,312,.!frame.!button
demo_session_07,43,1786094534.517414,move,362,300,.!frame.!button
demo_session_07,43,1786094534.567414,move,366,306,.!frame.!button
demo_session_07,43,1786094534.617414,move,368,302,.!frame.!button
demo_session_07,43,1786094534.667414,move,362,284,.!frame.!button
demo_session_07,43,1786094534.717414,move,363,306,.!frame.!button
demo_session_07,43,1786094534.7674139,move,338,314,.!frame.!button
demo_session_07,43,1786094534.8174138,move,350,280,.!frame.!button
demo_session_07,43,1786094534.8674138,move,359,305,.!frame.!button
demo_session_07,43,1786094534.9174137,move,361,284,.!frame.!button
demo_session_07,43,1786094534.9674137,move,336,317,.!frame.!button
demo_session_07,43,1786094535.0174136,move,368,310,.!frame.!button
demo_session_07,43,1786094535.0674136,move,358,319,.!frame.!button
demo_session_07,43,1786094535.1174135,move,358,301,.!frame.!button
demo_session_07,43,1786094535.1674135,move,341,291,.!frame.!button
demo_session_07,43,1786094535.2174134,move,350,311,.!frame.!button
demo_session_07,43,1786094535.2674134,move,358,293,.!frame.!button
demo_session_07,43,1786094535.3174133,move,358,293,.!frame.!button
demo_session_07,43,1786094535.3674133,move,365,298,.!frame.!button
demo_session_07,43,1786094535.4174132,move,357,317,.!frame.!button
demo_session_07,43,1786094535.4674132,move,357,313,.!frame.!button
demo_session_07,43,1786094535.5174131,move,332,311,.!frame.!button
demo_session_07,43,1786094535.567413,move,352,303,.!frame.!button
demo_session_07,43,1786094535.617413,move,343,310,.!frame.!button
demo_session_07,43,1786094535.667413,move,347,289,.!frame.!button
demo_session_07,43,1786094535.717413,move,363,327,.!frame.!button
demo_session_07,43,1786094535.767413,move,343,309,.!frame.!button
demo_session_07,43,1786094535.8174129,move,357,326,.!frame.!button
demo_session_07,43,1786094535.8674128,move,339,292,.!frame.!button
demo_session_07,43,1786094535.9174128,move,357,333,.!frame.!button
demo_session_07,43,1786094535.9674127,move,346,306,.!frame.!button
demo_session_07,43,1786094536.0174127,move,360,321,.!frame.!button
demo_session_07,43,1786094536.0674126,move,365,317,.!frame.!button
demo_session_07,43,1786094536.1174126,move,352,316,.!frame.!button
demo_session_07,43,1786094536.1674125,move,357,308,.!frame.!button
demo_session_07,43,1786094536.2174125,move,372,318,.!frame.!button
demo_session_07,43,1786094536.2674124,move,348,314,.!frame.!button
demo_session_07,43,1786094536.3174124,move,349,315,.!frame.!button
demo_session_07,43,1786094536.3674123,move,353,321,.!frame.!button
demo_session_07,43,1786094536.4174123,move,359,308,.!frame.!button
demo_session_07,43,1786094536.4674122,move,337,325,.!frame.!button
demo_session_07,43,1786094536.5174122,move,354,323,.!frame.!button
demo_session_07,43,1786094536.5674121,move,342,323,.!frame.!button
demo_session_07,43,1786094536.617412,move,341,316,.!frame.!button
demo_session_07,43,1786094536.667412,move,369,306,.!frame.!button
demo_session_07,43,1786094536.717412,move,347,323,.!frame.!button
demo_session_07,43,1786094536.767412,move,334,301,.!frame.!button
demo_session_07,43,1786094536.817412,move,362,340,.!frame.!button
demo_session_07,43,1786094536.9046652,click,334,304,.!frame.!button
demo_session_07,44,1786094536.9046652,move,543,349,.!frame.!entry
demo_session_07,44,1786094536.9546652,move,547,360,.!frame.!entry
demo_session_07,44,1786094537.0046651,move,543,370,.!frame.!entry
demo_session_07,44,1786094537.054665,move,554,366,.!frame.!entry
demo_session_07,44,1786094537.104665,move,520,356,.!frame.!entry
demo_session_07,44,1786094537.154665,move,545,357,.!frame.!entry
demo_session_07,44,1786094537.204665,move,550,351,.!frame.!entry
demo_session_07,44,1786094537.254665,move,540,342,.!frame.!entry
demo_session_07,44,1786094537.3046649,move,545,361,.!frame.!entry
demo_session_07,44,1786094537.3546648,move,530,359,.!frame.!entry
demo_session_07,44,1786094537.4046648,move,549,348,.!frame.!entry
demo_session_07,44,1786094537.4546647,move,539,339,.!frame.!entry
demo_session_07,44,1786094537.5046647,move,539,357,.!frame.!entry
demo_session_07,44,1786094537.5546646,move,555,349,.!frame.!entry
demo_session_07,44,1786094537.6046646,move,524,347,.!frame.!entry
demo_session_07,44,1786094537.6546645,move,541,366,.!frame.!entry
demo_session_07,44,1786094537.7046645,move,533,360,.!frame.!entry
demo_session_07,44,1786094537.7546644,move,530,343,.!frame.!entry
demo_session_07,44,1786094537.8046644,move,524,353,.!frame.!entry
demo_session_07,44,1786094537.8546643,move,517,366,.!frame.!entry
demo_session_07,44,1786094537.9046643,move,524,350,.!frame.!entry
demo_session_07,44,1786094537.9546642,move,525,348,.!frame.!entry
demo_session_07,44,1786094538.0046642,move,500,349,.!frame.!entry
demo_session_07,44,1786094538.0546641,move,519,332,.!frame.!entry
demo_session_07,44,1786094538.104664,move,508,363,.!frame.!entry
demo_session_07,44,1786094538.154664,move,511,353,.!frame.!entry
demo_session_07,44,1786094538.204664,move,506,347,.!frame.!entry
demo_session_07,44,1786094538.254664,move,529,339,.!frame.!entry
demo_session_07,44,1786094538.304664,move,501,348,.!frame.!entry
demo_session_07,44,1786094538.3546638,move,501,356,.!frame.!entry
demo_session_07,44,1786094538.4046638,move,493,354,.!frame.!entry
demo_session_07,44,1786094538.4546638,move,519,334,.!frame.!entry
demo_session_07,44,1786094538.5046637,move,494,361,.!frame.!entry
demo_session_07,44,1786094538.5546637,move,498,355,.!frame.!entry
demo_session_07,44,1786094538.6046636,move,510,346,.!frame.!entry
demo_session_07,44,1786094538.6546636,move,510,342,.!frame.!entry
demo_session_07,44,1786094538.7046635,move,488,344,.!frame.!entry
demo_session_07,44,1786094538.7546635,move,486,356,.!frame.!entry
demo_session_07,44,1786094538.8046634,move,478,341,.!frame.!entry
demo_session_07,44,1786094538.8546634,move,496,335,.!frame.!entry
demo_session_07,44,1786094538.9046633,move,466,334,.!frame.!entry
demo_session_07,44,1786094538.9546633,move,493,339,.!frame.!entry
demo_session_07,44,1786094539.0046632,move,481,351,.!frame.!entry
demo_session_07,44,1786094539.0546632,move,498,343,.!frame.!entry
demo_session_07,44,1786094539.1046631,move,470,340,.!frame.!entry
demo_session_07,44,1786094539.154663,move,477,357,.!frame.!entry
demo_session_07,44,1786094539.204663,move,462,353,.!frame.!entry
demo_session_07,44,1786094539.254663,move,470,326,.!frame.!entry
demo_session_07,44,1786094539.304663,move,482,336,.!frame.!entry
demo_session_07,44,1786094539.354663,move,462,340,.!frame.!entry
demo_session_07,44,1786094539.4046628,move,457,337,.!frame.!entry
demo_session_07,44,1786094539.4546628,move,463,329,.!frame.!entry
demo_session_07,44,1786094539.5046628,move,469,347,.!frame.!entry
demo_session_07,44,1786094539.5546627,move,458,361,.!frame.!entry
demo_session_07,44,1786094539.6046627,move,470,340,.!frame.!entry
demo_session_07,44,1786094539.6546626,move,442,354,.!frame.!entry
demo_session_07,44,1786094539.7046626,move,457,339,.!frame.!entry
demo_session_07,44,1786094539.7546625,move,446,340,.!frame.!entry
demo_session_07,44,1786094539.8046625,move,447,329,.!frame.!entry
demo_session_07,44,1786094539.8546624,move,444,337,.!frame.!entry
demo_session_07,44,1786094539.9046624,move,460,341,.!frame.!entry
demo_session_07,44,1786094539.9546623,move,453,340,.!frame.!entry
demo_session_07,44,1786094540.0046623,move,443,325,.!frame.!entry
demo_session_07,44,1786094540.0546622,move,427,330,.!frame.!entry
demo_session_07,44,1786094540.1046622,move,444,326,.!frame.!entry
demo_session_07,44,1786094540.1546621,move,451,356,.!frame.!entry
demo_session_07,44,1786094540.204662,move,443,341,.!frame.!entry
demo_session_07,44,1786094540.254662,move,443,338,.!frame.!entry
demo_session_07,44,1786094540.304662,move,434,350,.!frame.!entry
demo_session_07,44,1786094540.354662,move,448,338,.!frame.!entry
demo_session_07,44,1786094540.404662,move,443,343,.!frame.!entry
demo_session_07,44,1786094540.4546618,move,422,313,.!frame.!entry
demo_session_07,44,1786094540.5046618,move,430,329,.!frame.!entry
demo_session_07,44,1786094540.5546618,move,409,345,.!frame.!entry
demo_session_07,44,1786094540.6046617,move,444,320,.!frame.!entry
demo_session_07,44,1786094540.6546617,move,419,329,.!frame.!entry
demo_session_07,44,1786094540.7046616,move,423,329,.!frame.!entry
demo_session_07,44,1786094540.7546616,move,425,344,.!frame.!entry
demo_session_07,44,1786094540.8046615,move,428,339,.!frame.!entry
demo_session_07,44,1786094540.8546615,move,413,349,.!frame.!entry
demo_session_07,44,1786094540.9046614,move,420,342,.!frame.!entry
demo_session_07,44,1786094540.9546614,move,411,327,.!frame.!entry
demo_session_07,44,1786094541.0046613,move,426,345,.!frame.!entry
demo_session_07,44,1786094541.0546613,move,400,342,.!frame.!entry
demo_session_07,44,1786094541.1046612,move,395,341,.!frame.!entry
demo_session_07,44,1786094541.1546612,move,415,328,.!frame.!entry
demo_session_07,44,1786094541.2046611,move,427,331,.!frame.!button
demo_session_07,44,1786094541.254661,move,392,349,.!frame.!button
demo_session_07,44,1786094541.304661,move,397,336,.!frame.!button
demo_session_07,44,1786094541.354661,move,401,346,.!frame.!button
demo_session_07,44,1786094541.404661,move,404,317,.!frame.!button
demo_session_07,44,1786094541.454661,move,405,321,.!frame.!button
demo_session_07,44,1786094541.5046608,move,379,326,.!frame.!button
demo_session_07,44,1786094541.5546608,move,391,321,.!frame.!button
demo_session_07,44,1786094541.6046607,move,399,329,.!frame.!button
demo_session_07,44,1786094541.6546607,move,385,314,.!frame.!button
demo_session_07,44,1786094541.7046607,move,368,334,.!frame.!button
demo_session_07,44,1786094541.7546606,move,374,315,.!frame.!button
demo_session_07,44,1786094541.8046606,move,399,344,.!frame.!button
demo_session_07,44,1786094541.8546605,move,398,329,.!frame.!button
demo_session_07,44,1786094541.9046605,move,402,331,.!frame.!button
demo_session_07,44,1786094541.9546604,move,389,328,.!frame.!button
demo_session_07,44,1786094542.0046604,move,374,323,.!frame.!button
demo_session_07,44,1786094542.0546603,move,390,317,.!frame.!button
demo_session_07,44,1786094542.1046603,move,394,321,.!frame.!button
demo_session_07,44,1786094542.1546602,move,397,316,.!frame.!button
demo_session_07,44,1786094542.2046602,move,384,310,.!frame.!button
demo_session_07,44,1786094542.2546601,move,377,297,.!frame.!button
demo_session_07,44,1786094542.30466,move,355,337,.!frame.!button
demo_session_07,44,1786094542.35466,move,375,323,.!frame.!button
demo_session_07,44,1786094542.40466,move,371,318,.!frame.!button
demo_session_07,44,1786094542.45466,move,371,322,.!frame.!button
demo_session_07,44,1786094542.50466,move,382,305,.!frame.!button
demo_session_07,44,1786094542.5546598,move,369,332,.!frame.!button
demo_session_07,44,1786094542.6046598,move,368,309,.!frame.!button
demo_session_07,44,1786094542.6546597,move,373,331,.!frame.!button
demo_session_07,44,1786094542.7046597,move,373,326,.!frame.!button
demo_session_07,44,1786094542.7546597,move,347,319,.!frame.!button
demo_session_07,44,1786094542.8046596,move,362,333,.!frame.!button
demo_session_07,44,1786094542.8546596,move,334,306,.!frame.!button
demo_session_07,44,1786094542.9046595,move,334,321,.!frame.!button
demo_session_07,44,1786094542.9546595,move,345,322,.!frame.!button
demo_session_07,44,1786094543.0046594,move,353,321,.!frame.!button
demo_session_07,44,1786094543.09596,click,348,318,.!frame.!button
demo_session_07,45,1786094543.09596,move,151,265,.!frame.!entry
demo_session_07,45,1786094543.1459599,move,174,277,.!frame.!entry
demo_session_07,45,1786094543.1959598,move,167,290,.!frame.!entry
demo_session_07,45,1786094543.2459598,move,181,267,.!frame.!entry
demo_session_07,45,1786094543.2959597,move,185,261,.!frame.!entry
demo_session_07,45,1786094543.3459597,move,154,282,.!frame.!entry
demo_session_07,45,1786094543.3959596,move,165,277,.!frame.!entry
demo_session_07,45,1786094543.4459596,move,159,275,.!frame.!entry
demo_session_07,45,1786094543.4959595,move,156,287,.!frame.!entry
demo_session_07,45,1786094543.5459595,move,160,268,.!frame.!entry
demo_session_07,45,1786094543.5959594,move,191,291,.!frame.!entry
demo_session_07,45,1786094543.6459594,move,179,277,.!frame.!entry
demo_session_07,45,1786094543.6959593,move,179,300,.!frame.!entry
demo_session_07,45,1786094543.7459593,move,158,301,.!frame.!entry
demo_session_07,45,1786094543.7959592,move,196,291,.!frame.!entry
demo_session_07,45,1786094543.8459592,move,161,290,.!frame.!entry
demo_session_07,45,1786094543.8959591,move,156,278,.!frame.!entry
demo_session_07,45,1786094543.945959,move,181,274,.!frame.!entry
demo_session_07,45,1786094543.995959,move,177,261,.!frame.!entry
demo_session_07,45,1786094544.045959,move,183,263,.!frame.!entry
demo_session_07,45,1786094544.095959,move,169,266,.!frame.!entry
demo_session_07,45,1786094544.145959,move,165,268,.!frame.!entry
demo_session_07,45,1786094544.1959589,move,199,274,.!frame.!entry
demo_session_07,45,1786094544.2459588,move,196,275,.!frame.!entry
demo_session_07,45,1786094544.2959588,move,187,291,.!frame.!entry
demo_session_07,45,1786094544.3459587,move,176,279,.!frame.!entry
demo_session_07,45,1786094544.3959587,move,180,272,.!frame.!entry
demo_session_07,45,1786094544.4459586,move,180,269,.!frame.!entry
demo_session_07,45,1786094544.4959586,move,199,272,.!frame.!entry
demo_session_07,45,1786094544.5459585,move,185,272,.!frame.!entry
demo_session_07,45,1786094544.5959585,move,197,276,.!frame.!entry
demo_session_07,45,1786094544.6459584,move,191,277,.!frame.!entry
demo_session_07,45,1786094544.6959584,move,201,300,.!frame.!entry
demo_session_07,45,1786094544.7459583,move,212,302,.!frame.!entry
demo_session_07,45,1786094544.7959583,move,224,273,.!frame.!entry
demo_session_07,45,1786094544.8459582,move,196,299,.!frame.!entry
demo_session_07,45,1786094544.8959582,move,206,268,.!frame.!entry
demo_session_07,45,1786094544.9459581,move,213,289,.!frame.!entry
demo_session_07,45,1786094544.995958,move,214,277,.!frame.!entry
demo_session_07,45,1786094545.045958,move,235,279,.!frame.!entry
demo_session_07,45,1786094545.095958,move,211,277,.!frame.!entry
demo_session_07,45,1786094545.145958,move,215,288,.!frame.!entry
demo_session_07,45,1786094545.195958,move,214,303,.!frame.!entry
demo_session_07,45,1786094545.2459579,move,241,295,.!frame.!entry
demo_session_07,45,1786094545.2959578,move,236,280,.!frame.!entry
demo_session_07,45,1786094545.3459578,move,218,277,.!frame.!entry
demo_session_07,45,1786094545.3959577,move,210,294,.!frame.!entry
demo_session_07,45,1786094545.4459577,move,213,278,.!frame.!entry
demo_session_07,45,1786094545.4959576,move,233,293,.!frame.!entry
demo_session_07,45,1786094545.5459576,move,232,285,.!frame.!entry
demo_session_07,45,1786094545.5959575,move,223,302,.!frame.!entry
demo_session_07,45,1786094545.6459575,move,239,291,.!frame.!entry
demo_session_07,45,1786094545.6959574,move,219,299,.!frame.!entry
demo_session_07,45,1786094545.7459574,move,219,276,.!frame.!entry
demo_session_07,45,1786094545.7959573,move,239,297,.!frame.!entry
demo_session_07,45,1786094545.8459573,move,237,294,.!frame.!entry
demo_session_07,45,1786094545.8959572,move,257,266,.!frame.!entry
demo_session_07,45,1786094545.9459572,move,225,274,.!frame.!entry
demo_session_07,45,1786094545.9959571,move,232,315,.!frame.!entry
demo_session_07,45,1786094546.045957,move,215,301,.!frame.!entry
demo_session_07,45,1786094546.095957,move,226,302,.!frame.!entry
demo_session_07,45,1786094546.145957,move,252,306,.!frame.!entry
demo_session_07,45,1786094546.195957,move,257,282,.!frame.!entry
demo_session_07,45,1786094546.245957,move,244,277,.!frame.!entry
demo_session_07,45,1786094546.2959569,move,251,294,.!frame.!entry
demo_session_07,45,1786094546.3459568,move,242,304,.!frame.!entry
demo_session_07,45,1786094546.3959568,move,247,297,.!frame.!entry
demo_session_07,45,1786094546.4459567,move,269,294,.!frame.!entry
demo_session_07,45,1786094546.4959567,move,253,303,.!frame.!entry
demo_session_07,45,1786094546.5459566,move,232,278,.!frame.!entry
demo_session_07,45,1786094546.5959566,move,253,300,.!frame.!entry
demo_session_07,45,1786094546.6459565,move,249,295,.!frame.!entry
demo_session_07,45,1786094546.6959565,move,263,306,.!frame.!entry
demo_session_07,45,1786094546.7459564,move,268,306,.!frame.!entry
demo_session_07,45,1786094546.7959564,move,251,297,.!frame.!entry
demo_session_07,45,1786094546.8459563,move,240,296,.!frame.!entry
demo_session_07,45,1786094546.8959563,move,250,277,.!frame.!entry
demo_session_07,45,1786094546.9459562,move,248,316,.!frame.!entry
demo_session_07,45,1786094546.9959562,move,241,310,.!frame.!entry
demo_session_07,45,1786094547.0459561,move,261,313,.!frame.!entry
demo_session_07,45,1786094547.095956,move,258,287,.!frame.!entry
demo_session_07,45,1786094547.145956,move,273,304,.!frame.!entry
demo_session_07,45,1786094547.195956,move,275,317,.!frame.!entry
demo_session_07,45,1786094547.245956,move,285,309,.!frame.!entry
demo_session_07,45,1786094547.295956,move,273,310,.!frame.!entry
demo_session_07,45,1786094547.3459558,move,285,298,.!frame.!entry
demo_session_07,45,1786094547.3959558,move,270,303,.!frame.!entry
demo_session_07,45,1786094547.4459558,move,267,306,.!frame.!entry
demo_session_07,45,1786094547.4959557,move,270,314,.!frame.!entry
demo_session_07,45,1786094547.5459557,move,287,285,.!frame.!entry
demo_session_07,45,1786094547.5959556,move,282,305,.!frame.!entry
demo_session_07,45,1786094547.6459556,move,274,300,.!frame.!entry
demo_session_07,45,1786094547.6959555,move,271,284,.!frame.!entry
demo_session_07,45,1786094547.7459555,move,306,296,.!frame.!entry
demo_session_07,45,1786094547.7959554,move,267,312,.!frame.!entry
demo_session_07,45,1786094547.8459554,move,299,299,.!frame.!entry
demo_session_07,45,1786094547.8959553,move,302,318,.!frame.!entry
demo_session_07,45,1786094547.9459553,move,276,317,.!frame.!entry
demo_session_07,45,1786094547.9959552,move,278,303,.!frame.!entry
demo_session_07,45,1786094548.0459552,move,286,298,.!frame.!entry
demo_session_07,45,1786094548.0959551,move,274,304,.!frame.!entry
demo_session_07,45,1786094548.145955,move,286,307,.!frame.!button
demo_session_07,45,1786094548.195955,move,295,307,.!frame.!button
demo_session_07,45,1786094548.245955,move,306,299,.!frame.!button
demo_session_07,45,1786094548.295955,move,282,304,.!frame.!button
demo_session_07,45,1786094548.345955,move,294,311,.!frame.!button
demo_session_07,45,1786094548.3959548,move,298,319,.!frame.!button
demo_session_07,45,1786094548.4459548,move,288,298,.!frame.!button
demo_session_07,45,1786094548.4959548,move,305,311,.!frame.!button
demo_session_07,45,1786094548.5459547,move,300,308,.!frame.!button
demo_session_07,45,1786094548.5959547,move,320,316,.!frame.!button
demo_session_07,45,1786094548.6459546,move,270,302,.!frame.!button
demo_session_07,45,1786094548.6959546,move,297,304,.!frame.!button
demo_session_07,45,1786094548.7459545,move,305,301,.!frame.!button
demo_session_07,45,1786094548.7959545,move,322,318,.!frame.!button
demo_session_07,45,1786094548.8459544,move,302,281,.!frame.!button
demo_session_07,45,1786094548.8959544,move,330,310,.!frame.!button
demo_session_07,45,1786094548.9459543,move,320,327,.!frame.!button
demo_session_07,45,1786094548.9959543,move,301,311,.!frame.!button
demo_session_07,45,1786094549.0459542,move,304,329,.!frame.!button
demo_session_07,45,1786094549.0959542,move,311,323,.!frame.!button
demo_session_07,45,1786094549.1459541,move,325,326,.!frame.!button
demo_session_07,45,1786094549.195954,move,316,304,.!frame.!button
demo_session_07,45,1786094549.245954,move,307,307,.!frame.!button
demo_session_07,45,1786094549.295954,move,329,309,.!frame.!button
demo_session_07,45,1786094549.345954,move,322,313,.!frame.!button
demo_session_07,45,1786094549.395954,move,331,331,.!frame.!button
demo_session_07,45,1786094549.4459538,move,338,315,.!frame.!button
demo_session_07,45,1786094549.4959538,move,326,298,.!frame.!button
demo_session_07,45,1786094549.5459538,move,332,337,.!frame.!button
demo_session_07,45,1786094549.5959537,move,318,306,.!frame.!button
demo_session_07,45,1786094549.6459537,move,349,309,.!frame.!button
demo_session_07,45,1786094549.6959536,move,330,313,.!frame.!button
demo_session_07,45,1786094549.7459536,move,334,308,.!frame.!button
demo_session_07,45,1786094549.7959535,move,329,319,.!frame.!button
demo_session_07,45,1786094549.8459535,move,326,301,.!frame.!button
demo_session_07,45,1786094549.8959534,move,328,314,.!frame.!button
demo_session_07,45,1786094549.9459534,move,349,311,.!frame.!button
demo_session_07,45,1786094549.9959533,move,345,328,.!frame.!button
demo_session_07,45,1786094550.0459533,move,364,318,.!frame.!button
demo_session_07,45,1786094550.0959532,move,339,314,.!frame.!button
demo_session_07,45,1786094550.1459532,move,341,311,.!frame.!button
demo_session_07,45,1786094550.1959531,move,363,324,.!frame.!button
demo_session_07,45,1786094550.245953,move,356,305,.!frame.!button
demo_session_07,45,1786094550.295953,move,335,305,.!frame.!button
demo_session_07,45,1786094550.3871033,click,352,322,.!frame.!button
demo_session_07,46,1786094550.3871033,move,237,139,.!frame.!entry
demo_session_07,46,1786094550.4371033,move,236,148,.!frame.!entry
demo_session_07,46,1786094550.4871032,move,239,159,.!frame.!entry
demo_session_07,46,1786094550.5371032,move,239,144,.!frame.!entry
demo_session_07,46,1786094550.5871031,move,239,144,.!frame.!entry
demo_session_07,46,1786094550.637103,move,238,156,.!frame.!entry
demo_session_07,46,1786094550.687103,move,250,159,.!frame.!entry
demo_session_07,46,1786094550.737103,move,230,167,.!frame.!entry
demo_session_07,46,1786094550.787103,move,232,153,.!frame.!entry
demo_session_07,46,1786094550.837103,move,250,152,.!frame.!entry
demo_session_07,46,1786094550.8871028,move,238,160,.!frame.!entry
demo_session_07,46,1786094550.9371028,move,234,172,.!frame.!entry
demo_session_07,46,1786094550.9871027,move,257,168,.!frame.!entry
demo_session_07,46,1786094551.0371027,move,259,170,.!frame.!entry
demo_session_07,46,1786094551.0871027,move,254,168,.!frame.!entry
demo_session_07,46,1786094551.1371026,move,235,167,.!frame.!entry
demo_session_07,46,1786094551.1871026,move,254,169,.!frame.!entry
demo_session_07,46,1786094551.2371025,move,247,178,.!frame.!entry
demo_session_07,46,1786094551.2871025,move,271,169,.!frame.!entry
demo_session_07,46,1786094551.3371024,move,265,159,.!frame.!entry
demo_session_07,46,1786094551.3871024,move,243,183,.!frame.!entry
demo_session_07,46,1786094551.4371023,move,255,185,.!frame.!entry
demo_session_07,46,1786094551.4871023,move,271,181,.!frame.!entry
demo_session_07,46,1786094551.5371022,move,242,180,.!frame.!entry
demo_session_07,46,1786094551.5871022,move,240,181,.!frame.!entry
demo_session_07,46,1786094551.6371021,move,251,185,.!frame.!entry
demo_session_07,46,1786094551.687102,move,265,196,.!frame.!entry
demo_session_07,46,1786094551.737102,move,270,174,.!frame.!entry
demo_session_07,46,1786094551.787102,move,249,177,.!frame.!entry
demo_session_07,46,1786094551.837102,move,257,190,.!frame.!entry
demo_session_07,46,1786094551.887102,move,267,186,.!frame.!entry
demo_session_07,46,1786094551.9371018,move,270,195,.!frame.!entry
demo_session_07,46,1786094551.9871018,move,253,202,.!frame.!entry
demo_session_07,46,1786094552.0371017,move,245,209,.!frame.!entry
demo_session_07,46,1786094552.0871017,move,267,190,.!frame.!entry
demo_session_07,46,1786094552.1371017,move,258,204,.!frame.!entry
demo_session_07,46,1786094552.1871016,move,264,192,.!frame.!entry
demo_session_07,46,1786094552.2371016,move,277,211,.!frame.!entry
demo_session_07,46,1786094552.2871015,move,285,199,.!frame.!entry
demo_session_07,46,1786094552.3371015,move,280,220,.!frame.!entry
demo_session_07,46,1786094552.3871014,move,273,214,.!frame.!entry
demo_session_07,46,1786094552.4371014,move,286,205,.!frame.!entry
demo_session_07,46,1786094552.4871013,move,274,194,.!frame.!entry
demo_session_07,46,1786094552.5371013,move,288,221,.!frame.!entry
demo_session_07,46,1786094552.5871012,move,274,217,.!frame.!entry
demo_session_07,46,1786094552.6371012,move,282,199,.!frame.!entry
demo_session_07,46,1786094552.6871011,move,267,227,.!frame.!entry
demo_session_07,46,1786094552.737101,move,287,223,.!frame.!entry
demo_session_07,46,1786094552.787101,move,301,230,.!frame.!entry
demo_session_07,46,1786094552.837101,move,302,222,.!frame.!entry
demo_session_07,46,1786094552.887101,move,289,232,.!frame.!entry
demo_session_07,46,1786094552.937101,move,274,218,.!frame.!entry
demo_session_07,46,1786094552.9871008,move,275,214,.!frame.!entry
demo_session_07,46,1786094553.0371008,move,292,225,.!frame.!entry
demo_session_07,46,1786094553.0871007,move,281,228,.!frame.!entry
demo_session_07,46,1786094553.1371007,move,292,214,.!frame.!entry
demo_session_07,46,1786094553.1871006,move,283,245,.!frame.!entry
demo_session_07,46,1786094553.2371006,move,300,243,.!frame.!entry
demo_session_07,46,1786094553.2871006,move,283,238,.!frame.!entry
demo_session_07,46,1786094553.3371005,move,298,228,.!frame.!entry
demo_session_07,46,1786094553.3871005,move,287,251,.!frame.!entry
demo_session_07,46,1786094553.4371004,move,293,236,.!frame.!entry
demo_session_07,46,1786094553.4871004,move,287,246,.!frame.!entry
demo_session_07,46,1786094553.5371003,move,314,233,.!frame.!entry
demo_session_07,46,1786094553.5871003,move,296,250,.!frame.!entry
demo_session_07,46,1786094553.6371002,move,298,255,.!frame.!entry
demo_session_07,46,1786094553.6871002,move,291,247,.!frame.!entry
demo_session_07,46,1786094553.7371001,move,295,241,.!frame.!entry
demo_session_07,46,1786094553.7871,move,315,253,.!frame.!entry
demo_session_07,46,1786094553.8371,move,299,264,.!frame.!entry
demo_session_07,46,1786094553.8871,move,311,247,.!frame.!entry
demo_session_07,46,1786094553.9371,move,314,247,.!frame.!entry
demo_session_07,46,1786094553.9871,move,296,251,.!frame.!entry
demo_session_07,46,1786094554.0370998,move,310,253,.!frame.!entry
demo_session_07,46,1786094554.0870998,move,322,230,.!frame.!entry
demo_session_07,46,1786094554.1370997,move,306,253,.!frame.!entry
demo_session_07,46,1786094554.1870997,move,309,273,.!frame.!entry
demo_session_07,46,1786094554.2370996,move,324,270,.!frame.!entry
demo_session_07,46,1786094554.2870996,move,304,271,.!frame.!entry
demo_session_07,46,1786094554.3370996,move,298,266,.!frame.!entry
demo_session_07,46,1786094554.3870995,move,319,262,.!frame.!entry
demo_session_07,46,1786094554.4370995,move,304,278,.!frame.!button
demo_session_07,46,1786094554.4870994,move,322,274,.!frame.!button
demo_session_07,46,1786094554.5370994,move,337,267,.!frame.!button
demo_session_07,46,1786094554.5870993,move,329,265,.!frame.!button
demo_session_07,46,1786094554.6370993,move,325,270,.!frame.!button
demo_session_07,46,1786094554.6870992,move,303,275,.!frame.!button
demo_session_07,46,1786094554.7370992,move,311,282,.!frame.!button
demo_session_07,46,1786094554.7870991,move,316,299,.!frame.!button
demo_session_07,46,1786094554.837099,move,311,303,.!frame.!button
demo_session_07,46,1786094554.887099,move,329,277,.!frame.!button
demo_session_07,46,1786094554.937099,move,320,281,.!frame.!button
demo_session_07,46,1786094554.987099,move,325,262,.!frame.!button
demo_session_07,46,1786094555.037099,move,340,274,.!frame.!button
demo_session_07,46,1786094555.0870988,move,349,287,.!frame.!button
demo_session_07,46,1786094555.1370988,move,341,283,.!frame.!button
demo_session_07,46,1786094555.1870987,move,344,288,.!frame.!button
demo_session_07,46,1786094555.2370987,move,310,290,.!frame.!button
demo_session_07,46,1786094555.2870986,move,326,301,.!frame.!button
demo_session_07,46,1786094555.3370986,move,348,303,.!frame.!button
demo_session_07,46,1786094555.3870986,move,337,290,.!frame.!button
demo_session_07,46,1786094555.4370985,move,339,291,.!frame.!button
demo_session_07,46,1786094555.4870985,move,344,307,.!frame.!button
demo_session_07,46,1786094555.5370984,move,333,301,.!frame.!button
demo_session_07,46,1786094555.5870984,move,357,300,.!frame.!button
demo_session_07,46,1786094555.6370983,move,322,294,.!frame.!button
demo_session_07,46,1786094555.6870983,move,353,300,.!frame.!button
demo_session_07,46,1786094555.7370982,move,343,310,.!frame.!button
demo_session_07,46,1786094555.7870982,move,345,306,.!frame.!button
demo_session_07,46,1786094555.8370981,move,342,309,.!frame.!button
demo_session_07,46,1786094555.887098,move,349,310,.!frame.!button
demo_session_07,46,1786094555.937098,move,343,295,.!frame.!button
demo_session_07,46,1786094555.987098,move,356,307,.!frame.!button
demo_session_07,46,1786094556.037098,move,345,308,.!frame.!button
demo_session_07,46,1786094556.087098,move,347,292,.!frame.!button
demo_session_07,46,1786094556.1370978,move,350,338,.!frame.!button
demo_session_07,46,1786094556.2027967,click,342,312,.!frame.!button
demo_session_07,47,1786094556.2027967,move,221,326,.!frame.!entry
demo_session_07,47,1786094556.2527966,move,215,309,.!frame.!entry
demo_session_07,47,1786094556.3027966,move,213,318,.!frame.!entry
demo_session_07,47,1786094556.3527966,move,220,343,.!frame.!entry
demo_session_07,47,1786094556.4027965,move,222,347,.!frame.!entry
demo_session_07,47,1786094556.4527965,move,214,323,.!frame.!entry
demo_session_07,47,1786094556.5027964,move,236,315,.!frame.!entry
demo_session_07,47,1786094556.5527964,move,202,336,.!frame.!entry
demo_session_07,47,1786094556.6027963,move,210,324,.!frame.!entry
demo_session_07,47,1786094556.6527963,move,207,318,.!frame.!entry
demo_session_07,47,1786094556.7027962,move,206,317,.!frame.!entry
demo_session_07,47,1786094556.7527962,move,212,337,.!frame.!entry
demo_session_07,47,1786094556.8027961,move,217,328,.!frame.!entry
demo_session_07,47,1786094556.852796,move,216,311,.!frame.!entry
demo_session_07,47,1786094556.902796,move,212,328,.!frame.!entry
demo_session_07,47,1786094556.952796,move,210,334,.!frame.!entry
demo_session_07,47,1786094557.002796,move,211,325,.!frame.!entry
demo_session_07,47,1786094557.052796,move,207,321,.!frame.!entry
demo_session_07,47,1786094557.1027958,move,230,335,.!frame.!entry
demo_session_07,47,1786094557.1527958,move,201,320,.!frame.!entry
demo_session_07,47,1786094557.2027957,move,239,307,.!frame.!entry
demo_session_07,47,1786094557.2527957,move,232,348,.!frame.!entry
demo_session_07,47,1786094557.3027956,move,234,328,.!frame.!entry
demo_session_07,47,1786094557.3527956,move,239,331,.!frame.!entry
demo_session_07,47,1786094557.4027956,move,197,322,.!frame.!entry
demo_session_07,47,1786094557.4527955,move,233,330,.!frame.!entry
demo_session_07,47,1786094557.5027955,move,239,306,.!frame.!entry
demo_session_07,47,1786094557.5527954,move,246,325,.!frame.!entry
demo_session_07,47,1786094557.6027954,move,234,315,.!frame.!entry
demo_session_07,47,1786094557.6527953,move,226,323,.!frame.!entry
demo_session_07,47,1786094557.7027953,move,247,307,.!frame.!entry
demo_session_07,47,1786094557.7527952,move,245,349,.!frame.!entry
demo_session_07,47,1786094557.8027952,move,246,317,.!frame.!entry
demo_session_07,47,1786094557.8527951,move,236,315,.!frame.!entry
demo_session_07,47,1786094557.902795,move,248,331,.!frame.!entry
demo_session_07,47,1786094557.952795,move,235,334,.!frame.!entry
demo_session_07,47,1786094558.002795,move,238,317,.!frame.!entry
demo_session_07,47,1786094558.052795,move,248,341,.!frame.!entry
demo_session_07,47,1786094558.102795,move,261,312,.!frame.!entry
demo_session_07,47,1786094558.1527948,move,247,326,.!frame.!entry
demo_session_07,47,1786094558.2027948,move,237,320,.!frame.!entry
demo_session_07,47,1786094558.2527947,move,275,329,.!frame.!entry
demo_session_07,47,1786094558.3027947,move,243,328,.!frame.!entry
demo_session_07,47,1786094558.3527946,move,240,315,.!frame.!entry
demo_session_07,47,1786094558.4027946,move,264,313,.!frame.!entry
demo_session_07,47,1786094558.4527946,move,254,308,.!frame.!entry
demo_session_07,47,1786094558.5027945,move,241,322,.!frame.!entry
demo_session_07,47,1786094558.5527945,move,244,325,.!frame.!entry
demo_session_07,47,1786094558.6027944,move,263,309,.!frame.!entry
demo_session_07,47,1786094558.6527944,move,271,335,.!frame.!entry
demo_session_07,47,1786094558.7027943,move,240,324,.!frame.!entry
demo_session_07,47,1786094558.7527943,move,246,320,.!frame.!entry
demo_session_07,47,1786094558.8027942,move,262,325,.!frame.!entry
demo_session_07,47,1786094558.8527942,move,271,328,.!frame.!entry
demo_session_07,47,1786094558.9027941,move,264,349,.!frame.!entry
demo_session_07,47,1786094558.952794,move,267,338,.!frame.!entry
demo_session_07,47,1786094559.002794,move,254,323,.!frame.!entry
demo_session_07,47,1786094559.052794,move,272,319,.!frame.!entry
demo_session_07,47,1786094559.102794,move,253,325,.!frame.!entry
demo_session_07,47,1786094559.152794,move,256,325,.!frame.!entry
demo_session_07,47,1786094559.2027938,move,275,320,.!frame.!entry
demo_session_07,47,1786094559.2527938,move,274,353,.!frame.!entry
demo_session_07,47,1786094559.3027937,move,277,321,.!frame.!entry
demo_session_07,47,1786094559.3527937,move,268,328,.!frame.!entry
demo_session_07,47,1786094559.4027936,move,277,309,.!frame.!entry
demo_session_07,47,1786094559.4527936,move,283,335,.!frame.!entry
demo_session_07,47,1786094559.5027936,move,259,314,.!frame.!entry
demo_session_07,47,1786094559.5527935,move,287,318,.!frame.!entry
demo_session_07,47,1786094559.6027935,move,282,329,.!frame.!entry
demo_session_07,47,1786094559.6527934,move,274,314,.!frame.!entry
demo_session_07,47,1786094559.7027934,move,287,320,.!frame.!entry
demo_session_07,47,1786094559.7527933,move,281,340,.!frame.!entry
demo_session_07,47,1786094559.8027933,move,287,310,.!frame.!entry
demo_session_07,47,1786094559.8527932,move,279,344,.!frame.!entry
demo_session_07,47,1786094559.9027932,move,284,317,.!frame.!entry
demo_session_07,47,1786094559.9527931,move,268,332,.!frame.!entry
demo_session_07,47,1786094560.002793,move,296,326,.!frame.!entry
demo_session_07,47,1786094560.052793,move,293,347,.!frame.!entry
demo_session_07,47,1786094560.102793,move,311,309,.!frame.!entry
demo_session_07,47,1786094560.152793,move,298,305,.!frame.!entry
demo_session_07,47,1786094560.202793,move,280,314,.!frame.!entry
demo_session_07,47,1786094560.2527928,move,298,312,.!frame.!entry
demo_session_07,47,1786094560.3027928,move,288,313,.!frame.!entry
demo_session_07,47,1786094560.3527927,move,301,322,.!frame.!entry
demo_session_07,47,1786094560.4027927,move,304,321,.!frame.!entry
demo_session_07,47,1786094560.4527926,move,293,329,.!frame.!entry
demo_session_07,47,1786094560.5027926,move,297,325,.!frame.!entry
demo_session_07,47,1786094560.5527925,move,302,316,.!frame.!entry
demo_session_07,47,1786094560.6027925,move,315,333,.!frame.!entry
demo_session_07,47,1786094560.6527925,move,301,327,.!frame.!entry
demo_session_07,47,1786094560.7027924,move,296,293,.!frame.!entry
demo_session_07,47,1786094560.7527924,move,299,304,.!frame.!button
demo_session_07,47,1786094560.8027923,move,331,319,.!frame.!button
demo_session_07,47,1786094560.8527923,move,329,325,.!frame.!button
demo_session_07,47,1786094560.9027922,move,296,319,.!frame.!button
demo_session_07,47,1786094560.9527922,move,296,301,.!frame.!button
demo_session_07,47,1786094561.0027921,move,268,317,.!frame.!button
demo_session_07,47,1786094561.052792,move,300,324,.!frame.!button
demo_session_07,47,1786094561.102792,move,312,316,.!frame.!button
demo_session_07,47,1786094561.152792,move,322,309,.!frame.!button
demo_session_07,47,1786094561.202792,move,318,344,.!frame.!button
demo_session_07,47,1786094561.252792,move,313,330,.!frame.!button
demo_session_07,47,1786094561.3027918,move,325,310,.!frame.!button
demo_session_07,47,1786094561.3527918,move,310,328,.!frame.!button
demo_session_07,47,1786094561.4027917,move,331,349,.!frame.!button
demo_session_07,47,1786094561.4527917,move,316,308,.!frame.!button
demo_session_07,47,1786094561.5027916,move,313,322,.!frame.!button
demo_session_07,47,1786094561.5527916,move,345,329,.!frame.!button
demo_session_07,47,1786094561.6027915,move,327,308,.!frame.!button
demo_session_07,47,1786094561.6527915,move,316,320,.!frame.!button
demo_session_07,47,1786094561.7027915,move,331,309,.!frame.!button
demo_session_07,47,1786094561.7527914,move,326,322,.!frame.!button
demo_session_07,47,1786094561.8027914,move,336,323,.!frame.!button
demo_session_07,47,1786094561.8527913,move,351,325,.!frame.!button
demo_session_07,47,1786094561.9027913,move,341,300,.!frame.!button
demo_session_07,47,1786094561.9527912,move,336,310,.!frame.!button
demo_session_07,47,1786094562.0027912,move,330,315,.!frame.!button
demo_session_07,47,1786094562.052791,move,327,309,.!frame.!button
demo_session_07,47,1786094562.102791,move,344,307,.!frame.!button
demo_session_07,47,1786094562.152791,move,315,317,.!frame.!button
demo_session_07,47,1786094562.202791,move,343,307,.!frame.!button
demo_session_07,47,1786094562.252791,move,327,332,.!frame.!button
demo_session_07,47,1786094562.3027909,move,338,315,.!frame.!button
demo_session_07,47,1786094562.3527908,move,343,317,.!frame.!button
demo_session_07,47,1786094562.4027908,move,321,326,.!frame.!button
demo_session_07,47,1786094562.4527907,move,340,317,.!frame.!button
demo_session_07,47,1786094562.5027907,move,335,334,.!frame.!button
demo_session_07,47,1786094562.5527906,move,339,306,.!frame.!button
demo_session_07,47,1786094562.6027906,move,331,313,.!frame.!button
demo_session_07,47,1786094562.6527905,move,371,333,.!frame.!button
demo_session_07,47,1786094562.7027905,move,334,314,.!frame.!button
demo_session_07,47,1786094562.7916255,click,342,312,.!frame.!button
demo_session_07,48,1786094562.7916255,move,111,261,.!frame.!entry
demo_session_07,48,1786094562.8416255,move,120,251,.!frame.!entry
demo_session_07,48,1786094562.8916254,move,78,282,.!frame.!entry
demo_session_07,48,1786094562.9416254,move,119,293,.!frame.!entry
demo_session_07,48,1786094562.9916253,move,99,293,.!frame.!entry
demo_session_07,48,1786094563.0416253,move,131,306,.!frame.!entry
demo_session_07,48,1786094563.0916252,move,111,285,.!frame.!entry
demo_session_07,48,1786094563.1416252,move,117,280,.!frame.!entry
demo_session_07,48,1786094563.191625,move,117,294,.!frame.!entry
demo_session_07,48,1786094563.241625,move,126,296,.!frame.!entry
demo_session_07,48,1786094563.291625,move,112,276,.!frame.!entry
demo_session_07,48,1786094563.341625,move,124,291,.!frame.!entry
demo_session_07,48,1786094563.391625,move,127,289,.!frame.!entry
demo_session_07,48,1786094563.4416249,move,132,277,.!frame.!entry
demo_session_07,48,1786094563.4916248,move,131,299,.!frame.!entry
demo_session_07,48,1786094563.5416248,move,135,289,.!frame.!entry
demo_session_07,48,1786094563.5916247,move,151,287,.!frame.!entry
demo_session_07,48,1786094563.6416247,move,120,271,.!frame.!entry
demo_session_07,48,1786094563.6916246,move,130,294,.!frame.!entry
demo_session_07,48,1786094563.7416246,move,114,292,.!frame.!entry
demo_session_07,48,1786094563.7916245,move,146,273,.!frame.!entry
demo_session_07,48,1786094563.8416245,move,128,282,.!frame.!entry
demo_session_07,48,1786094563.8916245,move,113,303,.!frame.!entry
demo_session_07,48,1786094563.9416244,move,127,286,.!frame.!entry
demo_session_07,48,1786094563.9916244,move,130,274,.!frame.!entry
demo_session_07,48,1786094564.0416243,move,129,283,.!frame.!entry
demo_session_07,48,1786094564.0916243,move,137,267,.!frame.!entry
demo_session_07,48,1786094564.1416242,move,140,288,.!frame.!entry
demo_session_07,48,1786094564.1916242,move,131,299,.!frame.!entry
demo_session_07,48,1786094564.241624,move,133,281,.!frame.!entry
demo_session_07,48,1786094564.291624,move,154,288,.!frame.!entry
demo_session_07,48,1786094564.341624,move,163,291,.!frame.!entry
demo_session_07,48,1786094564.391624,move,147,300,.!frame.!entry
demo_session_07,48,1786094564.441624,move,144,283,.!frame.!entry
demo_session_07,48,1786094564.4916239,move,144,302,.!frame.!entry
demo_session_07,48,1786094564.5416238,move,158,280,.!frame.!entry
demo_session_07,48,1786094564.5916238,move,161,305,.!frame.!entry
demo_session_07,48,1786094564.6416237,move,142,267,.!frame.!entry
demo_session_07,48,1786094564.6916237,move,155,303,.!frame.!entry
demo_session_07,48,1786094564.7416236,move,158,296,.!frame.!entry
demo_session_07,48,1786094564.7916236,move,177,294,.!frame.!entry
demo_session_07,48,1786094564.8416235,move,168,304,.!frame.!entry
demo_session_07,48,1786094564.8916235,move,162,307,.!frame.!entry
demo_session_07,48,1786094564.9416234,move,178,296,.!frame.!entry
demo_session_07,48,1786094564.9916234,move,181,280,.!frame.!entry
demo_session_07,48,1786094565.0416234,move,162,299,.!frame.!entry
demo_session_07,48,1786094565.0916233,move,195,299,.!frame.!entry
demo_session_07,48,1786094565.1416233,move,162,299,.!frame.!entry
demo_session_07,48,1786094565.1916232,move,171,279,.!frame.!entry
demo_session_07,48,1786094565.2416232,move,182,285,.!frame.!entry
demo_session_07,48,1786094565.291623,move,189,303,.!frame.!entry
demo_session_07,48,1786094565.341623,move,182,279,.!frame.!entry
demo_session_07,48,1786094565.391623,move,176,309,.!frame.!entry
demo_session_07,48,1786094565.441623,move,187,287,.!frame.!entry
demo_session_07,48,1786094565.491623,move,163,304,.!frame.!entry
demo_session_07,48,1786094565.5416229,move,201,290,.!frame.!entry
demo_session_07,48,1786094565.5916228,move,177,303,.!frame.!entry
demo_session_07,48,1786094565.6416228,move,182,279,.!frame.!entry
demo_session_07,48,1786094565.6916227,move,189,294,.!frame.!entry
demo_session_07,48,1786094565.7416227,move,191,282,.!frame.!entry
demo_session_07,48,1786094565.7916226,move,195,305,.!frame.!entry
demo_session_07,48,1786094565.8416226,move,189,298,.!frame.!entry
demo_session_07,48,1786094565.8916225,move,186,305,.!frame.!entry
demo_session_07,48,1786094565.9416225,move,158,296,.!frame.!entry
demo_session_07,48,1786094565.9916224,move,200,297,.!frame.!entry
demo_session_07,48,1786094566.0416224,move,178,279,.!frame.!entry
demo_session_07,48,1786094566.0916224,move,188,277,.!frame.!entry
demo_session_07,48,1786094566.1416223,move,197,265,.!frame.!entry
demo_session_07,48,1786094566.1916223,move,199,281,.!frame.!entry
demo_session_07,48,1786094566.2416222,move,190,313,.!frame.!entry
demo_session_07,48,1786094566.2916222,move,203,291,.!frame.!entry
demo_session_07,48,1786094566.341622,move,215,296,.!frame.!entry
demo_session_07,48,1786094566.391622,move,192,285,.!frame.!entry
demo_session_07,48,1786094566.441622,move,211,316,.!frame.!entry
demo_session_07,48,1786094566.491622,move,205,311,.!frame.!entry
demo_session_07,48,1786094566.541622,move,212,298,.!frame.!entry
demo_session_07,48,1786094566.5916219,move,221,318,.!frame.!entry
demo_session_07,48,1786094566.6416218,move,205,290,.!frame.!entry
demo_session_07,48,1786094566.6916218,move,202,307,.!frame.!entry
demo_session_07,48,1786094566.7416217,move,215,304,.!frame.!entry
demo_session_07,48,1786094566.7916217,move,209,299,.!frame.!entry
demo_session_07,48,1786094566.8416216,move,220,301,.!frame.!entry
demo_session_07,48,1786094566.8916216,move,211,305,.!frame.!entry
demo_session_07,48,1786094566.9416215,move,226,282,.!frame.!entry
demo_session_07,48,1786094566.9916215,move,213,293,.!frame.!entry
demo_session_07,48,1786094567.0416214,move,206,316,.!frame.!entry
demo_session_07,48,1786094567.0916214,move,206,292,.!frame.!entry
demo_session_07,48,1786094567.1416214,move,235,290,.!frame.!entry
demo_session_07,48,1786094567.1916213,move,225,275,.!frame.!entry
demo_session_07,48,1786094567.2416213,move,226,313,.!frame.!entry
demo_session_07,48,1786094567.2916212,move,232,309,.!frame.!entry
demo_session_07,48,1786094567.3416212,move,228,320,.!frame.!entry
demo_session_07,48,1786094567.391621,move,210,314,.!frame.!entry
demo_session_07,48,1786094567.441621,move,237,323,.!frame.!entry
demo_session_07,48,1786094567.491621,move,225,310,.!frame.!entry
demo_session_07,48,1786094567.541621,move,249,295,.!frame.!entry
demo_session_07,48,1786094567.591621,move,246,294,.!frame.!entry
demo_session_07,48,1786094567.6416209,move,229,320,.!frame.!entry
demo_session_07,48,1786094567.6916208,move,235,291,.!frame.!entry
demo_session_07,48,1786094567.7416208,move,248,294,.!frame.!entry
demo_session_07,48,1786094567.7916207,move,266,297,.!frame.!entry
demo_session_07,48,1786094567.8416207,move,240,328,.!frame.!entry
demo_session_07,48,1786094567.8916206,move,260,294,.!frame.!entry
demo_session_07,48,1786094567.9416206,move,230,293,.!frame.!entry
demo_session_07,48,1786094567.9916205,move,262,295,.!frame.!entry
demo_session_07,48,1786094568.0416205,move,228,305,.!frame.!entry
demo_session_07,48,1786094568.0916204,move,265,296,.!frame.!entry
demo_session_07,48,1786094568.1416204,move,245,301,.!frame.!entry
demo_session_07,48,1786094568.1916203,move,261,304,.!frame.!entry
demo_session_07,48,1786094568.2416203,move,252,297,.!frame.!entry
demo_session_07,48,1786094568.2916203,move,268,293,.!frame.!entry
demo_session_07,48,1786094568.3416202,move,250,285,.!frame.!entry
demo_session_07,48,1786094568.3916202,move,252,286,.!frame.!entry
demo_session_07,48,1786094568.44162,move,259,313,.!frame.!entry
demo_session_07,48,1786094568.49162,move,273,319,.!frame.!entry
demo_session_07,48,1786094568.54162,move,282,314,.!frame.!entry
demo_session_07,48,1786094568.59162,move,278,299,.!frame.!entry
demo_session_07,48,1786094568.64162,move,262,296,.!frame.!entry
demo_session_07,48,1786094568.6916199,move,293,287,.!frame.!entry
demo_session_07,48,1786094568.7416198,move,274,304,.!frame.!entry
demo_session_07,48,1786094568.7916198,move,265,310,.!frame.!entry
demo_session_07,48,1786094568.8416197,move,256,304,.!frame.!entry
demo_session_07,48,1786094568.8916197,move,274,330,.!frame.!entry
demo_session_07,48,1786094568.9416196,move,269,302,.!frame.!button
demo_session_07,48,1786094568.9916196,move,293,300,.!frame.!button
demo_session_07,48,1786094569.0416195,move,285,311,.!frame.!button
demo_session_07,48,1786094569.0916195,move,268,306,.!frame.!button
demo_session_07,48,1786094569.1416194,move,271,296,.!frame.!button
demo_session_07,48,1786094569.1916194,move,286,307,.!frame.!button
demo_session_07,48,1786094569.2416193,move,264,295,.!frame.!button
demo_session_07,48,1786094569.2916193,move,278,319,.!frame.!button
demo_session_07,48,1786094569.3416193,move,270,320,.!frame.!button
demo_session_07,48,1786094569.3916192,move,285,288,.!frame.!button
demo_session_07,48,1786094569.4416192,move,277,308,.!frame.!button
demo_session_07,48,1786094569.491619,move,288,314,.!frame.!button
demo_session_07,48,1786094569.541619,move,303,323,.!frame.!button
demo_session_07,48,1786094569.591619,move,295,315,.!frame.!button
demo_session_07,48,1786094569.641619,move,296,312,.!frame.!button
demo_session_07,48,1786094569.691619,move,309,319,.!frame.!button
demo_session_07,48,1786094569.7416189,move,303,314,.!frame.!button
demo_session_07,48,1786094569.7916188,move,303,309,.!frame.!button
demo_session_07,48,1786094569.8416188,move,310,307,.!frame.!button
demo_session_07,48,1786094569.8916187,move,320,334,.!frame.!button
demo_session_07,48,1786094569.9416187,move,305,329,.!frame.!button
demo_session_07,48,1786094569.9916186,move,302,304,.!frame.!button
demo_session_07,48,1786094570.0416186,move,313,319,.!frame.!button
demo_session_07,48,1786094570.0916185,move,313,307,.!frame.!button
demo_session_07,48,1786094570.1416185,move,306,321,.!frame.!button
demo_session_07,48,1786094570.1916184,move,314,327,.!frame.!button
demo_session_07,48,1786094570.2416184,move,308,317,.!frame.!button
demo_session_07,48,1786094570.2916183,move,309,314,.!frame.!button
demo_session_07,48,1786094570.3416183,move,321,299,.!frame.!button
demo_session_07,48,1786094570.3916183,move,314,301,.!frame.!button
demo_session_07,48,1786094570.4416182,move,324,331,.!frame.!button
demo_session_07,48,1786094570.4916182,move,314,308,.!frame.!button
demo_session_07,48,1786094570.541618,move,321,328,.!frame.!button
demo_session_07,48,1786094570.591618,move,330,301,.!frame.!button
demo_session_07,48,1786094570.641618,move,325,310,.!frame.!button
demo_session_07,48,1786094570.691618,move,346,322,.!frame.!button
demo_session_07,48,1786094570.741618,move,341,314,.!frame.!button
demo_session_07,48,1786094570.7916179,move,316,300,.!frame.!button
demo_session_07,48,1786094570.8416178,move,332,317,.!frame.!button
demo_session_07,48,1786094570.8916178,move,301,324,.!frame.!button
demo_session_07,48,1786094570.9416177,move,317,330,.!frame.!button
demo_session_07,48,1786094570.9916177,move,325,324,.!frame.!button
demo_session_07,48,1786094571.0416176,move,333,308,.!frame.!button
demo_session_07,48,1786094571.0916176,move,330,312,.!frame.!button
demo_session_07,48,1786094571.1416175,move,343,324,.!frame.!button
demo_session_07,48,1786094571.1916175,move,338,325,.!frame.!button
demo_session_07,48,1786094571.2416174,move,352,320,.!frame.!button
demo_session_07,48,1786094571.2916174,move,342,333,.!frame.!button
demo_session_07,48,1786094571.3416173,move,344,333,.!frame.!button
demo_session_07,48,1786094571.3916173,move,360,321,.!frame.!button
demo_session_07,48,1786094571.4416173,move,336,323,.!frame.!button
demo_session_07,48,1786094571.4916172,move,337,332,.!frame.!button
demo_session_07,48,1786094571.5416172,move,341,323,.!frame.!button
demo_session_07,48,1786094571.5946493,click,348,318,.!frame.!button
demo_session_07,49,1786094571.5946493,move,424,182,.!frame.!entry
demo_session_07,49,1786094571.6446493,move,394,171,.!frame.!entry
demo_session_07,49,1786094571.6946492,move,396,170,.!frame.!entry
demo_session_07,49,1786094571.7446492,move,429,195,.!frame.!entry
demo_session_07,49,1786094571.7946491,move,397,188,.!frame.!entry
demo_session_07,49,1786094571.844649,move,416,176,.!frame.!entry
demo_session_07,49,1786094571.894649,move,405,175,.!frame.!entry
demo_session_07,49,1786094571.944649,move,411,198,.!frame.!entry
demo_session_07,49,1786094571.994649,move,398,193,.!frame.!entry
demo_session_07,49,1786094572.044649,move,399,173,.!frame.!entry
demo_session_07,49,1786094572.0946488,move,397,174,.!frame.!entry
demo_session_07,49,1786094572.1446488,move,413,179,.!frame.!entry
demo_session_07,49,1786094572.1946487,move,400,164,.!frame.!entry
demo_session_07,49,1786094572.2446487,move,394,192,.!frame.!entry
demo_session_07,49,1786094572.2946486,move,416,217,.!frame.!entry
demo_session_07,49,1786094572.3446486,move,394,181,.!frame.!entry
demo_session_07,49,1786094572.3946486,move,398,178,.!frame.!entry
demo_session_07,49,1786094572.4446485,move,398,187,.!frame.!entry
demo_session_07,49,1786094572.4946485,move,390,191,.!frame.!entry
demo_session_07,49,1786094572.5446484,move,407,187,.!frame.!entry
demo_session_07,49,1786094572.5946484,move,406,193,.!frame.!entry
demo_session_07,49,1786094572.6446483,move,396,194,.!frame.!entry
demo_session_07,49,1786094572.6946483,move,398,185,.!frame.!entry
demo_session_07,49,1786094572.7446482,move,394,200,.!frame.!entry
demo_session_07,49,1786094572.7946482,move,389,194,.!frame.!entry
demo_session_07,49,1786094572.8446481,move,395,210,.!frame.!entry
demo_session_07,49,1786094572.894648,move,390,185,.!frame.!entry
demo_session_07,49,1786094572.944648,move,388,196,.!frame.!entry
demo_session_07,49,1786094572.994648,move,409,209,.!frame.!entry
demo_session_07,49,1786094573.044648,move,412,215,.!frame.!entry
demo_session_07,49,1786094573.094648,move,405,204,.!frame.!entry
demo_session_07,49,1786094573.1446478,move,410,206,.!frame.!entry
demo_session_07,49,1786094573.1946478,move,373,195,.!frame.!entry
demo_session_07,49,1786094573.2446477,move,393,197,.!frame.!entry
demo_session_07,49,1786094573.2946477,move,398,209,.!frame.!entry
demo_session_07,49,1786094573.3446476,move,413,219,.!frame.!entry
demo_session_07,49,1786094573.3946476,move,393,199,.!frame.!entry
demo_session_07,49,1786094573.4446476,move,401,225,.!frame.!entry
demo_session_07,49,1786094573.4946475,move,374,219,.!frame.!entry
demo_session_07,49,1786094573.5446475,move,398,204,.!frame.!entry
demo_session_07,49,1786094573.5946474,move,389,220,.!frame.!entry
demo_session_07,49,1786094573.6446474,move,394,210,.!frame.!entry
demo_session_07,49,1786094573.6946473,move,406,224,.!frame.!entry
demo_session_07,49,1786094573.7446473,move,397,217,.!frame.!entry
demo_session_07,49,1786094573.7946472,move,379,216,.!frame.!entry
demo_session_07,49,1786094573.8446472,move,394,222,.!frame.!entry
demo_session_07,49,1786094573.8946471,move,368,238,.!frame.!entry
demo_session_07,49,1786094573.944647,move,387,239,.!frame.!entry
demo_session_07,49,1786094573.994647,move,384,214,.!frame.!entry
demo_session_07,49,1786094574.044647,move,391,215,.!frame.!entry
demo_session_07,49,1786094574.094647,move,380,214,.!frame.!entry
demo_session_07,49,1786094574.144647,move,397,221,.!frame.!entry
demo_session_07,49,1786094574.1946468,move,392,223,.!frame.!entry
demo_session_07,49,1786094574.2446468,move,385,224,.!frame.!entry
demo_session_07,49,1786094574.2946467,move,382,242,.!frame.!entry
demo_session_07,49,1786094574.3446467,move,394,236,.!frame.!entry
demo_session_07,49,1786094574.3946466,move,383,236,.!frame.!entry
demo_session_07,49,1786094574.4446466,move,361,227,.!frame.!entry
demo_session_07,49,1786094574.4946465,move,389,245,.!frame.!entry
demo_session_07,49,1786094574.5446465,move,393,216,.!frame.!entry
demo_session_07,49,1786094574.5946465,move,380,237,.!frame.!entry
demo_session_07,49,1786094574.6446464,move,373,212,.!frame.!entry
demo_session_07,49,1786094574.6946464,move,372,245,.!frame.!entry
demo_session_07,49,1786094574.7446463,move,371,240,.!frame.!entry
demo_session_07,49,1786094574.7946463,move,393,231,.!frame.!entry
demo_session_07,49,1786094574.8446462,move,377,259,.!frame.!entry
demo_session_07,49,1786094574.8946462,move,382,242,.!frame.!entry
demo_session_07,49,1786094574.9446461,move,377,221,.!frame.!entry
demo_session_07,49,1786094574.994646,move,395,248,.!frame.!entry
demo_session_07,49,1786094575.044646,move,384,247,.!frame.!entry
demo_session_07,49,1786094575.094646,move,360,273,.!frame.!entry
demo_session_07,49,1786094575.144646,move,356,244,.!frame.!entry
demo_session_07,49,1786094575.194646,move,371,257,.!frame.!entry
demo_session_07,49,1786094575.2446458,move,376,228,.!frame.!entry
demo_session_07,49,1786094575.2946458,move,375,262,.!frame.!entry
demo_session_07,49,1786094575.3446457,move,374,253,.!frame.!entry
demo_session_07,49,1786094575.3946457,move,377,262,.!frame.!entry
demo_session_07,49,1786094575.4446456,move,384,244,.!frame.!entry
demo_session_07,49,1786094575.4946456,move,386,265,.!frame.!entry
demo_session_07,49,1786094575.5446455,move,350,261,.!frame.!entry
demo_session_07,49,1786094575.5946455,move,380,253,.!frame.!entry
demo_session_07,49,1786094575.6446455,move,365,254,.!frame.!entry
demo_session_07,49,1786094575.6946454,move,369,244,.!frame.!entry
demo_session_07,49,1786094575.7446454,move,367,234,.!frame.!entry
demo_session_07,49,1786094575.7946453,move,369,268,.!frame.!entry
demo_session_07,49,1786094575.8446453,move,359,259,.!frame.!entry
demo_session_07,49,1786094575.8946452,move,357,269,.!frame.!entry
demo_session_07,49,1786094575.9446452,move,362,270,.!frame.!entry
demo_session_07,49,1786094575.994645,move,366,248,.!frame.!entry
demo_session_07,49,1786094576.044645,move,359,265,.!frame.!entry
demo_session_07,49,1786094576.094645,move,374,252,.!frame.!entry
demo_session_07,49,1786094576.144645,move,360,279,.!frame.!entry
demo_session_07,49,1786094576.194645,move,388,263,.!frame.!entry
demo_session_07,49,1786094576.2446449,move,360,290,.!frame.!entry
demo_session_07,49,1786094576.2946448,move,381,254,.!frame.!entry
demo_session_07,49,1786094576.3446448,move,371,270,.!frame.!entry
demo_session_07,49,1786094576.3946447,move,367,268,.!frame.!entry
demo_session_07,49,1786094576.4446447,move,351,278,.!frame.!entry
demo_session_07,49,1786094576.4946446,move,348,271,.!frame.!entry
demo_session_07,49,1786094576.5446446,move,367,268,.!frame.!entry
demo_session_07,49,1786094576.5946445,move,392,273,.!frame.!entry
demo_session_07,49,1786094576.6446445,move,361,267,.!frame.!button
demo_session_07,49,1786094576.6946445,move,357,269,.!frame.!button
demo_session_07,49,1786094576.7446444,move,368,293,.!frame.!button
demo_session_07,49,1786094576.7946444,move,371,296,.!frame.!button
demo_session_07,49,1786094576.8446443,move,358,285,.!frame.!button
demo_session_07,49,1786094576.8946443,move,362,299,.!frame.!button
demo_session_07,49,1786094576.9446442,move,360,300,.!frame.!button
demo_session_07,49,1786094576.9946442,move,369,264,.!frame.!button
demo_session_07,49,1786094577.044644,move,347,284,.!frame.!button
demo_session_07,49,1786094577.094644,move,354,276,.!frame.!button
demo_session_07,49,1786094577.144644,move,364,283,.!frame.!button
demo_session_07,49,1786094577.194644,move,382,313,.!frame.!button
demo_session_07,49,1786094577.244644,move,354,303,.!frame.!button
demo_session_07,49,1786094577.2946439,move,349,281,.!frame.!button
demo_session_07,49,1786094577.3446438,move,353,292,.!frame.!button
demo_session_07,49,1786094577.3946438,move,353,290,.!frame.!button
demo_session_07,49,1786094577.4446437,move,363,282,.!frame.!button
demo_session_07,49,1786094577.4946437,move,365,288,.!frame.!button
demo_session_07,49,1786094577.5446436,move,370,290,.!frame.!button
demo_session_07,49,1786094577.5946436,move,363,303,.!frame.!button
demo_session_07,49,1786094577.6446435,move,345,296,.!frame.!button
demo_session_07,49,1786094577.6946435,move,367,318,.!frame.!button
demo_session_07,49,1786094577.7446434,move,370,309,.!frame.!button
demo_session_07,49,1786094577.7946434,move,366,317,.!frame.!button
demo_session_07,49,1786094577.8446434,move,367,272,.!frame.!button
demo_session_07,49,1786094577.8946433,move,344,309,.!frame.!button
demo_session_07,49,1786094577.9446433,move,360,310,.!frame.!button
demo_session_07,49,1786094577.9946432,move,361,312,.!frame.!button
demo_session_07,49,1786094578.0446432,move,359,288,.!frame.!button
demo_session_07,49,1786094578.094643,move,357,305,.!frame.!button
demo_session_07,49,1786094578.144643,move,342,325,.!frame.!button
demo_session_07,49,1786094578.194643,move,331,301,.!frame.!button
demo_session_07,49,1786094578.244643,move,358,310,.!frame.!button
demo_session_07,49,1786094578.294643,move,334,311,.!frame.!button
demo_session_07,49,1786094578.3446429,move,355,316,.!frame.!button
demo_session_07,49,1786094578.3946428,move,349,303,.!frame.!button
demo_session_07,49,1786094578.4446428,move,352,310,.!frame.!button
demo_session_07,49,1786094578.4946427,move,355,313,.!frame.!button
demo_session_07,49,1786094578.5446427,move,344,315,.!frame.!button
demo_session_07,49,1786094578.5946426,move,347,305,.!frame.!button
demo_session_07,49,1786094578.6446426,move,345,319,.!frame.!button
demo_session_07,49,1786094578.6946425,move,336,312,.!frame.!button
demo_session_07,49,1786094578.7446425,move,352,321,.!frame.!button
demo_session_07,49,1786094578.7946424,move,355,305,.!frame.!button
demo_session_07,49,1786094578.8906672,click,351,321,.!frame.!button
demo_session_07,50,1786094586.3313608,move,276,284,.!frame.!entry
demo_session_07,50,1786094586.3813608,move,259,292,.!frame.!entry
demo_session_07,50,1786094586.4313607,move,274,293,.!frame.!entry
demo_session_07,50,1786094586.4813607,move,231,281,.!frame.!entry
demo_session_07,50,1786094586.5313606,move,263,283,.!frame.!entry
demo_session_07,50,1786094586.5813606,move,268,292,.!frame.!entry
demo_session_07,50,1786094586.6313605,move,254,311,.!frame.!entry
demo_session_07,50,1786094586.6813605,move,253,290,.!frame.!entry
demo_session_07,50,1786094586.7313604,move,269,288,.!frame.!entry
demo_session_07,50,1786094586.7813604,move,278,284,.!frame.!entry
demo_session_07,50,1786094586.8313603,move,269,294,.!frame.!entry
demo_session_07,50,1786094586.8813603,move,249,286,.!frame.!entry
demo_session_07,50,1786094586.9313602,move,249,278,.!frame.!entry
demo_session_07,50,1786094586.9813602,move,261,301,.!frame.!entry
demo_session_07,50,1786094587.0313601,move,261,291,.!frame.!entry
demo_session_07,50,1786094587.08136,move,265,293,.!frame.!entry
demo_session_07,50,1786094587.13136,move,258,293,.!frame.!entry
demo_session_07,50,1786094587.18136,move,260,302,.!frame.!entry
demo_session_07,50,1786094587.23136,move,275,289,.!frame.!entry
demo_session_07,50,1786094587.28136,move,285,284,.!frame.!entry
demo_session_07,50,1786094587.3313599,move,265,286,.!frame.!entry
demo_session_07,50,1786094587.3813598,move,266,299,.!frame.!entry
demo_session_07,50,1786094587.4313598,move,261,287,.!frame.!entry
demo_session_07,50,1786094587.4813597,move,275,281,.!frame.!entry
demo_session_07,50,1786094587.5313597,move,251,278,.!frame.!entry
demo_session_07,50,1786094587.5813596,move,250,278,.!frame.!entry
demo_session_07,50,1786094587.6313596,move,285,305,.!frame.!entry
demo_session_07,50,1786094587.6813595,move,291,279,.!frame.!entry
demo_session_07,50,1786094587.7313595,move,275,305,.!frame.!entry
demo_session_07,50,1786094587.7813594,move,260,295,.!frame.!entry
demo_session_07,50,1786094587.8313594,move,266,308,.!frame.!entry
demo_session_07,50,1786094587.8813593,move,274,284,.!frame.!entry
demo_session_07,50,1786094587.9313593,move,271,280,.!frame.!entry
demo_session_07,50,1786094587.9813592,move,268,301,.!frame.!entry
demo_session_07,50,1786094588.0313592,move,293,271,.!frame.!entry
demo_session_07,50,1786094588.0813591,move,285,280,.!frame.!entry
demo_session_07,50,1786094588.131359,move,270,271,.!frame.!entry
demo_session_07,50,1786094588.181359,move,283,280,.!frame.!entry
demo_session_07,50,1786094588.231359,move,269,299,.!frame.!entry
demo_session_07,50,1786094588.281359,move,268,283,.!frame.!entry
demo_session_07,50,1786094588.331359,move,289,298,.!frame.!entry
demo_session_07,50,1786094588.3813589,move,265,300,.!frame.!entry
demo_session_07,50,1786094588.4313588,move,264,290,.!frame.!entry
demo_session_07,50,1786094588.4813588,move,278,300,.!frame.!entry
demo_session_07,50,1786094588.5313587,move,268,284,.!frame.!entry
demo_session_07,50,1786094588.5813587,move,278,282,.!frame.!entry
demo_session_07,50,1786094588.6313586,move,274,279,.!frame.!entry
demo_session_07,50,1786094588.6813586,move,294,286,.!frame.!entry
demo_session_07,50,1786094588.7313585,move,268,277,.!frame.!entry
demo_session_07,50,1786094588.7813585,move,288,305,.!frame.!entry
demo_session_07,50,1786094588.8313584,move,287,299,.!frame.!entry
demo_session_07,50,1786094588.8813584,move,289,307,.!frame.!entry
demo_session_07,50,1786094588.9313583,move,272,312,.!frame.!entry
demo_session_07,50,1786094588.9813583,move,279,300,.!frame.!entry
demo_session_07,50,1786094589.0313582,move,291,289,.!frame.!entry
demo_session_07,50,1786094589.0813582,move,291,292,.!frame.!entry
demo_session_07,50,1786094589.1313581,move,290,289,.!frame.!entry
demo_session_07,50,1786094589.181358,move,288,291,.!frame.!entry
demo_session_07,50,1786094589.231358,move,282,290,.!frame.!entry
demo_session_07,50,1786094589.281358,move,287,285,.!frame.!entry
demo_session_07,50,1786094589.331358,move,288,290,.!frame.!entry
demo_session_07,50,1786094589.381358,move,275,288,.!frame.!entry
demo_session_07,50,1786094589.4313579,move,285,292,.!frame.!entry
demo_session_07,50,1786094589.4813578,move,289,295,.!frame.!entry
demo_session_07,50,1786094589.5313578,move,293,298,.!frame.!entry
demo_session_07,50,1786094589.5813577,move,284,290,.!frame.!entry
demo_session_07,50,1786094589.6313577,move,281,290,.!frame.!entry
demo_session_07,50,1786094589.6813576,move,289,304,.!frame.!entry
demo_session_07,50,1786094589.7313576,move,271,302,.!frame.!entry
demo_session_07,50,1786094589.7813575,move,298,282,.!frame.!entry
demo_session_07,50,1786094589.8313575,move,275,321,.!frame.!entry
demo_session_07,50,1786094589.8813574,move,287,296,.!frame.!entry
demo_session_07,50,1786094589.9313574,move,303,316,.!frame.!entry
demo_session_07,50,1786094589.9813573,move,300,307,.!frame.!entry
demo_session_07,50,1786094590.0313573,move,284,280,.!frame.!entry
demo_session_07,50,1786094590.0813572,move,300,294,.!frame.!entry
demo_session_07,50,1786094590.1313572,move,288,286,.!frame.!entry
demo_session_07,50,1786094590.1813571,move,267,315,.!frame.!entry
demo_session_07,50,1786094590.231357,move,297,293,.!frame.!entry
demo_session_07,50,1786094590.281357,move,302,284,.!frame.!entry
demo_session_07,50,1786094590.331357,move,283,300,.!frame.!entry
demo_session_07,50,1786094590.381357,move,294,299,.!frame.!entry
demo_session_07,50,1786094590.431357,move,297,311,.!frame.!entry
demo_session_07,50,1786094590.4813569,move,275,287,.!frame.!entry
demo_session_07,50,1786094590.5313568,move,296,284,.!frame.!entry
demo_session_07,50,1786094590.5813568,move,291,316,.!frame.!entry
demo_session_07,50,1786094590.6313567,move,287,300,.!frame.!entry
demo_session_07,50,1786094590.6813567,move,333,297,.!frame.!entry
demo_session_07,50,1786094590.7313566,move,292,314,.!frame.!entry
demo_session_07,50,1786094590.7813566,move,313,301,.!frame.!entry
demo_session_07,50,1786094590.8313565,move,281,278,.!frame.!entry
demo_session_07,50,1786094590.8813565,move,307,315,.!frame.!entry
demo_session_07,50,1786094590.9313564,move,301,316,.!frame.!entry
demo_session_07,50,1786094590.9813564,move,294,309,.!frame.!entry
demo_session_07,50,1786094591.0313563,move,307,293,.!frame.!entry
demo_session_07,50,1786094591.0813563,move,302,307,.!frame.!entry
demo_session_07,50,1786094591.1313562,move,288,300,.!frame.!entry
demo_session_07,50,1786094591.1813562,move,303,292,.!frame.!entry
demo_session_07,50,1786094591.2313561,move,309,297,.!frame.!entry
demo_session_07,50,1786094591.281356,move,305,297,.!frame.!entry
demo_session_07,50,1786094591.331356,move,310,302,.!frame.!entry
demo_session_07,50,1786094591.381356,move,324,288,.!frame.!entry
demo_session_07,50,1786094591.431356,move,324,299,.!frame.!entry
demo_session_07,50,1786094591.481356,move,311,312,.!frame.!entry
demo_session_07,50,1786094591.5313559,move,292,300,.!frame.!entry
demo_session_07,50,1786094591.5813558,move,321,306,.!frame.!entry
demo_session_07,50,1786094591.6313558,move,311,324,.!frame.!entry
demo_session_07,50,1786094591.6813557,move,311,302,.!frame.!entry
demo_session_07,50,1786094591.7313557,move,310,304,.!frame.!entry
demo_session_07,50,1786094591.7813556,move,317,308,.!frame.!entry
demo_session_07,50,1786094591.8313556,move,302,318,.!frame.!entry
demo_session_07,50,1786094591.8813555,move,332,299,.!frame.!entry
demo_session_07,50,1786094591.9313555,move,323,310,.!frame.!entry
demo_session_07,50,1786094591.9813554,move,314,315,.!frame.!entry
demo_session_07,50,1786094592.0313554,move,312,301,.!frame.!entry
demo_session_07,50,1786094592.0813553,move,297,308,.!frame.!entry
demo_session_07,50,1786094592.1313553,move,309,306,.!frame.!entry
demo_session_07,50,1786094592.1813552,move,331,300,.!frame.!entry
demo_session_07,50,1786094592.2313552,move,317,325,.!frame.!entry
demo_session_07,50,1786094592.2813551,move,297,300,.!frame.!entry
demo_session_07,50,1786094592.331355,move,328,304,.!frame.!entry
demo_session_07,50,1786094592.381355,move,333,313,.!frame.!entry
demo_session_07,50,1786094592.431355,move,323,316,.!frame.!entry
demo_session_07,50,1786094592.481355,move,323,305,.!frame.!entry
demo_session_07,50,1786094592.531355,move,337,330,.!frame.!entry
demo_session_07,50,1786094592.5813549,move,311,308,.!frame.!entry
demo_session_07,50,1786094592.6313548,move,339,309,.!frame.!entry
demo_session_07,50,1786094592.6813548,move,312,304,.!frame.!entry
demo_session_07,50,1786094592.7313547,move,324,307,.!frame.!entry
demo_session_07,50,1786094592.7813547,move,326,317,.!frame.!entry
demo_session_07,50,1786094592.8313546,move,316,298,.!frame.!entry
demo_session_07,50,1786094592.8813546,move,330,308,.!frame.!entry
demo_session_07,50,1786094592.9313545,move,331,311,.!frame.!entry
demo_session_07,50,1786094592.9813545,move,324,307,.!frame.!button
demo_session_07,50,1786094593.0313544,move,313,316,.!frame.!button
demo_session_07,50,1786094593.0813544,move,329,297,.!frame.!button
demo_session_07,50,1786094593.1313543,move,313,324,.!frame.!button
demo_session_07,50,1786094593.1813543,move,327,293,.!frame.!button
demo_session_07,50,1786094593.2313542,move,332,317,.!frame.!button
demo_session_07,50,1786094593.2813542,move,329,317,.!frame.!button
demo_session_07,50,1786094593.3313541,move,334,325,.!frame.!button
demo_session_07,50,1786094593.381354,move,313,311,.!frame.!button
demo_session_07,50,1786094593.431354,move,318,313,.!frame.!button
demo_session_07,50,1786094593.481354,move,323,320,.!frame.!button
demo_session_07,50,1786094593.531354,move,322,307,.!frame.!button
demo_session_07,50,1786094593.581354,move,326,305,.!frame.!button
demo_session_07,50,1786094593.6313539,move,330,313,.!frame.!button
demo_session_07,50,1786094593.6813538,move,322,305,.!frame.!button
demo_session_07,50,1786094593.7313538,move,326,308,.!frame.!button
demo_session_07,50,1786094593.7813537,move,337,290,.!frame.!button
demo_session_07,50,1786094593.8313537,move,321,310,.!frame.!button
demo_session_07,50,1786094593.8813536,move,327,317,.!frame.!button
demo_session_07,50,1786094593.9313536,move,333,325,.!frame.!button
demo_session_07,50,1786094593.9813535,move,331,318,.!frame.!button
demo_session_07,50,1786094594.0313535,move,321,308,.!frame.!button
demo_session_07,50,1786094594.0813534,move,326,304,.!frame.!button
demo_session_07,50,1786094594.1313534,move,338,312,.!frame.!button
demo_session_07,50,1786094594.1813533,move,341,319,.!frame.!button
demo_session_07,50,1786094594.2313533,move,317,301,.!frame.!button
demo_session_07,50,1786094594.2813532,move,341,322,.!frame.!button
demo_session_07,50,1786094594.3313532,move,334,301,.!frame.!button
demo_session_07,50,1786094594.3813531,move,328,323,.!frame.!button
demo_session_07,50,1786094594.431353,move,325,302,.!frame.!button
demo_session_07,50,1786094594.481353,move,350,320,.!frame.!button
demo_session_07,50,1786094594.531353,move,333,351,.!frame.!button
demo_session_07,50,1786094594.581353,move,335,315,.!frame.!button
demo_session_07,50,1786094594.631353,move,343,327,.!frame.!button
demo_session_07,50,1786094594.6813529,move,346,331,.!frame.!button
demo_session_07,50,1786094594.7313528,move,345,329,.!frame.!button
demo_session_07,50,1786094594.7813528,move,337,327,.!frame.!button
demo_session_07,50,1786094594.8313527,move,352,288,.!frame.!button
demo_session_07,50,1786094594.8813527,move,363,329,.!frame.!button
demo_session_07,50,1786094594.9313526,move,350,321,.!frame.!button
demo_session_07,50,1786094594.9813526,move,325,292,.!frame.!button
demo_session_07,50,1786094595.0313525,move,332,305,.!frame.!button
demo_session_07,50,1786094595.0813525,move,348,303,.!frame.!button
demo_session_07,50,1786094595.1313524,move,317,327,.!frame.!button
demo_session_07,50,1786094595.1813524,move,351,330,.!frame.!button
demo_session_07,50,1786094595.2313523,move,362,310,.!frame.!button
demo_session_07,50,1786094595.2813523,move,352,332,.!frame.!button
demo_session_07,50,1786094595.3313522,move,349,317,.!frame.!button
demo_session_07,50,1786094595.3813522,move,356,319,.!frame.!button
demo_session_07,50,1786094595.4313521,move,346,304,.!frame.!button
demo_session_07,50,1786094595.481352,move,320,312,.!frame.!button
demo_session_07,50,1786094595.531352,move,344,310,.!frame.!button
demo_session_07,50,1786094595.581352,move,350,313,.!frame.!button
demo_session_07,50,1786094595.631352,move,346,319,.!frame.!button
demo_session_07,50,1786094595.681352,move,346,316,.!frame.!button
demo_session_07,50,1786094595.7313519,move,334,321,.!frame.!button
demo_session_07,50,1786094595.7813518,move,358,335,.!frame.!button
demo_session_07,50,1786094595.8607957,click,368,338,.!frame.!button
