session_id,question_index,timestamp,event_type,x,y,target_element
demo_session_04,1,1786094205.4258118,move,214,285,.!frame.!entry
demo_session_04,1,1786094205.4758117,move,212,281,.!frame.!entry
demo_session_04,1,1786094205.5258117,move,208,283,.!frame.!entry
demo_session_04,1,1786094205.5758116,move,214,284,.!frame.!entry
demo_session_04,1,1786094205.6258116,move,217,283,.!frame.!entry
demo_session_04,1,1786094205.6758115,move,215,279,.!frame.!entry
demo_session_04,1,1786094205.7258115,move,215,285,.!frame.!entry
demo_session_04,1,1786094205.7758114,move,225,290,.!frame.!entry
demo_session_04,1,1786094205.8258114,move,228,282,.!frame.!entry
demo_session_04,1,1786094205.8758113,move,226,286,.!frame.!entry
demo_session_04,1,1786094205.9258113,move,226,289,.!frame.!entry
demo_session_04,1,1786094205.9758112,move,228,282,.!frame.!entry
demo_session_04,1,1786094206.0258112,move,234,287,.!frame.!entry
demo_session_04,1,1786094206.0758111,move,232,287,.!frame.!entry
demo_session_04,1,1786094206.125811,move,235,289,.!frame.!entry
demo_session_04,1,1786094206.175811,move,242,292,.!frame.!entry
demo_session_04,1,1786094206.225811,move,244,293,.!frame.!entry
demo_session_04,1,1786094206.275811,move,249,291,.!frame.!entry
demo_session_04,1,1786094206.325811,move,247,289,.!frame.!entry
demo_session_04,1,1786094206.3758109,move,252,293,.!frame.!entry
demo_session_04,1,1786094206.4258108,move,249,287,.!frame.!entry
demo_session_04,1,1786094206.4758108,move,251,298,.!frame.!entry
demo_session_04,1,1786094206.5258107,move,254,292,.!frame.!entry
demo_session_04,1,1786094206.5758107,move,258,295,.!frame.!entry
demo_session_04,1,1786094206.6258106,move,257,292,.!frame.!entry
demo_session_04,1,1786094206.6758106,move,264,296,.!frame.!entry
demo_session_04,1,1786094206.7258105,move,263,293,.!frame.!entry
demo_session_04,1,1786094206.7758105,move,261,298,.!frame.!entry
demo_session_04,1,1786094206.8258104,move,259,299,.!frame.!entry
demo_session_04,1,1786094206.8758104,move,268,293,.!frame.!entry
demo_session_04,1,1786094206.9258103,move,271,303,.!frame.!entry
demo_session_04,1,1786094206.9758103,move,274,303,.!frame.!entry
demo_session_04,1,1786094207.0258102,move,273,303,.!frame.!entry
demo_session_04,1,1786094207.0758102,move,275,301,.!frame.!entry
demo_session_04,1,1786094207.1258101,move,284,302,.!frame.!entry
demo_session_04,1,1786094207.17581,move,283,299,.!frame.!entry
demo_session_04,1,1786094207.22581,move,282,303,.!frame.!entry
demo_session_04,1,1786094207.27581,move,284,301,.!frame.!entry
demo_session_04,1,1786094207.32581,move,282,302,.!frame.!entry
demo_session_04,1,1786094207.37581,move,294,303,.!frame.!entry
demo_session_04,1,1786094207.4258099,move,292,296,.!frame.!entry
demo_session_04,1,1786094207.4758098,move,290,309,.!frame.!entry
demo_session_04,1,1786094207.5258098,move,288,307,.!frame.!entry
demo_session_04,1,1786094207.5758097,move,291,308,.!frame.!entry
demo_session_04,1,1786094207.6258097,move,297,302,.!frame.!entry
demo_session_04,1,1786094207.6758096,move,294,308,.!frame.!entry
demo_session_04,1,1786094207.7258096,move,297,312,.!frame.!entry
demo_session_04,1,1786094207.7758095,move,304,310,.!frame.!entry
demo_session_04,1,1786094207.8258095,move,305,308,.!frame.!entry
demo_session_04,1,1786094207.8758094,move,305,306,.!frame.!entry
demo_session_04,1,1786094207.9258094,move,309,313,.!frame.!button
demo_session_04,1,1786094207.9758093,move,309,309,.!frame.!button
demo_session_04,1,1786094208.0258093,move,314,308,.!frame.!button
demo_session_04,1,1786094208.0758092,move,314,311,.!frame.!button
demo_session_04,1,1786094208.1258092,move,314,311,.!frame.!button
demo_session_04,1,1786094208.1758091,move,322,310,.!frame.!button
demo_session_04,1,1786094208.225809,move,316,313,.!frame.!button
demo_session_04,1,1786094208.275809,move,318,306,.!frame.!button
demo_session_04,1,1786094208.325809,move,321,317,.!frame.!button
demo_session_04,1,1786094208.375809,move,326,325,.!frame.!button
demo_session_04,1,1786094208.425809,move,330,311,.!frame.!button
demo_session_04,1,1786094208.4758089,move,334,315,.!frame.!button
demo_session_04,1,1786094208.5258088,move,328,325,.!frame.!button
demo_session_04,1,1786094208.5758088,move,334,313,.!frame.!button
demo_session_04,1,1786094208.6258087,move,335,317,.!frame.!button
demo_session_04,1,1786094208.6758087,move,332,313,.!frame.!button
demo_session_04,1,1786094208.7258086,move,344,313,.!frame.!button
demo_session_04,1,1786094208.7758086,move,349,317,.!frame.!button
demo_session_04,1,1786094208.8258085,move,342,317,.!frame.!button
demo_session_04,1,1786094208.8758085,move,344,318,.!frame.!button
demo_session_04,1,1786094208.9258084,move,349,320,.!frame.!button
demo_session_04,1,1786094208.9758084,move,353,320,.!frame.!button
demo_session_04,1,1786094209.0701904,click,350,320,.!frame.!button
demo_session_04,2,1786094209.0701904,move,342,331,.!frame.!entry
demo_session_04,2,1786094209.1201904,move,345,335,.!frame.!entry
demo_session_04,2,1786094209.1701903,move,340,324,.!frame.!entry
demo_session_04,2,1786094209.2201903,move,332,332,.!frame.!entry
demo_session_04,2,1786094209.2701902,move,344,335,.!frame.!entry
demo_session_04,2,1786094209.3201902,move,339,335,.!frame.!entry
demo_session_04,2,1786094209.3701901,move,345,334,.!frame.!entry
demo_session_04,2,1786094209.42019,move,346,328,.!frame.!entry
demo_session_04,2,1786094209.47019,move,341,334,.!frame.!entry
demo_session_04,2,1786094209.52019,move,346,328,.!frame.!entry
demo_session_04,2,1786094209.57019,move,349,328,.!frame.!entry
demo_session_04,2,1786094209.62019,move,344,330,.!frame.!entry
demo_session_04,2,1786094209.6701899,move,344,329,.!frame.!entry
demo_session_04,2,1786094209.7201898,move,346,324,.!frame.!entry
demo_session_04,2,1786094209.7701898,move,344,329,.!frame.!entry
demo_session_04,2,1786094209.8201897,move,341,331,.!frame.!entry
demo_session_04,2,1786094209.8701897,move,336,333,.!frame.!entry
demo_session_04,2,1786094209.9201896,move,337,327,.!frame.!entry
demo_session_04,2,1786094209.9701896,move,344,332,.!frame.!entry
demo_session_04,2,1786094210.0201895,move,344,332,.!frame.!entry
demo_session_04,2,1786094210.0701895,move,341,334,.!frame.!entry
demo_session_04,2,1786094210.1201894,move,345,323,.!frame.!entry
demo_session_04,2,1786094210.1701894,move,342,332,.!frame.!entry
demo_session_04,2,1786094210.2201893,move,353,328,.!frame.!entry
demo_session_04,2,1786094210.2701893,move,339,330,.!frame.!entry
demo_session_04,2,1786094210.3201892,move,344,330,.!frame.!entry
demo_session_04,2,1786094210.3701892,move,347,332,.!frame.!entry
demo_session_04,2,1786094210.4201891,move,346,324,.!frame.!entry
demo_session_04,2,1786094210.470189,move,343,327,.!frame.!entry
demo_session_04,2,1786094210.520189,move,348,333,.!frame.!entry
demo_session_04,2,1786094210.570189,move,348,333,.!frame.!entry
demo_session_04,2,1786094210.620189,move,340,326,.!frame.!entry
demo_session_04,2,1786094210.670189,move,347,331,.!frame.!entry
demo_session_04,2,1786094210.7201889,move,344,331,.!frame.!entry
demo_session_04,2,1786094210.7701888,move,349,328,.!frame.!entry
demo_session_04,2,1786094210.8201888,move,344,328,.!frame.!entry
demo_session_04,2,1786094210.8701887,move,354,329,.!frame.!entry
demo_session_04,2,1786094210.9201887,move,344,318,.!frame.!entry
demo_session_04,2,1786094210.9701886,move,346,328,.!frame.!entry
demo_session_04,2,1786094211.0201886,move,344,326,.!frame.!entry
demo_session_04,2,1786094211.0701885,move,345,328,.!frame.!entry
demo_session_04,2,1786094211.1201885,move,344,328,.!frame.!entry
demo_session_04,2,1786094211.1701884,move,341,324,.!frame.!entry
demo_session_04,2,1786094211.2201884,move,342,336,.!frame.!entry
demo_session_04,2,1786094211.2701883,move,344,334,.!frame.!entry
demo_session_04,2,1786094211.3201883,move,351,320,.!frame.!entry
demo_session_04,2,1786094211.3701882,move,338,326,.!frame.!entry
demo_session_04,2,1786094211.4201882,move,345,327,.!frame.!entry
demo_session_04,2,1786094211.4701881,move,347,326,.!frame.!entry
demo_session_04,2,1786094211.520188,move,348,326,.!frame.!entry
demo_session_04,2,1786094211.570188,move,345,320,.!frame.!entry
demo_session_04,2,1786094211.620188,move,343,332,.!frame.!entry
demo_session_04,2,1786094211.670188,move,349,325,.!frame.!entry
demo_session_04,2,1786094211.720188,move,342,325,.!frame.!entry
demo_session_04,2,1786094211.7701879,move,349,322,.!frame.!entry
demo_session_04,2,1786094211.8201878,move,347,329,.!frame.!entry
demo_session_04,2,1786094211.8701878,move,345,333,.!frame.!entry
demo_session_04,2,1786094211.9201877,move,345,324,.!frame.!entry
demo_session_04,2,1786094211.9701877,move,347,327,.!frame.!entry
demo_session_04,2,1786094212.0201876,move,347,325,.!frame.!entry
demo_session_04,2,1786094212.0701876,move,346,322,.!frame.!entry
demo_session_04,2,1786094212.1201875,move,361,323,.!frame.!entry
demo_session_04,2,1786094212.1701875,move,344,322,.!frame.!entry
demo_session_04,2,1786094212.2201874,move,351,323,.!frame.!entry
demo_session_04,2,1786094212.2701874,move,345,325,.!frame.!entry
demo_session_04,2,1786094212.3201873,move,353,325,.!frame.!entry
demo_session_04,2,1786094212.3701873,move,342,326,.!frame.!entry
demo_session_04,2,1786094212.4201872,move,350,325,.!frame.!entry
demo_session_04,2,1786094212.4701872,move,345,321,.!frame.!entry
demo_session_04,2,1786094212.5201871,move,339,330,.!frame.!entry
demo_session_04,2,1786094212.570187,move,350,321,.!frame.!entry
demo_session_04,2,1786094212.620187,move,349,325,.!frame.!entry
demo_session_04,2,1786094212.670187,move,353,324,.!frame.!entry
demo_session_04,2,1786094212.720187,move,345,324,.!frame.!entry
demo_session_04,2,1786094212.770187,move,345,319,.!frame.!entry
demo_session_04,2,1786094212.8201869,move,346,319,.!frame.!entry
demo_session_04,2,1786094212.8701868,move,347,329,.!frame.!entry
demo_session_04,2,1786094212.9201868,move,346,319,.!frame.!entry
demo_session_04,2,1786094212.9701867,move,347,328,.!frame.!entry
demo_session_04,2,1786094213.0201867,move,352,324,.!frame.!entry
demo_session_04,2,1786094213.0701866,move,345,323,.!frame.!entry
demo_session_04,2,1786094213.1201866,move,340,318,.!frame.!entry
demo_session_04,2,1786094213.1701865,move,350,325,.!frame.!button
demo_session_04,2,1786094213.2201865,move,350,322,.!frame.!button
demo_session_04,2,1786094213.2701864,move,354,325,.!frame.!button
demo_session_04,2,1786094213.3201864,move,347,324,.!frame.!button
demo_session_04,2,1786094213.3701863,move,352,315,.!frame.!button
demo_session_04,2,1786094213.4201863,move,348,322,.!frame.!button
demo_session_04,2,1786094213.4701862,move,351,323,.!frame.!button
demo_session_04,2,1786094213.5201862,move,348,317,.!frame.!button
demo_session_04,2,1786094213.5701861,move,352,327,.!frame.!button
demo_session_04,2,1786094213.620186,move,348,322,.!frame.!button
demo_session_04,2,1786094213.670186,move,350,325,.!frame.!button
demo_session_04,2,1786094213.720186,move,347,321,.!frame.!button
demo_session_04,2,1786094213.770186,move,347,315,.!frame.!button
demo_session_04,2,1786094213.820186,move,343,322,.!frame.!button
demo_session_04,2,1786094213.8701859,move,345,323,.!frame.!button
demo_session_04,2,1786094213.9201858,move,352,320,.!frame.!button
demo_session_04,2,1786094213.9701858,move,355,323,.!frame.!button
demo_session_04,2,1786094214.0201857,move,345,320,.!frame.!button
demo_session_04,2,1786094214.0701857,move,347,320,.!frame.!button
demo_session_04,2,1786094214.1201856,move,352,317,.!frame.!button
demo_session_04,2,1786094214.1701856,move,350,321,.!frame.!button
demo_session_04,2,1786094214.2201855,move,353,322,.!frame.!button
demo_session_04,2,1786094214.2701855,move,344,324,.!frame.!button
demo_session_04,2,1786094214.3201854,move,348,329,.!frame.!button
demo_session_04,2,1786094214.3701854,move,348,323,.!frame.!button
demo_session_04,2,1786094214.4201853,move,356,319,.!frame.!button
demo_session_04,2,1786094214.4701853,move,350,322,.!frame.!button
demo_session_04,2,1786094214.5201852,move,353,325,.!frame.!button
demo_session_04,2,1786094214.5701852,move,344,321,.!frame.!button
demo_session_04,2,1786094214.6201851,move,344,320,.!frame.!button
demo_session_04,2,1786094214.670185,move,343,315,.!frame.!button
demo_session_04,2,1786094214.720185,move,347,321,.!frame.!button
demo_session_04,2,1786094214.770185,move,353,318,.!frame.!button
demo_session_04,2,1786094214.820185,move,348,321,.!frame.!button
demo_session_04,2,1786094214.870185,move,349,325,.!frame.!button
demo_session_04,2,1786094214.9201849,move,350,316,.!frame.!button
demo_session_04,2,1786094214.9908304,click,349,319,.!frame.!button
demo_session_04,3,1786094214.9908304,move,417,336,.!frame.!entry
demo_session_04,3,1786094215.0408304,move,412,338,.!frame.!entry
demo_session_04,3,1786094215.0908303,move,423,341,.!frame.!entry
demo_session_04,3,1786094215.1408303,move,424,333,.!frame.!entry
demo_session_04,3,1786094215.1908302,move,424,336,.!frame.!entry
demo_session_04,3,1786094215.2408302,move,417,336,.!frame.!entry
demo_session_04,3,1786094215.2908301,move,415,332,.!frame.!entry
demo_session_04,3,1786094215.34083,move,412,335,.!frame.!entry
demo_session_04,3,1786094215.39083,move,414,338,.!frame.!entry
demo_session_04,3,1786094215.44083,move,422,340,.!frame.!entry
demo_session_04,3,1786094215.49083,move,415,347,.!frame.!entry
demo_session_04,3,1786094215.54083,move,419,334,.!frame.!entry
demo_session_04,3,1786094215.5908298,move,417,343,.!frame.!entry
demo_session_04,3,1786094215.6408298,move,413,332,.!frame.!entry
demo_session_04,3,1786094215.6908298,move,414,334,.!frame.!entry
demo_session_04,3,1786094215.7408297,move,414,335,.!frame.!entry
demo_session_04,3,1786094215.7908297,move,407,341,.!frame.!entry
demo_session_04,3,1786094215.8408296,move,414,334,.!frame.!entry
demo_session_04,3,1786094215.8908296,move,411,342,.!frame.!entry
demo_session_04,3,1786094215.9408295,move,411,333,.!frame.!entry
demo_session_04,3,1786094215.9908295,move,408,338,.!frame.!entry
demo_session_04,3,1786094216.0408294,move,413,337,.!frame.!entry
demo_session_04,3,1786094216.0908294,move,404,328,.!frame.!entry
demo_session_04,3,1786094216.1408293,move,403,330,.!frame.!entry
demo_session_04,3,1786094216.1908293,move,407,339,.!frame.!entry
demo_session_04,3,1786094216.2408292,move,403,327,.!frame.!entry
demo_session_04,3,1786094216.2908292,move,400,332,.!frame.!entry
demo_session_04,3,1786094216.3408291,move,412,329,.!frame.!entry
demo_session_04,3,1786094216.390829,move,409,338,.!frame.!entry
demo_session_04,3,1786094216.440829,move,406,325,.!frame.!entry
demo_session_04,3,1786094216.490829,move,404,329,.!frame.!entry
demo_session_04,3,1786094216.540829,move,407,332,.!frame.!entry
demo_session_04,3,1786094216.590829,move,404,335,.!frame.!entry
demo_session_04,3,1786094216.6408288,move,405,326,.!frame.!entry
demo_session_04,3,1786094216.6908288,move,400,337,.!frame.!entry
demo_session_04,3,1786094216.7408288,move,404,331,.!frame.!entry
demo_session_04,3,1786094216.7908287,move,406,331,.!frame.!entry
demo_session_04,3,1786094216.8408287,move,403,335,.!frame.!entry
demo_session_04,3,1786094216.8908286,move,401,339,.!frame.!entry
demo_session_04,3,1786094216.9408286,move,406,336,.!frame.!entry
demo_session_04,3,1786094216.9908285,move,402,330,.!frame.!entry
demo_session_04,3,1786094217.0408285,move,387,328,.!frame.!entry
demo_session_04,3,1786094217.0908284,move,405,328,.!frame.!entry
demo_session_04,3,1786094217.1408284,move,397,333,.!frame.!entry
demo_session_04,3,1786094217.1908283,move,390,334,.!frame.!entry
demo_session_04,3,1786094217.2408283,move,395,331,.!frame.!entry
demo_session_04,3,1786094217.2908282,move,401,328,.!frame.!entry
demo_session_04,3,1786094217.3408282,move,385,333,.!frame.!entry
demo_session_04,3,1786094217.3908281,move,395,327,.!frame.!entry
demo_session_04,3,1786094217.440828,move,388,332,.!frame.!entry
demo_session_04,3,1786094217.490828,move,395,330,.!frame.!entry
demo_session_04,3,1786094217.540828,move,388,324,.!frame.!entry
demo_session_04,3,1786094217.590828,move,386,333,.!frame.!entry
demo_session_04,3,1786094217.640828,move,385,321,.!frame.!entry
demo_session_04,3,1786094217.6908278,move,381,321,.!frame.!entry
demo_session_04,3,1786094217.7408278,move,388,341,.!frame.!entry
demo_session_04,3,1786094217.7908278,move,386,332,.!frame.!entry
demo_session_04,3,1786094217.8408277,move,391,334,.!frame.!entry
demo_session_04,3,1786094217.8908277,move,399,329,.!frame.!entry
demo_session_04,3,1786094217.9408276,move,386,330,.!frame.!entry
demo_session_04,3,1786094217.9908276,move,377,329,.!frame.!entry
demo_session_04,3,1786094218.0408275,move,386,328,.!frame.!entry
demo_session_04,3,1786094218.0908275,move,389,326,.!frame.!entry
demo_session_04,3,1786094218.1408274,move,389,335,.!frame.!entry
demo_session_04,3,1786094218.1908274,move,386,330,.!frame.!entry
demo_session_04,3,1786094218.2408273,move,373,336,.!frame.!entry
demo_session_04,3,1786094218.2908273,move,385,327,.!frame.!entry
demo_session_04,3,1786094218.3408272,move,376,329,.!frame.!entry
demo_session_04,3,1786094218.3908272,move,370,327,.!frame.!entry
demo_session_04,3,1786094218.4408271,move,379,326,.!frame.!entry
demo_session_04,3,1786094218.490827,move,381,318,.!frame.!entry
demo_session_04,3,1786094218.540827,move,374,322,.!frame.!entry
demo_session_04,3,1786094218.590827,move,371,330,.!frame.!entry
demo_session_04,3,1786094218.640827,move,380,328,.!frame.!entry
demo_session_04,3,1786094218.690827,move,382,329,.!frame.!entry
demo_session_04,3,1786094218.7408268,move,379,325,.!frame.!entry
demo_session_04,3,1786094218.7908268,move,371,322,.!frame.!entry
demo_session_04,3,1786094218.8408267,move,373,330,.!frame.!entry
demo_session_04,3,1786094218.8908267,move,380,334,.!frame.!entry
demo_session_04,3,1786094218.9408267,move,371,324,.!frame.!entry
demo_session_04,3,1786094218.9908266,move,375,327,.!frame.!entry
demo_session_04,3,1786094219.0408266,move,375,331,.!frame.!entry
demo_session_04,3,1786094219.0908265,move,373,331,.!frame.!button
demo_session_04,3,1786094219.1408265,move,371,324,.!frame.!button
demo_session_04,3,1786094219.1908264,move,372,322,.!frame.!button
demo_session_04,3,1786094219.2408264,move,363,313,.!frame.!button
demo_session_04,3,1786094219.2908263,move,368,331,.!frame.!button
demo_session_04,3,1786094219.3408263,move,371,321,.!frame.!button
demo_session_04,3,1786094219.3908262,move,365,317,.!frame.!button
demo_session_04,3,1786094219.4408262,move,366,334,.!frame.!button
demo_session_04,3,1786094219.4908261,move,370,318,.!frame.!button
demo_session_04,3,1786094219.540826,move,368,327,.!frame.!button
demo_session_04,3,1786094219.590826,move,367,326,.!frame.!button
demo_session_04,3,1786094219.640826,move,362,321,.!frame.!button
demo_session_04,3,1786094219.690826,move,371,320,.!frame.!button
demo_session_04,3,1786094219.740826,move,358,328,.!frame.!button
demo_session_04,3,1786094219.7908258,move,364,323,.!frame.!button
demo_session_04,3,1786094219.8408258,move,360,323,.!frame.!button
demo_session_04,3,1786094219.8908257,move,365,325,.!frame.!button
demo_session_04,3,1786094219.9408257,move,358,327,.!frame.!button
demo_session_04,3,1786094219.9908257,move,357,325,.!frame.!button
demo_session_04,3,1786094220.0408256,move,358,319,.!frame.!button
demo_session_04,3,1786094220.0908256,move,362,322,.!frame.!button
demo_session_04,3,1786094220.1408255,move,358,321,.!frame.!button
demo_session_04,3,1786094220.1908255,move,360,322,.!frame.!button
demo_session_04,3,1786094220.2408254,move,355,323,.!frame.!button
demo_session_04,3,1786094220.2908254,move,352,321,.!frame.!button
demo_session_04,3,1786094220.3408253,move,356,326,.!frame.!button
demo_session_04,3,1786094220.3908253,move,351,319,.!frame.!button
demo_session_04,3,1786094220.4408252,move,353,324,.!frame.!button
demo_session_04,3,1786094220.4908252,move,353,321,.!frame.!button
demo_session_04,3,1786094220.5408251,move,356,321,.!frame.!button
demo_session_04,3,1786094220.590825,move,351,325,.!frame.!button
demo_session_04,3,1786094220.640825,move,352,323,.!frame.!button
demo_session_04,3,1786094220.690825,move,347,322,.!frame.!button
demo_session_04,3,1786094220.740825,move,355,313,.!frame.!button
demo_session_04,3,1786094220.790825,move,350,316,.!frame.!button
demo_session_04,3,1786094220.8408248,move,346,325,.!frame.!button
demo_session_04,3,1786094220.9360576,click,349,319,.!frame.!button
demo_session_04,4,1786094220.9360576,move,265,157,.!frame.!entry
demo_session_04,4,1786094220.9860575,move,267,161,.!frame.!entry
demo_session_04,4,1786094221.0360575,move,268,163,.!frame.!entry
demo_session_04,4,1786094221.0860574,move,266,166,.!frame.!entry
demo_session_04,4,1786094221.1360574,move,263,167,.!frame.!entry
demo_session_04,4,1786094221.1860573,move,272,174,.!frame.!entry
demo_session_04,4,1786094221.2360573,move,270,186,.!frame.!entry
demo_session_04,4,1786094221.2860572,move,272,173,.!frame.!entry
demo_session_04,4,1786094221.3360572,move,272,177,.!frame.!entry
demo_session_04,4,1786094221.3860571,move,269,182,.!frame.!entry
demo_session_04,4,1786094221.436057,move,277,186,.!frame.!entry
demo_session_04,4,1786094221.486057,move,272,190,.!frame.!entry
demo_session_04,4,1786094221.536057,move,276,184,.!frame.!entry
demo_session_04,4,1786094221.586057,move,273,195,.!frame.!entry
demo_session_04,4,1786094221.636057,move,280,187,.!frame.!entry
demo_session_04,4,1786094221.6860569,move,275,193,.!frame.!entry
demo_session_04,4,1786094221.7360568,move,286,192,.!frame.!entry
demo_session_04,4,1786094221.7860568,move,285,199,.!frame.!entry
demo_session_04,4,1786094221.8360567,move,285,196,.!frame.!entry
demo_session_04,4,1786094221.8860567,move,287,206,.!frame.!entry
demo_session_04,4,1786094221.9360566,move,282,204,.!frame.!entry
demo_session_04,4,1786094221.9860566,move,283,207,.!frame.!entry
demo_session_04,4,1786094222.0360565,move,290,211,.!frame.!entry
demo_session_04,4,1786094222.0860565,move,292,206,.!frame.!entry
demo_session_04,4,1786094222.1360564,move,287,210,.!frame.!entry
demo_session_04,4,1786094222.1860564,move,292,220,.!frame.!entry
demo_session_04,4,1786094222.2360563,move,285,217,.!frame.!entry
demo_session_04,4,1786094222.2860563,move,286,214,.!frame.!entry
demo_session_04,4,1786094222.3360562,move,293,218,.!frame.!entry
demo_session_04,4,1786094222.3860562,move,292,227,.!frame.!entry
demo_session_04,4,1786094222.4360561,move,298,226,.!frame.!entry
demo_session_04,4,1786094222.486056,move,290,227,.!frame.!entry
demo_session_04,4,1786094222.536056,move,293,228,.!frame.!entry
demo_session_04,4,1786094222.586056,move,295,229,.!frame.!entry
demo_session_04,4,1786094222.636056,move,299,231,.!frame.!entry
demo_session_04,4,1786094222.686056,move,302,232,.!frame.!entry
demo_session_04,4,1786094222.7360559,move,303,234,.!frame.!entry
demo_session_04,4,1786094222.7860558,move,303,230,.!frame.!entry
demo_session_04,4,1786094222.8360558,move,302,237,.!frame.!entry
demo_session_04,4,1786094222.8860557,move,297,240,.!frame.!entry
demo_session_04,4,1786094222.9360557,move,299,242,.!frame.!entry
demo_session_04,4,1786094222.9860556,move,311,235,.!frame.!entry
demo_session_04,4,1786094223.0360556,move,309,246,.!frame.!entry
demo_session_04,4,1786094223.0860555,move,309,254,.!frame.!entry
demo_session_04,4,1786094223.1360555,move,310,248,.!frame.!entry
demo_session_04,4,1786094223.1860554,move,309,252,.!frame.!entry
demo_session_04,4,1786094223.2360554,move,315,263,.!frame.!entry
demo_session_04,4,1786094223.2860553,move,313,252,.!frame.!entry
demo_session_04,4,1786094223.3360553,move,317,257,.!frame.!entry
demo_session_04,4,1786094223.3860552,move,317,259,.!frame.!entry
demo_session_04,4,1786094223.4360552,move,316,261,.!frame.!entry
demo_session_04,4,1786094223.4860551,move,317,264,.!frame.!entry
demo_session_04,4,1786094223.536055,move,321,259,.!frame.!entry
demo_session_04,4,1786094223.586055,move,317,267,.!frame.!entry
demo_session_04,4,1786094223.636055,move,318,268,.!frame.!entry
demo_session_04,4,1786094223.686055,move,324,271,.!frame.!entry
demo_session_04,4,1786094223.736055,move,323,280,.!frame.!entry
demo_session_04,4,1786094223.7860548,move,326,278,.!frame.!button
demo_session_04,4,1786094223.8360548,move,314,271,.!frame.!button
demo_session_04,4,1786094223.8860548,move,325,268,.!frame.!button
demo_session_04,4,1786094223.9360547,move,328,279,.!frame.!button
demo_session_04,4,1786094223.9860547,move,330,290,.!frame.!button
demo_session_04,4,1786094224.0360546,move,325,289,.!frame.!button
demo_session_04,4,1786094224.0860546,move,329,289,.!frame.!button
demo_session_04,4,1786094224.1360545,move,337,284,.!frame.!button
demo_session_04,4,1786094224.1860545,move,329,285,.!frame.!button
demo_session_04,4,1786094224.2360544,move,336,294,.!frame.!button
demo_session_04,4,1786094224.2860544,move,329,298,.!frame.!button
demo_session_04,4,1786094224.3360543,move,339,296,.!frame.!button
demo_session_04,4,1786094224.3860543,move,338,297,.!frame.!button
demo_session_04,4,1786094224.4360542,move,338,294,.!frame.!button
demo_session_04,4,1786094224.4860542,move,338,297,.!frame.!button
demo_session_04,4,1786094224.5360541,move,341,301,.!frame.!button
demo_session_04,4,1786094224.586054,move,335,312,.!frame.!button
demo_session_04,4,1786094224.636054,move,340,312,.!frame.!button
demo_session_04,4,1786094224.686054,move,339,308,.!frame.!button
demo_session_04,4,1786094224.736054,move,354,310,.!frame.!button
demo_session_04,4,1786094224.786054,move,344,305,.!frame.!button
demo_session_04,4,1786094224.8360538,move,341,317,.!frame.!button
demo_session_04,4,1786094224.8860538,move,345,320,.!frame.!button
demo_session_04,4,1786094224.9360538,move,350,319,.!frame.!button
demo_session_04,4,1786094224.9860537,move,349,318,.!frame.!button
demo_session_04,4,1786094225.0793881,click,347,317,.!frame.!button
demo_session_04,5,1786094225.0793881,move,585,369,.!frame.!entry
demo_session_04,5,1786094225.129388,move,573,363,.!frame.!entry
demo_session_04,5,1786094225.179388,move,585,359,.!frame.!entry
demo_session_04,5,1786094225.229388,move,572,367,.!frame.!entry
demo_session_04,5,1786094225.279388,move,565,362,.!frame.!entry
demo_session_04,5,1786094225.329388,move,571,367,.!frame.!entry
demo_session_04,5,1786094225.3793879,move,564,359,.!frame.!entry
demo_session_04,5,1786094225.4293878,move,562,363,.!frame.!entry
demo_session_04,5,1786094225.4793878,move,558,354,.!frame.!entry
demo_session_04,5,1786094225.5293877,move,549,364,.!frame.!entry
demo_session_04,5,1786094225.5793877,move,553,365,.!frame.!entry
demo_session_04,5,1786094225.6293876,move,552,365,.!frame.!entry
demo_session_04,5,1786094225.6793876,move,546,370,.!frame.!entry
demo_session_04,5,1786094225.7293875,move,547,360,.!frame.!entry
demo_session_04,5,1786094225.7793875,move,541,355,.!frame.!entry
demo_session_04,5,1786094225.8293874,move,547,362,.!frame.!entry
demo_session_04,5,1786094225.8793874,move,547,354,.!frame.!entry
demo_session_04,5,1786094225.9293873,move,533,350,.!frame.!entry
demo_session_04,5,1786094225.9793873,move,544,351,.!frame.!entry
demo_session_04,5,1786094226.0293872,move,534,353,.!frame.!entry
demo_session_04,5,1786094226.0793872,move,528,356,.!frame.!entry
demo_session_04,5,1786094226.1293871,move,522,352,.!frame.!entry
demo_session_04,5,1786094226.179387,move,523,353,.!frame.!entry
demo_session_04,5,1786094226.229387,move,520,351,.!frame.!entry
demo_session_04,5,1786094226.279387,move,510,347,.!frame.!entry
demo_session_04,5,1786094226.329387,move,520,348,.!frame.!entry
demo_session_04,5,1786094226.379387,move,512,351,.!frame.!entry
demo_session_04,5,1786094226.4293869,move,505,348,.!frame.!entry
demo_session_04,5,1786094226.4793868,move,510,352,.!frame.!entry
demo_session_04,5,1786094226.5293868,move,509,358,.!frame.!entry
demo_session_04,5,1786094226.5793867,move,502,352,.!frame.!entry
demo_session_04,5,1786094226.6293867,move,507,354,.!frame.!entry
demo_session_04,5,1786094226.6793866,move,497,345,.!frame.!entry
demo_session_04,5,1786094226.7293866,move,496,340,.!frame.!entry
demo_session_04,5,1786094226.7793865,move,484,342,.!frame.!entry
demo_session_04,5,1786094226.8293865,move,494,348,.!frame.!entry
demo_session_04,5,1786094226.8793864,move,491,333,.!frame.!entry
demo_session_04,5,1786094226.9293864,move,485,348,.!frame.!entry
demo_session_04,5,1786094226.9793863,move,486,351,.!frame.!entry
demo_session_04,5,1786094227.0293863,move,481,342,.!frame.!entry
demo_session_04,5,1786094227.0793862,move,464,355,.!frame.!entry
demo_session_04,5,1786094227.1293862,move,461,341,.!frame.!entry
demo_session_04,5,1786094227.1793861,move,474,344,.!frame.!entry
demo_session_04,5,1786094227.229386,move,468,342,.!frame.!entry
demo_session_04,5,1786094227.279386,move,479,352,.!frame.!entry
demo_session_04,5,1786094227.329386,move,472,336,.!frame.!entry
demo_session_04,5,1786094227.379386,move,466,335,.!frame.!entry
demo_session_04,5,1786094227.429386,move,457,348,.!frame.!entry
demo_session_04,5,1786094227.4793859,move,455,339,.!frame.!entry
demo_session_04,5,1786094227.5293858,move,455,341,.!frame.!entry
demo_session_04,5,1786094227.5793858,move,448,342,.!frame.!entry
demo_session_04,5,1786094227.6293857,move,452,337,.!frame.!entry
demo_session_04,5,1786094227.6793857,move,444,345,.!frame.!entry
demo_session_04,5,1786094227.7293856,move,450,345,.!frame.!entry
demo_session_04,5,1786094227.7793856,move,439,345,.!frame.!entry
demo_session_04,5,1786094227.8293855,move,437,342,.!frame.!entry
demo_session_04,5,1786094227.8793855,move,444,336,.!frame.!entry
demo_session_04,5,1786094227.9293854,move,434,345,.!frame.!entry
demo_session_04,5,1786094227.9793854,move,433,329,.!frame.!entry
demo_session_04,5,1786094228.0293853,move,443,343,.!frame.!entry
demo_session_04,5,1786094228.0793853,move,427,332,.!frame.!entry
demo_session_04,5,1786094228.1293852,move,429,336,.!frame.!entry
demo_session_04,5,1786094228.1793852,move,418,329,.!frame.!entry
demo_session_04,5,1786094228.2293851,move,417,326,.!frame.!entry
demo_session_04,5,1786094228.279385,move,416,333,.!frame.!button
demo_session_04,5,1786094228.329385,move,427,342,.!frame.!button
demo_session_04,5,1786094228.379385,move,405,331,.!frame.!button
demo_session_04,5,1786094228.429385,move,410,336,.!frame.!button
demo_session_04,5,1786094228.479385,move,411,336,.!frame.!button
demo_session_04,5,1786094228.5293849,move,403,329,.!frame.!button
demo_session_04,5,1786094228.5793848,move,407,328,.!frame.!button
demo_session_04,5,1786094228.6293848,move,394,333,.!frame.!button
demo_session_04,5,1786094228.6793847,move,401,328,.!frame.!button
demo_session_04,5,1786094228.7293847,move,397,312,.!frame.!button
demo_session_04,5,1786094228.7793846,move,390,330,.!frame.!button
demo_session_04,5,1786094228.8293846,move,386,334,.!frame.!button
demo_session_04,5,1786094228.8793845,move,390,334,.!frame.!button
demo_session_04,5,1786094228.9293845,move,385,329,.!frame.!button
demo_session_04,5,1786094228.9793844,move,391,322,.!frame.!button
demo_session_04,5,1786094229.0293844,move,381,326,.!frame.!button
demo_session_04,5,1786094229.0793843,move,383,323,.!frame.!button
demo_session_04,5,1786094229.1293843,move,372,325,.!frame.!button
demo_session_04,5,1786094229.1793842,move,375,328,.!frame.!button
demo_session_04,5,1786094229.2293842,move,374,330,.!frame.!button
demo_session_04,5,1786094229.2793841,move,371,329,.!frame.!button
demo_session_04,5,1786094229.329384,move,360,327,.!frame.!button
demo_session_04,5,1786094229.379384,move,368,328,.!frame.!button
demo_session_04,5,1786094229.429384,move,358,326,.!frame.!button
demo_session_04,5,1786094229.479384,move,349,326,.!frame.!button
demo_session_04,5,1786094229.529384,move,350,327,.!frame.!button
demo_session_04,5,1786094229.5793839,move,351,315,.!frame.!button
demo_session_04,5,1786094229.6293838,move,352,318,.!frame.!button
demo_session_04,5,1786094229.7080722,click,349,319,.!frame.!button
demo_session_04,6,1786094229.7080722,move,143,290,.!frame.!entry
demo_session_04,6,1786094229.7580721,move,164,286,.!frame.!entry
demo_session_04,6,1786094229.808072,move,163,285,.!frame.!entry
demo_session_04,6,1786094229.858072,move,162,292,.!frame.!entry
demo_session_04,6,1786094229.908072,move,164,300,.!frame.!entry
demo_session_04,6,1786094229.958072,move,168,297,.!frame.!entry
demo_session_04,6,1786094230.008072,move,166,290,.!frame.!entry
demo_session_04,6,1786094230.0580719,move,176,304,.!frame.!entry
demo_session_04,6,1786094230.1080718,move,169,289,.!frame.!entry
demo_session_04,6,1786094230.1580718,move,182,292,.!frame.!entry
demo_session_04,6,1786094230.2080717,move,184,289,.!frame.!entry
demo_session_04,6,1786094230.2580717,move,185,291,.!frame.!entry
demo_session_04,6,1786094230.3080716,move,185,293,.!frame.!entry
demo_session_04,6,1786094230.3580716,move,192,293,.!frame.!entry
demo_session_04,6,1786094230.4080715,move,181,302,.!frame.!entry
demo_session_04,6,1786094230.4580715,move,202,302,.!frame.!entry
demo_session_04,6,1786094230.5080714,move,199,296,.!frame.!entry
demo_session_04,6,1786094230.5580714,move,195,299,.!frame.!entry
demo_session_04,6,1786094230.6080713,move,202,296,.!frame.!entry
demo_session_04,6,1786094230.6580713,move,214,303,.!frame.!entry
demo_session_04,6,1786094230.7080712,move,209,298,.!frame.!entry
demo_session_04,6,1786094230.7580712,move,214,299,.!frame.!entry
demo_session_04,6,1786094230.8080711,move,206,300,.!frame.!entry
demo_session_04,6,1786094230.858071,move,210,298,.!frame.!entry
demo_session_04,6,1786094230.908071,move,218,297,.!frame.!entry
demo_session_04,6,1786094230.958071,move,222,296,.!frame.!entry
demo_session_04,6,1786094231.008071,move,227,308,.!frame.!entry
demo_session_04,6,1786094231.058071,move,223,295,.!frame.!entry
demo_session_04,6,1786094231.1080709,move,223,300,.!frame.!entry
demo_session_04,6,1786094231.1580708,move,227,308,.!frame.!entry
demo_session_04,6,1786094231.2080708,move,240,300,.!frame.!entry
demo_session_04,6,1786094231.2580707,move,230,297,.!frame.!entry
demo_session_04,6,1786094231.3080707,move,242,311,.!frame.!entry
demo_session_04,6,1786094231.3580706,move,235,304,.!frame.!entry
demo_session_04,6,1786094231.4080706,move,241,302,.!frame.!entry
demo_session_04,6,1786094231.4580705,move,245,304,.!frame.!entry
demo_session_04,6,1786094231.5080705,move,235,303,.!frame.!entry
demo_session_04,6,1786094231.5580704,move,247,298,.!frame.!entry
demo_session_04,6,1786094231.6080704,move,251,304,.!frame.!entry
demo_session_04,6,1786094231.6580703,move,252,297,.!frame.!entry
demo_session_04,6,1786094231.7080703,move,259,299,.!frame.!entry
demo_session_04,6,1786094231.7580702,move,259,298,.!frame.!entry
demo_session_04,6,1786094231.8080702,move,260,296,.!frame.!entry
demo_session_04,6,1786094231.8580701,move,261,305,.!frame.!entry
demo_session_04,6,1786094231.90807,move,271,301,.!frame.!entry
demo_session_04,6,1786094231.95807,move,271,307,.!frame.!entry
demo_session_04,6,1786094232.00807,move,277,314,.!frame.!entry
demo_session_04,6,1786094232.05807,move,276,315,.!frame.!entry
demo_session_04,6,1786094232.10807,move,274,298,.!frame.!entry
demo_session_04,6,1786094232.1580698,move,280,303,.!frame.!entry
demo_session_04,6,1786094232.2080698,move,281,305,.!frame.!entry
demo_session_04,6,1786094232.2580698,move,292,302,.!frame.!entry
demo_session_04,6,1786094232.3080697,move,284,317,.!frame.!entry
demo_session_04,6,1786094232.3580697,move,295,308,.!frame.!entry
demo_session_04,6,1786094232.4080696,move,290,315,.!frame.!button
demo_session_04,6,1786094232.4580696,move,287,314,.!frame.!button
demo_session_04,6,1786094232.5080695,move,301,310,.!frame.!button
demo_session_04,6,1786094232.5580695,move,300,310,.!frame.!button
demo_session_04,6,1786094232.6080694,move,308,321,.!frame.!button
demo_session_04,6,1786094232.6580694,move,308,315,.!frame.!button
demo_session_04,6,1786094232.7080693,move,315,312,.!frame.!button
demo_session_04,6,1786094232.7580693,move,319,301,.!frame.!button
demo_session_04,6,1786094232.8080692,move,315,316,.!frame.!button
demo_session_04,6,1786094232.8580692,move,326,314,.!frame.!button
demo_session_04,6,1786094232.9080691,move,315,317,.!frame.!button
demo_session_04,6,1786094232.958069,move,310,318,.!frame.!button
demo_session_04,6,1786094233.008069,move,323,312,.!frame.!button
demo_session_04,6,1786094233.058069,move,322,315,.!frame.!button
demo_session_04,6,1786094233.108069,move,327,308,.!frame.!button
demo_session_04,6,1786094233.158069,move,319,315,.!frame.!button
demo_session_04,6,1786094233.2080688,move,343,317,.!frame.!button
demo_session_04,6,1786094233.2580688,move,340,322,.!frame.!button
demo_session_04,6,1786094233.3080688,move,343,321,.!frame.!button
demo_session_04,6,1786094233.3580687,move,339,322,.!frame.!button
demo_session_04,6,1786094233.4080687,move,343,323,.!frame.!button
demo_session_04,6,1786094233.4580686,move,341,324,.!frame.!button
demo_session_04,6,1786094233.5080686,move,348,326,.!frame.!button
demo_session_04,6,1786094233.5911944,click,353,323,.!frame.!button
demo_session_04,7,1786094233.5911944,move,245,194,.!frame.!entry
demo_session_04,7,1786094233.6411943,move,245,184,.!frame.!entry
demo_session_04,7,1786094233.6911943,move,239,193,.!frame.!entry
demo_session_04,7,1786094233.7411942,move,248,200,.!frame.!entry
demo_session_04,7,1786094233.7911942,move,239,195,.!frame.!entry
demo_session_04,7,1786094233.8411942,move,246,197,.!frame.!entry
demo_session_04,7,1786094233.891194,move,241,203,.!frame.!entry
demo_session_04,7,1786094233.941194,move,246,201,.!frame.!entry
demo_session_04,7,1786094233.991194,move,245,190,.!frame.!entry
demo_session_04,7,1786094234.041194,move,252,206,.!frame.!entry
demo_session_04,7,1786094234.091194,move,246,202,.!frame.!entry
demo_session_04,7,1786094234.1411939,move,256,202,.!frame.!entry
demo_session_04,7,1786094234.1911938,move,257,212,.!frame.!entry
demo_session_04,7,1786094234.2411938,move,250,209,.!frame.!entry
demo_session_04,7,1786094234.2911937,move,256,215,.!frame.!entry
demo_session_04,7,1786094234.3411937,move,269,211,.!frame.!entry
demo_session_04,7,1786094234.3911936,move,263,223,.!frame.!entry
demo_session_04,7,1786094234.4411936,move,268,211,.!frame.!entry
demo_session_04,7,1786094234.4911935,move,265,215,.!frame.!entry
demo_session_04,7,1786094234.5411935,move,261,224,.!frame.!entry
demo_session_04,7,1786094234.5911934,move,262,227,.!frame.!entry
demo_session_04,7,1786094234.6411934,move,272,228,.!frame.!entry
demo_session_04,7,1786094234.6911933,move,277,235,.!frame.!entry
demo_session_04,7,1786094234.7411933,move,274,220,.!frame.!entry
demo_session_04,7,1786094234.7911932,move,284,228,.!frame.!entry
demo_session_04,7,1786094234.8411932,move,276,237,.!frame.!entry
demo_session_04,7,1786094234.8911932,move,287,237,.!frame.!entry
demo_session_04,7,1786094234.941193,move,280,237,.!frame.!entry
demo_session_04,7,1786094234.991193,move,280,241,.!frame.!entry
demo_session_04,7,1786094235.041193,move,281,244,.!frame.!entry
demo_session_04,7,1786094235.091193,move,281,250,.!frame.!entry
demo_session_04,7,1786094235.141193,move,295,235,.!frame.!entry
demo_session_04,7,1786094235.1911929,move,289,243,.!frame.!entry
demo_session_04,7,1786094235.2411928,move,286,245,.!frame.!entry
demo_session_04,7,1786094235.2911928,move,288,243,.!frame.!entry
demo_session_04,7,1786094235.3411927,move,300,264,.!frame.!entry
demo_session_04,7,1786094235.3911927,move,285,251,.!frame.!entry
demo_session_04,7,1786094235.4411926,move,291,260,.!frame.!entry
demo_session_04,7,1786094235.4911926,move,302,250,.!frame.!entry
demo_session_04,7,1786094235.5411925,move,296,258,.!frame.!entry
demo_session_04,7,1786094235.5911925,move,298,263,.!frame.!entry
demo_session_04,7,1786094235.6411924,move,302,264,.!frame.!entry
demo_session_04,7,1786094235.6911924,move,299,264,.!frame.!entry
demo_session_04,7,1786094235.7411923,move,302,276,.!frame.!entry
demo_session_04,7,1786094235.7911923,move,295,267,.!frame.!entry
demo_session_04,7,1786094235.8411922,move,303,276,.!frame.!entry
demo_session_04,7,1786094235.8911922,move,312,273,.!frame.!entry
demo_session_04,7,1786094235.9411922,move,317,277,.!frame.!entry
demo_session_04,7,1786094235.991192,move,313,275,.!frame.!entry
demo_session_04,7,1786094236.041192,move,312,275,.!frame.!entry
demo_session_04,7,1786094236.091192,move,306,278,.!frame.!entry
demo_session_04,7,1786094236.141192,move,316,286,.!frame.!button
demo_session_04,7,1786094236.191192,move,320,283,.!frame.!button
demo_session_04,7,1786094236.2411919,move,323,290,.!frame.!button
demo_session_04,7,1786094236.2911918,move,319,281,.!frame.!button
demo_session_04,7,1786094236.3411918,move,321,285,.!frame.!button
demo_session_04,7,1786094236.3911917,move,334,296,.!frame.!button
demo_session_04,7,1786094236.4411917,move,326,291,.!frame.!button
demo_session_04,7,1786094236.4911916,move,325,298,.!frame.!button
demo_session_04,7,1786094236.5411916,move,328,295,.!frame.!button
demo_session_04,7,1786094236.5911915,move,333,300,.!frame.!button
demo_session_04,7,1786094236.6411915,move,333,293,.!frame.!button
demo_session_04,7,1786094236.6911914,move,339,304,.!frame.!button
demo_session_04,7,1786094236.7411914,move,328,297,.!frame.!button
demo_session_04,7,1786094236.7911913,move,325,308,.!frame.!button
demo_session_04,7,1786094236.8411913,move,330,306,.!frame.!button
demo_session_04,7,1786094236.8911912,move,339,313,.!frame.!button
demo_session_04,7,1786094236.9411912,move,339,309,.!frame.!button
demo_session_04,7,1786094236.9911911,move,344,311,.!frame.!button
demo_session_04,7,1786094237.041191,move,345,313,.!frame.!button
demo_session_04,7,1786094237.091191,move,336,311,.!frame.!button
demo_session_04,7,1786094237.141191,move,349,309,.!frame.!button
demo_session_04,7,1786094237.191191,move,348,314,.!frame.!button
demo_session_04,7,1786094237.2715108,click,354,324,.!frame.!button
demo_session_04,8,1786094237.2715108,move,104,138,.!frame.!entry
demo_session_04,8,1786094237.3215108,move,123,158,.!frame.!entry
demo_session_04,8,1786094237.3715107,move,106,168,.!frame.!entry
demo_session_04,8,1786094237.4215107,move,131,151,.!frame.!entry
demo_session_04,8,1786094237.4715106,move,120,159,.!frame.!entry
demo_session_04,8,1786094237.5215106,move,105,163,.!frame.!entry
demo_session_04,8,1786094237.5715106,move,120,156,.!frame.!entry
demo_session_04,8,1786094237.6215105,move,124,163,.!frame.!entry
demo_session_04,8,1786094237.6715105,move,129,158,.!frame.!entry
demo_session_04,8,1786094237.7215104,move,139,169,.!frame.!entry
demo_session_04,8,1786094237.7715104,move,134,168,.!frame.!entry
demo_session_04,8,1786094237.8215103,move,135,172,.!frame.!entry
demo_session_04,8,1786094237.8715103,move,144,178,.!frame.!entry
demo_session_04,8,1786094237.9215102,move,149,173,.!frame.!entry
demo_session_04,8,1786094237.9715102,move,146,172,.!frame.!entry
demo_session_04,8,1786094238.0215101,move,143,175,.!frame.!entry
demo_session_04,8,1786094238.07151,move,142,185,.!frame.!entry
demo_session_04,8,1786094238.12151,move,150,178,.!frame.!entry
demo_session_04,8,1786094238.17151,move,148,189,.!frame.!entry
demo_session_04,8,1786094238.22151,move,157,178,.!frame.!entry
demo_session_04,8,1786094238.27151,move,163,179,.!frame.!entry
demo_session_04,8,1786094238.3215098,move,161,190,.!frame.!entry
demo_session_04,8,1786094238.3715098,move,167,196,.!frame.!entry
demo_session_04,8,1786094238.4215097,move,172,188,.!frame.!entry
demo_session_04,8,1786094238.4715097,move,157,185,.!frame.!entry
demo_session_04,8,1786094238.5215096,move,175,190,.!frame.!entry
demo_session_04,8,1786094238.5715096,move,174,190,.!frame.!entry
demo_session_04,8,1786094238.6215096,move,164,199,.!frame.!entry
demo_session_04,8,1786094238.6715095,move,172,194,.!frame.!entry
demo_session_04,8,1786094238.7215095,move,176,193,.!frame.!entry
demo_session_04,8,1786094238.7715094,move,176,205,.!frame.!entry
demo_session_04,8,1786094238.8215094,move,180,205,.!frame.!entry
demo_session_04,8,1786094238.8715093,move,195,193,.!frame.!entry
demo_session_04,8,1786094238.9215093,move,185,205,.!frame.!entry
demo_session_04,8,1786094238.9715092,move,192,208,.!frame.!entry
demo_session_04,8,1786094239.0215092,move,199,219,.!frame.!entry
demo_session_04,8,1786094239.0715091,move,195,213,.!frame.!entry
demo_session_04,8,1786094239.121509,move,203,213,.!frame.!entry
demo_session_04,8,1786094239.171509,move,201,214,.!frame.!entry
demo_session_04,8,1786094239.221509,move,199,216,.!frame.!entry
demo_session_04,8,1786094239.271509,move,211,215,.!frame.!entry
demo_session_04,8,1786094239.321509,move,192,220,.!frame.!entry
demo_session_04,8,1786094239.3715088,move,213,232,.!frame.!entry
demo_session_04,8,1786094239.4215088,move,208,222,.!frame.!entry
demo_session_04,8,1786094239.4715087,move,213,218,.!frame.!entry
demo_session_04,8,1786094239.5215087,move,209,222,.!frame.!entry
demo_session_04,8,1786094239.5715086,move,225,209,.!frame.!entry
demo_session_04,8,1786094239.6215086,move,216,223,.!frame.!entry
demo_session_04,8,1786094239.6715086,move,238,217,.!frame.!entry
demo_session_04,8,1786094239.7215085,move,226,219,.!frame.!entry
demo_session_04,8,1786094239.7715085,move,229,230,.!frame.!entry
demo_session_04,8,1786094239.8215084,move,228,233,.!frame.!entry
demo_session_04,8,1786094239.8715084,move,249,234,.!frame.!entry
demo_session_04,8,1786094239.9215083,move,241,237,.!frame.!entry
demo_session_04,8,1786094239.9715083,move,237,246,.!frame.!entry
demo_session_04,8,1786094240.0215082,move,249,249,.!frame.!entry
demo_session_04,8,1786094240.0715082,move,232,256,.!frame.!entry
demo_session_04,8,1786094240.1215081,move,240,253,.!frame.!entry
demo_session_04,8,1786094240.171508,move,246,249,.!frame.!entry
demo_session_04,8,1786094240.221508,move,244,253,.!frame.!entry
demo_session_04,8,1786094240.271508,move,257,250,.!frame.!entry
demo_session_04,8,1786094240.321508,move,258,251,.!frame.!entry
demo_session_04,8,1786094240.371508,move,254,264,.!frame.!entry
demo_session_04,8,1786094240.4215078,move,262,257,.!frame.!entry
demo_session_04,8,1786094240.4715078,move,268,259,.!frame.!entry
demo_session_04,8,1786094240.5215077,move,271,254,.!frame.!entry
demo_session_04,8,1786094240.5715077,move,270,256,.!frame.!entry
demo_session_04,8,1786094240.6215076,move,275,261,.!frame.!entry
demo_session_04,8,1786094240.6715076,move,269,257,.!frame.!entry
demo_session_04,8,1786094240.7215075,move,265,261,.!frame.!entry
demo_session_04,8,1786094240.7715075,move,275,277,.!frame.!entry
demo_session_04,8,1786094240.8215075,move,273,272,.!frame.!entry
demo_session_04,8,1786094240.8715074,move,280,272,.!frame.!button
demo_session_04,8,1786094240.9215074,move,285,274,.!frame.!button
demo_session_04,8,1786094240.9715073,move,292,280,.!frame.!button
demo_session_04,8,1786094241.0215073,move,287,271,.!frame.!button
demo_session_04,8,1786094241.0715072,move,275,286,.!frame.!button
demo_session_04,8,1786094241.1215072,move,295,278,.!frame.!button
demo_session_04,8,1786094241.1715071,move,289,286,.!frame.!button
demo_session_04,8,1786094241.221507,move,300,287,.!frame.!button
demo_session_04,8,1786094241.271507,move,306,284,.!frame.!button
demo_session_04,8,1786094241.321507,move,301,271,.!frame.!button
demo_session_04,8,1786094241.371507,move,301,277,.!frame.!button
demo_session_04,8,1786094241.421507,move,299,287,.!frame.!button
demo_session_04,8,1786094241.4715068,move,307,294,.!frame.!button
demo_session_04,8,1786094241.5215068,move,300,279,.!frame.!button
demo_session_04,8,1786094241.5715067,move,308,290,.!frame.!button
demo_session_04,8,1786094241.6215067,move,315,287,.!frame.!button
demo_session_04,8,1786094241.6715066,move,305,289,.!frame.!button
demo_session_04,8,1786094241.7215066,move,319,288,.!frame.!button
demo_session_04,8,1786094241.7715065,move,323,305,.!frame.!button
demo_session_04,8,1786094241.8215065,move,339,295,.!frame.!button
demo_session_04,8,1786094241.8715065,move,334,304,.!frame.!button
demo_session_04,8,1786094241.9215064,move,322,315,.!frame.!button
demo_session_04,8,1786094241.9715064,move,331,315,.!frame.!button
demo_session_04,8,1786094242.0215063,move,330,316,.!frame.!button
demo_session_04,8,1786094242.0715063,move,337,311,.!frame.!button
demo_session_04,8,1786094242.1215062,move,328,308,.!frame.!button
demo_session_04,8,1786094242.1715062,move,343,321,.!frame.!button
demo_session_04,8,1786094242.221506,move,347,312,.!frame.!button
demo_session_04,8,1786094242.271506,move,344,325,.!frame.!button
demo_session_04,8,1786094242.321506,move,352,320,.!frame.!button
demo_session_04,8,1786094242.371506,move,343,324,.!frame.!button
demo_session_04,8,1786094242.457063,click,349,319,.!frame.!button
demo_session_04,9,1786094242.457063,move,118,141,.!frame.!entry
demo_session_04,9,1786094242.507063,move,123,151,.!frame.!entry
demo_session_04,9,1786094242.5570629,move,134,148,.!frame.!entry
demo_session_04,9,1786094242.6070628,move,128,146,.!frame.!entry
demo_session_04,9,1786094242.6570628,move,128,146,.!frame.!entry
demo_session_04,9,1786094242.7070627,move,145,162,.!frame.!entry
demo_session_04,9,1786094242.7570627,move,139,148,.!frame.!entry
demo_session_04,9,1786094242.8070626,move,148,164,.!frame.!entry
demo_session_04,9,1786094242.8570626,move,138,168,.!frame.!entry
demo_session_04,9,1786094242.9070625,move,137,164,.!frame.!entry
demo_session_04,9,1786094242.9570625,move,144,158,.!frame.!entry
demo_session_04,9,1786094243.0070624,move,140,165,.!frame.!entry
demo_session_04,9,1786094243.0570624,move,142,162,.!frame.!entry
demo_session_04,9,1786094243.1070623,move,157,168,.!frame.!entry
demo_session_04,9,1786094243.1570623,move,161,164,.!frame.!entry
demo_session_04,9,1786094243.2070622,move,158,164,.!frame.!entry
demo_session_04,9,1786094243.2570622,move,161,180,.!frame.!entry
demo_session_04,9,1786094243.3070621,move,165,177,.!frame.!entry
demo_session_04,9,1786094243.357062,move,164,167,.!frame.!entry
demo_session_04,9,1786094243.407062,move,169,189,.!frame.!entry
demo_session_04,9,1786094243.457062,move,175,190,.!frame.!entry
demo_session_04,9,1786094243.507062,move,168,182,.!frame.!entry
demo_session_04,9,1786094243.557062,move,171,188,.!frame.!entry
demo_session_04,9,1786094243.6070619,move,181,183,.!frame.!entry
demo_session_04,9,1786094243.6570618,move,186,183,.!frame.!entry
demo_session_04,9,1786094243.7070618,move,175,181,.!frame.!entry
demo_session_04,9,1786094243.7570617,move,185,190,.!frame.!entry
demo_session_04,9,1786094243.8070617,move,178,183,.!frame.!entry
demo_session_04,9,1786094243.8570616,move,181,198,.!frame.!entry
demo_session_04,9,1786094243.9070616,move,186,203,.!frame.!entry
demo_session_04,9,1786094243.9570615,move,203,194,.!frame.!entry
demo_session_04,9,1786094244.0070615,move,205,196,.!frame.!entry
demo_session_04,9,1786094244.0570614,move,197,202,.!frame.!entry
demo_session_04,9,1786094244.1070614,move,211,194,.!frame.!entry
demo_session_04,9,1786094244.1570613,move,212,214,.!frame.!entry
demo_session_04,9,1786094244.2070613,move,209,204,.!frame.!entry
demo_session_04,9,1786094244.2570612,move,206,204,.!frame.!entry
demo_session_04,9,1786094244.3070612,move,213,223,.!frame.!entry
demo_session_04,9,1786094244.3570611,move,220,215,.!frame.!entry
demo_session_04,9,1786094244.407061,move,207,224,.!frame.!entry
demo_session_04,9,1786094244.457061,move,234,210,.!frame.!entry
demo_session_04,9,1786094244.507061,move,229,228,.!frame.!entry
demo_session_04,9,1786094244.557061,move,221,218,.!frame.!entry
demo_session_04,9,1786094244.607061,move,220,221,.!frame.!entry
demo_session_04,9,1786094244.6570609,move,224,238,.!frame.!entry
demo_session_04,9,1786094244.7070608,move,234,228,.!frame.!entry
demo_session_04,9,1786094244.7570608,move,236,219,.!frame.!entry
demo_session_04,9,1786094244.8070607,move,239,226,.!frame.!entry
demo_session_04,9,1786094244.8570607,move,251,248,.!frame.!entry
demo_session_04,9,1786094244.9070606,move,255,249,.!frame.!entry
demo_session_04,9,1786094244.9570606,move,245,231,.!frame.!entry
demo_session_04,9,1786094245.0070605,move,255,235,.!frame.!entry
demo_session_04,9,1786094245.0570605,move,257,252,.!frame.!entry
demo_session_04,9,1786094245.1070604,move,250,250,.!frame.!entry
demo_session_04,9,1786094245.1570604,move,255,247,.!frame.!entry
demo_session_04,9,1786094245.2070603,move,257,236,.!frame.!entry
demo_session_04,9,1786094245.2570603,move,265,270,.!frame.!entry
demo_session_04,9,1786094245.3070602,move,268,259,.!frame.!entry
demo_session_04,9,1786094245.3570602,move,270,256,.!frame.!entry
demo_session_04,9,1786094245.4070601,move,267,260,.!frame.!entry
demo_session_04,9,1786094245.45706,move,272,259,.!frame.!entry
demo_session_04,9,1786094245.50706,move,274,262,.!frame.!entry
demo_session_04,9,1786094245.55706,move,281,261,.!frame.!entry
demo_session_04,9,1786094245.60706,move,291,275,.!frame.!button
demo_session_04,9,1786094245.65706,move,294,268,.!frame.!button
demo_session_04,9,1786094245.7070599,move,280,270,.!frame.!button
demo_session_04,9,1786094245.7570598,move,286,273,.!frame.!button
demo_session_04,9,1786094245.8070598,move,302,276,.!frame.!button
demo_session_04,9,1786094245.8570597,move,296,276,.!frame.!button
demo_session_04,9,1786094245.9070597,move,300,273,.!frame.!button
demo_session_04,9,1786094245.9570596,move,302,276,.!frame.!button
demo_session_04,9,1786094246.0070596,move,302,278,.!frame.!button
demo_session_04,9,1786094246.0570595,move,296,287,.!frame.!button
demo_session_04,9,1786094246.1070595,move,310,280,.!frame.!button
demo_session_04,9,1786094246.1570594,move,295,285,.!frame.!button
demo_session_04,9,1786094246.2070594,move,303,286,.!frame.!button
demo_session_04,9,1786094246.2570593,move,319,275,.!frame.!button
demo_session_04,9,1786094246.3070593,move,322,296,.!frame.!button
demo_session_04,9,1786094246.3570592,move,330,304,.!frame.!button
demo_session_04,9,1786094246.4070592,move,332,301,.!frame.!button
demo_session_04,9,1786094246.4570591,move,333,304,.!frame.!button
demo_session_04,9,1786094246.507059,move,323,308,.!frame.!button
demo_session_04,9,1786094246.557059,move,321,306,.!frame.!button
demo_session_04,9,1786094246.607059,move,334,305,.!frame.!button
demo_session_04,9,1786094246.657059,move,334,309,.!frame.!button
demo_session_04,9,1786094246.707059,move,335,309,.!frame.!button
demo_session_04,9,1786094246.7570589,move,343,310,.!frame.!button
demo_session_04,9,1786094246.8070588,move,343,301,.!frame.!button
demo_session_04,9,1786094246.8570588,move,352,322,.!frame.!button
demo_session_04,9,1786094246.9070587,move,337,327,.!frame.!button
demo_session_04,9,1786094246.9570587,move,353,319,.!frame.!button
demo_session_04,9,1786094247.017652,click,347,317,.!frame.!button
demo_session_04,10,1786094247.017652,move,510,358,.!frame.!entry
demo_session_04,10,1786094247.067652,move,523,357,.!frame.!entry
demo_session_04,10,1786094247.117652,move,524,354,.!frame.!entry
demo_session_04,10,1786094247.167652,move,508,363,.!frame.!entry
demo_session_04,10,1786094247.2176518,move,508,355,.!frame.!entry
demo_session_04,10,1786094247.2676518,move,517,355,.!frame.!entry
demo_session_04,10,1786094247.3176517,move,502,355,.!frame.!entry
demo_session_04,10,1786094247.3676517,move,508,346,.!frame.!entry
demo_session_04,10,1786094247.4176517,move,503,357,.!frame.!entry
demo_session_04,10,1786094247.4676516,move,500,354,.!frame.!entry
demo_session_04,10,1786094247.5176516,move,496,352,.!frame.!entry
demo_session_04,10,1786094247.5676515,move,497,363,.!frame.!entry
demo_session_04,10,1786094247.6176515,move,486,355,.!frame.!entry
demo_session_04,10,1786094247.6676514,move,485,358,.!frame.!entry
demo_session_04,10,1786094247.7176514,move,489,341,.!frame.!entry
demo_session_04,10,1786094247.7676513,move,484,355,.!frame.!entry
demo_session_04,10,1786094247.8176513,move,487,346,.!frame.!entry
demo_session_04,10,1786094247.8676512,move,477,347,.!frame.!entry
demo_session_04,10,1786094247.9176512,move,471,348,.!frame.!entry
demo_session_04,10,1786094247.9676511,move,474,350,.!frame.!entry
demo_session_04,10,1786094248.017651,move,479,348,.!frame.!entry
demo_session_04,10,1786094248.067651,move,464,348,.!frame.!entry
demo_session_04,10,1786094248.117651,move,467,345,.!frame.!entry
demo_session_04,10,1786094248.167651,move,471,358,.!frame.!entry
demo_session_04,10,1786094248.217651,move,457,353,.!frame.!entry
demo_session_04,10,1786094248.2676508,move,470,347,.!frame.!entry
demo_session_04,10,1786094248.3176508,move,458,345,.!frame.!entry
demo_session_04,10,1786094248.3676507,move,466,340,.!frame.!entry
demo_session_04,10,1786094248.4176507,move,457,340,.!frame.!entry
demo_session_04,10,1786094248.4676507,move,454,343,.!frame.!entry
demo_session_04,10,1786094248.5176506,move,458,350,.!frame.!entry
demo_session_04,10,1786094248.5676506,move,446,347,.!frame.!entry
demo_session_04,10,1786094248.6176505,move,442,334,.!frame.!entry
demo_session_04,10,1786094248.6676505,move,446,343,.!frame.!entry
demo_session_04,10,1786094248.7176504,move,444,343,.!frame.!entry
demo_session_04,10,1786094248.7676504,move,448,338,.!frame.!entry
demo_session_04,10,1786094248.8176503,move,443,338,.!frame.!entry
demo_session_04,10,1786094248.8676503,move,445,344,.!frame.!entry
demo_session_04,10,1786094248.9176502,move,433,338,.!frame.!entry
demo_session_04,10,1786094248.9676502,move,436,339,.!frame.!entry
demo_session_04,10,1786094249.0176501,move,430,339,.!frame.!entry
demo_session_04,10,1786094249.06765,move,427,331,.!frame.!entry
demo_session_04,10,1786094249.11765,move,427,345,.!frame.!entry
demo_session_04,10,1786094249.16765,move,422,334,.!frame.!entry
demo_session_04,10,1786094249.21765,move,417,340,.!frame.!entry
demo_session_04,10,1786094249.26765,move,430,338,.!frame.!entry
demo_session_04,10,1786094249.3176498,move,414,347,.!frame.!entry
demo_session_04,10,1786094249.3676498,move,421,338,.!frame.!entry
demo_session_04,10,1786094249.4176497,move,414,333,.!frame.!entry
demo_session_04,10,1786094249.4676497,move,420,333,.!frame.!entry
demo_session_04,10,1786094249.5176497,move,419,340,.!frame.!entry
demo_session_04,10,1786094249.5676496,move,406,338,.!frame.!entry
demo_session_04,10,1786094249.6176496,move,402,335,.!frame.!entry
demo_session_04,10,1786094249.6676495,move,406,326,.!frame.!entry
demo_session_04,10,1786094249.7176495,move,401,329,.!frame.!entry
demo_session_04,10,1786094249.7676494,move,404,335,.!frame.!entry
demo_session_04,10,1786094249.8176494,move,399,335,.!frame.!button
demo_session_04,10,1786094249.8676493,move,399,330,.!frame.!button
demo_session_04,10,1786094249.9176493,move,395,326,.!frame.!button
demo_session_04,10,1786094249.9676492,move,404,332,.!frame.!button
demo_session_04,10,1786094250.0176492,move,388,331,.!frame.!button
demo_session_04,10,1786094250.0676491,move,384,328,.!frame.!button
demo_session_04,10,1786094250.117649,move,390,322,.!frame.!button
demo_session_04,10,1786094250.167649,move,383,327,.!frame.!button
demo_session_04,10,1786094250.217649,move,378,329,.!frame.!button
demo_session_04,10,1786094250.267649,move,375,338,.!frame.!button
demo_session_04,10,1786094250.317649,move,375,332,.!frame.!button
demo_session_04,10,1786094250.3676488,move,372,324,.!frame.!button
demo_session_04,10,1786094250.4176488,move,372,321,.!frame.!button
demo_session_04,10,1786094250.4676487,move,368,325,.!frame.!button
demo_session_04,10,1786094250.5176487,move,365,325,.!frame.!button
demo_session_04,10,1786094250.5676486,move,355,330,.!frame.!button
demo_session_04,10,1786094250.6176486,move,363,322,.!frame.!button
demo_session_04,10,1786094250.6676486,move,358,332,.!frame.!button
demo_session_04,10,1786094250.7176485,move,362,321,.!frame.!button
demo_session_04,10,1786094250.7676485,move,353,318,.!frame.!button
demo_session_04,10,1786094250.8176484,move,353,324,.!frame.!button
demo_session_04,10,1786094250.8676484,move,351,319,.!frame.!button
demo_session_04,10,1786094250.9176483,move,355,320,.!frame.!button
demo_session_04,10,1786094250.9676483,move,347,330,.!frame.!button
demo_session_04,10,1786094251.0228643,click,349,319,.!frame.!button
demo_session_04,11,1786094251.0228643,move,395,372,.!frame.!entry
demo_session_04,11,1786094251.0728643,move,388,381,.!frame.!entry
demo_session_04,11,1786094251.1228642,move,398,397,.!frame.!entry
demo_session_04,11,1786094251.1728642,move,402,383,.!frame.!entry
demo_session_04,11,1786094251.2228642,move,393,378,.!frame.!entry
demo_session_04,11,1786094251.272864,move,400,377,.!frame.!entry
demo_session_04,11,1786094251.322864,move,408,381,.!frame.!entry
demo_session_04,11,1786094251.372864,move,396,374,.!frame.!entry
demo_session_04,11,1786094251.422864,move,403,397,.!frame.!entry
demo_session_04,11,1786094251.472864,move,404,377,.!frame.!entry
demo_session_04,11,1786094251.5228639,move,399,379,.!frame.!entry
demo_session_04,11,1786094251.5728638,move,386,383,.!frame.!entry
demo_session_04,11,1786094251.6228638,move,405,379,.!frame.!entry
demo_session_04,11,1786094251.6728637,move,394,375,.!frame.!entry
demo_session_04,11,1786094251.7228637,move,394,380,.!frame.!entry
demo_session_04,11,1786094251.7728636,move,392,378,.!frame.!entry
demo_session_04,11,1786094251.8228636,move,396,368,.!frame.!entry
demo_session_04,11,1786094251.8728635,move,390,364,.!frame.!entry
demo_session_04,11,1786094251.9228635,move,391,383,.!frame.!entry
demo_session_04,11,1786094251.9728634,move,404,373,.!frame.!entry
demo_session_04,11,1786094252.0228634,move,391,372,.!frame.!entry
demo_session_04,11,1786094252.0728633,move,402,386,.!frame.!entry
demo_session_04,11,1786094252.1228633,move,381,372,.!frame.!entry
demo_session_04,11,1786094252.1728632,move,384,371,.!frame.!entry
demo_session_04,11,1786094252.2228632,move,392,366,.!frame.!entry
demo_session_04,11,1786094252.2728631,move,392,380,.!frame.!entry
demo_session_04,11,1786094252.322863,move,389,382,.!frame.!entry
demo_session_04,11,1786094252.372863,move,379,371,.!frame.!entry
demo_session_04,11,1786094252.422863,move,394,361,.!frame.!entry
demo_session_04,11,1786094252.472863,move,383,369,.!frame.!entry
demo_session_04,11,1786094252.522863,move,389,371,.!frame.!entry
demo_session_04,11,1786094252.5728629,move,401,356,.!frame.!entry
demo_session_04,11,1786094252.6228628,move,394,371,.!frame.!entry
demo_session_04,11,1786094252.6728628,move,400,376,.!frame.!entry
demo_session_04,11,1786094252.7228627,move,380,366,.!frame.!entry
demo_session_04,11,1786094252.7728627,move,390,366,.!frame.!entry
demo_session_04,11,1786094252.8228626,move,395,375,.!frame.!entry
demo_session_04,11,1786094252.8728626,move,395,372,.!frame.!entry
demo_session_04,11,1786094252.9228625,move,380,368,.!frame.!entry
demo_session_04,11,1786094252.9728625,move,381,362,.!frame.!entry
demo_session_04,11,1786094253.0228624,move,377,355,.!frame.!entry
demo_session_04,11,1786094253.0728624,move,382,365,.!frame.!entry
demo_session_04,11,1786094253.1228623,move,392,362,.!frame.!entry
demo_session_04,11,1786094253.1728623,move,383,357,.!frame.!entry
demo_session_04,11,1786094253.2228622,move,375,357,.!frame.!entry
demo_session_04,11,1786094253.2728622,move,385,364,.!frame.!entry
demo_session_04,11,1786094253.3228621,move,389,356,.!frame.!entry
demo_session_04,11,1786094253.372862,move,386,362,.!frame.!entry
demo_session_04,11,1786094253.422862,move,387,382,.!frame.!entry
demo_session_04,11,1786094253.472862,move,375,368,.!frame.!entry
demo_session_04,11,1786094253.522862,move,375,356,.!frame.!entry
demo_session_04,11,1786094253.572862,move,391,354,.!frame.!entry
demo_session_04,11,1786094253.6228619,move,381,354,.!frame.!entry
demo_session_04,11,1786094253.6728618,move,377,347,.!frame.!entry
demo_session_04,11,1786094253.7228618,move,378,369,.!frame.!entry
demo_session_04,11,1786094253.7728617,move,371,356,.!frame.!entry
demo_session_04,11,1786094253.8228617,move,378,359,.!frame.!entry
demo_session_04,11,1786094253.8728616,move,392,355,.!frame.!entry
demo_session_04,11,1786094253.9228616,move,363,357,.!frame.!entry
demo_session_04,11,1786094253.9728615,move,375,362,.!frame.!entry
demo_session_04,11,1786094254.0228615,move,374,354,.!frame.!entry
demo_session_04,11,1786094254.0728614,move,378,349,.!frame.!entry
demo_session_04,11,1786094254.1228614,move,366,356,.!frame.!entry
demo_session_04,11,1786094254.1728613,move,372,347,.!frame.!entry
demo_session_04,11,1786094254.2228613,move,382,348,.!frame.!entry
demo_session_04,11,1786094254.2728612,move,369,363,.!frame.!entry
demo_session_04,11,1786094254.3228612,move,371,345,.!frame.!entry
demo_session_04,11,1786094254.3728611,move,379,348,.!frame.!entry
demo_session_04,11,1786094254.422861,move,372,364,.!frame.!entry
demo_session_04,11,1786094254.472861,move,370,340,.!frame.!entry
demo_session_04,11,1786094254.522861,move,372,338,.!frame.!entry
demo_session_04,11,1786094254.572861,move,383,349,.!frame.!entry
demo_session_04,11,1786094254.622861,move,371,339,.!frame.!entry
demo_session_04,11,1786094254.6728609,move,376,346,.!frame.!entry
demo_session_04,11,1786094254.7228608,move,379,361,.!frame.!entry
demo_session_04,11,1786094254.7728608,move,368,345,.!frame.!entry
demo_session_04,11,1786094254.8228607,move,362,357,.!frame.!entry
demo_session_04,11,1786094254.8728607,move,364,351,.!frame.!entry
demo_session_04,11,1786094254.9228606,move,368,349,.!frame.!entry
demo_session_04,11,1786094254.9728606,move,375,349,.!frame.!entry
demo_session_04,11,1786094255.0228605,move,364,330,.!frame.!entry
demo_session_04,11,1786094255.0728605,move,367,348,.!frame.!entry
demo_session_04,11,1786094255.1228604,move,368,347,.!frame.!entry
demo_session_04,11,1786094255.1728604,move,365,351,.!frame.!entry
demo_session_04,11,1786094255.2228603,move,379,339,.!frame.!entry
demo_session_04,11,1786094255.2728603,move,370,344,.!frame.!entry
demo_session_04,11,1786094255.3228602,move,360,346,.!frame.!entry
demo_session_04,11,1786094255.3728602,move,375,353,.!frame.!entry
demo_session_04,11,1786094255.4228601,move,358,327,.!frame.!entry
demo_session_04,11,1786094255.47286,move,364,339,.!frame.!button
demo_session_04,11,1786094255.52286,move,376,339,.!frame.!button
demo_session_04,11,1786094255.57286,move,375,339,.!frame.!button
demo_session_04,11,1786094255.62286,move,373,335,.!frame.!button
demo_session_04,11,1786094255.67286,move,360,344,.!frame.!button
demo_session_04,11,1786094255.7228599,move,349,328,.!frame.!button
demo_session_04,11,1786094255.7728598,move,363,338,.!frame.!button
demo_session_04,11,1786094255.8228598,move,367,331,.!frame.!button
demo_session_04,11,1786094255.8728597,move,363,336,.!frame.!button
demo_session_04,11,1786094255.9228597,move,368,344,.!frame.!button
demo_session_04,11,1786094255.9728596,move,352,338,.!frame.!button
demo_session_04,11,1786094256.0228596,move,359,326,.!frame.!button
demo_session_04,11,1786094256.0728595,move,358,332,.!frame.!button
demo_session_04,11,1786094256.1228595,move,352,331,.!frame.!button
demo_session_04,11,1786094256.1728594,move,360,324,.!frame.!button
demo_session_04,11,1786094256.2228594,move,363,335,.!frame.!button
demo_session_04,11,1786094256.2728593,move,354,340,.!frame.!button
demo_session_04,11,1786094256.3228593,move,361,323,.!frame.!button
demo_session_04,11,1786094256.3728592,move,346,325,.!frame.!button
demo_session_04,11,1786094256.4228592,move,360,334,.!frame.!button
demo_session_04,11,1786094256.4728591,move,349,326,.!frame.!button
demo_session_04,11,1786094256.522859,move,360,323,.!frame.!button
demo_session_04,11,1786094256.572859,move,358,329,.!frame.!button
demo_session_04,11,1786094256.622859,move,360,330,.!frame.!button
demo_session_04,11,1786094256.672859,move,361,325,.!frame.!button
demo_session_04,11,1786094256.722859,move,362,328,.!frame.!button
demo_session_04,11,1786094256.7728589,move,342,338,.!frame.!button
demo_session_04,11,1786094256.8228588,move,347,326,.!frame.!button
demo_session_04,11,1786094256.8728588,move,348,332,.!frame.!button
demo_session_04,11,1786094256.9228587,move,346,314,.!frame.!button
demo_session_04,11,1786094256.9728587,move,353,323,.!frame.!button
demo_session_04,11,1786094257.0228586,move,352,322,.!frame.!button
demo_session_04,11,1786094257.0728586,move,345,327,.!frame.!button
demo_session_04,11,1786094257.1228585,move,350,316,.!frame.!button
demo_session_04,11,1786094257.1728585,move,353,326,.!frame.!button
demo_session_04,11,1786094257.2228584,move,354,311,.!frame.!button
demo_session_04,11,1786094257.2728584,move,349,327,.!frame.!button
demo_session_04,11,1786094257.3228583,move,353,315,.!frame.!button
demo_session_04,11,1786094257.3813884,click,338,308,.!frame.!button
demo_session_04,12,1786094257.3813884,move,454,133,.!frame.!entry
demo_session_04,12,1786094257.4313884,move,456,144,.!frame.!entry
demo_session_04,12,1786094257.4813883,move,446,147,.!frame.!entry
demo_session_04,12,1786094257.5313883,move,445,163,.!frame.!entry
demo_session_04,12,1786094257.5813882,move,445,151,.!frame.!entry
demo_session_04,12,1786094257.6313882,move,441,145,.!frame.!entry
demo_session_04,12,1786094257.6813881,move,457,147,.!frame.!entry
demo_session_04,12,1786094257.731388,move,444,159,.!frame.!entry
demo_session_04,12,1786094257.781388,move,442,153,.!frame.!entry
demo_session_04,12,1786094257.831388,move,436,154,.!frame.!entry
demo_session_04,12,1786094257.881388,move,440,158,.!frame.!entry
demo_session_04,12,1786094257.931388,move,434,160,.!frame.!entry
demo_session_04,12,1786094257.9813879,move,431,175,.!frame.!entry
demo_session_04,12,1786094258.0313878,move,437,171,.!frame.!entry
demo_session_04,12,1786094258.0813878,move,423,162,.!frame.!entry
demo_session_04,12,1786094258.1313877,move,427,164,.!frame.!entry
demo_session_04,12,1786094258.1813877,move,430,173,.!frame.!entry
demo_session_04,12,1786094258.2313876,move,424,179,.!frame.!entry
demo_session_04,12,1786094258.2813876,move,420,172,.!frame.!entry
demo_session_04,12,1786094258.3313875,move,437,176,.!frame.!entry
demo_session_04,12,1786094258.3813875,move,427,183,.!frame.!entry
demo_session_04,12,1786094258.4313874,move,416,188,.!frame.!entry
demo_session_04,12,1786094258.4813874,move,430,188,.!frame.!entry
demo_session_04,12,1786094258.5313873,move,433,187,.!frame.!entry
demo_session_04,12,1786094258.5813873,move,420,195,.!frame.!entry
demo_session_04,12,1786094258.6313872,move,423,197,.!frame.!entry
demo_session_04,12,1786094258.6813872,move,407,206,.!frame.!entry
demo_session_04,12,1786094258.7313871,move,416,206,.!frame.!entry
demo_session_04,12,1786094258.781387,move,413,207,.!frame.!entry
demo_session_04,12,1786094258.831387,move,410,201,.!frame.!entry
demo_session_04,12,1786094258.881387,move,417,206,.!frame.!entry
demo_session_04,12,1786094258.931387,move,414,195,.!frame.!entry
demo_session_04,12,1786094258.981387,move,406,212,.!frame.!entry
demo_session_04,12,1786094259.0313869,move,417,225,.!frame.!entry
demo_session_04,12,1786094259.0813868,move,408,206,.!frame.!entry
demo_session_04,12,1786094259.1313868,move,408,204,.!frame.!entry
demo_session_04,12,1786094259.1813867,move,407,220,.!frame.!entry
demo_session_04,12,1786094259.2313867,move,410,212,.!frame.!entry
demo_session_04,12,1786094259.2813866,move,407,217,.!frame.!entry
demo_session_04,12,1786094259.3313866,move,404,218,.!frame.!entry
demo_session_04,12,1786094259.3813865,move,393,228,.!frame.!entry
demo_session_04,12,1786094259.4313865,move,402,224,.!frame.!entry
demo_session_04,12,1786094259.4813864,move,396,235,.!frame.!entry
demo_session_04,12,1786094259.5313864,move,410,236,.!frame.!entry
demo_session_04,12,1786094259.5813863,move,403,235,.!frame.!entry
demo_session_04,12,1786094259.6313863,move,388,239,.!frame.!entry
demo_session_04,12,1786094259.6813862,move,386,238,.!frame.!entry
demo_session_04,12,1786094259.7313862,move,398,246,.!frame.!entry
demo_session_04,12,1786094259.7813861,move,389,232,.!frame.!entry
demo_session_04,12,1786094259.831386,move,395,238,.!frame.!entry
demo_session_04,12,1786094259.881386,move,392,250,.!frame.!entry
demo_session_04,12,1786094259.931386,move,388,243,.!frame.!entry
demo_session_04,12,1786094259.981386,move,394,246,.!frame.!entry
demo_session_04,12,1786094260.031386,move,396,253,.!frame.!entry
demo_session_04,12,1786094260.0813859,move,385,250,.!frame.!entry
demo_session_04,12,1786094260.1313858,move,382,253,.!frame.!entry
demo_session_04,12,1786094260.1813858,move,381,255,.!frame.!entry
demo_session_04,12,1786094260.2313857,move,386,267,.!frame.!entry
demo_session_04,12,1786094260.2813857,move,375,262,.!frame.!entry
demo_session_04,12,1786094260.3313856,move,371,266,.!frame.!entry
demo_session_04,12,1786094260.3813856,move,385,258,.!frame.!entry
demo_session_04,12,1786094260.4313855,move,372,274,.!frame.!button
demo_session_04,12,1786094260.4813855,move,382,278,.!frame.!button
demo_session_04,12,1786094260.5313854,move,370,264,.!frame.!button
demo_session_04,12,1786094260.5813854,move,386,272,.!frame.!button
demo_session_04,12,1786094260.6313853,move,376,273,.!frame.!button
demo_session_04,12,1786094260.6813853,move,369,275,.!frame.!button
demo_session_04,12,1786094260.7313852,move,370,280,.!frame.!button
demo_session_04,12,1786094260.7813852,move,376,286,.!frame.!button
demo_session_04,12,1786094260.8313851,move,367,279,.!frame.!button
demo_session_04,12,1786094260.881385,move,365,293,.!frame.!button
demo_session_04,12,1786094260.931385,move,366,282,.!frame.!button
demo_session_04,12,1786094260.981385,move,364,293,.!frame.!button
demo_session_04,12,1786094261.031385,move,360,296,.!frame.!button
demo_session_04,12,1786094261.081385,move,365,298,.!frame.!button
demo_session_04,12,1786094261.1313848,move,369,291,.!frame.!button
demo_session_04,12,1786094261.1813848,move,361,296,.!frame.!button
demo_session_04,12,1786094261.2313848,move,361,302,.!frame.!button
demo_session_04,12,1786094261.2813847,move,346,295,.!frame.!button
demo_session_04,12,1786094261.3313847,move,363,296,.!frame.!button
demo_session_04,12,1786094261.3813846,move,355,303,.!frame.!button
demo_session_04,12,1786094261.4313846,move,349,299,.!frame.!button
demo_session_04,12,1786094261.4813845,move,354,312,.!frame.!button
demo_session_04,12,1786094261.5313845,move,356,324,.!frame.!button
demo_session_04,12,1786094261.5813844,move,348,311,.!frame.!button
demo_session_04,12,1786094261.6313844,move,356,312,.!frame.!button
demo_session_04,12,1786094261.6813843,move,350,317,.!frame.!button
demo_session_04,12,1786094261.7420738,click,344,314,.!frame.!button
demo_session_04,13,1786094261.7420738,move,530,245,.!frame.!entry
demo_session_04,13,1786094261.7920737,move,537,246,.!frame.!entry
demo_session_04,13,1786094261.8420737,move,526,246,.!frame.!entry
demo_session_04,13,1786094261.8920736,move,517,242,.!frame.!entry
demo_session_04,13,1786094261.9420736,move,529,250,.!frame.!entry
demo_session_04,13,1786094261.9920735,move,528,248,.!frame.!entry
demo_session_04,13,1786094262.0420735,move,513,237,.!frame.!entry
demo_session_04,13,1786094262.0920734,move,524,260,.!frame.!entry
demo_session_04,13,1786094262.1420734,move,509,245,.!frame.!entry
demo_session_04,13,1786094262.1920733,move,508,253,.!frame.!entry
demo_session_04,13,1786094262.2420733,move,517,255,.!frame.!entry
demo_session_04,13,1786094262.2920732,move,512,266,.!frame.!entry
demo_session_04,13,1786094262.3420732,move,515,245,.!frame.!entry
demo_session_04,13,1786094262.3920732,move,499,257,.!frame.!entry
demo_session_04,13,1786094262.442073,move,498,255,.!frame.!entry
demo_session_04,13,1786094262.492073,move,499,252,.!frame.!entry
demo_session_04,13,1786094262.542073,move,500,251,.!frame.!entry
demo_session_04,13,1786094262.592073,move,502,256,.!frame.!entry
demo_session_04,13,1786094262.642073,move,496,260,.!frame.!entry
demo_session_04,13,1786094262.6920729,move,500,261,.!frame.!entry
demo_session_04,13,1786094262.7420728,move,494,269,.!frame.!entry
demo_session_04,13,1786094262.7920728,move,494,256,.!frame.!entry
demo_session_04,13,1786094262.8420727,move,493,265,.!frame.!entry
demo_session_04,13,1786094262.8920727,move,488,255,.!frame.!entry
demo_session_04,13,1786094262.9420726,move,491,259,.!frame.!entry
demo_session_04,13,1786094262.9920726,move,482,277,.!frame.!entry
demo_session_04,13,1786094263.0420725,move,480,260,.!frame.!entry
demo_session_04,13,1786094263.0920725,move,476,263,.!frame.!entry
demo_session_04,13,1786094263.1420724,move,487,260,.!frame.!entry
demo_session_04,13,1786094263.1920724,move,485,260,.!frame.!entry
demo_session_04,13,1786094263.2420723,move,475,255,.!frame.!entry
demo_session_04,13,1786094263.2920723,move,474,261,.!frame.!entry
demo_session_04,13,1786094263.3420722,move,476,264,.!frame.!entry
demo_session_04,13,1786094263.3920722,move,477,267,.!frame.!entry
demo_session_04,13,1786094263.4420722,move,465,256,.!frame.!entry
demo_session_04,13,1786094263.492072,move,467,270,.!frame.!entry
demo_session_04,13,1786094263.542072,move,467,263,.!frame.!entry
demo_session_04,13,1786094263.592072,move,468,273,.!frame.!entry
demo_session_04,13,1786094263.642072,move,460,259,.!frame.!entry
demo_session_04,13,1786094263.692072,move,456,279,.!frame.!entry
demo_session_04,13,1786094263.7420719,move,460,259,.!frame.!entry
demo_session_04,13,1786094263.7920718,move,464,272,.!frame.!entry
demo_session_04,13,1786094263.8420718,move,465,277,.!frame.!entry
demo_session_04,13,1786094263.8920717,move,461,279,.!frame.!entry
demo_session_04,13,1786094263.9420717,move,457,265,.!frame.!entry
demo_session_04,13,1786094263.9920716,move,441,275,.!frame.!entry
demo_session_04,13,1786094264.0420716,move,451,268,.!frame.!entry
demo_session_04,13,1786094264.0920715,move,459,282,.!frame.!entry
demo_session_04,13,1786094264.1420715,move,455,273,.!frame.!entry
demo_session_04,13,1786094264.1920714,move,443,266,.!frame.!entry
demo_session_04,13,1786094264.2420714,move,447,285,.!frame.!entry
demo_session_04,13,1786094264.2920713,move,446,279,.!frame.!entry
demo_session_04,13,1786094264.3420713,move,437,271,.!frame.!entry
demo_session_04,13,1786094264.3920712,move,441,283,.!frame.!entry
demo_session_04,13,1786094264.4420712,move,436,280,.!frame.!entry
demo_session_04,13,1786094264.4920712,move,444,277,.!frame.!entry
demo_session_04,13,1786094264.542071,move,427,278,.!frame.!entry
demo_session_04,13,1786094264.592071,move,432,280,.!frame.!entry
demo_session_04,13,1786094264.642071,move,434,286,.!frame.!entry
demo_session_04,13,1786094264.692071,move,436,286,.!frame.!entry
demo_session_04,13,1786094264.742071,move,430,286,.!frame.!entry
demo_session_04,13,1786094264.7920709,move,415,282,.!frame.!entry
demo_session_04,13,1786094264.8420708,move,427,298,.!frame.!entry
demo_session_04,13,1786094264.8920708,move,415,286,.!frame.!entry
demo_session_04,13,1786094264.9420707,move,435,288,.!frame.!entry
demo_session_04,13,1786094264.9920707,move,415,294,.!frame.!entry
demo_session_04,13,1786094265.0420706,move,417,292,.!frame.!entry
demo_session_04,13,1786094265.0920706,move,423,287,.!frame.!entry
demo_session_04,13,1786094265.1420705,move,408,296,.!frame.!entry
demo_session_04,13,1786094265.1920705,move,415,295,.!frame.!entry
demo_session_04,13,1786094265.2420704,move,413,296,.!frame.!entry
demo_session_04,13,1786094265.2920704,move,407,298,.!frame.!entry
demo_session_04,13,1786094265.3420703,move,397,284,.!frame.!entry
demo_session_04,13,1786094265.3920703,move,407,290,.!frame.!entry
demo_session_04,13,1786094265.4420702,move,410,289,.!frame.!entry
demo_session_04,13,1786094265.4920702,move,404,290,.!frame.!entry
demo_session_04,13,1786094265.5420702,move,398,295,.!frame.!button
demo_session_04,13,1786094265.59207,move,396,290,.!frame.!button
demo_session_04,13,1786094265.64207,move,389,302,.!frame.!button
demo_session_04,13,1786094265.69207,move,406,309,.!frame.!button
demo_session_04,13,1786094265.74207,move,400,290,.!frame.!button
demo_session_04,13,1786094265.79207,move,398,294,.!frame.!button
demo_session_04,13,1786094265.8420699,move,402,303,.!frame.!button
demo_session_04,13,1786094265.8920698,move,396,303,.!frame.!button
demo_session_04,13,1786094265.9420698,move,392,298,.!frame.!button
demo_session_04,13,1786094265.9920697,move,380,317,.!frame.!button
demo_session_04,13,1786094266.0420697,move,383,309,.!frame.!button
demo_session_04,13,1786094266.0920696,move,379,306,.!frame.!button
demo_session_04,13,1786094266.1420696,move,389,295,.!frame.!button
demo_session_04,13,1786094266.1920695,move,378,308,.!frame.!button
demo_session_04,13,1786094266.2420695,move,373,319,.!frame.!button
demo_session_04,13,1786094266.2920694,move,378,312,.!frame.!button
demo_session_04,13,1786094266.3420694,move,364,300,.!frame.!button
demo_session_04,13,1786094266.3920693,move,381,306,.!frame.!button
demo_session_04,13,1786094266.4420693,move,368,310,.!frame.!button
demo_session_04,13,1786094266.4920692,move,370,301,.!frame.!button
demo_session_04,13,1786094266.5420692,move,371,306,.!frame.!button
demo_session_04,13,1786094266.5920691,move,359,304,.!frame.!button
demo_session_04,13,1786094266.642069,move,361,325,.!frame.!button
demo_session_04,13,1786094266.692069,move,362,314,.!frame.!button
demo_session_04,13,1786094266.742069,move,367,316,.!frame.!button
demo_session_04,13,1786094266.792069,move,362,324,.!frame.!button
demo_session_04,13,1786094266.842069,move,362,320,.!frame.!button
demo_session_04,13,1786094266.8920689,move,353,315,.!frame.!button
demo_session_04,13,1786094266.9420688,move,359,331,.!frame.!button
demo_session_04,13,1786094266.9920688,move,340,322,.!frame.!button
demo_session_04,13,1786094267.0420687,move,356,324,.!frame.!button
demo_session_04,13,1786094267.0920687,move,351,319,.!frame.!button
demo_session_04,13,1786094267.1420686,move,355,313,.!frame.!button
demo_session_04,13,1786094267.1961355,click,354,324,.!frame.!button
demo_session_04,14,1786094267.1961355,move,202,136,.!frame.!entry
demo_session_04,14,1786094267.2461355,move,202,123,.!frame.!entry
demo_session_04,14,1786094267.2961354,move,204,131,.!frame.!entry
demo_session_04,14,1786094267.3461354,move,211,139,.!frame.!entry
demo_session_04,14,1786094267.3961353,move,218,130,.!frame.!entry
demo_session_04,14,1786094267.4461353,move,201,134,.!frame.!entry
demo_session_04,14,1786094267.4961352,move,214,143,.!frame.!entry
demo_session_04,14,1786094267.5461352,move,205,140,.!frame.!entry
demo_session_04,14,1786094267.5961351,move,192,148,.!frame.!entry
demo_session_04,14,1786094267.646135,move,218,145,.!frame.!entry
demo_session_04,14,1786094267.696135,move,219,146,.!frame.!entry
demo_session_04,14,1786094267.746135,move,224,142,.!frame.!entry
demo_session_04,14,1786094267.796135,move,221,159,.!frame.!entry
demo_session_04,14,1786094267.846135,move,219,158,.!frame.!entry
demo_session_04,14,1786094267.8961349,move,224,166,.!frame.!entry
demo_session_04,14,1786094267.9461348,move,221,159,.!frame.!entry
demo_session_04,14,1786094267.9961348,move,228,170,.!frame.!entry
demo_session_04,14,1786094268.0461347,move,227,173,.!frame.!entry
demo_session_04,14,1786094268.0961347,move,237,170,.!frame.!entry
demo_session_04,14,1786094268.1461346,move,240,166,.!frame.!entry
demo_session_04,14,1786094268.1961346,move,234,180,.!frame.!entry
demo_session_04,14,1786094268.2461345,move,229,177,.!frame.!entry
demo_session_04,14,1786094268.2961345,move,243,175,.!frame.!entry
demo_session_04,14,1786094268.3461344,move,241,190,.!frame.!entry
demo_session_04,14,1786094268.3961344,move,248,176,.!frame.!entry
demo_session_04,14,1786094268.4461343,move,248,173,.!frame.!entry
demo_session_04,14,1786094268.4961343,move,254,193,.!frame.!entry
demo_session_04,14,1786094268.5461342,move,247,185,.!frame.!entry
demo_session_04,14,1786094268.5961342,move,251,185,.!frame.!entry
demo_session_04,14,1786094268.6461341,move,251,195,.!frame.!entry
demo_session_04,14,1786094268.696134,move,246,199,.!frame.!entry
demo_session_04,14,1786094268.746134,move,253,193,.!frame.!entry
demo_session_04,14,1786094268.796134,move,258,203,.!frame.!entry
demo_session_04,14,1786094268.846134,move,255,194,.!frame.!entry
demo_session_04,14,1786094268.896134,move,269,204,.!frame.!entry
demo_session_04,14,1786094268.9461339,move,253,206,.!frame.!entry
demo_session_04,14,1786094268.9961338,move,264,215,.!frame.!entry
demo_session_04,14,1786094269.0461338,move,256,200,.!frame.!entry
demo_session_04,14,1786094269.0961337,move,272,207,.!frame.!entry
demo_session_04,14,1786094269.1461337,move,267,215,.!frame.!entry
demo_session_04,14,1786094269.1961336,move,262,215,.!frame.!entry
demo_session_04,14,1786094269.2461336,move,278,216,.!frame.!entry
demo_session_04,14,1786094269.2961335,move,274,213,.!frame.!entry
demo_session_04,14,1786094269.3461335,move,268,229,.!frame.!entry
demo_session_04,14,1786094269.3961334,move,267,224,.!frame.!entry
demo_session_04,14,1786094269.4461334,move,275,225,.!frame.!entry
demo_session_04,14,1786094269.4961333,move,279,223,.!frame.!entry
demo_session_04,14,1786094269.5461333,move,272,244,.!frame.!entry
demo_session_04,14,1786094269.5961332,move,279,244,.!frame.!entry
demo_session_04,14,1786094269.6461332,move,288,228,.!frame.!entry
demo_session_04,14,1786094269.6961331,move,281,242,.!frame.!entry
demo_session_04,14,1786094269.746133,move,291,245,.!frame.!entry
demo_session_04,14,1786094269.796133,move,291,242,.!frame.!entry
demo_session_04,14,1786094269.846133,move,288,243,.!frame.!entry
demo_session_04,14,1786094269.896133,move,291,248,.!frame.!entry
demo_session_04,14,1786094269.946133,move,297,253,.!frame.!entry
demo_session_04,14,1786094269.9961329,move,292,259,.!frame.!entry
demo_session_04,14,1786094270.0461328,move,309,246,.!frame.!entry
demo_session_04,14,1786094270.0961328,move,300,245,.!frame.!entry
demo_session_04,14,1786094270.1461327,move,305,253,.!frame.!entry
demo_session_04,14,1786094270.1961327,move,303,264,.!frame.!button
demo_session_04,14,1786094270.2461326,move,307,254,.!frame.!button
demo_session_04,14,1786094270.2961326,move,311,262,.!frame.!button
demo_session_04,14,1786094270.3461325,move,320,272,.!frame.!button
demo_session_04,14,1786094270.3961325,move,309,266,.!frame.!button
demo_session_04,14,1786094270.4461324,move,324,272,.!frame.!button
demo_session_04,14,1786094270.4961324,move,311,262,.!frame.!button
demo_session_04,14,1786094270.5461323,move,323,275,.!frame.!button
demo_session_04,14,1786094270.5961323,move,328,285,.!frame.!button
demo_session_04,14,1786094270.6461322,move,326,299,.!frame.!button
demo_session_04,14,1786094270.6961322,move,323,281,.!frame.!button
demo_session_04,14,1786094270.7461321,move,322,296,.!frame.!button
demo_session_04,14,1786094270.796132,move,326,297,.!frame.!button
demo_session_04,14,1786094270.846132,move,330,281,.!frame.!button
demo_session_04,14,1786094270.896132,move,317,286,.!frame.!button
demo_session_04,14,1786094270.946132,move,335,298,.!frame.!button
demo_session_04,14,1786094270.996132,move,342,293,.!frame.!button
demo_session_04,14,1786094271.0461318,move,339,299,.!frame.!button
demo_session_04,14,1786094271.0961318,move,341,302,.!frame.!button
demo_session_04,14,1786094271.1461318,move,342,301,.!frame.!button
demo_session_04,14,1786094271.1961317,move,346,307,.!frame.!button
demo_session_04,14,1786094271.2461317,move,351,315,.!frame.!button
demo_session_04,14,1786094271.2961316,move,356,321,.!frame.!button
demo_session_04,14,1786094271.3461316,move,340,310,.!frame.!button
demo_session_04,14,1786094271.3961315,move,348,323,.!frame.!button
demo_session_04,14,1786094271.4461315,move,343,321,.!frame.!button
demo_session_04,14,1786094271.541374,click,338,308,.!frame.!button
demo_session_04,15,1786094271.541374,move,254,171,.!frame.!entry
demo_session_04,15,1786094271.591374,move,245,171,.!frame.!entry
demo_session_04,15,1786094271.6413739,move,257,179,.!frame.!entry
demo_session_04,15,1786094271.6913738,move,264,171,.!frame.!entry
demo_session_04,15,1786094271.7413738,move,267,173,.!frame.!entry
demo_session_04,15,1786094271.7913737,move,257,182,.!frame.!entry
demo_session_04,15,1786094271.8413737,move,259,177,.!frame.!entry
demo_session_04,15,1786094271.8913736,move,265,182,.!frame.!entry
demo_session_04,15,1786094271.9413736,move,269,189,.!frame.!entry
demo_session_04,15,1786094271.9913735,move,264,186,.!frame.!entry
demo_session_04,15,1786094272.0413735,move,260,188,.!frame.!entry
demo_session_04,15,1786094272.0913734,move,263,193,.!frame.!entry
demo_session_04,15,1786094272.1413734,move,264,190,.!frame.!entry
demo_session_04,15,1786094272.1913733,move,259,189,.!frame.!entry
demo_session_04,15,1786094272.2413733,move,268,197,.!frame.!entry
demo_session_04,15,1786094272.2913733,move,271,200,.!frame.!entry
demo_session_04,15,1786094272.3413732,move,281,208,.!frame.!entry
demo_session_04,15,1786094272.3913732,move,267,196,.!frame.!entry
demo_session_04,15,1786094272.441373,move,279,199,.!frame.!entry
demo_session_04,15,1786094272.491373,move,271,200,.!frame.!entry
demo_session_04,15,1786094272.541373,move,274,204,.!frame.!entry
demo_session_04,15,1786094272.591373,move,275,206,.!frame.!entry
demo_session_04,15,1786094272.641373,move,274,204,.!frame.!entry
demo_session_04,15,1786094272.6913729,move,279,215,.!frame.!entry
demo_session_04,15,1786094272.7413728,move,278,218,.!frame.!entry
demo_session_04,15,1786094272.7913728,move,287,206,.!frame.!entry
demo_session_04,15,1786094272.8413727,move,276,215,.!frame.!entry
demo_session_04,15,1786094272.8913727,move,275,211,.!frame.!entry
demo_session_04,15,1786094272.9413726,move,272,213,.!frame.!entry
demo_session_04,15,1786094272.9913726,move,277,215,.!frame.!entry
demo_session_04,15,1786094273.0413725,move,287,214,.!frame.!entry
demo_session_04,15,1786094273.0913725,move,287,216,.!frame.!entry
demo_session_04,15,1786094273.1413724,move,287,223,.!frame.!entry
demo_session_04,15,1786094273.1913724,move,296,225,.!frame.!entry
demo_session_04,15,1786094273.2413723,move,292,217,.!frame.!entry
demo_session_04,15,1786094273.2913723,move,282,219,.!frame.!entry
demo_session_04,15,1786094273.3413723,move,292,218,.!frame.!entry
demo_session_04,15,1786094273.3913722,move,294,228,.!frame.!entry
demo_session_04,15,1786094273.4413722,move,297,227,.!frame.!entry
demo_session_04,15,1786094273.491372,move,296,231,.!frame.!entry
demo_session_04,15,1786094273.541372,move,292,232,.!frame.!entry
demo_session_04,15,1786094273.591372,move,293,237,.!frame.!entry
demo_session_04,15,1786094273.641372,move,300,233,.!frame.!entry
demo_session_04,15,1786094273.691372,move,295,233,.!frame.!entry
demo_session_04,15,1786094273.7413719,move,301,240,.!frame.!entry
demo_session_04,15,1786094273.7913718,move,302,239,.!frame.!entry
demo_session_04,15,1786094273.8413718,move,300,247,.!frame.!entry
demo_session_04,15,1786094273.8913717,move,300,241,.!frame.!entry
demo_session_04,15,1786094273.9413717,move,297,233,.!frame.!entry
demo_session_04,15,1786094273.9913716,move,302,255,.!frame.!entry
demo_session_04,15,1786094274.0413716,move,308,241,.!frame.!entry
demo_session_04,15,1786094274.0913715,move,297,245,.!frame.!entry
demo_session_04,15,1786094274.1413715,move,310,246,.!frame.!entry
demo_session_04,15,1786094274.1913714,move,302,251,.!frame.!entry
demo_session_04,15,1786094274.2413714,move,298,259,.!frame.!entry
demo_session_04,15,1786094274.2913713,move,308,240,.!frame.!entry
demo_session_04,15,1786094274.3413713,move,303,256,.!frame.!entry
demo_session_04,15,1786094274.3913713,move,305,249,.!frame.!entry
demo_session_04,15,1786094274.4413712,move,313,258,.!frame.!entry
demo_session_04,15,1786094274.4913712,move,305,262,.!frame.!entry
demo_session_04,15,1786094274.541371,move,308,258,.!frame.!entry
demo_session_04,15,1786094274.591371,move,310,265,.!frame.!entry
demo_session_04,15,1786094274.641371,move,320,264,.!frame.!entry
demo_session_04,15,1786094274.691371,move,305,256,.!frame.!entry
demo_session_04,15,1786094274.741371,move,317,268,.!frame.!entry
demo_session_04,15,1786094274.7913709,move,310,271,.!frame.!entry
demo_session_04,15,1786094274.8413708,move,311,266,.!frame.!entry
demo_session_04,15,1786094274.8913708,move,320,278,.!frame.!entry
demo_session_04,15,1786094274.9413707,move,325,269,.!frame.!entry
demo_session_04,15,1786094274.9913707,move,319,284,.!frame.!button
demo_session_04,15,1786094275.0413706,move,316,279,.!frame.!button
demo_session_04,15,1786094275.0913706,move,324,289,.!frame.!button
demo_session_04,15,1786094275.1413705,move,328,283,.!frame.!button
demo_session_04,15,1786094275.1913705,move,314,271,.!frame.!button
demo_session_04,15,1786094275.2413704,move,332,283,.!frame.!button
demo_session_04,15,1786094275.2913704,move,328,289,.!frame.!button
demo_session_04,15,1786094275.3413703,move,323,296,.!frame.!button
demo_session_04,15,1786094275.3913703,move,332,286,.!frame.!button
demo_session_04,15,1786094275.4413702,move,334,290,.!frame.!button
demo_session_04,15,1786094275.4913702,move,340,286,.!frame.!button
demo_session_04,15,1786094275.5413702,move,331,281,.!frame.!button
demo_session_04,15,1786094275.59137,move,330,296,.!frame.!button
demo_session_04,15,1786094275.64137,move,327,282,.!frame.!button
demo_session_04,15,1786094275.69137,move,336,299,.!frame.!button
demo_session_04,15,1786094275.74137,move,336,303,.!frame.!button
demo_session_04,15,1786094275.79137,move,338,303,.!frame.!button
demo_session_04,15,1786094275.8413699,move,348,298,.!frame.!button
demo_session_04,15,1786094275.8913698,move,341,306,.!frame.!button
demo_session_04,15,1786094275.9413698,move,336,298,.!frame.!button
demo_session_04,15,1786094275.9913697,move,339,298,.!frame.!button
demo_session_04,15,1786094276.0413697,move,345,315,.!frame.!button
demo_session_04,15,1786094276.0913696,move,335,306,.!frame.!button
demo_session_04,15,1786094276.1413696,move,345,312,.!frame.!button
demo_session_04,15,1786094276.1913695,move,347,319,.!frame.!button
demo_session_04,15,1786094276.2413695,move,344,312,.!frame.!button
demo_session_04,15,1786094276.2913694,move,350,315,.!frame.!button
demo_session_04,15,1786094276.3413694,move,348,311,.!frame.!button
demo_session_04,15,1786094276.3913693,move,348,318,.!frame.!button
demo_session_04,15,1786094276.4413693,move,343,328,.!frame.!button
demo_session_04,15,1786094276.4992898,click,339,309,.!frame.!button
demo_session_04,16,1786094276.4992898,move,459,391,.!frame.!entry
demo_session_04,16,1786094276.5492897,move,476,398,.!frame.!entry
demo_session_04,16,1786094276.5992897,move,461,395,.!frame.!entry
demo_session_04,16,1786094276.6492896,move,463,402,.!frame.!entry
demo_session_04,16,1786094276.6992896,move,469,378,.!frame.!entry
demo_session_04,16,1786094276.7492895,move,457,388,.!frame.!entry
demo_session_04,16,1786094276.7992895,move,459,394,.!frame.!entry
demo_session_04,16,1786094276.8492894,move,463,385,.!frame.!entry
demo_session_04,16,1786094276.8992894,move,458,399,.!frame.!entry
demo_session_04,16,1786094276.9492893,move,451,392,.!frame.!entry
demo_session_04,16,1786094276.9992893,move,460,391,.!frame.!entry
demo_session_04,16,1786094277.0492892,move,447,394,.!frame.!entry
demo_session_04,16,1786094277.0992892,move,452,386,.!frame.!entry
demo_session_04,16,1786094277.1492891,move,448,370,.!frame.!entry
demo_session_04,16,1786094277.199289,move,458,384,.!frame.!entry
demo_session_04,16,1786094277.249289,move,441,379,.!frame.!entry
demo_session_04,16,1786094277.299289,move,447,388,.!frame.!entry
demo_session_04,16,1786094277.349289,move,448,378,.!frame.!entry
demo_session_04,16,1786094277.399289,move,438,383,.!frame.!entry
demo_session_04,16,1786094277.4492888,move,444,384,.!frame.!entry
demo_session_04,16,1786094277.4992888,move,437,378,.!frame.!entry
demo_session_04,16,1786094277.5492887,move,441,391,.!frame.!entry
demo_session_04,16,1786094277.5992887,move,439,378,.!frame.!entry
demo_session_04,16,1786094277.6492887,move,440,387,.!frame.!entry
demo_session_04,16,1786094277.6992886,move,435,372,.!frame.!entry
demo_session_04,16,1786094277.7492886,move,431,370,.!frame.!entry
demo_session_04,16,1786094277.7992885,move,434,383,.!frame.!entry
demo_session_04,16,1786094277.8492885,move,424,377,.!frame.!entry
demo_session_04,16,1786094277.8992884,move,424,387,.!frame.!entry
demo_session_04,16,1786094277.9492884,move,429,377,.!frame.!entry
demo_session_04,16,1786094277.9992883,move,429,378,.!frame.!entry
demo_session_04,16,1786094278.0492883,move,419,377,.!frame.!entry
demo_session_04,16,1786094278.0992882,move,431,357,.!frame.!entry
demo_session_04,16,1786094278.1492882,move,431,377,.!frame.!entry
demo_session_04,16,1786094278.1992881,move,425,383,.!frame.!entry
demo_session_04,16,1786094278.249288,move,433,375,.!frame.!entry
demo_session_04,16,1786094278.299288,move,434,368,.!frame.!entry
demo_session_04,16,1786094278.349288,move,425,367,.!frame.!entry
demo_session_04,16,1786094278.399288,move,425,375,.!frame.!entry
demo_session_04,16,1786094278.449288,move,424,380,.!frame.!entry
demo_session_04,16,1786094278.4992878,move,408,364,.!frame.!entry
demo_session_04,16,1786094278.5492878,move,405,357,.!frame.!entry
demo_session_04,16,1786094278.5992877,move,412,371,.!frame.!entry
demo_session_04,16,1786094278.6492877,move,415,363,.!frame.!entry
demo_session_04,16,1786094278.6992877,move,412,365,.!frame.!entry
demo_session_04,16,1786094278.7492876,move,417,369,.!frame.!entry
demo_session_04,16,1786094278.7992876,move,408,351,.!frame.!entry
demo_session_04,16,1786094278.8492875,move,407,360,.!frame.!entry
demo_session_04,16,1786094278.8992875,move,407,368,.!frame.!entry
demo_session_04,16,1786094278.9492874,move,407,365,.!frame.!entry
demo_session_04,16,1786094278.9992874,move,401,355,.!frame.!entry
demo_session_04,16,1786094279.0492873,move,404,357,.!frame.!entry
demo_session_04,16,1786094279.0992873,move,396,348,.!frame.!entry
demo_session_04,16,1786094279.1492872,move,414,350,.!frame.!entry
demo_session_04,16,1786094279.1992872,move,399,358,.!frame.!entry
demo_session_04,16,1786094279.2492871,move,400,354,.!frame.!entry
demo_session_04,16,1786094279.299287,move,405,354,.!frame.!entry
demo_session_04,16,1786094279.349287,move,399,351,.!frame.!entry
demo_session_04,16,1786094279.399287,move,397,347,.!frame.!entry
demo_session_04,16,1786094279.449287,move,395,346,.!frame.!entry
demo_session_04,16,1786094279.499287,move,386,352,.!frame.!entry
demo_session_04,16,1786094279.5492868,move,393,346,.!frame.!entry
demo_session_04,16,1786094279.5992868,move,397,354,.!frame.!entry
demo_session_04,16,1786094279.6492867,move,386,347,.!frame.!entry
demo_session_04,16,1786094279.6992867,move,383,342,.!frame.!entry
demo_session_04,16,1786094279.7492867,move,392,354,.!frame.!entry
demo_session_04,16,1786094279.7992866,move,382,351,.!frame.!entry
demo_session_04,16,1786094279.8492866,move,389,349,.!frame.!entry
demo_session_04,16,1786094279.8992865,move,394,338,.!frame.!button
demo_session_04,16,1786094279.9492865,move,379,348,.!frame.!button
demo_session_04,16,1786094279.9992864,move,380,334,.!frame.!button
demo_session_04,16,1786094280.0492864,move,385,340,.!frame.!button
demo_session_04,16,1786094280.0992863,move,380,340,.!frame.!button
demo_session_04,16,1786094280.1492863,move,381,343,.!frame.!button
demo_session_04,16,1786094280.1992862,move,373,333,.!frame.!button
demo_session_04,16,1786094280.2492862,move,376,325,.!frame.!button
demo_session_04,16,1786094280.2992861,move,371,338,.!frame.!button
demo_session_04,16,1786094280.349286,move,373,329,.!frame.!button
demo_session_04,16,1786094280.399286,move,371,328,.!frame.!button
demo_session_04,16,1786094280.449286,move,379,332,.!frame.!button
demo_session_04,16,1786094280.499286,move,363,337,.!frame.!button
demo_session_04,16,1786094280.549286,move,360,334,.!frame.!button
demo_session_04,16,1786094280.5992858,move,368,332,.!frame.!button
demo_session_04,16,1786094280.6492858,move,364,332,.!frame.!button
demo_session_04,16,1786094280.6992857,move,359,339,.!frame.!button
demo_session_04,16,1786094280.7492857,move,364,324,.!frame.!button
demo_session_04,16,1786094280.7992857,move,365,329,.!frame.!button
demo_session_04,16,1786094280.8492856,move,370,322,.!frame.!button
demo_session_04,16,1786094280.8992856,move,354,332,.!frame.!button
demo_session_04,16,1786094280.9492855,move,353,324,.!frame.!button
demo_session_04,16,1786094280.9992855,move,353,324,.!frame.!button
demo_session_04,16,1786094281.0492854,move,358,333,.!frame.!button
demo_session_04,16,1786094281.0992854,move,356,322,.!frame.!button
demo_session_04,16,1786094281.1492853,move,353,316,.!frame.!button
demo_session_04,16,1786094281.1992853,move,357,316,.!frame.!button
demo_session_04,16,1786094281.2492852,move,351,331,.!frame.!button
demo_session_04,16,1786094281.2992852,move,351,312,.!frame.!button
demo_session_04,16,1786094281.3492851,move,342,320,.!frame.!button
demo_session_04,16,1786094281.4471898,click,342,312,.!frame.!button
demo_session_04,17,1786094281.4471898,move,578,331,.!frame.!entry
demo_session_04,17,1786094281.4971898,move,563,334,.!frame.!entry
demo_session_04,17,1786094281.5471897,move,555,318,.!frame.!entry
demo_session_04,17,1786094281.5971897,move,569,333,.!frame.!entry
demo_session_04,17,1786094281.6471896,move,545,327,.!frame.!entry
demo_session_04,17,1786094281.6971896,move,551,334,.!frame.!entry
demo_session_04,17,1786094281.7471895,move,548,335,.!frame.!entry
demo_session_04,17,1786094281.7971895,move,548,333,.!frame.!entry
demo_session_04,17,1786094281.8471894,move,545,325,.!frame.!entry
demo_session_04,17,1786094281.8971894,move,533,337,.!frame.!entry
demo_session_04,17,1786094281.9471893,move,546,328,.!frame.!entry
demo_session_04,17,1786094281.9971893,move,540,333,.!frame.!entry
demo_session_04,17,1786094282.0471892,move,523,330,.!frame.!entry
demo_session_04,17,1786094282.0971892,move,535,320,.!frame.!entry
demo_session_04,17,1786094282.1471891,move,529,322,.!frame.!entry
demo_session_04,17,1786094282.197189,move,526,328,.!frame.!entry
demo_session_04,17,1786094282.247189,move,521,345,.!frame.!entry
demo_session_04,17,1786094282.297189,move,514,343,.!frame.!entry
demo_session_04,17,1786094282.347189,move,528,331,.!frame.!entry
demo_session_04,17,1786094282.397189,move,509,332,.!frame.!entry
demo_session_04,17,1786094282.4471889,move,520,320,.!frame.!entry
demo_session_04,17,1786094282.4971888,move,513,327,.!frame.!entry
demo_session_04,17,1786094282.5471888,move,504,340,.!frame.!entry
demo_session_04,17,1786094282.5971887,move,498,342,.!frame.!entry
demo_session_04,17,1786094282.6471887,move,520,327,.!frame.!entry
demo_session_04,17,1786094282.6971886,move,504,337,.!frame.!entry
demo_session_04,17,1786094282.7471886,move,508,329,.!frame.!entry
demo_session_04,17,1786094282.7971885,move,496,338,.!frame.!entry
demo_session_04,17,1786094282.8471885,move,505,329,.!frame.!entry
demo_session_04,17,1786094282.8971884,move,490,326,.!frame.!entry
demo_session_04,17,1786094282.9471884,move,495,319,.!frame.!entry
demo_session_04,17,1786094282.9971883,move,487,332,.!frame.!entry
demo_session_04,17,1786094283.0471883,move,498,341,.!frame.!entry
demo_session_04,17,1786094283.0971882,move,487,331,.!frame.!entry
demo_session_04,17,1786094283.1471882,move,476,324,.!frame.!entry
demo_session_04,17,1786094283.1971881,move,484,331,.!frame.!entry
demo_session_04,17,1786094283.247188,move,485,343,.!frame.!entry
demo_session_04,17,1786094283.297188,move,489,323,.!frame.!entry
demo_session_04,17,1786094283.347188,move,473,329,.!frame.!entry
demo_session_04,17,1786094283.397188,move,461,346,.!frame.!entry
demo_session_04,17,1786094283.447188,move,469,330,.!frame.!entry
demo_session_04,17,1786094283.4971879,move,468,334,.!frame.!entry
demo_session_04,17,1786094283.5471878,move,446,328,.!frame.!entry
demo_session_04,17,1786094283.5971878,move,466,330,.!frame.!entry
demo_session_04,17,1786094283.6471877,move,469,314,.!frame.!entry
demo_session_04,17,1786094283.6971877,move,469,339,.!frame.!entry
demo_session_04,17,1786094283.7471876,move,453,333,.!frame.!entry
demo_session_04,17,1786094283.7971876,move,439,332,.!frame.!entry
demo_session_04,17,1786094283.8471875,move,441,317,.!frame.!entry
demo_session_04,17,1786094283.8971875,move,452,319,.!frame.!entry
demo_session_04,17,1786094283.9471874,move,456,330,.!frame.!entry
demo_session_04,17,1786094283.9971874,move,442,342,.!frame.!entry
demo_session_04,17,1786094284.0471873,move,443,324,.!frame.!entry
demo_session_04,17,1786094284.0971873,move,436,330,.!frame.!entry
demo_session_04,17,1786094284.1471872,move,436,329,.!frame.!entry
demo_session_04,17,1786094284.1971872,move,428,320,.!frame.!entry
demo_session_04,17,1786094284.2471871,move,435,323,.!frame.!entry
demo_session_04,17,1786094284.297187,move,433,333,.!frame.!entry
demo_session_04,17,1786094284.347187,move,435,333,.!frame.!entry
demo_session_04,17,1786094284.397187,move,417,330,.!frame.!entry
demo_session_04,17,1786094284.447187,move,422,316,.!frame.!entry
demo_session_04,17,1786094284.497187,move,416,321,.!frame.!entry
demo_session_04,17,1786094284.5471869,move,416,323,.!frame.!entry
demo_session_04,17,1786094284.5971868,move,412,322,.!frame.!entry
demo_session_04,17,1786094284.6471868,move,416,331,.!frame.!entry
demo_session_04,17,1786094284.6971867,move,415,324,.!frame.!button
demo_session_04,17,1786094284.7471867,move,406,316,.!frame.!button
demo_session_04,17,1786094284.7971866,move,404,310,.!frame.!button
demo_session_04,17,1786094284.8471866,move,407,313,.!frame.!button
demo_session_04,17,1786094284.8971865,move,411,330,.!frame.!button
demo_session_04,17,1786094284.9471865,move,390,331,.!frame.!button
demo_session_04,17,1786094284.9971864,move,395,333,.!frame.!button
demo_session_04,17,1786094285.0471864,move,408,317,.!frame.!button
demo_session_04,17,1786094285.0971863,move,387,324,.!frame.!button
demo_session_04,17,1786094285.1471863,move,396,328,.!frame.!button
demo_session_04,17,1786094285.1971862,move,381,325,.!frame.!button
demo_session_04,17,1786094285.2471862,move,390,333,.!frame.!button
demo_session_04,17,1786094285.2971861,move,365,324,.!frame.!button
demo_session_04,17,1786094285.347186,move,382,327,.!frame.!button
demo_session_04,17,1786094285.397186,move,373,316,.!frame.!button
demo_session_04,17,1786094285.447186,move,372,331,.!frame.!button
demo_session_04,17,1786094285.497186,move,372,325,.!frame.!button
demo_session_04,17,1786094285.547186,move,368,318,.!frame.!button
demo_session_04,17,1786094285.5971859,move,363,318,.!frame.!button
demo_session_04,17,1786094285.6471858,move,364,310,.!frame.!button
demo_session_04,17,1786094285.6971858,move,371,331,.!frame.!button
demo_session_04,17,1786094285.7471857,move,361,324,.!frame.!button
demo_session_04,17,1786094285.7971857,move,357,320,.!frame.!button
demo_session_04,17,1786094285.8471856,move,362,313,.!frame.!button
demo_session_04,17,1786094285.8971856,move,358,321,.!frame.!button
demo_session_04,17,1786094285.9471855,move,357,322,.!frame.!button
demo_session_04,17,1786094285.9971855,move,351,319,.!frame.!button
demo_session_04,17,1786094286.0471854,move,342,304,.!frame.!button
demo_session_04,17,1786094286.1306484,click,348,318,.!frame.!button
demo_session_04,18,1786094286.1306484,move,556,207,.!frame.!entry
demo_session_04,18,1786094286.1806483,move,547,205,.!frame.!entry
demo_session_04,18,1786094286.2306483,move,549,210,.!frame.!entry
demo_session_04,18,1786094286.2806482,move,542,216,.!frame.!entry
demo_session_04,18,1786094286.3306482,move,540,211,.!frame.!entry
demo_session_04,18,1786094286.3806481,move,546,202,.!frame.!entry
demo_session_04,18,1786094286.430648,move,549,216,.!frame.!entry
demo_session_04,18,1786094286.480648,move,544,213,.!frame.!entry
demo_session_04,18,1786094286.530648,move,538,221,.!frame.!entry
demo_session_04,18,1786094286.580648,move,543,218,.!frame.!entry
demo_session_04,18,1786094286.630648,move,539,221,.!frame.!entry
demo_session_04,18,1786094286.6806479,move,533,232,.!frame.!entry
demo_session_04,18,1786094286.7306478,move,532,225,.!frame.!entry
demo_session_04,18,1786094286.7806478,move,529,223,.!frame.!entry
demo_session_04,18,1786094286.8306477,move,534,220,.!frame.!entry
demo_session_04,18,1786094286.8806477,move,525,221,.!frame.!entry
demo_session_04,18,1786094286.9306476,move,517,229,.!frame.!entry
demo_session_04,18,1786094286.9806476,move,531,237,.!frame.!entry
demo_session_04,18,1786094287.0306475,move,513,231,.!frame.!entry
demo_session_04,18,1786094287.0806475,move,529,240,.!frame.!entry
demo_session_04,18,1786094287.1306474,move,520,235,.!frame.!entry
demo_session_04,18,1786094287.1806474,move,499,240,.!frame.!entry
demo_session_04,18,1786094287.2306473,move,505,233,.!frame.!entry
demo_session_04,18,1786094287.2806473,move,518,252,.!frame.!entry
demo_session_04,18,1786094287.3306472,move,498,223,.!frame.!entry
demo_session_04,18,1786094287.3806472,move,501,250,.!frame.!entry
demo_session_04,18,1786094287.4306471,move,497,232,.!frame.!entry
demo_session_04,18,1786094287.480647,move,503,235,.!frame.!entry
demo_session_04,18,1786094287.530647,move,488,228,.!frame.!entry
demo_session_04,18,1786094287.580647,move,498,251,.!frame.!entry
demo_session_04,18,1786094287.630647,move,500,249,.!frame.!entry
demo_session_04,18,1786094287.680647,move,500,247,.!frame.!entry
demo_session_04,18,1786094287.7306468,move,487,243,.!frame.!entry
demo_session_04,18,1786094287.7806468,move,488,250,.!frame.!entry
demo_session_04,18,1786094287.8306468,move,490,255,.!frame.!entry
demo_session_04,18,1786094287.8806467,move,475,247,.!frame.!entry
demo_session_04,18,1786094287.9306467,move,489,245,.!frame.!entry
demo_session_04,18,1786094287.9806466,move,478,249,.!frame.!entry
demo_session_04,18,1786094288.0306466,move,495,247,.!frame.!entry
demo_session_04,18,1786094288.0806465,move,479,250,.!frame.!entry
demo_session_04,18,1786094288.1306465,move,470,253,.!frame.!entry
demo_session_04,18,1786094288.1806464,move,469,265,.!frame.!entry
demo_session_04,18,1786094288.2306464,move,481,257,.!frame.!entry
demo_session_04,18,1786094288.2806463,move,461,248,.!frame.!entry
demo_session_04,18,1786094288.3306463,move,469,259,.!frame.!entry
demo_session_04,18,1786094288.3806462,move,455,254,.!frame.!entry
demo_session_04,18,1786094288.4306462,move,464,273,.!frame.!entry
demo_session_04,18,1786094288.4806461,move,457,271,.!frame.!entry
demo_session_04,18,1786094288.530646,move,456,275,.!frame.!entry
demo_session_04,18,1786094288.580646,move,453,270,.!frame.!entry
demo_session_04,18,1786094288.630646,move,454,264,.!frame.!entry
demo_session_04,18,1786094288.680646,move,442,279,.!frame.!entry
demo_session_04,18,1786094288.730646,move,453,263,.!frame.!entry
demo_session_04,18,1786094288.7806458,move,453,260,.!frame.!entry
demo_session_04,18,1786094288.8306458,move,438,280,.!frame.!entry
demo_session_04,18,1786094288.8806458,move,448,268,.!frame.!entry
demo_session_04,18,1786094288.9306457,move,444,275,.!frame.!entry
demo_session_04,18,1786094288.9806457,move,448,267,.!frame.!entry
demo_session_04,18,1786094289.0306456,move,440,269,.!frame.!entry
demo_session_04,18,1786094289.0806456,move,427,284,.!frame.!entry
demo_session_04,18,1786094289.1306455,move,427,268,.!frame.!entry
demo_session_04,18,1786094289.1806455,move,423,281,.!frame.!entry
demo_session_04,18,1786094289.2306454,move,432,276,.!frame.!entry
demo_session_04,18,1786094289.2806454,move,412,286,.!frame.!entry
demo_session_04,18,1786094289.3306453,move,420,297,.!frame.!entry
demo_session_04,18,1786094289.3806453,move,423,283,.!frame.!entry
demo_session_04,18,1786094289.4306452,move,428,277,.!frame.!entry
demo_session_04,18,1786094289.4806452,move,413,287,.!frame.!entry
demo_session_04,18,1786094289.5306451,move,415,295,.!frame.!entry
demo_session_04,18,1786094289.580645,move,418,288,.!frame.!button
demo_session_04,18,1786094289.630645,move,402,305,.!frame.!button
demo_session_04,18,1786094289.680645,move,393,287,.!frame.!button
demo_session_04,18,1786094289.730645,move,405,290,.!frame.!button
demo_session_04,18,1786094289.780645,move,407,293,.!frame.!button
demo_session_04,18,1786094289.8306448,move,390,289,.!frame.!button
demo_session_04,18,1786094289.8806448,move,401,303,.!frame.!button
demo_session_04,18,1786094289.9306448,move,397,300,.!frame.!button
demo_session_04,18,1786094289.9806447,move,381,298,.!frame.!button
demo_session_04,18,1786094290.0306447,move,381,301,.!frame.!button
demo_session_04,18,1786094290.0806446,move,390,303,.!frame.!button
demo_session_04,18,1786094290.1306446,move,387,306,.!frame.!button
demo_session_04,18,1786094290.1806445,move,395,298,.!frame.!button
demo_session_04,18,1786094290.2306445,move,386,291,.!frame.!button
demo_session_04,18,1786094290.2806444,move,381,306,.!frame.!button
demo_session_04,18,1786094290.3306444,move,383,309,.!frame.!button
demo_session_04,18,1786094290.3806443,move,377,308,.!frame.!button
demo_session_04,18,1786094290.4306443,move,377,308,.!frame.!button
demo_session_04,18,1786094290.4806442,move,379,317,.!frame.!button
demo_session_04,18,1786094290.5306442,move,350,305,.!frame.!button
demo_session_04,18,1786094290.5806441,move,358,322,.!frame.!button
demo_session_04,18,1786094290.630644,move,370,312,.!frame.!button
demo_session_04,18,1786094290.680644,move,365,313,.!frame.!button
demo_session_04,18,1786094290.730644,move,361,319,.!frame.!button
demo_session_04,18,1786094290.780644,move,358,322,.!frame.!button
demo_session_04,18,1786094290.830644,move,358,322,.!frame.!button
demo_session_04,18,1786094290.8806438,move,354,321,.!frame.!button
demo_session_04,18,1786094290.9306438,move,346,305,.!frame.!button
demo_session_04,18,1786094290.9806437,move,360,307,.!frame.!button
demo_session_04,18,1786094291.0306437,move,345,330,.!frame.!button
demo_session_04,18,1786094291.1014974,click,355,325,.!frame.!button
demo_session_04,19,1786094291.1014974,move,239,201,.!frame.!entry
demo_session_04,19,1786094291.1514974,move,245,202,.!frame.!entry
demo_session_04,19,1786094291.2014973,move,254,205,.!frame.!entry
demo_session_04,19,1786094291.2514973,move,238,210,.!frame.!entry
demo_session_04,19,1786094291.3014972,move,246,206,.!frame.!entry
demo_session_04,19,1786094291.3514972,move,243,213,.!frame.!entry
demo_session_04,19,1786094291.4014971,move,263,216,.!frame.!entry
demo_session_04,19,1786094291.451497,move,244,224,.!frame.!entry
demo_session_04,19,1786094291.501497,move,245,210,.!frame.!entry
demo_session_04,19,1786094291.551497,move,256,229,.!frame.!entry
demo_session_04,19,1786094291.601497,move,262,229,.!frame.!entry
demo_session_04,19,1786094291.651497,move,261,215,.!frame.!entry
demo_session_04,19,1786094291.7014968,move,251,218,.!frame.!entry
demo_session_04,19,1786094291.7514968,move,255,223,.!frame.!entry
demo_session_04,19,1786094291.8014967,move,258,221,.!frame.!entry
demo_session_04,19,1786094291.8514967,move,246,229,.!frame.!entry
demo_session_04,19,1786094291.9014966,move,261,224,.!frame.!entry
demo_session_04,19,1786094291.9514966,move,266,237,.!frame.!entry
demo_session_04,19,1786094292.0014966,move,264,242,.!frame.!entry
demo_session_04,19,1786094292.0514965,move,266,225,.!frame.!entry
demo_session_04,19,1786094292.1014965,move,266,238,.!frame.!entry
demo_session_04,19,1786094292.1514964,move,280,219,.!frame.!entry
demo_session_04,19,1786094292.2014964,move,255,233,.!frame.!entry
demo_session_04,19,1786094292.2514963,move,277,229,.!frame.!entry
demo_session_04,19,1786094292.3014963,move,265,240,.!frame.!entry
demo_session_04,19,1786094292.3514962,move,265,241,.!frame.!entry
demo_session_04,19,1786094292.4014962,move,275,244,.!frame.!entry
demo_session_04,19,1786094292.4514961,move,272,248,.!frame.!entry
demo_session_04,19,1786094292.501496,move,281,241,.!frame.!entry
demo_session_04,19,1786094292.551496,move,290,243,.!frame.!entry
demo_session_04,19,1786094292.601496,move,281,244,.!frame.!entry
demo_session_04,19,1786094292.651496,move,276,250,.!frame.!entry
demo_session_04,19,1786094292.701496,move,282,236,.!frame.!entry
demo_session_04,19,1786094292.7514958,move,264,241,.!frame.!entry
demo_session_04,19,1786094292.8014958,move,285,243,.!frame.!entry
demo_session_04,19,1786094292.8514957,move,290,247,.!frame.!entry
demo_session_04,19,1786094292.9014957,move,286,252,.!frame.!entry
demo_session_04,19,1786094292.9514956,move,298,256,.!frame.!entry
demo_session_04,19,1786094293.0014956,move,284,255,.!frame.!entry
demo_session_04,19,1786094293.0514956,move,295,247,.!frame.!entry
demo_session_04,19,1786094293.1014955,move,290,252,.!frame.!entry
demo_session_04,19,1786094293.1514955,move,288,268,.!frame.!entry
demo_session_04,19,1786094293.2014954,move,305,258,.!frame.!entry
demo_session_04,19,1786094293.2514954,move,291,266,.!frame.!entry
demo_session_04,19,1786094293.3014953,move,293,262,.!frame.!entry
demo_session_04,19,1786094293.3514953,move,290,267,.!frame.!entry
demo_session_04,19,1786094293.4014952,move,298,262,.!frame.!entry
demo_session_04,19,1786094293.4514952,move,297,262,.!frame.!entry
demo_session_04,19,1786094293.5014951,move,302,259,.!frame.!entry
demo_session_04,19,1786094293.551495,move,307,265,.!frame.!entry
demo_session_04,19,1786094293.601495,move,312,263,.!frame.!entry
demo_session_04,19,1786094293.651495,move,305,270,.!frame.!entry
demo_session_04,19,1786094293.701495,move,312,259,.!frame.!entry
demo_session_04,19,1786094293.751495,move,303,274,.!frame.!entry
demo_session_04,19,1786094293.8014948,move,302,282,.!frame.!entry
demo_session_04,19,1786094293.8514948,move,305,273,.!frame.!entry
demo_session_04,19,1786094293.9014947,move,327,273,.!frame.!entry
demo_session_04,19,1786094293.9514947,move,312,284,.!frame.!entry
demo_session_04,19,1786094294.0014946,move,298,283,.!frame.!entry
demo_session_04,19,1786094294.0514946,move,311,292,.!frame.!entry
demo_session_04,19,1786094294.1014946,move,323,273,.!frame.!entry
demo_session_04,19,1786094294.1514945,move,313,283,.!frame.!entry
demo_session_04,19,1786094294.2014945,move,321,296,.!frame.!entry
demo_session_04,19,1786094294.2514944,move,316,299,.!frame.!button
demo_session_04,19,1786094294.3014944,move,311,297,.!frame.!button
demo_session_04,19,1786094294.3514943,move,332,288,.!frame.!button
demo_session_04,19,1786094294.4014943,move,322,291,.!frame.!button
demo_session_04,19,1786094294.4514942,move,327,302,.!frame.!button
demo_session_04,19,1786094294.5014942,move,325,284,.!frame.!button
demo_session_04,19,1786094294.5514941,move,328,294,.!frame.!button
demo_session_04,19,1786094294.601494,move,310,293,.!frame.!button
demo_session_04,19,1786094294.651494,move,334,294,.!frame.!button
demo_session_04,19,1786094294.701494,move,337,282,.!frame.!button
demo_session_04,19,1786094294.751494,move,333,298,.!frame.!button
demo_session_04,19,1786094294.801494,move,330,306,.!frame.!button
demo_session_04,19,1786094294.8514938,move,328,314,.!frame.!button
demo_session_04,19,1786094294.9014938,move,346,301,.!frame.!button
demo_session_04,19,1786094294.9514937,move,324,311,.!frame.!button
demo_session_04,19,1786094295.0014937,move,322,310,.!frame.!button
demo_session_04,19,1786094295.0514936,move,346,302,.!frame.!button
demo_session_04,19,1786094295.1014936,move,354,308,.!frame.!button
demo_session_04,19,1786094295.1514935,move,347,311,.!frame.!button
demo_session_04,19,1786094295.2014935,move,342,306,.!frame.!button
demo_session_04,19,1786094295.2514935,move,347,321,.!frame.!button
demo_session_04,19,1786094295.3014934,move,352,304,.!frame.!button
demo_session_04,19,1786094295.3514934,move,346,310,.!frame.!button
demo_session_04,19,1786094295.4014933,move,354,310,.!frame.!button
demo_session_04,19,1786094295.4514933,move,334,316,.!frame.!button
demo_session_04,19,1786094295.5014932,move,344,328,.!frame.!button
demo_session_04,19,1786094295.5514932,move,347,326,.!frame.!button
demo_session_04,19,1786094295.612761,click,357,327,.!frame.!button
demo_session_04,20,1786094295.612761,move,302,342,.!frame.!entry
demo_session_04,20,1786094295.662761,move,300,329,.!frame.!entry
demo_session_04,20,1786094295.712761,move,296,327,.!frame.!entry
demo_session_04,20,1786094295.7627609,move,287,333,.!frame.!entry
demo_session_04,20,1786094295.8127608,move,301,343,.!frame.!entry
demo_session_04,20,1786094295.8627608,move,293,334,.!frame.!entry
demo_session_04,20,1786094295.9127607,move,301,337,.!frame.!entry
demo_session_04,20,1786094295.9627607,move,300,336,.!frame.!entry
demo_session_04,20,1786094296.0127606,move,298,339,.!frame.!entry
demo_session_04,20,1786094296.0627606,move,303,335,.!frame.!entry
demo_session_04,20,1786094296.1127605,move,292,348,.!frame.!entry
demo_session_04,20,1786094296.1627605,move,301,326,.!frame.!entry
demo_session_04,20,1786094296.2127604,move,313,339,.!frame.!entry
demo_session_04,20,1786094296.2627604,move,304,333,.!frame.!entry
demo_session_04,20,1786094296.3127604,move,311,339,.!frame.!entry
demo_session_04,20,1786094296.3627603,move,301,317,.!frame.!entry
demo_session_04,20,1786094296.4127603,move,308,336,.!frame.!entry
demo_session_04,20,1786094296.4627602,move,304,334,.!frame.!entry
demo_session_04,20,1786094296.5127602,move,298,335,.!frame.!entry
demo_session_04,20,1786094296.56276,move,308,333,.!frame.!entry
demo_session_04,20,1786094296.61276,move,312,332,.!frame.!entry
demo_session_04,20,1786094296.66276,move,308,337,.!frame.!entry
demo_session_04,20,1786094296.71276,move,309,327,.!frame.!entry
demo_session_04,20,1786094296.76276,move,305,322,.!frame.!entry
demo_session_04,20,1786094296.8127599,move,310,332,.!frame.!entry
demo_session_04,20,1786094296.8627598,move,311,330,.!frame.!entry
demo_session_04,20,1786094296.9127598,move,299,332,.!frame.!entry
demo_session_04,20,1786094296.9627597,move,314,342,.!frame.!entry
demo_session_04,20,1786094297.0127597,move,310,325,.!frame.!entry
demo_session_04,20,1786094297.0627596,move,312,327,.!frame.!entry
demo_session_04,20,1786094297.1127596,move,309,314,.!frame.!entry
demo_session_04,20,1786094297.1627595,move,316,329,.!frame.!entry
demo_session_04,20,1786094297.2127595,move,316,321,.!frame.!entry
demo_session_04,20,1786094297.2627594,move,306,337,.!frame.!entry
demo_session_04,20,1786094297.3127594,move,318,330,.!frame.!entry
demo_session_04,20,1786094297.3627594,move,311,320,.!frame.!entry
demo_session_04,20,1786094297.4127593,move,321,340,.!frame.!entry
demo_session_04,20,1786094297.4627593,move,320,341,.!frame.!entry
demo_session_04,20,1786094297.5127592,move,307,334,.!frame.!entry
demo_session_04,20,1786094297.5627592,move,313,335,.!frame.!entry
demo_session_04,20,1786094297.612759,move,325,332,.!frame.!entry
demo_session_04,20,1786094297.662759,move,319,326,.!frame.!entry
demo_session_04,20,1786094297.712759,move,311,335,.!frame.!entry
demo_session_04,20,1786094297.762759,move,322,338,.!frame.!entry
demo_session_04,20,1786094297.812759,move,326,328,.!frame.!entry
demo_session_04,20,1786094297.8627589,move,326,337,.!frame.!entry
demo_session_04,20,1786094297.9127588,move,333,326,.!frame.!entry
demo_session_04,20,1786094297.9627588,move,303,324,.!frame.!entry
demo_session_04,20,1786094298.0127587,move,327,332,.!frame.!entry
demo_session_04,20,1786094298.0627587,move,323,336,.!frame.!entry
demo_session_04,20,1786094298.1127586,move,321,334,.!frame.!entry
demo_session_04,20,1786094298.1627586,move,317,332,.!frame.!entry
demo_session_04,20,1786094298.2127585,move,328,340,.!frame.!entry
demo_session_04,20,1786094298.2627585,move,328,337,.!frame.!entry
demo_session_04,20,1786094298.3127584,move,331,337,.!frame.!entry
demo_session_04,20,1786094298.3627584,move,307,325,.!frame.!entry
demo_session_04,20,1786094298.4127584,move,325,334,.!frame.!entry
demo_session_04,20,1786094298.4627583,move,331,338,.!frame.!entry
demo_session_04,20,1786094298.5127583,move,332,323,.!frame.!entry
demo_session_04,20,1786094298.5627582,move,331,332,.!frame.!entry
demo_session_04,20,1786094298.6127582,move,338,327,.!frame.!entry
demo_session_04,20,1786094298.662758,move,327,327,.!frame.!entry
demo_session_04,20,1786094298.712758,move,330,340,.!frame.!entry
demo_session_04,20,1786094298.762758,move,325,320,.!frame.!entry
demo_session_04,20,1786094298.812758,move,314,314,.!frame.!entry
demo_session_04,20,1786094298.862758,move,321,319,.!frame.!entry
demo_session_04,20,1786094298.9127579,move,333,336,.!frame.!entry
demo_session_04,20,1786094298.9627578,move,324,320,.!frame.!entry
demo_session_04,20,1786094299.0127578,move,318,312,.!frame.!entry
demo_session_04,20,1786094299.0627577,move,328,318,.!frame.!entry
demo_session_04,20,1786094299.1127577,move,330,336,.!frame.!entry
demo_session_04,20,1786094299.1627576,move,328,329,.!frame.!entry
demo_session_04,20,1786094299.2127576,move,313,327,.!frame.!entry
demo_session_04,20,1786094299.2627575,move,324,324,.!frame.!entry
demo_session_04,20,1786094299.3127575,move,336,322,.!frame.!entry
demo_session_04,20,1786094299.3627574,move,335,317,.!frame.!entry
demo_session_04,20,1786094299.4127574,move,336,324,.!frame.!entry
demo_session_04,20,1786094299.4627573,move,342,334,.!frame.!entry
demo_session_04,20,1786094299.5127573,move,333,338,.!frame.!entry
demo_session_04,20,1786094299.5627573,move,345,326,.!frame.!entry
demo_session_04,20,1786094299.6127572,move,338,321,.!frame.!button
demo_session_04,20,1786094299.6627572,move,344,323,.!frame.!button
demo_session_04,20,1786094299.712757,move,334,320,.!frame.!button
demo_session_04,20,1786094299.762757,move,325,333,.!frame.!button
demo_session_04,20,1786094299.812757,move,326,324,.!frame.!button
demo_session_04,20,1786094299.862757,move,328,326,.!frame.!button
demo_session_04,20,1786094299.912757,move,326,324,.!frame.!button
demo_session_04,20,1786094299.9627569,move,349,321,.!frame.!button
demo_session_04,20,1786094300.0127568,move,336,339,.!frame.!button
demo_session_04,20,1786094300.0627568,move,343,339,.!frame.!button
demo_session_04,20,1786094300.1127567,move,338,325,.!frame.!button
demo_session_04,20,1786094300.1627567,move,334,318,.!frame.!button
demo_session_04,20,1786094300.2127566,move,335,326,.!frame.!button
demo_session_04,20,1786094300.2627566,move,326,319,.!frame.!button
demo_session_04,20,1786094300.3127565,move,345,330,.!frame.!button
demo_session_04,20,1786094300.3627565,move,334,312,.!frame.!button
demo_session_04,20,1786094300.4127564,move,345,326,.!frame.!button
demo_session_04,20,1786094300.4627564,move,337,321,.!frame.!button
demo_session_04,20,1786094300.5127563,move,344,316,.!frame.!button
demo_session_04,20,1786094300.5627563,move,363,312,.!frame.!button
demo_session_04,20,1786094300.6127563,move,351,315,.!frame.!button
demo_session_04,20,1786094300.6627562,move,351,311,.!frame.!button
demo_session_04,20,1786094300.7127562,move,342,313,.!frame.!button
demo_session_04,20,1786094300.762756,move,354,311,.!frame.!button
demo_session_04,20,1786094300.812756,move,348,320,.!frame.!button
demo_session_04,20,1786094300.862756,move,339,322,.!frame.!button
demo_session_04,20,1786094300.912756,move,352,325,.!frame.!button
demo_session_04,20,1786094300.962756,move,352,323,.!frame.!button
demo_session_04,20,1786094301.0127559,move,353,314,.!frame.!button
demo_session_04,20,1786094301.0627558,move,336,317,.!frame.!button
demo_session_04,20,1786094301.1127558,move,349,323,.!frame.!button
demo_session_04,20,1786094301.1627557,move,353,298,.!frame.!button
demo_session_04,20,1786094301.2127557,move,341,319,.!frame.!button
demo_session_04,20,1786094301.2627556,move,355,321,.!frame.!button
demo_session_04,20,1786094301.3330464,click,346,316,.!frame.!button
demo_session_04,21,1786094301.3330464,move,106,224,.!frame.!entry
demo_session_04,21,1786094301.3830464,move,121,215,.!frame.!entry
demo_session_04,21,1786094301.4330463,move,120,213,.!frame.!entry
demo_session_04,21,1786094301.4830463,move,107,220,.!frame.!entry
demo_session_04,21,1786094301.5330462,move,107,224,.!frame.!entry
demo_session_04,21,1786094301.5830462,move,123,200,.!frame.!entry
demo_session_04,21,1786094301.6330462,move,129,226,.!frame.!entry
demo_session_04,21,1786094301.683046,move,121,216,.!frame.!entry
demo_session_04,21,1786094301.733046,move,119,226,.!frame.!entry
demo_session_04,21,1786094301.783046,move,143,222,.!frame.!entry
demo_session_04,21,1786094301.833046,move,140,226,.!frame.!entry
demo_session_04,21,1786094301.883046,move,142,226,.!frame.!entry
demo_session_04,21,1786094301.9330459,move,136,230,.!frame.!entry
demo_session_04,21,1786094301.9830458,move,157,249,.!frame.!entry
demo_session_04,21,1786094302.0330458,move,142,245,.!frame.!entry
demo_session_04,21,1786094302.0830457,move,152,234,.!frame.!entry
demo_session_04,21,1786094302.1330457,move,143,231,.!frame.!entry
demo_session_04,21,1786094302.1830456,move,144,233,.!frame.!entry
demo_session_04,21,1786094302.2330456,move,145,249,.!frame.!entry
demo_session_04,21,1786094302.2830455,move,147,227,.!frame.!entry
demo_session_04,21,1786094302.3330455,move,157,232,.!frame.!entry
demo_session_04,21,1786094302.3830454,move,161,233,.!frame.!entry
demo_session_04,21,1786094302.4330454,move,158,239,.!frame.!entry
demo_session_04,21,1786094302.4830453,move,169,230,.!frame.!entry
demo_session_04,21,1786094302.5330453,move,157,235,.!frame.!entry
demo_session_04,21,1786094302.5830452,move,168,245,.!frame.!entry
demo_session_04,21,1786094302.6330452,move,165,246,.!frame.!entry
demo_session_04,21,1786094302.6830451,move,178,241,.!frame.!entry
demo_session_04,21,1786094302.733045,move,175,240,.!frame.!entry
demo_session_04,21,1786094302.783045,move,178,240,.!frame.!entry
demo_session_04,21,1786094302.833045,move,187,245,.!frame.!entry
demo_session_04,21,1786094302.883045,move,176,268,.!frame.!entry
demo_session_04,21,1786094302.933045,move,194,252,.!frame.!entry
demo_session_04,21,1786094302.9830449,move,193,246,.!frame.!entry
demo_session_04,21,1786094303.0330448,move,208,240,.!frame.!entry
demo_session_04,21,1786094303.0830448,move,194,251,.!frame.!entry
demo_session_04,21,1786094303.1330447,move,190,251,.!frame.!entry
demo_session_04,21,1786094303.1830447,move,195,266,.!frame.!entry
demo_session_04,21,1786094303.2330446,move,193,256,.!frame.!entry
demo_session_04,21,1786094303.2830446,move,192,254,.!frame.!entry
demo_session_04,21,1786094303.3330445,move,202,263,.!frame.!entry
demo_session_04,21,1786094303.3830445,move,215,253,.!frame.!entry
demo_session_04,21,1786094303.4330444,move,218,244,.!frame.!entry
demo_session_04,21,1786094303.4830444,move,220,252,.!frame.!entry
demo_session_04,21,1786094303.5330443,move,208,280,.!frame.!entry
demo_session_04,21,1786094303.5830443,move,222,262,.!frame.!entry
demo_session_04,21,1786094303.6330442,move,219,281,.!frame.!entry
demo_session_04,21,1786094303.6830442,move,230,249,.!frame.!entry
demo_session_04,21,1786094303.7330441,move,238,268,.!frame.!entry
demo_session_04,21,1786094303.783044,move,242,269,.!frame.!entry
demo_session_04,21,1786094303.833044,move,219,268,.!frame.!entry
demo_session_04,21,1786094303.883044,move,236,259,.!frame.!entry
demo_session_04,21,1786094303.933044,move,241,269,.!frame.!entry
demo_session_04,21,1786094303.983044,move,242,267,.!frame.!entry
demo_session_04,21,1786094304.0330439,move,242,267,.!frame.!entry
demo_session_04,21,1786094304.0830438,move,244,270,.!frame.!entry
demo_session_04,21,1786094304.1330438,move,249,284,.!frame.!entry
demo_session_04,21,1786094304.1830437,move,258,278,.!frame.!entry
demo_session_04,21,1786094304.2330437,move,262,288,.!frame.!entry
demo_session_04,21,1786094304.2830436,move,248,273,.!frame.!entry
demo_session_04,21,1786094304.3330436,move,263,278,.!frame.!entry
demo_session_04,21,1786094304.3830435,move,262,267,.!frame.!entry
demo_session_04,21,1786094304.4330435,move,255,289,.!frame.!entry
demo_session_04,21,1786094304.4830434,move,267,280,.!frame.!entry
demo_session_04,21,1786094304.5330434,move,262,297,.!frame.!entry
demo_session_04,21,1786094304.5830433,move,264,279,.!frame.!entry
demo_session_04,21,1786094304.6330433,move,279,294,.!frame.!entry
demo_session_04,21,1786094304.6830432,move,276,290,.!frame.!entry
demo_session_04,21,1786094304.7330432,move,276,277,.!frame.!button
demo_session_04,21,1786094304.7830431,move,287,300,.!frame.!button
demo_session_04,21,1786094304.833043,move,285,293,.!frame.!button
demo_session_04,21,1786094304.883043,move,290,288,.!frame.!button
demo_session_04,21,1786094304.933043,move,287,294,.!frame.!button
demo_session_04,21,1786094304.983043,move,297,310,.!frame.!button
demo_session_04,21,1786094305.033043,move,297,303,.!frame.!button
demo_session_04,21,1786094305.0830429,move,303,299,.!frame.!button
demo_session_04,21,1786094305.1330428,move,305,297,.!frame.!button
demo_session_04,21,1786094305.1830428,move,290,301,.!frame.!button
demo_session_04,21,1786094305.2330427,move,297,304,.!frame.!button
demo_session_04,21,1786094305.2830427,move,314,288,.!frame.!button
demo_session_04,21,1786094305.3330426,move,302,302,.!frame.!button
demo_session_04,21,1786094305.3830426,move,315,319,.!frame.!button
demo_session_04,21,1786094305.4330425,move,310,308,.!frame.!button
demo_session_04,21,1786094305.4830425,move,308,315,.!frame.!button
demo_session_04,21,1786094305.5330424,move,296,300,.!frame.!button
demo_session_04,21,1786094305.5830424,move,316,302,.!frame.!button
demo_session_04,21,1786094305.6330423,move,328,294,.!frame.!button
demo_session_04,21,1786094305.6830423,move,326,310,.!frame.!button
demo_session_04,21,1786094305.7330422,move,338,309,.!frame.!button
demo_session_04,21,1786094305.7830422,move,331,316,.!frame.!button
demo_session_04,21,1786094305.8330421,move,344,321,.!frame.!button
demo_session_04,21,1786094305.883042,move,343,305,.!frame.!button
demo_session_04,21,1786094305.933042,move,337,304,.!frame.!button
demo_session_04,21,1786094305.983042,move,341,319,.!frame.!button
demo_session_04,21,1786094306.033042,move,336,316,.!frame.!button
demo_session_04,21,1786094306.083042,move,341,314,.!frame.!button
demo_session_04,21,1786094306.1330419,move,348,315,.!frame.!button
demo_session_04,21,1786094306.2063484,click,353,323,.!frame.!button
demo_session_04,22,1786094306.2063484,move,231,124,.!frame.!entry
demo_session_04,22,1786094306.2563484,move,233,144,.!frame.!entry
demo_session_04,22,1786094306.3063483,move,238,141,.!frame.!entry
demo_session_04,22,1786094306.3563483,move,225,150,.!frame.!entry
demo_session_04,22,1786094306.4063482,move,229,138,.!frame.!entry
demo_session_04,22,1786094306.4563482,move,224,131,.!frame.!entry
demo_session_04,22,1786094306.5063481,move,227,146,.!frame.!entry
demo_session_04,22,1786094306.556348,move,228,156,.!frame.!entry
demo_session_04,22,1786094306.606348,move,234,164,.!frame.!entry
demo_session_04,22,1786094306.656348,move,236,159,.!frame.!entry
demo_session_04,22,1786094306.706348,move,238,155,.!frame.!entry
demo_session_04,22,1786094306.756348,move,236,155,.!frame.!entry
demo_session_04,22,1786094306.8063478,move,238,166,.!frame.!entry
demo_session_04,22,1786094306.8563478,move,248,151,.!frame.!entry
demo_session_04,22,1786094306.9063478,move,228,155,.!frame.!entry
demo_session_04,22,1786094306.9563477,move,254,170,.!frame.!entry
demo_session_04,22,1786094307.0063477,move,235,162,.!frame.!entry
demo_session_04,22,1786094307.0563476,move,243,167,.!frame.!entry
demo_session_04,22,1786094307.1063476,move,247,168,.!frame.!entry
demo_session_04,22,1786094307.1563475,move,246,167,.!frame.!entry
demo_session_04,22,1786094307.2063475,move,258,169,.!frame.!entry
demo_session_04,22,1786094307.2563474,move,252,159,.!frame.!entry
demo_session_04,22,1786094307.3063474,move,254,178,.!frame.!entry
demo_session_04,22,1786094307.3563473,move,259,189,.!frame.!entry
demo_session_04,22,1786094307.4063473,move,261,169,.!frame.!entry
demo_session_04,22,1786094307.4563472,move,255,165,.!frame.!entry
demo_session_04,22,1786094307.5063472,move,259,173,.!frame.!entry
demo_session_04,22,1786094307.5563471,move,253,173,.!frame.!entry
demo_session_04,22,1786094307.606347,move,252,201,.!frame.!entry
demo_session_04,22,1786094307.656347,move,269,190,.!frame.!entry
demo_session_04,22,1786094307.706347,move,260,185,.!frame.!entry
demo_session_04,22,1786094307.756347,move,261,186,.!frame.!entry
demo_session_04,22,1786094307.806347,move,260,180,.!frame.!entry
demo_session_04,22,1786094307.8563468,move,265,204,.!frame.!entry
demo_session_04,22,1786094307.9063468,move,277,189,.!frame.!entry
demo_session_04,22,1786094307.9563468,move,266,192,.!frame.!entry
demo_session_04,22,1786094308.0063467,move,261,196,.!frame.!entry
demo_session_04,22,1786094308.0563467,move,271,190,.!frame.!entry
demo_session_04,22,1786094308.1063466,move,273,200,.!frame.!entry
demo_session_04,22,1786094308.1563466,move,264,207,.!frame.!entry
demo_session_04,22,1786094308.2063465,move,263,194,.!frame.!entry
demo_session_04,22,1786094308.2563465,move,275,192,.!frame.!entry
demo_session_04,22,1786094308.3063464,move,282,209,.!frame.!entry
demo_session_04,22,1786094308.3563464,move,280,208,.!frame.!entry
demo_session_04,22,1786094308.4063463,move,278,212,.!frame.!entry
demo_session_04,22,1786094308.4563463,move,274,215,.!frame.!entry
demo_session_04,22,1786094308.5063462,move,279,217,.!frame.!entry
demo_session_04,22,1786094308.5563462,move,273,203,.!frame.!entry
demo_session_04,22,1786094308.6063461,move,265,218,.!frame.!entry
demo_session_04,22,1786094308.656346,move,283,209,.!frame.!entry
demo_session_04,22,1786094308.706346,move,289,208,.!frame.!entry
demo_session_04,22,1786094308.756346,move,299,228,.!frame.!entry
demo_session_04,22,1786094308.806346,move,277,224,.!frame.!entry
demo_session_04,22,1786094308.856346,move,286,225,.!frame.!entry
demo_session_04,22,1786094308.9063458,move,294,232,.!frame.!entry
demo_session_04,22,1786094308.9563458,move,279,211,.!frame.!entry
demo_session_04,22,1786094309.0063457,move,276,243,.!frame.!entry
demo_session_04,22,1786094309.0563457,move,298,224,.!frame.!entry
demo_session_04,22,1786094309.1063457,move,279,239,.!frame.!entry
demo_session_04,22,1786094309.1563456,move,280,234,.!frame.!entry
demo_session_04,22,1786094309.2063456,move,294,223,.!frame.!entry
demo_session_04,22,1786094309.2563455,move,306,240,.!frame.!entry
demo_session_04,22,1786094309.3063455,move,299,240,.!frame.!entry
demo_session_04,22,1786094309.3563454,move,296,236,.!frame.!entry
demo_session_04,22,1786094309.4063454,move,308,239,.!frame.!entry
demo_session_04,22,1786094309.4563453,move,309,254,.!frame.!entry
demo_session_04,22,1786094309.5063453,move,313,234,.!frame.!entry
demo_session_04,22,1786094309.5563452,move,291,250,.!frame.!entry
demo_session_04,22,1786094309.6063452,move,309,243,.!frame.!entry
demo_session_04,22,1786094309.6563451,move,301,252,.!frame.!entry
demo_session_04,22,1786094309.706345,move,303,256,.!frame.!entry
demo_session_04,22,1786094309.756345,move,312,248,.!frame.!entry
demo_session_04,22,1786094309.806345,move,308,251,.!frame.!entry
demo_session_04,22,1786094309.856345,move,310,262,.!frame.!entry
demo_session_04,22,1786094309.906345,move,311,257,.!frame.!entry
demo_session_04,22,1786094309.9563448,move,310,257,.!frame.!entry
demo_session_04,22,1786094310.0063448,move,308,255,.!frame.!entry
demo_session_04,22,1786094310.0563447,move,306,263,.!frame.!entry
demo_session_04,22,1786094310.1063447,move,303,267,.!frame.!entry
demo_session_04,22,1786094310.1563447,move,308,271,.!frame.!entry
demo_session_04,22,1786094310.2063446,move,322,269,.!frame.!button
demo_session_04,22,1786094310.2563446,move,322,267,.!frame.!button
demo_session_04,22,1786094310.3063445,move,309,254,.!frame.!button
demo_session_04,22,1786094310.3563445,move,313,272,.!frame.!button
demo_session_04,22,1786094310.4063444,move,320,276,.!frame.!button
demo_session_04,22,1786094310.4563444,move,319,261,.!frame.!button
demo_session_04,22,1786094310.5063443,move,335,275,.!frame.!button
demo_session_04,22,1786094310.5563443,move,346,291,.!frame.!button
demo_session_04,22,1786094310.6063442,move,317,287,.!frame.!button
demo_session_04,22,1786094310.6563442,move,328,269,.!frame.!button
demo_session_04,22,1786094310.7063441,move,325,265,.!frame.!button
demo_session_04,22,1786094310.756344,move,318,286,.!frame.!button
demo_session_04,22,1786094310.806344,move,338,289,.!frame.!button
demo_session_04,22,1786094310.856344,move,327,293,.!frame.!button
demo_session_04,22,1786094310.906344,move,311,290,.!frame.!button
demo_session_04,22,1786094310.956344,move,332,300,.!frame.!button
demo_session_04,22,1786094311.0063438,move,326,301,.!frame.!button
demo_session_04,22,1786094311.0563438,move,328,295,.!frame.!button
demo_session_04,22,1786094311.1063437,move,333,298,.!frame.!button
demo_session_04,22,1786094311.1563437,move,338,294,.!frame.!button
demo_session_04,22,1786094311.2063437,move,326,311,.!frame.!button
demo_session_04,22,1786094311.2563436,move,345,295,.!frame.!button
demo_session_04,22,1786094311.3063436,move,320,305,.!frame.!button
demo_session_04,22,1786094311.3563435,move,334,300,.!frame.!button
demo_session_04,22,1786094311.4063435,move,344,304,.!frame.!button
demo_session_04,22,1786094311.4563434,move,344,318,.!frame.!button
demo_session_04,22,1786094311.5063434,move,330,307,.!frame.!button
demo_session_04,22,1786094311.5563433,move,362,311,.!frame.!button
demo_session_04,22,1786094311.6063433,move,331,311,.!frame.!button
demo_session_04,22,1786094311.6563432,move,352,313,.!frame.!button
demo_session_04,22,1786094311.7063432,move,335,318,.!frame.!button
demo_session_04,22,1786094311.7563431,move,351,311,.!frame.!button
demo_session_04,22,1786094311.806343,move,337,336,.!frame.!button
demo_session_04,22,1786094311.856343,move,350,333,.!frame.!button
demo_session_04,22,1786094311.9374855,click,341,311,.!frame.!button
demo_session_04,23,1786094311.9374855,move,249,344,.!frame.!entry
demo_session_04,23,1786094311.9874854,move,228,331,.!frame.!entry
demo_session_04,23,1786094312.0374854,move,238,331,.!frame.!entry
demo_session_04,23,1786094312.0874853,move,236,336,.!frame.!entry
demo_session_04,23,1786094312.1374853,move,234,308,.!frame.!entry
demo_session_04,23,1786094312.1874852,move,244,331,.!frame.!entry
demo_session_04,23,1786094312.2374852,move,241,338,.!frame.!entry
demo_session_04,23,1786094312.2874851,move,251,341,.!frame.!entry
demo_session_04,23,1786094312.337485,move,227,332,.!frame.!entry
demo_session_04,23,1786094312.387485,move,239,321,.!frame.!entry
demo_session_04,23,1786094312.437485,move,231,337,.!frame.!entry
demo_session_04,23,1786094312.487485,move,232,333,.!frame.!entry
demo_session_04,23,1786094312.537485,move,236,326,.!frame.!entry
demo_session_04,23,1786094312.5874848,move,241,325,.!frame.!entry
demo_session_04,23,1786094312.6374848,move,242,324,.!frame.!entry
demo_session_04,23,1786094312.6874847,move,238,324,.!frame.!entry
demo_session_04,23,1786094312.7374847,move,247,314,.!frame.!entry
demo_session_04,23,1786094312.7874846,move,234,336,.!frame.!entry
demo_session_04,23,1786094312.8374846,move,250,323,.!frame.!entry
demo_session_04,23,1786094312.8874846,move,237,307,.!frame.!entry
demo_session_04,23,1786094312.9374845,move,248,328,.!frame.!entry
demo_session_04,23,1786094312.9874845,move,242,300,.!frame.!entry
demo_session_04,23,1786094313.0374844,move,241,325,.!frame.!entry
demo_session_04,23,1786094313.0874844,move,251,325,.!frame.!entry
demo_session_04,23,1786094313.1374843,move,240,343,.!frame.!entry
demo_session_04,23,1786094313.1874843,move,263,330,.!frame.!entry
demo_session_04,23,1786094313.2374842,move,264,310,.!frame.!entry
demo_session_04,23,1786094313.2874842,move,250,340,.!frame.!entry
demo_session_04,23,1786094313.3374841,move,260,308,.!frame.!entry
demo_session_04,23,1786094313.387484,move,258,324,.!frame.!entry
demo_session_04,23,1786094313.437484,move,261,312,.!frame.!entry
demo_session_04,23,1786094313.487484,move,250,331,.!frame.!entry
demo_session_04,23,1786094313.537484,move,252,335,.!frame.!entry
demo_session_04,23,1786094313.587484,move,261,334,.!frame.!entry
demo_session_04,23,1786094313.6374838,move,260,326,.!frame.!entry
demo_session_04,23,1786094313.6874838,move,251,337,.!frame.!entry
demo_session_04,23,1786094313.7374837,move,264,334,.!frame.!entry
demo_session_04,23,1786094313.7874837,move,262,327,.!frame.!entry
demo_session_04,23,1786094313.8374836,move,269,317,.!frame.!entry
demo_session_04,23,1786094313.8874836,move,270,339,.!frame.!entry
demo_session_04,23,1786094313.9374835,move,264,325,.!frame.!entry
demo_session_04,23,1786094313.9874835,move,265,317,.!frame.!entry
demo_session_04,23,1786094314.0374835,move,265,331,.!frame.!entry
demo_session_04,23,1786094314.0874834,move,270,318,.!frame.!entry
demo_session_04,23,1786094314.1374834,move,272,331,.!frame.!entry
demo_session_04,23,1786094314.1874833,move,264,325,.!frame.!entry
demo_session_04,23,1786094314.2374833,move,271,327,.!frame.!entry
demo_session_04,23,1786094314.2874832,move,260,315,.!frame.!entry
demo_session_04,23,1786094314.3374832,move,252,308,.!frame.!entry
demo_session_04,23,1786094314.3874831,move,275,330,.!frame.!entry
demo_session_04,23,1786094314.437483,move,262,321,.!frame.!entry
demo_session_04,23,1786094314.487483,move,268,304,.!frame.!entry
demo_session_04,23,1786094314.537483,move,267,313,.!frame.!entry
demo_session_04,23,1786094314.587483,move,283,325,.!frame.!entry
demo_session_04,23,1786094314.637483,move,271,311,.!frame.!entry
demo_session_04,23,1786094314.6874828,move,273,325,.!frame.!entry
demo_session_04,23,1786094314.7374828,move,270,326,.!frame.!entry
demo_session_04,23,1786094314.7874827,move,271,326,.!frame.!entry
demo_session_04,23,1786094314.8374827,move,280,344,.!frame.!entry
demo_session_04,23,1786094314.8874826,move,275,315,.!frame.!entry
demo_session_04,23,1786094314.9374826,move,296,313,.!frame.!entry
demo_session_04,23,1786094314.9874825,move,272,317,.!frame.!entry
demo_session_04,23,1786094315.0374825,move,283,324,.!frame.!entry
demo_session_04,23,1786094315.0874825,move,297,325,.!frame.!entry
demo_session_04,23,1786094315.1374824,move,278,326,.!frame.!entry
demo_session_04,23,1786094315.1874824,move,286,326,.!frame.!entry
demo_session_04,23,1786094315.2374823,move,283,330,.!frame.!entry
demo_session_04,23,1786094315.2874823,move,284,321,.!frame.!entry
demo_session_04,23,1786094315.3374822,move,298,311,.!frame.!entry
demo_session_04,23,1786094315.3874822,move,280,334,.!frame.!entry
demo_session_04,23,1786094315.437482,move,284,327,.!frame.!entry
demo_session_04,23,1786094315.487482,move,301,308,.!frame.!entry
demo_session_04,23,1786094315.537482,move,288,328,.!frame.!entry
demo_session_04,23,1786094315.587482,move,289,320,.!frame.!entry
demo_session_04,23,1786094315.637482,move,277,323,.!frame.!entry
demo_session_04,23,1786094315.6874819,move,285,318,.!frame.!entry
demo_session_04,23,1786094315.7374818,move,294,313,.!frame.!entry
demo_session_04,23,1786094315.7874818,move,292,320,.!frame.!entry
demo_session_04,23,1786094315.8374817,move,283,316,.!frame.!entry
demo_session_04,23,1786094315.8874817,move,301,318,.!frame.!entry
demo_session_04,23,1786094315.9374816,move,284,313,.!frame.!entry
demo_session_04,23,1786094315.9874816,move,305,324,.!frame.!entry
demo_session_04,23,1786094316.0374815,move,292,316,.!frame.!entry
demo_session_04,23,1786094316.0874815,move,302,327,.!frame.!entry
demo_session_04,23,1786094316.1374815,move,301,327,.!frame.!entry
demo_session_04,23,1786094316.1874814,move,305,331,.!frame.!entry
demo_session_04,23,1786094316.2374814,move,304,318,.!frame.!entry
demo_session_04,23,1786094316.2874813,move,301,329,.!frame.!entry
demo_session_04,23,1786094316.3374813,move,310,306,.!frame.!entry
demo_session_04,23,1786094316.3874812,move,316,323,.!frame.!entry
demo_session_04,23,1786094316.4374812,move,294,326,.!frame.!entry
demo_session_04,23,1786094316.487481,move,283,327,.!frame.!entry
demo_session_04,23,1786094316.537481,move,292,329,.!frame.!entry
demo_session_04,23,1786094316.587481,move,304,323,.!frame.!entry
demo_session_04,23,1786094316.637481,move,313,305,.!frame.!entry
demo_session_04,23,1786094316.687481,move,309,316,.!frame.!entry
demo_session_04,23,1786094316.7374809,move,302,344,.!frame.!entry
demo_session_04,23,1786094316.7874808,move,305,321,.!frame.!entry
demo_session_04,23,1786094316.8374808,move,309,313,.!frame.!entry
demo_session_04,23,1786094316.8874807,move,311,322,.!frame.!entry
demo_session_04,23,1786094316.9374807,move,317,330,.!frame.!entry
demo_session_04,23,1786094316.9874806,move,311,313,.!frame.!entry
demo_session_04,23,1786094317.0374806,move,296,318,.!frame.!entry
demo_session_04,23,1786094317.0874805,move,306,336,.!frame.!button
demo_session_04,23,1786094317.1374805,move,312,331,.!frame.!button
demo_session_04,23,1786094317.1874804,move,319,330,.!frame.!button
demo_session_04,23,1786094317.2374804,move,311,322,.!frame.!button
demo_session_04,23,1786094317.2874804,move,310,327,.!frame.!button
demo_session_04,23,1786094317.3374803,move,318,312,.!frame.!button
demo_session_04,23,1786094317.3874803,move,312,329,.!frame.!button
demo_session_04,23,1786094317.4374802,move,310,332,.!frame.!button
demo_session_04,23,1786094317.4874802,move,319,309,.!frame.!button
demo_session_04,23,1786094317.53748,move,324,331,.!frame.!button
demo_session_04,23,1786094317.58748,move,323,332,.!frame.!button
demo_session_04,23,1786094317.63748,move,315,334,.!frame.!button
demo_session_04,23,1786094317.68748,move,315,333,.!frame.!button
demo_session_04,23,1786094317.73748,move,322,323,.!frame.!button
demo_session_04,23,1786094317.7874799,move,322,325,.!frame.!button
demo_session_04,23,1786094317.8374798,move,321,321,.!frame.!button
demo_session_04,23,1786094317.8874798,move,338,318,.!frame.!button
demo_session_04,23,1786094317.9374797,move,325,325,.!frame.!button
demo_session_04,23,1786094317.9874797,move,325,321,.!frame.!button
demo_session_04,23,1786094318.0374796,move,322,330,.!frame.!button
demo_session_04,23,1786094318.0874796,move,327,313,.!frame.!button
demo_session_04,23,1786094318.1374795,move,333,328,.!frame.!button
demo_session_04,23,1786094318.1874795,move,328,324,.!frame.!button
demo_session_04,23,1786094318.2374794,move,325,327,.!frame.!button
demo_session_04,23,1786094318.2874794,move,349,329,.!frame.!button
demo_session_04,23,1786094318.3374794,move,324,322,.!frame.!button
demo_session_04,23,1786094318.3874793,move,334,327,.!frame.!button
demo_session_04,23,1786094318.4374793,move,331,319,.!frame.!button
demo_session_04,23,1786094318.4874792,move,340,316,.!frame.!button
demo_session_04,23,1786094318.5374792,move,348,329,.!frame.!button
demo_session_04,23,1786094318.587479,move,336,330,.!frame.!button
demo_session_04,23,1786094318.637479,move,331,321,.!frame.!button
demo_session_04,23,1786094318.687479,move,350,297,.!frame.!button
demo_session_04,23,1786094318.737479,move,342,315,.!frame.!button
demo_session_04,23,1786094318.787479,move,355,302,.!frame.!button
demo_session_04,23,1786094318.8374789,move,343,320,.!frame.!button
demo_session_04,23,1786094318.8874788,move,331,321,.!frame.!button
demo_session_04,23,1786094318.9374788,move,318,320,.!frame.!button
demo_session_04,23,1786094318.9874787,move,333,324,.!frame.!button
demo_session_04,23,1786094319.0374787,move,336,318,.!frame.!button
demo_session_04,23,1786094319.0874786,move,353,304,.!frame.!button
demo_session_04,23,1786094319.1374786,move,343,340,.!frame.!button
demo_session_04,23,1786094319.1874785,move,343,331,.!frame.!button
demo_session_04,23,1786094319.2374785,move,355,306,.!frame.!button
demo_session_04,23,1786094319.2874784,move,345,305,.!frame.!button
demo_session_04,23,1786094319.3551033,click,342,312,.!frame.!button
demo_session_04,24,1786094319.3551033,move,599,319,.!frame.!entry
demo_session_04,24,1786094319.4051032,move,589,330,.!frame.!entry
demo_session_04,24,1786094319.4551032,move,600,326,.!frame.!entry
demo_session_04,24,1786094319.505103,move,575,326,.!frame.!entry
demo_session_04,24,1786094319.555103,move,571,309,.!frame.!entry
demo_session_04,24,1786094319.605103,move,579,323,.!frame.!entry
demo_session_04,24,1786094319.655103,move,562,315,.!frame.!entry
demo_session_04,24,1786094319.705103,move,564,305,.!frame.!entry
demo_session_04,24,1786094319.7551029,move,562,303,.!frame.!entry
demo_session_04,24,1786094319.8051028,move,575,320,.!frame.!entry
demo_session_04,24,1786094319.8551028,move,572,296,.!frame.!entry
demo_session_04,24,1786094319.9051027,move,562,306,.!frame.!entry
demo_session_04,24,1786094319.9551027,move,564,324,.!frame.!entry
demo_session_04,24,1786094320.0051026,move,545,321,.!frame.!entry
demo_session_04,24,1786094320.0551026,move,574,313,.!frame.!entry
demo_session_04,24,1786094320.1051025,move,561,313,.!frame.!entry
demo_session_04,24,1786094320.1551025,move,550,323,.!frame.!entry
demo_session_04,24,1786094320.2051024,move,538,322,.!frame.!entry
demo_session_04,24,1786094320.2551024,move,545,320,.!frame.!entry
demo_session_04,24,1786094320.3051023,move,542,320,.!frame.!entry
demo_session_04,24,1786094320.3551023,move,559,306,.!frame.!entry
demo_session_04,24,1786094320.4051023,move,542,308,.!frame.!entry
demo_session_04,24,1786094320.4551022,move,531,329,.!frame.!entry
demo_session_04,24,1786094320.5051022,move,537,318,.!frame.!entry
demo_session_04,24,1786094320.555102,move,540,317,.!frame.!entry
demo_session_04,24,1786094320.605102,move,517,319,.!frame.!entry
demo_session_04,24,1786094320.655102,move,534,311,.!frame.!entry
demo_session_04,24,1786094320.705102,move,524,321,.!frame.!entry
demo_session_04,24,1786094320.755102,move,539,331,.!frame.!entry
demo_session_04,24,1786094320.8051019,move,513,314,.!frame.!entry
demo_session_04,24,1786094320.8551018,move,514,319,.!frame.!entry
demo_session_04,24,1786094320.9051018,move,515,326,.!frame.!entry
demo_session_04,24,1786094320.9551017,move,514,307,.!frame.!entry
demo_session_04,24,1786094321.0051017,move,536,305,.!frame.!entry
demo_session_04,24,1786094321.0551016,move,499,330,.!frame.!entry
demo_session_04,24,1786094321.1051016,move,503,317,.!frame.!entry
demo_session_04,24,1786094321.1551015,move,512,329,.!frame.!entry
demo_session_04,24,1786094321.2051015,move,505,308,.!frame.!entry
demo_session_04,24,1786094321.2551014,move,512,312,.!frame.!entry
demo_session_04,24,1786094321.3051014,move,490,317,.!frame.!entry
demo_session_04,24,1786094321.3551013,move,495,320,.!frame.!entry
demo_session_04,24,1786094321.4051013,move,506,313,.!frame.!entry
demo_session_04,24,1786094321.4551013,move,514,317,.!frame.!entry
demo_session_04,24,1786094321.5051012,move,486,322,.!frame.!entry
demo_session_04,24,1786094321.5551012,move,502,328,.!frame.!entry
demo_session_04,24,1786094321.605101,move,482,325,.!frame.!entry
demo_session_04,24,1786094321.655101,move,477,326,.!frame.!entry
demo_session_04,24,1786094321.705101,move,487,309,.!frame.!entry
demo_session_04,24,1786094321.755101,move,485,325,.!frame.!entry
demo_session_04,24,1786094321.805101,move,472,313,.!frame.!entry
demo_session_04,24,1786094321.8551009,move,478,311,.!frame.!entry
demo_session_04,24,1786094321.9051008,move,463,320,.!frame.!entry
demo_session_04,24,1786094321.9551008,move,484,314,.!frame.!entry
demo_session_04,24,1786094322.0051007,move,465,315,.!frame.!entry
demo_session_04,24,1786094322.0551007,move,475,322,.!frame.!entry
demo_session_04,24,1786094322.1051006,move,459,321,.!frame.!entry
demo_session_04,24,1786094322.1551006,move,472,328,.!frame.!entry
demo_session_04,24,1786094322.2051005,move,463,313,.!frame.!entry
demo_session_04,24,1786094322.2551005,move,468,315,.!frame.!entry
demo_session_04,24,1786094322.3051004,move,459,300,.!frame.!entry
demo_session_04,24,1786094322.3551004,move,466,309,.!frame.!entry
demo_session_04,24,1786094322.4051003,move,459,316,.!frame.!entry
demo_session_04,24,1786094322.4551003,move,441,311,.!frame.!entry
demo_session_04,24,1786094322.5051003,move,455,330,.!frame.!entry
demo_session_04,24,1786094322.5551002,move,436,324,.!frame.!entry
demo_session_04,24,1786094322.6051002,move,449,312,.!frame.!entry
demo_session_04,24,1786094322.6551,move,446,301,.!frame.!entry
demo_session_04,24,1786094322.7051,move,444,319,.!frame.!entry
demo_session_04,24,1786094322.7551,move,447,310,.!frame.!entry
demo_session_04,24,1786094322.8051,move,427,319,.!frame.!entry
demo_session_04,24,1786094322.8551,move,436,306,.!frame.!entry
demo_session_04,24,1786094322.9050999,move,440,318,.!frame.!entry
demo_session_04,24,1786094322.9550998,move,411,323,.!frame.!entry
demo_session_04,24,1786094323.0050998,move,424,317,.!frame.!entry
demo_session_04,24,1786094323.0550997,move,419,316,.!frame.!entry
demo_session_04,24,1786094323.1050997,move,437,325,.!frame.!entry
demo_session_04,24,1786094323.1550996,move,424,313,.!frame.!entry
demo_session_04,24,1786094323.2050996,move,424,318,.!frame.!button
demo_session_04,24,1786094323.2550995,move,429,322,.!frame.!button
demo_session_04,24,1786094323.3050995,move,421,335,.!frame.!button
demo_session_04,24,1786094323.3550994,move,409,323,.!frame.!button
demo_session_04,24,1786094323.4050994,move,413,308,.!frame.!button
demo_session_04,24,1786094323.4550993,move,428,310,.!frame.!button
demo_session_04,24,1786094323.5050993,move,388,315,.!frame.!button
demo_session_04,24,1786094323.5550992,move,412,341,.!frame.!button
demo_session_04,24,1786094323.6050992,move,404,311,.!frame.!button
demo_session_04,24,1786094323.6550992,move,404,323,.!frame.!button
demo_session_04,24,1786094323.705099,move,385,323,.!frame.!button
demo_session_04,24,1786094323.755099,move,394,324,.!frame.!button
demo_session_04,24,1786094323.805099,move,404,316,.!frame.!button
demo_session_04,24,1786094323.855099,move,396,312,.!frame.!button
demo_session_04,24,1786094323.905099,move,379,316,.!frame.!button
demo_session_04,24,1786094323.9550989,move,392,316,.!frame.!button
demo_session_04,24,1786094324.0050988,move,396,340,.!frame.!button
demo_session_04,24,1786094324.0550988,move,399,331,.!frame.!button
demo_session_04,24,1786094324.1050987,move,378,321,.!frame.!button
demo_session_04,24,1786094324.1550987,move,393,314,.!frame.!button
demo_session_04,24,1786094324.2050986,move,385,320,.!frame.!button
demo_session_04,24,1786094324.2550986,move,376,321,.!frame.!button
demo_session_04,24,1786094324.3050985,move,379,317,.!frame.!button
demo_session_04,24,1786094324.3550985,move,370,329,.!frame.!button
demo_session_04,24,1786094324.4050984,move,371,313,.!frame.!button
demo_session_04,24,1786094324.4550984,move,383,318,.!frame.!button
demo_session_04,24,1786094324.5050983,move,367,319,.!frame.!button
demo_session_04,24,1786094324.5550983,move,364,334,.!frame.!button
demo_session_04,24,1786094324.6050982,move,364,303,.!frame.!button
demo_session_04,24,1786094324.6550982,move,356,352,.!frame.!button
demo_session_04,24,1786094324.7050982,move,353,310,.!frame.!button
demo_session_04,24,1786094324.755098,move,378,320,.!frame.!button
demo_session_04,24,1786094324.805098,move,360,321,.!frame.!button
demo_session_04,24,1786094324.855098,move,344,319,.!frame.!button
demo_session_04,24,1786094324.939112,click,348,318,.!frame.!button
demo_session_04,25,1786094336.9760256,move,515,130,.!frame.!entry
demo_session_04,25,1786094337.0260255,move,501,131,.!frame.!entry
demo_session_04,25,1786094337.0760255,move,525,142,.!frame.!entry
demo_session_04,25,1786094337.1260254,move,517,146,.!frame.!entry
demo_session_04,25,1786094337.1760254,move,520,147,.!frame.!entry
demo_session_04,25,1786094337.2260253,move,508,135,.!frame.!entry
demo_session_04,25,1786094337.2760253,move,508,126,.!frame.!entry
demo_session_04,25,1786094337.3260252,move,511,152,.!frame.!entry
demo_session_04,25,1786094337.3760252,move,511,148,.!frame.!entry
demo_session_04,25,1786094337.4260252,move,505,142,.!frame.!entry
demo_session_04,25,1786094337.476025,move,508,146,.!frame.!entry
demo_session_04,25,1786094337.526025,move,499,163,.!frame.!entry
demo_session_04,25,1786094337.576025,move,503,162,.!frame.!entry
demo_session_04,25,1786094337.626025,move,500,163,.!frame.!entry
demo_session_04,25,1786094337.676025,move,488,150,.!frame.!entry
demo_session_04,25,1786094337.7260249,move,504,169,.!frame.!entry
demo_session_04,25,1786094337.7760248,move,498,171,.!frame.!entry
demo_session_04,25,1786094337.8260248,move,496,149,.!frame.!entry
demo_session_04,25,1786094337.8760247,move,497,162,.!frame.!entry
demo_session_04,25,1786094337.9260247,move,489,177,.!frame.!entry
demo_session_04,25,1786094337.9760246,move,491,179,.!frame.!entry
demo_session_04,25,1786094338.0260246,move,482,165,.!frame.!entry
demo_session_04,25,1786094338.0760245,move,476,183,.!frame.!entry
demo_session_04,25,1786094338.1260245,move,481,180,.!frame.!entry
demo_session_04,25,1786094338.1760244,move,497,179,.!frame.!entry
demo_session_04,25,1786094338.2260244,move,499,177,.!frame.!entry
demo_session_04,25,1786094338.2760243,move,470,183,.!frame.!entry
demo_session_04,25,1786094338.3260243,move,477,169,.!frame.!entry
demo_session_04,25,1786094338.3760242,move,474,173,.!frame.!entry
demo_session_04,25,1786094338.4260242,move,475,179,.!frame.!entry
demo_session_04,25,1786094338.4760242,move,472,176,.!frame.!entry
demo_session_04,25,1786094338.526024,move,492,178,.!frame.!entry
demo_session_04,25,1786094338.576024,move,470,178,.!frame.!entry
demo_session_04,25,1786094338.626024,move,483,193,.!frame.!entry
demo_session_04,25,1786094338.676024,move,474,196,.!frame.!entry
demo_session_04,25,1786094338.726024,move,478,202,.!frame.!entry
demo_session_04,25,1786094338.7760239,move,475,180,.!frame.!entry
demo_session_04,25,1786094338.8260238,move,460,199,.!frame.!entry
demo_session_04,25,1786094338.8760238,move,455,187,.!frame.!entry
demo_session_04,25,1786094338.9260237,move,450,194,.!frame.!entry
demo_session_04,25,1786094338.9760237,move,468,199,.!frame.!entry
demo_session_04,25,1786094339.0260236,move,460,197,.!frame.!entry
demo_session_04,25,1786094339.0760236,move,454,203,.!frame.!entry
demo_session_04,25,1786094339.1260235,move,453,195,.!frame.!entry
demo_session_04,25,1786094339.1760235,move,450,202,.!frame.!entry
demo_session_04,25,1786094339.2260234,move,450,198,.!frame.!entry
demo_session_04,25,1786094339.2760234,move,452,213,.!frame.!entry
demo_session_04,25,1786094339.3260233,move,453,219,.!frame.!entry
demo_session_04,25,1786094339.3760233,move,459,209,.!frame.!entry
demo_session_04,25,1786094339.4260232,move,435,206,.!frame.!entry
demo_session_04,25,1786094339.4760232,move,445,224,.!frame.!entry
demo_session_04,25,1786094339.5260231,move,449,226,.!frame.!entry
demo_session_04,25,1786094339.576023,move,439,200,.!frame.!entry
demo_session_04,25,1786094339.626023,move,458,220,.!frame.!entry
demo_session_04,25,1786094339.676023,move,434,223,.!frame.!entry
demo_session_04,25,1786094339.726023,move,438,231,.!frame.!entry
demo_session_04,25,1786094339.776023,move,438,219,.!frame.!entry
demo_session_04,25,1786094339.8260229,move,425,223,.!frame.!entry
demo_session_04,25,1786094339.8760228,move,431,231,.!frame.!entry
demo_session_04,25,1786094339.9260228,move,436,236,.!frame.!entry
demo_session_04,25,1786094339.9760227,move,436,227,.!frame.!entry
demo_session_04,25,1786094340.0260227,move,421,238,.!frame.!entry
demo_session_04,25,1786094340.0760226,move,434,239,.!frame.!entry
demo_session_04,25,1786094340.1260226,move,432,238,.!frame.!entry
demo_session_04,25,1786094340.1760225,move,422,242,.!frame.!entry
demo_session_04,25,1786094340.2260225,move,427,248,.!frame.!entry
demo_session_04,25,1786094340.2760224,move,427,241,.!frame.!entry
demo_session_04,25,1786094340.3260224,move,407,254,.!frame.!entry
demo_session_04,25,1786094340.3760223,move,413,254,.!frame.!entry
demo_session_04,25,1786094340.4260223,move,423,252,.!frame.!entry
demo_session_04,25,1786094340.4760222,move,417,243,.!frame.!entry
demo_session_04,25,1786094340.5260222,move,409,244,.!frame.!entry
demo_session_04,25,1786094340.5760221,move,406,243,.!frame.!entry
demo_session_04,25,1786094340.626022,move,417,255,.!frame.!entry
demo_session_04,25,1786094340.676022,move,402,253,.!frame.!entry
demo_session_04,25,1786094340.726022,move,408,256,.!frame.!entry
demo_session_04,25,1786094340.776022,move,416,256,.!frame.!entry
demo_session_04,25,1786094340.826022,move,404,260,.!frame.!entry
demo_session_04,25,1786094340.8760219,move,403,261,.!frame.!entry
demo_session_04,25,1786094340.9260218,move,398,268,.!frame.!entry
demo_session_04,25,1786094340.9760218,move,412,274,.!frame.!button
demo_session_04,25,1786094341.0260217,move,406,265,.!frame.!button
demo_session_04,25,1786094341.0760217,move,380,270,.!frame.!button
demo_session_04,25,1786094341.1260216,move,395,249,.!frame.!button
demo_session_04,25,1786094341.1760216,move,410,266,.!frame.!button
demo_session_04,25,1786094341.2260215,move,398,283,.!frame.!button
demo_session_04,25,1786094341.2760215,move,395,285,.!frame.!button
demo_session_04,25,1786094341.3260214,move,387,277,.!frame.!button
demo_session_04,25,1786094341.3760214,move,384,285,.!frame.!button
demo_session_04,25,1786094341.4260213,move,385,281,.!frame.!button
demo_session_04,25,1786094341.4760213,move,382,280,.!frame.!button
demo_session_04,25,1786094341.5260212,move,398,287,.!frame.!button
demo_session_04,25,1786094341.5760212,move,370,284,.!frame.!button
demo_session_04,25,1786094341.6260211,move,393,284,.!frame.!button
demo_session_04,25,1786094341.676021,move,370,291,.!frame.!button
demo_session_04,25,1786094341.726021,move,376,293,.!frame.!button
demo_session_04,25,1786094341.776021,move,363,277,.!frame.!button
demo_session_04,25,1786094341.826021,move,367,298,.!frame.!button
demo_session_04,25,1786094341.876021,move,389,299,.!frame.!button
demo_session_04,25,1786094341.9260209,move,378,294,.!frame.!button
demo_session_04,25,1786094341.9760208,move,368,301,.!frame.!button
demo_session_04,25,1786094342.0260208,move,373,283,.!frame.!button
demo_session_04,25,1786094342.0760207,move,374,297,.!frame.!button
demo_session_04,25,1786094342.1260207,move,355,304,.!frame.!button
demo_session_04,25,1786094342.1760206,move,361,300,.!frame.!button
demo_session_04,25,1786094342.2260206,move,367,304,.!frame.!button
demo_session_04,25,1786094342.2760205,move,373,324,.!frame.!button
demo_session_04,25,1786094342.3260205,move,363,295,.!frame.!button
demo_session_04,25,1786094342.3760204,move,375,309,.!frame.!button
demo_session_04,25,1786094342.4260204,move,362,309,.!frame.!button
demo_session_04,25,1786094342.4760203,move,364,313,.!frame.!button
demo_session_04,25,1786094342.5260203,move,358,311,.!frame.!button
demo_session_04,25,1786094342.5760202,move,351,309,.!frame.!button
demo_session_04,25,1786094342.6260202,move,347,327,.!frame.!button
demo_session_04,25,1786094342.6760201,move,342,310,.!frame.!button
demo_session_04,25,1786094342.7672508,click,344,314,.!frame.!button
demo_session_04,26,1786094342.7672508,move,493,247,.!frame.!entry
demo_session_04,26,1786094342.8172507,move,484,253,.!frame.!entry
demo_session_04,26,1786094342.8672507,move,502,236,.!frame.!entry
demo_session_04,26,1786094342.9172506,move,476,251,.!frame.!entry
demo_session_04,26,1786094342.9672506,move,496,258,.!frame.!entry
demo_session_04,26,1786094343.0172505,move,495,259,.!frame.!entry
demo_session_04,26,1786094343.0672505,move,487,238,.!frame.!entry
demo_session_04,26,1786094343.1172504,move,481,262,.!frame.!entry
demo_session_04,26,1786094343.1672504,move,487,261,.!frame.!entry
demo_session_04,26,1786094343.2172503,move,487,250,.!frame.!entry
demo_session_04,26,1786094343.2672503,move,485,240,.!frame.!entry
demo_session_04,26,1786094343.3172503,move,491,262,.!frame.!entry
demo_session_04,26,1786094343.3672502,move,479,262,.!frame.!entry
demo_session_04,26,1786094343.4172502,move,486,246,.!frame.!entry
demo_session_04,26,1786094343.46725,move,475,267,.!frame.!entry
demo_session_04,26,1786094343.51725,move,470,253,.!frame.!entry
demo_session_04,26,1786094343.56725,move,454,269,.!frame.!entry
demo_session_04,26,1786094343.61725,move,480,240,.!frame.!entry
demo_session_04,26,1786094343.66725,move,463,250,.!frame.!entry
demo_session_04,26,1786094343.7172499,move,462,255,.!frame.!entry
demo_session_04,26,1786094343.7672498,move,468,257,.!frame.!entry
demo_session_04,26,1786094343.8172498,move,470,257,.!frame.!entry
demo_session_04,26,1786094343.8672497,move,461,255,.!frame.!entry
demo_session_04,26,1786094343.9172497,move,469,261,.!frame.!entry
demo_session_04,26,1786094343.9672496,move,458,254,.!frame.!entry
demo_session_04,26,1786094344.0172496,move,453,246,.!frame.!entry
demo_session_04,26,1786094344.0672495,move,452,264,.!frame.!entry
demo_session_04,26,1786094344.1172495,move,463,276,.!frame.!entry
demo_session_04,26,1786094344.1672494,move,457,265,.!frame.!entry
demo_session_04,26,1786094344.2172494,move,458,249,.!frame.!entry
demo_session_04,26,1786094344.2672493,move,461,269,.!frame.!entry
demo_session_04,26,1786094344.3172493,move,461,274,.!frame.!entry
demo_session_04,26,1786094344.3672493,move,454,254,.!frame.!entry
demo_session_04,26,1786094344.4172492,move,443,263,.!frame.!entry
demo_session_04,26,1786094344.4672492,move,433,268,.!frame.!entry
demo_session_04,26,1786094344.517249,move,456,280,.!frame.!entry
demo_session_04,26,1786094344.567249,move,448,251,.!frame.!entry
demo_session_04,26,1786094344.617249,move,449,265,.!frame.!entry
demo_session_04,26,1786094344.667249,move,444,266,.!frame.!entry
demo_session_04,26,1786094344.717249,move,453,265,.!frame.!entry
demo_session_04,26,1786094344.7672489,move,436,268,.!frame.!entry
demo_session_04,26,1786094344.8172488,move,456,266,.!frame.!entry
demo_session_04,26,1786094344.8672488,move,439,267,.!frame.!entry
demo_session_04,26,1786094344.9172487,move,438,273,.!frame.!entry
demo_session_04,26,1786094344.9672487,move,436,273,.!frame.!entry
demo_session_04,26,1786094345.0172486,move,425,291,.!frame.!entry
demo_session_04,26,1786094345.0672486,move,441,274,.!frame.!entry
demo_session_04,26,1786094345.1172485,move,445,258,.!frame.!entry
demo_session_04,26,1786094345.1672485,move,441,264,.!frame.!entry
demo_session_04,26,1786094345.2172484,move,427,286,.!frame.!entry
demo_session_04,26,1786094345.2672484,move,421,265,.!frame.!entry
demo_session_04,26,1786094345.3172483,move,430,262,.!frame.!entry
demo_session_04,26,1786094345.3672483,move,439,284,.!frame.!entry
demo_session_04,26,1786094345.4172482,move,427,280,.!frame.!entry
demo_session_04,26,1786094345.4672482,move,445,269,.!frame.!entry
demo_session_04,26,1786094345.5172482,move,435,278,.!frame.!entry
demo_session_04,26,1786094345.567248,move,436,279,.!frame.!entry
demo_session_04,26,1786094345.617248,move,440,281,.!frame.!entry
demo_session_04,26,1786094345.667248,move,449,277,.!frame.!entry
demo_session_04,26,1786094345.717248,move,430,282,.!frame.!entry
demo_session_04,26,1786094345.767248,move,411,287,.!frame.!entry
demo_session_04,26,1786094345.8172479,move,417,284,.!frame.!entry
demo_session_04,26,1786094345.8672478,move,428,281,.!frame.!entry
demo_session_04,26,1786094345.9172478,move,425,283,.!frame.!entry
demo_session_04,26,1786094345.9672477,move,422,274,.!frame.!entry
demo_session_04,26,1786094346.0172477,move,405,292,.!frame.!entry
demo_session_04,26,1786094346.0672476,move,391,282,.!frame.!entry
demo_session_04,26,1786094346.1172476,move,423,287,.!frame.!entry
demo_session_04,26,1786094346.1672475,move,414,299,.!frame.!entry
demo_session_04,26,1786094346.2172475,move,420,286,.!frame.!entry
demo_session_04,26,1786094346.2672474,move,430,305,.!frame.!entry
demo_session_04,26,1786094346.3172474,move,394,304,.!frame.!entry
demo_session_04,26,1786094346.3672473,move,407,288,.!frame.!entry
demo_session_04,26,1786094346.4172473,move,416,293,.!frame.!entry
demo_session_04,26,1786094346.4672472,move,415,288,.!frame.!entry
demo_session_04,26,1786094346.5172472,move,413,304,.!frame.!entry
demo_session_04,26,1786094346.5672472,move,404,301,.!frame.!entry
demo_session_04,26,1786094346.617247,move,403,286,.!frame.!entry
demo_session_04,26,1786094346.667247,move,402,285,.!frame.!entry
demo_session_04,26,1786094346.717247,move,383,296,.!frame.!entry
demo_session_04,26,1786094346.767247,move,386,283,.!frame.!entry
demo_session_04,26,1786094346.817247,move,382,294,.!frame.!entry
demo_session_04,26,1786094346.8672469,move,407,295,.!frame.!entry
demo_session_04,26,1786094346.9172468,move,381,296,.!frame.!entry
demo_session_04,26,1786094346.9672468,move,379,298,.!frame.!button
demo_session_04,26,1786094347.0172467,move,399,279,.!frame.!button
demo_session_04,26,1786094347.0672467,move,386,297,.!frame.!button
demo_session_04,26,1786094347.1172466,move,401,300,.!frame.!button
demo_session_04,26,1786094347.1672466,move,389,302,.!frame.!button
demo_session_04,26,1786094347.2172465,move,398,325,.!frame.!button
demo_session_04,26,1786094347.2672465,move,381,287,.!frame.!button
demo_session_04,26,1786094347.3172464,move,380,301,.!frame.!button
demo_session_04,26,1786094347.3672464,move,400,301,.!frame.!button
demo_session_04,26,1786094347.4172463,move,380,295,.!frame.!button
demo_session_04,26,1786094347.4672463,move,381,286,.!frame.!button
demo_session_04,26,1786094347.5172462,move,387,308,.!frame.!button
demo_session_04,26,1786094347.5672462,move,383,295,.!frame.!button
demo_session_04,26,1786094347.6172462,move,370,304,.!frame.!button
demo_session_04,26,1786094347.667246,move,379,302,.!frame.!button
demo_session_04,26,1786094347.717246,move,377,324,.!frame.!button
demo_session_04,26,1786094347.767246,move,376,312,.!frame.!button
demo_session_04,26,1786094347.817246,move,376,295,.!frame.!button
demo_session_04,26,1786094347.867246,move,371,310,.!frame.!button
demo_session_04,26,1786094347.9172459,move,375,318,.!frame.!button
demo_session_04,26,1786094347.9672458,move,363,315,.!frame.!button
demo_session_04,26,1786094348.0172458,move,382,319,.!frame.!button
demo_session_04,26,1786094348.0672457,move,373,317,.!frame.!button
demo_session_04,26,1786094348.1172457,move,363,312,.!frame.!button
demo_session_04,26,1786094348.1672456,move,374,310,.!frame.!button
demo_session_04,26,1786094348.2172456,move,357,309,.!frame.!button
demo_session_04,26,1786094348.2672455,move,365,306,.!frame.!button
demo_session_04,26,1786094348.3172455,move,369,326,.!frame.!button
demo_session_04,26,1786094348.3672454,move,361,311,.!frame.!button
demo_session_04,26,1786094348.4172454,move,361,322,.!frame.!button
demo_session_04,26,1786094348.4672453,move,360,316,.!frame.!button
demo_session_04,26,1786094348.5172453,move,355,317,.!frame.!button
demo_session_04,26,1786094348.5672452,move,359,325,.!frame.!button
demo_session_04,26,1786094348.6172452,move,345,302,.!frame.!button
demo_session_04,26,1786094348.6672451,move,345,318,.!frame.!button
demo_session_04,26,1786094348.717245,move,348,304,.!frame.!button
demo_session_04,26,1786094348.767245,move,350,329,.!frame.!button
demo_session_04,26,1786094348.8459098,click,351,321,.!frame.!button
demo_session_04,27,1786094348.8459098,move,514,221,.!frame.!entry
demo_session_04,27,1786094348.8959098,move,512,215,.!frame.!entry
demo_session_04,27,1786094348.9459097,move,508,205,.!frame.!entry
demo_session_04,27,1786094348.9959097,move,500,213,.!frame.!entry
demo_session_04,27,1786094349.0459096,move,514,227,.!frame.!entry
demo_session_04,27,1786094349.0959096,move,513,220,.!frame.!entry
demo_session_04,27,1786094349.1459095,move,490,204,.!frame.!entry
demo_session_04,27,1786094349.1959095,move,499,210,.!frame.!entry
demo_session_04,27,1786094349.2459095,move,494,227,.!frame.!entry
demo_session_04,27,1786094349.2959094,move,491,209,.!frame.!entry
demo_session_04,27,1786094349.3459094,move,489,224,.!frame.!entry
demo_session_04,27,1786094349.3959093,move,485,232,.!frame.!entry
demo_session_04,27,1786094349.4459093,move,490,234,.!frame.!entry
demo_session_04,27,1786094349.4959092,move,479,237,.!frame.!entry
demo_session_04,27,1786094349.5459092,move,494,225,.!frame.!entry
demo_session_04,27,1786094349.595909,move,484,225,.!frame.!entry
demo_session_04,27,1786094349.645909,move,482,239,.!frame.!entry
demo_session_04,27,1786094349.695909,move,484,220,.!frame.!entry
demo_session_04,27,1786094349.745909,move,470,239,.!frame.!entry
demo_session_04,27,1786094349.795909,move,489,225,.!frame.!entry
demo_session_04,27,1786094349.8459089,move,493,233,.!frame.!entry
demo_session_04,27,1786094349.8959088,move,487,236,.!frame.!entry
demo_session_04,27,1786094349.9459088,move,475,234,.!frame.!entry
demo_session_04,27,1786094349.9959087,move,490,234,.!frame.!entry
demo_session_04,27,1786094350.0459087,move,489,235,.!frame.!entry
demo_session_04,27,1786094350.0959086,move,495,243,.!frame.!entry
demo_session_04,27,1786094350.1459086,move,488,238,.!frame.!entry
demo_session_04,27,1786094350.1959085,move,479,256,.!frame.!entry
demo_session_04,27,1786094350.2459085,move,475,240,.!frame.!entry
demo_session_04,27,1786094350.2959085,move,471,241,.!frame.!entry
demo_session_04,27,1786094350.3459084,move,466,241,.!frame.!entry
demo_session_04,27,1786094350.3959084,move,479,246,.!frame.!entry
demo_session_04,27,1786094350.4459083,move,480,255,.!frame.!entry
demo_session_04,27,1786094350.4959083,move,472,245,.!frame.!entry
demo_session_04,27,1786094350.5459082,move,455,249,.!frame.!entry
demo_session_04,27,1786094350.5959082,move,476,232,.!frame.!entry
demo_session_04,27,1786094350.645908,move,466,250,.!frame.!entry
demo_session_04,27,1786094350.695908,move,479,250,.!frame.!entry
demo_session_04,27,1786094350.745908,move,455,238,.!frame.!entry
demo_session_04,27,1786094350.795908,move,454,248,.!frame.!entry
demo_session_04,27,1786094350.845908,move,466,236,.!frame.!entry
demo_session_04,27,1786094350.8959079,move,466,255,.!frame.!entry
demo_session_04,27,1786094350.9459078,move,457,248,.!frame.!entry
demo_session_04,27,1786094350.9959078,move,442,260,.!frame.!entry
demo_session_04,27,1786094351.0459077,move,440,248,.!frame.!entry
demo_session_04,27,1786094351.0959077,move,444,244,.!frame.!entry
demo_session_04,27,1786094351.1459076,move,441,256,.!frame.!entry
demo_session_04,27,1786094351.1959076,move,460,253,.!frame.!entry
demo_session_04,27,1786094351.2459075,move,460,259,.!frame.!entry
demo_session_04,27,1786094351.2959075,move,449,252,.!frame.!entry
demo_session_04,27,1786094351.3459074,move,445,268,.!frame.!entry
demo_session_04,27,1786094351.3959074,move,434,259,.!frame.!entry
demo_session_04,27,1786094351.4459074,move,449,257,.!frame.!entry
demo_session_04,27,1786094351.4959073,move,450,266,.!frame.!entry
demo_session_04,27,1786094351.5459073,move,449,272,.!frame.!entry
demo_session_04,27,1786094351.5959072,move,456,255,.!frame.!entry
demo_session_04,27,1786094351.6459072,move,440,266,.!frame.!entry
demo_session_04,27,1786094351.695907,move,449,257,.!frame.!entry
demo_session_04,27,1786094351.745907,move,450,261,.!frame.!entry
demo_session_04,27,1786094351.795907,move,426,271,.!frame.!entry
demo_session_04,27,1786094351.845907,move,438,264,.!frame.!entry
demo_session_04,27,1786094351.895907,move,426,271,.!frame.!entry
demo_session_04,27,1786094351.9459069,move,439,264,.!frame.!entry
demo_session_04,27,1786094351.9959068,move,437,257,.!frame.!entry
demo_session_04,27,1786094352.0459068,move,419,269,.!frame.!entry
demo_session_04,27,1786094352.0959067,move,438,266,.!frame.!entry
demo_session_04,27,1786094352.1459067,move,422,273,.!frame.!entry
demo_session_04,27,1786094352.1959066,move,439,263,.!frame.!entry
demo_session_04,27,1786094352.2459066,move,421,284,.!frame.!entry
demo_session_04,27,1786094352.2959065,move,426,265,.!frame.!entry
demo_session_04,27,1786094352.3459065,move,436,278,.!frame.!entry
demo_session_04,27,1786094352.3959064,move,418,278,.!frame.!entry
demo_session_04,27,1786094352.4459064,move,414,261,.!frame.!entry
demo_session_04,27,1786094352.4959064,move,426,276,.!frame.!entry
demo_session_04,27,1786094352.5459063,move,420,262,.!frame.!entry
demo_session_04,27,1786094352.5959063,move,416,282,.!frame.!entry
demo_session_04,27,1786094352.6459062,move,415,278,.!frame.!entry
demo_session_04,27,1786094352.6959062,move,418,279,.!frame.!entry
demo_session_04,27,1786094352.745906,move,426,279,.!frame.!entry
demo_session_04,27,1786094352.795906,move,420,273,.!frame.!entry
demo_session_04,27,1786094352.845906,move,418,269,.!frame.!entry
demo_session_04,27,1786094352.895906,move,410,293,.!frame.!entry
demo_session_04,27,1786094352.945906,move,412,276,.!frame.!entry
demo_session_04,27,1786094352.9959059,move,403,269,.!frame.!entry
demo_session_04,27,1786094353.0459058,move,396,280,.!frame.!entry
demo_session_04,27,1786094353.0959058,move,406,288,.!frame.!entry
demo_session_04,27,1786094353.1459057,move,403,285,.!frame.!entry
demo_session_04,27,1786094353.1959057,move,418,286,.!frame.!entry
demo_session_04,27,1786094353.2459056,move,394,279,.!frame.!entry
demo_session_04,27,1786094353.2959056,move,414,288,.!frame.!entry
demo_session_04,27,1786094353.3459055,move,399,289,.!frame.!entry
demo_session_04,27,1786094353.3959055,move,406,285,.!frame.!entry
demo_session_04,27,1786094353.4459054,move,403,294,.!frame.!entry
demo_session_04,27,1786094353.4959054,move,393,283,.!frame.!entry
demo_session_04,27,1786094353.5459054,move,392,285,.!frame.!button
demo_session_04,27,1786094353.5959053,move,386,290,.!frame.!button
demo_session_04,27,1786094353.6459053,move,391,303,.!frame.!button
demo_session_04,27,1786094353.6959052,move,410,295,.!frame.!button
demo_session_04,27,1786094353.7459052,move,393,290,.!frame.!button
demo_session_04,27,1786094353.795905,move,390,296,.!frame.!button
demo_session_04,27,1786094353.845905,move,387,285,.!frame.!button
demo_session_04,27,1786094353.895905,move,379,298,.!frame.!button
demo_session_04,27,1786094353.945905,move,396,292,.!frame.!button
demo_session_04,27,1786094353.995905,move,394,298,.!frame.!button
demo_session_04,27,1786094354.0459049,move,389,286,.!frame.!button
demo_session_04,27,1786094354.0959048,move,381,309,.!frame.!button
demo_session_04,27,1786094354.1459048,move,393,289,.!frame.!button
demo_session_04,27,1786094354.1959047,move,382,302,.!frame.!button
demo_session_04,27,1786094354.2459047,move,371,298,.!frame.!button
demo_session_04,27,1786094354.2959046,move,369,289,.!frame.!button
demo_session_04,27,1786094354.3459046,move,370,291,.!frame.!button
demo_session_04,27,1786094354.3959045,move,366,306,.!frame.!button
demo_session_04,27,1786094354.4459045,move,371,306,.!frame.!button
demo_session_04,27,1786094354.4959044,move,386,287,.!frame.!button
demo_session_04,27,1786094354.5459044,move,359,291,.!frame.!button
demo_session_04,27,1786094354.5959044,move,368,306,.!frame.!button
demo_session_04,27,1786094354.6459043,move,364,299,.!frame.!button
demo_session_04,27,1786094354.6959043,move,374,306,.!frame.!button
demo_session_04,27,1786094354.7459042,move,360,306,.!frame.!button
demo_session_04,27,1786094354.7959042,move,364,292,.!frame.!button
demo_session_04,27,1786094354.845904,move,357,315,.!frame.!button
demo_session_04,27,1786094354.895904,move,360,312,.!frame.!button
demo_session_04,27,1786094354.945904,move,353,299,.!frame.!button
demo_session_04,27,1786094354.995904,move,359,314,.!frame.!button
demo_session_04,27,1786094355.045904,move,362,319,.!frame.!button
demo_session_04,27,1786094355.0959039,move,353,314,.!frame.!button
demo_session_04,27,1786094355.1459038,move,357,320,.!frame.!button
demo_session_04,27,1786094355.1959038,move,359,300,.!frame.!button
demo_session_04,27,1786094355.2459037,move,348,320,.!frame.!button
demo_session_04,27,1786094355.2959037,move,362,303,.!frame.!button
demo_session_04,27,1786094355.3459036,move,353,324,.!frame.!button
demo_session_04,27,1786094355.3959036,move,356,326,.!frame.!button
demo_session_04,27,1786094355.4459035,move,349,320,.!frame.!button
demo_session_04,27,1786094355.4959035,move,360,323,.!frame.!button
demo_session_04,27,1786094355.5459034,move,348,329,.!frame.!button
demo_session_04,27,1786094355.6042507,click,348,318,.!frame.!button
demo_session_04,28,1786094355.6042507,move,353,124,.!frame.!entry
demo_session_04,28,1786094355.6542506,move,372,136,.!frame.!entry
demo_session_04,28,1786094355.7042506,move,368,135,.!frame.!entry
demo_session_04,28,1786094355.7542505,move,368,109,.!frame.!entry
demo_session_04,28,1786094355.8042505,move,365,117,.!frame.!entry
demo_session_04,28,1786094355.8542504,move,357,123,.!frame.!entry
demo_session_04,28,1786094355.9042504,move,365,139,.!frame.!entry
demo_session_04,28,1786094355.9542503,move,361,132,.!frame.!entry
demo_session_04,28,1786094356.0042503,move,357,133,.!frame.!entry
demo_session_04,28,1786094356.0542502,move,373,128,.!frame.!entry
demo_session_04,28,1786094356.1042502,move,345,134,.!frame.!entry
demo_session_04,28,1786094356.1542501,move,342,120,.!frame.!entry
demo_session_04,28,1786094356.20425,move,351,129,.!frame.!entry
demo_session_04,28,1786094356.25425,move,351,151,.!frame.!entry
demo_session_04,28,1786094356.30425,move,366,159,.!frame.!entry
demo_session_04,28,1786094356.35425,move,367,145,.!frame.!entry
demo_session_04,28,1786094356.40425,move,374,152,.!frame.!entry
demo_session_04,28,1786094356.4542499,move,365,153,.!frame.!entry
demo_session_04,28,1786094356.5042498,move,374,149,.!frame.!entry
demo_session_04,28,1786094356.5542498,move,354,146,.!frame.!entry
demo_session_04,28,1786094356.6042497,move,374,157,.!frame.!entry
demo_session_04,28,1786094356.6542497,move,368,157,.!frame.!entry
demo_session_04,28,1786094356.7042496,move,363,164,.!frame.!entry
demo_session_04,28,1786094356.7542496,move,366,156,.!frame.!entry
demo_session_04,28,1786094356.8042495,move,362,164,.!frame.!entry
demo_session_04,28,1786094356.8542495,move,360,165,.!frame.!entry
demo_session_04,28,1786094356.9042494,move,368,162,.!frame.!entry
demo_session_04,28,1786094356.9542494,move,346,178,.!frame.!entry
demo_session_04,28,1786094357.0042493,move,350,169,.!frame.!entry
demo_session_04,28,1786094357.0542493,move,358,158,.!frame.!entry
demo_session_04,28,1786094357.1042492,move,369,159,.!frame.!entry
demo_session_04,28,1786094357.1542492,move,371,186,.!frame.!entry
demo_session_04,28,1786094357.2042491,move,375,160,.!frame.!entry
demo_session_04,28,1786094357.254249,move,353,187,.!frame.!entry
demo_session_04,28,1786094357.304249,move,357,184,.!frame.!entry
demo_session_04,28,1786094357.354249,move,357,183,.!frame.!entry
demo_session_04,28,1786094357.404249,move,369,181,.!frame.!entry
demo_session_04,28,1786094357.454249,move,368,188,.!frame.!entry
demo_session_04,28,1786094357.5042489,move,361,178,.!frame.!entry
demo_session_04,28,1786094357.5542488,move,363,177,.!frame.!entry
demo_session_04,28,1786094357.6042488,move,371,191,.!frame.!entry
demo_session_04,28,1786094357.6542487,move,365,204,.!frame.!entry
demo_session_04,28,1786094357.7042487,move,349,205,.!frame.!entry
demo_session_04,28,1786094357.7542486,move,368,208,.!frame.!entry
demo_session_04,28,1786094357.8042486,move,363,199,.!frame.!entry
demo_session_04,28,1786094357.8542485,move,368,188,.!frame.!entry
demo_session_04,28,1786094357.9042485,move,349,216,.!frame.!entry
demo_session_04,28,1786094357.9542484,move,355,198,.!frame.!entry
demo_session_04,28,1786094358.0042484,move,350,198,.!frame.!entry
demo_session_04,28,1786094358.0542483,move,351,206,.!frame.!entry
demo_session_04,28,1786094358.1042483,move,351,212,.!frame.!entry
demo_session_04,28,1786094358.1542482,move,351,198,.!frame.!entry
demo_session_04,28,1786094358.2042482,move,350,222,.!frame.!entry
demo_session_04,28,1786094358.2542481,move,366,214,.!frame.!entry
demo_session_04,28,1786094358.304248,move,384,209,.!frame.!entry
demo_session_04,28,1786094358.354248,move,352,211,.!frame.!entry
demo_session_04,28,1786094358.404248,move,360,203,.!frame.!entry
demo_session_04,28,1786094358.454248,move,344,207,.!frame.!entry
demo_session_04,28,1786094358.504248,move,355,221,.!frame.!entry
demo_session_04,28,1786094358.5542479,move,357,216,.!frame.!entry
demo_session_04,28,1786094358.6042478,move,348,220,.!frame.!entry
demo_session_04,28,1786094358.6542478,move,354,233,.!frame.!entry
demo_session_04,28,1786094358.7042477,move,346,238,.!frame.!entry
demo_session_04,28,1786094358.7542477,move,351,220,.!frame.!entry
demo_session_04,28,1786094358.8042476,move,348,232,.!frame.!entry
demo_session_04,28,1786094358.8542476,move,362,223,.!frame.!entry
demo_session_04,28,1786094358.9042475,move,329,228,.!frame.!entry
demo_session_04,28,1786094358.9542475,move,346,218,.!frame.!entry
demo_session_04,28,1786094359.0042474,move,345,223,.!frame.!entry
demo_session_04,28,1786094359.0542474,move,356,238,.!frame.!entry
demo_session_04,28,1786094359.1042473,move,352,236,.!frame.!entry
demo_session_04,28,1786094359.1542473,move,363,244,.!frame.!entry
demo_session_04,28,1786094359.2042472,move,360,259,.!frame.!entry
demo_session_04,28,1786094359.2542472,move,346,237,.!frame.!entry
demo_session_04,28,1786094359.3042471,move,355,254,.!frame.!entry
demo_session_04,28,1786094359.354247,move,360,245,.!frame.!entry
demo_session_04,28,1786094359.404247,move,354,260,.!frame.!entry
demo_session_04,28,1786094359.454247,move,366,249,.!frame.!entry
demo_session_04,28,1786094359.504247,move,347,255,.!frame.!entry
demo_session_04,28,1786094359.554247,move,347,259,.!frame.!entry
demo_session_04,28,1786094359.6042469,move,349,249,.!frame.!entry
demo_session_04,28,1786094359.6542468,move,355,270,.!frame.!entry
demo_session_04,28,1786094359.7042468,move,347,243,.!frame.!button
demo_session_04,28,1786094359.7542467,move,356,253,.!frame.!button
demo_session_04,28,1786094359.8042467,move,362,271,.!frame.!button
demo_session_04,28,1786094359.8542466,move,344,259,.!frame.!button
demo_session_04,28,1786094359.9042466,move,352,271,.!frame.!button
demo_session_04,28,1786094359.9542465,move,350,257,.!frame.!button
demo_session_04,28,1786094360.0042465,move,352,277,.!frame.!button
demo_session_04,28,1786094360.0542464,move,361,284,.!frame.!button
demo_session_04,28,1786094360.1042464,move,349,274,.!frame.!button
demo_session_04,28,1786094360.1542463,move,342,283,.!frame.!button
demo_session_04,28,1786094360.2042463,move,365,288,.!frame.!button
demo_session_04,28,1786094360.2542462,move,349,283,.!frame.!button
demo_session_04,28,1786094360.3042462,move,351,262,.!frame.!button
demo_session_04,28,1786094360.3542461,move,354,273,.!frame.!button
demo_session_04,28,1786094360.404246,move,349,282,.!frame.!button
demo_session_04,28,1786094360.454246,move,362,287,.!frame.!button
demo_session_04,28,1786094360.504246,move,346,297,.!frame.!button
demo_session_04,28,1786094360.554246,move,371,290,.!frame.!button
demo_session_04,28,1786094360.604246,move,363,281,.!frame.!button
demo_session_04,28,1786094360.6542459,move,360,285,.!frame.!button
demo_session_04,28,1786094360.7042458,move,341,292,.!frame.!button
demo_session_04,28,1786094360.7542458,move,328,294,.!frame.!button
demo_session_04,28,1786094360.8042457,move,344,303,.!frame.!button
demo_session_04,28,1786094360.8542457,move,355,290,.!frame.!button
demo_session_04,28,1786094360.9042456,move,348,329,.!frame.!button
demo_session_04,28,1786094360.9542456,move,364,320,.!frame.!button
demo_session_04,28,1786094361.0042455,move,362,315,.!frame.!button
demo_session_04,28,1786094361.0542455,move,331,296,.!frame.!button
demo_session_04,28,1786094361.1042454,move,360,312,.!frame.!button
demo_session_04,28,1786094361.1542454,move,348,315,.!frame.!button
demo_session_04,28,1786094361.2042453,move,348,318,.!frame.!button
demo_session_04,28,1786094361.2542453,move,350,309,.!frame.!button
demo_session_04,28,1786094361.3042452,move,352,311,.!frame.!button
demo_session_04,28,1786094361.3542452,move,358,317,.!frame.!button
demo_session_04,28,1786094361.4042451,move,343,317,.!frame.!button
demo_session_04,28,1786094361.4633453,click,354,324,.!frame.!button
demo_session_04,29,1786094361.4633453,move,186,247,.!frame.!entry
demo_session_04,29,1786094361.5133452,move,189,255,.!frame.!entry
demo_session_04,29,1786094361.5633452,move,181,263,.!frame.!entry
demo_session_04,29,1786094361.6133451,move,205,264,.!frame.!entry
demo_session_04,29,1786094361.663345,move,198,250,.!frame.!entry
demo_session_04,29,1786094361.713345,move,193,249,.!frame.!entry
demo_session_04,29,1786094361.763345,move,207,250,.!frame.!entry
demo_session_04,29,1786094361.813345,move,199,269,.!frame.!entry
demo_session_04,29,1786094361.863345,move,208,252,.!frame.!entry
demo_session_04,29,1786094361.9133449,move,195,275,.!frame.!entry
demo_session_04,29,1786094361.9633448,move,203,261,.!frame.!entry
demo_session_04,29,1786094362.0133448,move,205,273,.!frame.!entry
demo_session_04,29,1786094362.0633447,move,198,254,.!frame.!entry
demo_session_04,29,1786094362.1133447,move,221,262,.!frame.!entry
demo_session_04,29,1786094362.1633446,move,205,280,.!frame.!entry
demo_session_04,29,1786094362.2133446,move,219,256,.!frame.!entry
demo_session_04,29,1786094362.2633445,move,219,248,.!frame.!entry
demo_session_04,29,1786094362.3133445,move,204,255,.!frame.!entry
demo_session_04,29,1786094362.3633444,move,211,287,.!frame.!entry
demo_session_04,29,1786094362.4133444,move,215,267,.!frame.!entry
demo_session_04,29,1786094362.4633443,move,215,265,.!frame.!entry
demo_session_04,29,1786094362.5133443,move,216,261,.!frame.!entry
demo_session_04,29,1786094362.5633442,move,211,264,.!frame.!entry
demo_session_04,29,1786094362.6133442,move,225,260,.!frame.!entry
demo_session_04,29,1786094362.6633441,move,223,263,.!frame.!entry
demo_session_04,29,1786094362.713344,move,215,267,.!frame.!entry
demo_session_04,29,1786094362.763344,move,218,263,.!frame.!entry
demo_session_04,29,1786094362.813344,move,229,245,.!frame.!entry
demo_session_04,29,1786094362.863344,move,237,270,.!frame.!entry
demo_session_04,29,1786094362.913344,move,228,274,.!frame.!entry
demo_session_04,29,1786094362.9633439,move,226,267,.!frame.!entry
demo_session_04,29,1786094363.0133438,move,217,273,.!frame.!entry
demo_session_04,29,1786094363.0633438,move,217,268,.!frame.!entry
demo_session_04,29,1786094363.1133437,move,233,271,.!frame.!entry
demo_session_04,29,1786094363.1633437,move,247,269,.!frame.!entry
demo_session_04,29,1786094363.2133436,move,225,268,.!frame.!entry
demo_session_04,29,1786094363.2633436,move,239,279,.!frame.!entry
demo_session_04,29,1786094363.3133435,move,230,284,.!frame.!entry
demo_session_04,29,1786094363.3633435,move,238,273,.!frame.!entry
demo_session_04,29,1786094363.4133434,move,220,263,.!frame.!entry
demo_session_04,29,1786094363.4633434,move,238,272,.!frame.!entry
demo_session_04,29,1786094363.5133433,move,238,272,.!frame.!entry
demo_session_04,29,1786094363.5633433,move,250,269,.!frame.!entry
demo_session_04,29,1786094363.6133432,move,235,283,.!frame.!entry
demo_session_04,29,1786094363.6633432,move,235,272,.!frame.!entry
demo_session_04,29,1786094363.7133431,move,247,263,.!frame.!entry
demo_session_04,29,1786094363.763343,move,253,285,.!frame.!entry
demo_session_04,29,1786094363.813343,move,233,283,.!frame.!entry
demo_session_04,29,1786094363.863343,move,262,278,.!frame.!entry
demo_session_04,29,1786094363.913343,move,259,278,.!frame.!entry
demo_session_04,29,1786094363.963343,move,248,283,.!frame.!entry
demo_session_04,29,1786094364.0133429,move,246,280,.!frame.!entry
demo_session_04,29,1786094364.0633428,move,248,279,.!frame.!entry
demo_session_04,29,1786094364.1133428,move,237,272,.!frame.!entry
demo_session_04,29,1786094364.1633427,move,257,272,.!frame.!entry
demo_session_04,29,1786094364.2133427,move,251,279,.!frame.!entry
demo_session_04,29,1786094364.2633426,move,244,288,.!frame.!entry
demo_session_04,29,1786094364.3133426,move,259,285,.!frame.!entry
demo_session_04,29,1786094364.3633425,move,253,289,.!frame.!entry
demo_session_04,29,1786094364.4133425,move,259,292,.!frame.!entry
demo_session_04,29,1786094364.4633424,move,261,282,.!frame.!entry
demo_session_04,29,1786094364.5133424,move,255,284,.!frame.!entry
demo_session_04,29,1786094364.5633423,move,270,280,.!frame.!entry
demo_session_04,29,1786094364.6133423,move,274,272,.!frame.!entry
demo_session_04,29,1786094364.6633422,move,260,281,.!frame.!entry
demo_session_04,29,1786094364.7133422,move,262,290,.!frame.!entry
demo_session_04,29,1786094364.7633421,move,261,288,.!frame.!entry
demo_session_04,29,1786094364.813342,move,274,288,.!frame.!entry
demo_session_04,29,1786094364.863342,move,250,282,.!frame.!entry
demo_session_04,29,1786094364.913342,move,280,283,.!frame.!entry
demo_session_04,29,1786094364.963342,move,266,287,.!frame.!entry
demo_session_04,29,1786094365.013342,move,287,291,.!frame.!entry
demo_session_04,29,1786094365.0633419,move,268,293,.!frame.!entry
demo_session_04,29,1786094365.1133418,move,288,294,.!frame.!entry
demo_session_04,29,1786094365.1633418,move,274,282,.!frame.!entry
demo_session_04,29,1786094365.2133417,move,274,285,.!frame.!entry
demo_session_04,29,1786094365.2633417,move,274,288,.!frame.!entry
demo_session_04,29,1786094365.3133416,move,287,293,.!frame.!entry
demo_session_04,29,1786094365.3633416,move,276,303,.!frame.!entry
demo_session_04,29,1786094365.4133415,move,288,287,.!frame.!entry
demo_session_04,29,1786094365.4633415,move,284,290,.!frame.!entry
demo_session_04,29,1786094365.5133414,move,272,294,.!frame.!entry
demo_session_04,29,1786094365.5633414,move,285,285,.!frame.!entry
demo_session_04,29,1786094365.6133413,move,280,293,.!frame.!entry
demo_session_04,29,1786094365.6633413,move,295,299,.!frame.!entry
demo_session_04,29,1786094365.7133412,move,271,301,.!frame.!entry
demo_session_04,29,1786094365.7633412,move,291,295,.!frame.!entry
demo_session_04,29,1786094365.8133411,move,284,295,.!frame.!entry
demo_session_04,29,1786094365.863341,move,300,300,.!frame.!entry
demo_session_04,29,1786094365.913341,move,295,289,.!frame.!entry
demo_session_04,29,1786094365.963341,move,304,298,.!frame.!entry
demo_session_04,29,1786094366.013341,move,285,296,.!frame.!entry
demo_session_04,29,1786094366.063341,move,277,313,.!frame.!entry
demo_session_04,29,1786094366.1133409,move,304,304,.!frame.!entry
demo_session_04,29,1786094366.1633408,move,294,302,.!frame.!entry
demo_session_04,29,1786094366.2133408,move,310,319,.!frame.!entry
demo_session_04,29,1786094366.2633407,move,308,315,.!frame.!entry
demo_session_04,29,1786094366.3133407,move,291,287,.!frame.!entry
demo_session_04,29,1786094366.3633406,move,299,304,.!frame.!entry
demo_session_04,29,1786094366.4133406,move,295,289,.!frame.!button
demo_session_04,29,1786094366.4633405,move,311,296,.!frame.!button
demo_session_04,29,1786094366.5133405,move,320,294,.!frame.!button
demo_session_04,29,1786094366.5633404,move,305,301,.!frame.!button
demo_session_04,29,1786094366.6133404,move,329,288,.!frame.!button
demo_session_04,29,1786094366.6633403,move,313,298,.!frame.!button
demo_session_04,29,1786094366.7133403,move,311,307,.!frame.!button
demo_session_04,29,1786094366.7633402,move,305,281,.!frame.!button
demo_session_04,29,1786094366.8133402,move,315,300,.!frame.!button
demo_session_04,29,1786094366.8633401,move,331,306,.!frame.!button
demo_session_04,29,1786094366.91334,move,301,306,.!frame.!button
demo_session_04,29,1786094366.96334,move,319,302,.!frame.!button
demo_session_04,29,1786094367.01334,move,322,313,.!frame.!button
demo_session_04,29,1786094367.06334,move,318,302,.!frame.!button
demo_session_04,29,1786094367.11334,move,310,294,.!frame.!button
demo_session_04,29,1786094367.1633399,move,326,315,.!frame.!button
demo_session_04,29,1786094367.2133398,move,315,303,.!frame.!button
demo_session_04,29,1786094367.2633398,move,322,306,.!frame.!button
demo_session_04,29,1786094367.3133397,move,331,312,.!frame.!button
demo_session_04,29,1786094367.3633397,move,329,304,.!frame.!button
demo_session_04,29,1786094367.4133396,move,327,314,.!frame.!button
demo_session_04,29,1786094367.4633396,move,332,312,.!frame.!button
demo_session_04,29,1786094367.5133395,move,314,297,.!frame.!button
demo_session_04,29,1786094367.5633395,move,331,323,.!frame.!button
demo_session_04,29,1786094367.6133394,move,331,313,.!frame.!button
demo_session_04,29,1786094367.6633394,move,351,308,.!frame.!button
demo_session_04,29,1786094367.7133393,move,332,313,.!frame.!button
demo_session_04,29,1786094367.7633393,move,338,328,.!frame.!button
demo_session_04,29,1786094367.8133392,move,326,314,.!frame.!button
demo_session_04,29,1786094367.8633392,move,337,301,.!frame.!button
demo_session_04,29,1786094367.9133391,move,344,311,.!frame.!button
demo_session_04,29,1786094367.963339,move,330,312,.!frame.!button
demo_session_04,29,1786094368.013339,move,335,312,.!frame.!button
demo_session_04,29,1786094368.063339,move,323,298,.!frame.!button
demo_session_04,29,1786094368.113339,move,339,310,.!frame.!button
demo_session_04,29,1786094368.163339,move,333,333,.!frame.!button
demo_session_04,29,1786094368.2133389,move,339,328,.!frame.!button
demo_session_04,29,1786094368.2633388,move,343,307,.!frame.!button
demo_session_04,29,1786094368.3133388,move,353,323,.!frame.!button
demo_session_04,29,1786094368.3633387,move,341,314,.!frame.!button
demo_session_04,29,1786094368.4133387,move,357,323,.!frame.!button
demo_session_04,29,1786094368.4633386,move,342,328,.!frame.!button
demo_session_04,29,1786094368.5133386,move,354,314,.!frame.!button
demo_session_04,29,1786094368.5756218,click,340,310,.!frame.!button
demo_session_04,30,1786094368.5756218,move,244,237,.!frame.!entry
demo_session_04,30,1786094368.6256218,move,251,234,.!frame.!entry
demo_session_04,30,1786094368.6756217,move,236,237,.!frame.!entry
demo_session_04,30,1786094368.7256217,move,249,244,.!frame.!entry
demo_session_04,30,1786094368.7756217,move,246,230,.!frame.!entry
demo_session_04,30,1786094368.8256216,move,256,242,.!frame.!entry
demo_session_04,30,1786094368.8756216,move,255,227,.!frame.!entry
demo_session_04,30,1786094368.9256215,move,246,245,.!frame.!entry
demo_session_04,30,1786094368.9756215,move,261,233,.!frame.!entry
demo_session_04,30,1786094369.0256214,move,260,225,.!frame.!entry
demo_session_04,30,1786094369.0756214,move,252,244,.!frame.!entry
demo_session_04,30,1786094369.1256213,move,278,243,.!frame.!entry
demo_session_04,30,1786094369.1756213,move,258,247,.!frame.!entry
demo_session_04,30,1786094369.2256212,move,266,245,.!frame.!entry
demo_session_04,30,1786094369.2756212,move,277,257,.!frame.!entry
demo_session_04,30,1786094369.3256211,move,272,246,.!frame.!entry
demo_session_04,30,1786094369.375621,move,263,248,.!frame.!entry
demo_session_04,30,1786094369.425621,move,269,249,.!frame.!entry
demo_session_04,30,1786094369.475621,move,257,244,.!frame.!entry
demo_session_04,30,1786094369.525621,move,285,239,.!frame.!entry
demo_session_04,30,1786094369.575621,move,274,245,.!frame.!entry
demo_session_04,30,1786094369.6256208,move,268,253,.!frame.!entry
demo_session_04,30,1786094369.6756208,move,269,262,.!frame.!entry
demo_session_04,30,1786094369.7256207,move,273,257,.!frame.!entry
demo_session_04,30,1786094369.7756207,move,280,240,.!frame.!entry
demo_session_04,30,1786094369.8256207,move,253,254,.!frame.!entry
demo_session_04,30,1786094369.8756206,move,270,255,.!frame.!entry
demo_session_04,30,1786094369.9256206,move,284,262,.!frame.!entry
demo_session_04,30,1786094369.9756205,move,269,265,.!frame.!entry
demo_session_04,30,1786094370.0256205,move,276,252,.!frame.!entry
demo_session_04,30,1786094370.0756204,move,286,257,.!frame.!entry
demo_session_04,30,1786094370.1256204,move,282,259,.!frame.!entry
demo_session_04,30,1786094370.1756203,move,287,257,.!frame.!entry
demo_session_04,30,1786094370.2256203,move,278,250,.!frame.!entry
demo_session_04,30,1786094370.2756202,move,260,248,.!frame.!entry
demo_session_04,30,1786094370.3256202,move,288,266,.!frame.!entry
demo_session_04,30,1786094370.3756201,move,282,270,.!frame.!entry
demo_session_04,30,1786094370.42562,move,277,267,.!frame.!entry
demo_session_04,30,1786094370.47562,move,305,262,.!frame.!entry
demo_session_04,30,1786094370.52562,move,278,253,.!frame.!entry
demo_session_04,30,1786094370.57562,move,284,255,.!frame.!entry
demo_session_04,30,1786094370.62562,move,296,276,.!frame.!entry
demo_session_04,30,1786094370.6756198,move,286,269,.!frame.!entry
demo_session_04,30,1786094370.7256198,move,275,269,.!frame.!entry
demo_session_04,30,1786094370.7756197,move,292,269,.!frame.!entry
demo_session_04,30,1786094370.8256197,move,285,262,.!frame.!entry
demo_session_04,30,1786094370.8756196,move,290,281,.!frame.!entry
demo_session_04,30,1786094370.9256196,move,304,273,.!frame.!entry
demo_session_04,30,1786094370.9756196,move,286,273,.!frame.!entry
demo_session_04,30,1786094371.0256195,move,296,268,.!frame.!entry
demo_session_04,30,1786094371.0756195,move,293,270,.!frame.!entry
demo_session_04,30,1786094371.1256194,move,292,286,.!frame.!entry
demo_session_04,30,1786094371.1756194,move,292,288,.!frame.!entry
demo_session_04,30,1786094371.2256193,move,299,268,.!frame.!entry
demo_session_04,30,1786094371.2756193,move,291,276,.!frame.!entry
demo_session_04,30,1786094371.3256192,move,299,278,.!frame.!entry
demo_session_04,30,1786094371.3756192,move,294,276,.!frame.!entry
demo_session_04,30,1786094371.4256191,move,304,283,.!frame.!entry
demo_session_04,30,1786094371.475619,move,314,278,.!frame.!entry
demo_session_04,30,1786094371.525619,move,298,263,.!frame.!entry
demo_session_04,30,1786094371.575619,move,299,287,.!frame.!entry
demo_session_04,30,1786094371.625619,move,319,278,.!frame.!entry
demo_session_04,30,1786094371.675619,move,307,273,.!frame.!entry
demo_session_04,30,1786094371.7256188,move,302,297,.!frame.!entry
demo_session_04,30,1786094371.7756188,move,323,280,.!frame.!entry
demo_session_04,30,1786094371.8256187,move,322,275,.!frame.!entry
demo_session_04,30,1786094371.8756187,move,321,277,.!frame.!entry
demo_session_04,30,1786094371.9256186,move,302,291,.!frame.!entry
demo_session_04,30,1786094371.9756186,move,316,290,.!frame.!entry
demo_session_04,30,1786094372.0256186,move,305,284,.!frame.!entry
demo_session_04,30,1786094372.0756185,move,316,286,.!frame.!entry
demo_session_04,30,1786094372.1256185,move,323,291,.!frame.!entry
demo_session_04,30,1786094372.1756184,move,321,304,.!frame.!entry
demo_session_04,30,1786094372.2256184,move,313,294,.!frame.!entry
demo_session_04,30,1786094372.2756183,move,319,300,.!frame.!entry
demo_session_04,30,1786094372.3256183,move,321,282,.!frame.!entry
demo_session_04,30,1786094372.3756182,move,313,288,.!frame.!entry
demo_session_04,30,1786094372.4256182,move,328,293,.!frame.!button
demo_session_04,30,1786094372.4756181,move,319,296,.!frame.!button
demo_session_04,30,1786094372.525618,move,339,294,.!frame.!button
demo_session_04,30,1786094372.575618,move,326,285,.!frame.!button
demo_session_04,30,1786094372.625618,move,324,297,.!frame.!button
demo_session_04,30,1786094372.675618,move,316,285,.!frame.!button
demo_session_04,30,1786094372.725618,move,330,310,.!frame.!button
demo_session_04,30,1786094372.7756178,move,327,302,.!frame.!button
demo_session_04,30,1786094372.8256178,move,330,311,.!frame.!button
demo_session_04,30,1786094372.8756177,move,317,311,.!frame.!button
demo_session_04,30,1786094372.9256177,move,350,308,.!frame.!button
demo_session_04,30,1786094372.9756176,move,336,293,.!frame.!button
demo_session_04,30,1786094373.0256176,move,341,300,.!frame.!button
demo_session_04,30,1786094373.0756176,move,339,308,.!frame.!button
demo_session_04,30,1786094373.1256175,move,330,303,.!frame.!button
demo_session_04,30,1786094373.1756175,move,348,310,.!frame.!button
demo_session_04,30,1786094373.2256174,move,327,309,.!frame.!button
demo_session_04,30,1786094373.2756174,move,328,299,.!frame.!button
demo_session_04,30,1786094373.3256173,move,345,304,.!frame.!button
demo_session_04,30,1786094373.3756173,move,344,301,.!frame.!button
demo_session_04,30,1786094373.4256172,move,330,314,.!frame.!button
demo_session_04,30,1786094373.4756172,move,338,290,.!frame.!button
demo_session_04,30,1786094373.5256171,move,338,306,.!frame.!button
demo_session_04,30,1786094373.575617,move,345,297,.!frame.!button
demo_session_04,30,1786094373.625617,move,337,312,.!frame.!button
demo_session_04,30,1786094373.675617,move,341,332,.!frame.!button
demo_session_04,30,1786094373.725617,move,332,320,.!frame.!button
demo_session_04,30,1786094373.775617,move,339,315,.!frame.!button
demo_session_04,30,1786094373.8256168,move,327,322,.!frame.!button
demo_session_04,30,1786094373.8756168,move,340,309,.!frame.!button
demo_session_04,30,1786094373.9256167,move,336,327,.!frame.!button
demo_session_04,30,1786094373.9756167,move,357,316,.!frame.!button
demo_session_04,30,1786094374.0256166,move,331,319,.!frame.!button
demo_session_04,30,1786094374.1131556,click,344,314,.!frame.!button
demo_session_04,31,1786094374.1131556,move,127,366,.!frame.!entry
demo_session_04,31,1786094374.1631556,move,160,358,.!frame.!entry
demo_session_04,31,1786094374.2131555,move,153,387,.!frame.!entry
demo_session_04,31,1786094374.2631555,move,147,363,.!frame.!entry
demo_session_04,31,1786094374.3131554,move,147,371,.!frame.!entry
demo_session_04,31,1786094374.3631554,move,162,357,.!frame.!entry
demo_session_04,31,1786094374.4131553,move,156,365,.!frame.!entry
demo_session_04,31,1786094374.4631553,move,153,372,.!frame.!entry
demo_session_04,31,1786094374.5131552,move,155,371,.!frame.!entry
demo_session_04,31,1786094374.5631552,move,152,356,.!frame.!entry
demo_session_04,31,1786094374.6131551,move,162,358,.!frame.!entry
demo_session_04,31,1786094374.663155,move,166,348,.!frame.!entry
demo_session_04,31,1786094374.713155,move,159,371,.!frame.!entry
demo_session_04,31,1786094374.763155,move,175,357,.!frame.!entry
demo_session_04,31,1786094374.813155,move,159,379,.!frame.!entry
demo_session_04,31,1786094374.863155,move,172,351,.!frame.!entry
demo_session_04,31,1786094374.9131548,move,166,364,.!frame.!entry
demo_session_04,31,1786094374.9631548,move,174,348,.!frame.!entry
demo_session_04,31,1786094375.0131547,move,179,385,.!frame.!entry
demo_session_04,31,1786094375.0631547,move,184,356,.!frame.!entry
demo_session_04,31,1786094375.1131546,move,169,362,.!frame.!entry
demo_session_04,31,1786094375.1631546,move,172,348,.!frame.!entry
demo_session_04,31,1786094375.2131546,move,192,364,.!frame.!entry
demo_session_04,31,1786094375.2631545,move,192,359,.!frame.!entry
demo_session_04,31,1786094375.3131545,move,183,342,.!frame.!entry
demo_session_04,31,1786094375.3631544,move,181,366,.!frame.!entry
demo_session_04,31,1786094375.4131544,move,199,355,.!frame.!entry
demo_session_04,31,1786094375.4631543,move,195,345,.!frame.!entry
demo_session_04,31,1786094375.5131543,move,189,365,.!frame.!entry
demo_session_04,31,1786094375.5631542,move,207,347,.!frame.!entry
demo_session_04,31,1786094375.6131542,move,206,354,.!frame.!entry
demo_session_04,31,1786094375.6631541,move,191,369,.!frame.!entry
demo_session_04,31,1786094375.713154,move,202,350,.!frame.!entry
demo_session_04,31,1786094375.763154,move,209,348,.!frame.!entry
demo_session_04,31,1786094375.813154,move,197,343,.!frame.!entry
demo_session_04,31,1786094375.863154,move,194,369,.!frame.!entry
demo_session_04,31,1786094375.913154,move,203,356,.!frame.!entry
demo_session_04,31,1786094375.9631538,move,206,362,.!frame.!entry
demo_session_04,31,1786094376.0131538,move,206,340,.!frame.!entry
demo_session_04,31,1786094376.0631537,move,217,353,.!frame.!entry
demo_session_04,31,1786094376.1131537,move,203,355,.!frame.!entry
demo_session_04,31,1786094376.1631536,move,208,340,.!frame.!entry
demo_session_04,31,1786094376.2131536,move,226,337,.!frame.!entry
demo_session_04,31,1786094376.2631536,move,220,353,.!frame.!entry
demo_session_04,31,1786094376.3131535,move,207,349,.!frame.!entry
demo_session_04,31,1786094376.3631535,move,221,354,.!frame.!entry
demo_session_04,31,1786094376.4131534,move,228,351,.!frame.!entry
demo_session_04,31,1786094376.4631534,move,209,353,.!frame.!entry
demo_session_04,31,1786094376.5131533,move,230,350,.!frame.!entry
demo_session_04,31,1786094376.5631533,move,225,356,.!frame.!entry
demo_session_04,31,1786094376.6131532,move,218,350,.!frame.!entry
demo_session_04,31,1786094376.6631532,move,239,339,.!frame.!entry
demo_session_04,31,1786094376.7131531,move,237,345,.!frame.!entry
demo_session_04,31,1786094376.763153,move,231,321,.!frame.!entry
demo_session_04,31,1786094376.813153,move,230,348,.!frame.!entry
demo_session_04,31,1786094376.863153,move,241,361,.!frame.!entry
demo_session_04,31,1786094376.913153,move,231,363,.!frame.!entry
demo_session_04,31,1786094376.963153,move,237,346,.!frame.!entry
demo_session_04,31,1786094377.0131528,move,247,338,.!frame.!entry
demo_session_04,31,1786094377.0631528,move,237,336,.!frame.!entry
demo_session_04,31,1786094377.1131527,move,227,359,.!frame.!entry
demo_session_04,31,1786094377.1631527,move,249,344,.!frame.!entry
demo_session_04,31,1786094377.2131526,move,225,328,.!frame.!entry
demo_session_04,31,1786094377.2631526,move,253,333,.!frame.!entry
demo_session_04,31,1786094377.3131526,move,259,338,.!frame.!entry
demo_session_04,31,1786094377.3631525,move,241,353,.!frame.!entry
demo_session_04,31,1786094377.4131525,move,254,339,.!frame.!entry
demo_session_04,31,1786094377.4631524,move,245,333,.!frame.!entry
demo_session_04,31,1786094377.5131524,move,274,329,.!frame.!entry
demo_session_04,31,1786094377.5631523,move,272,335,.!frame.!entry
demo_session_04,31,1786094377.6131523,move,264,333,.!frame.!entry
demo_session_04,31,1786094377.6631522,move,257,347,.!frame.!entry
demo_session_04,31,1786094377.7131522,move,254,338,.!frame.!entry
demo_session_04,31,1786094377.7631521,move,258,327,.!frame.!entry
demo_session_04,31,1786094377.813152,move,267,328,.!frame.!entry
demo_session_04,31,1786094377.863152,move,268,334,.!frame.!entry
demo_session_04,31,1786094377.913152,move,256,338,.!frame.!entry
demo_session_04,31,1786094377.963152,move,260,343,.!frame.!entry
demo_session_04,31,1786094378.013152,move,269,327,.!frame.!entry
demo_session_04,31,1786094378.0631518,move,279,355,.!frame.!entry
demo_session_04,31,1786094378.1131518,move,274,330,.!frame.!entry
demo_session_04,31,1786094378.1631517,move,282,331,.!frame.!entry
demo_session_04,31,1786094378.2131517,move,295,346,.!frame.!entry
demo_session_04,31,1786094378.2631516,move,298,323,.!frame.!entry
demo_session_04,31,1786094378.3131516,move,297,331,.!frame.!entry
demo_session_04,31,1786094378.3631516,move,300,343,.!frame.!entry
demo_session_04,31,1786094378.4131515,move,293,343,.!frame.!entry
demo_session_04,31,1786094378.4631515,move,284,335,.!frame.!button
demo_session_04,31,1786094378.5131514,move,295,339,.!frame.!button
demo_session_04,31,1786094378.5631514,move,297,328,.!frame.!button
demo_session_04,31,1786094378.6131513,move,299,321,.!frame.!button
demo_session_04,31,1786094378.6631513,move,308,341,.!frame.!button
demo_session_04,31,1786094378.7131512,move,284,337,.!frame.!button
demo_session_04,31,1786094378.7631512,move,296,320,.!frame.!button
demo_session_04,31,1786094378.8131511,move,312,329,.!frame.!button
demo_session_04,31,1786094378.863151,move,300,324,.!frame.!button
demo_session_04,31,1786094378.913151,move,304,338,.!frame.!button
demo_session_04,31,1786094378.963151,move,316,341,.!frame.!button
demo_session_04,31,1786094379.013151,move,308,343,.!frame.!button
demo_session_04,31,1786094379.063151,move,309,328,.!frame.!button
demo_session_04,31,1786094379.1131508,move,314,329,.!frame.!button
demo_session_04,31,1786094379.1631508,move,305,333,.!frame.!button
demo_session_04,31,1786094379.2131507,move,303,335,.!frame.!button
demo_session_04,31,1786094379.2631507,move,303,320,.!frame.!button
demo_session_04,31,1786094379.3131506,move,320,319,.!frame.!button
demo_session_04,31,1786094379.3631506,move,301,332,.!frame.!button
demo_session_04,31,1786094379.4131505,move,318,311,.!frame.!button
demo_session_04,31,1786094379.4631505,move,330,322,.!frame.!button
demo_session_04,31,1786094379.5131505,move,332,325,.!frame.!button
demo_session_04,31,1786094379.5631504,move,322,325,.!frame.!button
demo_session_04,31,1786094379.6131504,move,333,333,.!frame.!button
demo_session_04,31,1786094379.6631503,move,340,328,.!frame.!button
demo_session_04,31,1786094379.7131503,move,329,324,.!frame.!button
demo_session_04,31,1786094379.7631502,move,336,337,.!frame.!button
demo_session_04,31,1786094379.8131502,move,319,332,.!frame.!button
demo_session_04,31,1786094379.8631501,move,337,327,.!frame.!button
demo_session_04,31,1786094379.91315,move,352,332,.!frame.!button
demo_session_04,31,1786094379.96315,move,320,327,.!frame.!button
demo_session_04,31,1786094380.01315,move,341,333,.!frame.!button
demo_session_04,31,1786094380.06315,move,368,315,.!frame.!button
demo_session_04,31,1786094380.11315,move,333,322,.!frame.!button
demo_session_04,31,1786094380.1631498,move,350,312,.!frame.!button
demo_session_04,31,1786094380.2131498,move,340,308,.!frame.!button
demo_session_04,31,1786094380.2631497,move,354,325,.!frame.!button
demo_session_04,31,1786094380.3248322,click,352,322,.!frame.!button
demo_session_04,32,1786094380.3248322,move,121,311,.!frame.!entry
demo_session_04,32,1786094380.3748322,move,115,305,.!frame.!entry
demo_session_04,32,1786094380.424832,move,122,301,.!frame.!entry
demo_session_04,32,1786094380.474832,move,107,324,.!frame.!entry
demo_session_04,32,1786094380.524832,move,132,304,.!frame.!entry
demo_session_04,32,1786094380.574832,move,122,299,.!frame.!entry
demo_session_04,32,1786094380.624832,move,122,307,.!frame.!entry
demo_session_04,32,1786094380.6748319,move,141,307,.!frame.!entry
demo_session_04,32,1786094380.7248318,move,136,299,.!frame.!entry
demo_session_04,32,1786094380.7748318,move,142,298,.!frame.!entry
demo_session_04,32,1786094380.8248317,move,132,293,.!frame.!entry
demo_session_04,32,1786094380.8748317,move,125,300,.!frame.!entry
demo_session_04,32,1786094380.9248316,move,141,301,.!frame.!entry
demo_session_04,32,1786094380.9748316,move,141,314,.!frame.!entry
demo_session_04,32,1786094381.0248315,move,146,311,.!frame.!entry
demo_session_04,32,1786094381.0748315,move,153,302,.!frame.!entry
demo_session_04,32,1786094381.1248314,move,137,318,.!frame.!entry
demo_session_04,32,1786094381.1748314,move,153,300,.!frame.!entry
demo_session_04,32,1786094381.2248313,move,147,306,.!frame.!entry
demo_session_04,32,1786094381.2748313,move,163,311,.!frame.!entry
demo_session_04,32,1786094381.3248312,move,162,307,.!frame.!entry
demo_session_04,32,1786094381.3748312,move,175,305,.!frame.!entry
demo_session_04,32,1786094381.4248312,move,165,306,.!frame.!entry
demo_session_04,32,1786094381.474831,move,168,307,.!frame.!entry
demo_session_04,32,1786094381.524831,move,172,303,.!frame.!entry
demo_session_04,32,1786094381.574831,move,167,306,.!frame.!entry
demo_session_04,32,1786094381.624831,move,167,307,.!frame.!entry
demo_session_04,32,1786094381.674831,move,178,296,.!frame.!entry
demo_session_04,32,1786094381.7248309,move,175,312,.!frame.!entry
demo_session_04,32,1786094381.7748308,move,176,309,.!frame.!entry
demo_session_04,32,1786094381.8248308,move,178,313,.!frame.!entry
demo_session_04,32,1786094381.8748307,move,176,321,.!frame.!entry
demo_session_04,32,1786094381.9248307,move,200,298,.!frame.!entry
demo_session_04,32,1786094381.9748306,move,189,313,.!frame.!entry
demo_session_04,32,1786094382.0248306,move,180,301,.!frame.!entry
demo_session_04,32,1786094382.0748305,move,182,305,.!frame.!entry
demo_session_04,32,1786094382.1248305,move,188,305,.!frame.!entry
demo_session_04,32,1786094382.1748304,move,191,320,.!frame.!entry
demo_session_04,32,1786094382.2248304,move,196,303,.!frame.!entry
demo_session_04,32,1786094382.2748303,move,197,314,.!frame.!entry
demo_session_04,32,1786094382.3248303,move,209,312,.!frame.!entry
demo_session_04,32,1786094382.3748302,move,186,319,.!frame.!entry
demo_session_04,32,1786094382.4248302,move,197,314,.!frame.!entry
demo_session_04,32,1786094382.4748302,move,200,319,.!frame.!entry
demo_session_04,32,1786094382.52483,move,197,315,.!frame.!entry
demo_session_04,32,1786094382.57483,move,206,316,.!frame.!entry
demo_session_04,32,1786094382.62483,move,221,321,.!frame.!entry
demo_session_04,32,1786094382.67483,move,211,301,.!frame.!entry
demo_session_04,32,1786094382.72483,move,215,299,.!frame.!entry
demo_session_04,32,1786094382.7748299,move,226,323,.!frame.!entry
demo_session_04,32,1786094382.8248298,move,198,312,.!frame.!entry
demo_session_04,32,1786094382.8748298,move,210,313,.!frame.!entry
demo_session_04,32,1786094382.9248297,move,224,307,.!frame.!entry
demo_session_04,32,1786094382.9748297,move,209,303,.!frame.!entry
demo_session_04,32,1786094383.0248296,move,219,304,.!frame.!entry
demo_session_04,32,1786094383.0748296,move,226,301,.!frame.!entry
demo_session_04,32,1786094383.1248295,move,242,312,.!frame.!entry
demo_session_04,32,1786094383.1748295,move,229,306,.!frame.!entry
demo_session_04,32,1786094383.2248294,move,229,315,.!frame.!entry
demo_session_04,32,1786094383.2748294,move,232,314,.!frame.!entry
demo_session_04,32,1786094383.3248293,move,235,313,.!frame.!entry
demo_session_04,32,1786094383.3748293,move,234,311,.!frame.!entry
demo_session_04,32,1786094383.4248292,move,244,307,.!frame.!entry
demo_session_04,32,1786094383.4748292,move,261,316,.!frame.!entry
demo_session_04,32,1786094383.5248291,move,255,296,.!frame.!entry
demo_session_04,32,1786094383.574829,move,245,308,.!frame.!entry
demo_session_04,32,1786094383.624829,move,245,309,.!frame.!entry
demo_session_04,32,1786094383.674829,move,242,305,.!frame.!entry
demo_session_04,32,1786094383.724829,move,251,310,.!frame.!entry
demo_session_04,32,1786094383.774829,move,257,319,.!frame.!entry
demo_session_04,32,1786094383.8248289,move,241,325,.!frame.!entry
demo_session_04,32,1786094383.8748288,move,256,319,.!frame.!entry
demo_session_04,32,1786094383.9248288,move,253,321,.!frame.!entry
demo_session_04,32,1786094383.9748287,move,265,312,.!frame.!entry
demo_session_04,32,1786094384.0248287,move,267,325,.!frame.!entry
demo_session_04,32,1786094384.0748286,move,280,316,.!frame.!entry
demo_session_04,32,1786094384.1248286,move,272,312,.!frame.!entry
demo_session_04,32,1786094384.1748285,move,261,320,.!frame.!entry
demo_session_04,32,1786094384.2248285,move,280,307,.!frame.!entry
demo_session_04,32,1786094384.2748284,move,278,327,.!frame.!entry
demo_session_04,32,1786094384.3248284,move,284,308,.!frame.!entry
demo_session_04,32,1786094384.3748283,move,289,305,.!frame.!entry
demo_session_04,32,1786094384.4248283,move,287,320,.!frame.!button
demo_session_04,32,1786094384.4748282,move,269,310,.!frame.!button
demo_session_04,32,1786094384.5248282,move,290,330,.!frame.!button
demo_session_04,32,1786094384.5748281,move,293,307,.!frame.!button
demo_session_04,32,1786094384.624828,move,282,315,.!frame.!button
demo_session_04,32,1786094384.674828,move,290,315,.!frame.!button
demo_session_04,32,1786094384.724828,move,288,306,.!frame.!button
demo_session_04,32,1786094384.774828,move,295,331,.!frame.!button
demo_session_04,32,1786094384.824828,move,296,316,.!frame.!button
demo_session_04,32,1786094384.8748279,move,298,318,.!frame.!button
demo_session_04,32,1786094384.9248278,move,308,307,.!frame.!button
demo_session_04,32,1786094384.9748278,move,298,321,.!frame.!button
demo_session_04,32,1786094385.0248277,move,308,319,.!frame.!button
demo_session_04,32,1786094385.0748277,move,318,325,.!frame.!button
demo_session_04,32,1786094385.1248276,move,304,310,.!frame.!button
demo_session_04,32,1786094385.1748276,move,321,312,.!frame.!button
demo_session_04,32,1786094385.2248275,move,294,307,.!frame.!button
demo_session_04,32,1786094385.2748275,move,306,312,.!frame.!button
demo_session_04,32,1786094385.3248274,move,322,320,.!frame.!button
demo_session_04,32,1786094385.3748274,move,332,323,.!frame.!button
demo_session_04,32,1786094385.4248273,move,311,320,.!frame.!button
demo_session_04,32,1786094385.4748273,move,321,317,.!frame.!button
demo_session_04,32,1786094385.5248272,move,334,315,.!frame.!button
demo_session_04,32,1786094385.5748272,move,326,334,.!frame.!button
demo_session_04,32,1786094385.6248271,move,325,326,.!frame.!button
demo_session_04,32,1786094385.674827,move,320,325,.!frame.!button
demo_session_04,32,1786094385.724827,move,335,315,.!frame.!button
demo_session_04,32,1786094385.774827,move,325,331,.!frame.!button
demo_session_04,32,1786094385.824827,move,344,322,.!frame.!button
demo_session_04,32,1786094385.874827,move,335,327,.!frame.!button
demo_session_04,32,1786094385.9248269,move,348,306,.!frame.!button
demo_session_04,32,1786094385.9748268,move,346,310,.!frame.!button
demo_session_04,32,1786094386.0248268,move,348,313,.!frame.!button
demo_session_04,32,1786094386.0748267,move,353,327,.!frame.!button
demo_session_04,32,1786094386.1248267,move,346,312,.!frame.!button
demo_session_04,32,1786094386.2234216,click,344,314,.!frame.!button
demo_session_04,33,1786094386.2234216,move,377,110,.!frame.!entry
demo_session_04,33,1786094386.2734215,move,379,111,.!frame.!entry
demo_session_04,33,1786094386.3234215,move,360,108,.!frame.!entry
demo_session_04,33,1786094386.3734214,move,370,99,.!frame.!entry
demo_session_04,33,1786094386.4234214,move,379,116,.!frame.!entry
demo_session_04,33,1786094386.4734213,move,368,113,.!frame.!entry
demo_session_04,33,1786094386.5234213,move,365,106,.!frame.!entry
demo_session_04,33,1786094386.5734212,move,371,116,.!frame.!entry
demo_session_04,33,1786094386.6234212,move,372,114,.!frame.!entry
demo_session_04,33,1786094386.6734211,move,369,117,.!frame.!entry
demo_session_04,33,1786094386.723421,move,378,115,.!frame.!entry
demo_session_04,33,1786094386.773421,move,378,123,.!frame.!entry
demo_session_04,33,1786094386.823421,move,364,115,.!frame.!entry
demo_session_04,33,1786094386.873421,move,379,120,.!frame.!entry
demo_session_04,33,1786094386.923421,move,359,143,.!frame.!entry
demo_session_04,33,1786094386.9734209,move,371,129,.!frame.!entry
demo_session_04,33,1786094387.0234208,move,351,140,.!frame.!entry
demo_session_04,33,1786094387.0734208,move,361,150,.!frame.!entry
demo_session_04,33,1786094387.1234207,move,374,139,.!frame.!entry
demo_session_04,33,1786094387.1734207,move,352,139,.!frame.!entry
demo_session_04,33,1786094387.2234206,move,369,153,.!frame.!entry
demo_session_04,33,1786094387.2734206,move,373,149,.!frame.!entry
demo_session_04,33,1786094387.3234205,move,364,160,.!frame.!entry
demo_session_04,33,1786094387.3734205,move,372,154,.!frame.!entry
demo_session_04,33,1786094387.4234204,move,372,159,.!frame.!entry
demo_session_04,33,1786094387.4734204,move,354,160,.!frame.!entry
demo_session_04,33,1786094387.5234203,move,366,154,.!frame.!entry
demo_session_04,33,1786094387.5734203,move,356,167,.!frame.!entry
demo_session_04,33,1786094387.6234202,move,353,168,.!frame.!entry
demo_session_04,33,1786094387.6734202,move,372,158,.!frame.!entry
demo_session_04,33,1786094387.7234201,move,356,173,.!frame.!entry
demo_session_04,33,1786094387.77342,move,371,169,.!frame.!entry
demo_session_04,33,1786094387.82342,move,355,160,.!frame.!entry
demo_session_04,33,1786094387.87342,move,364,174,.!frame.!entry
demo_session_04,33,1786094387.92342,move,362,178,.!frame.!entry
demo_session_04,33,1786094387.97342,move,394,173,.!frame.!entry
demo_session_04,33,1786094388.0234199,move,372,189,.!frame.!entry
demo_session_04,33,1786094388.0734198,move,371,182,.!frame.!entry
demo_session_04,33,1786094388.1234198,move,356,196,.!frame.!entry
demo_session_04,33,1786094388.1734197,move,381,184,.!frame.!entry
demo_session_04,33,1786094388.2234197,move,365,196,.!frame.!entry
demo_session_04,33,1786094388.2734196,move,354,202,.!frame.!entry
demo_session_04,33,1786094388.3234196,move,364,181,.!frame.!entry
demo_session_04,33,1786094388.3734195,move,362,197,.!frame.!entry
demo_session_04,33,1786094388.4234195,move,380,195,.!frame.!entry
demo_session_04,33,1786094388.4734194,move,358,213,.!frame.!entry
demo_session_04,33,1786094388.5234194,move,354,199,.!frame.!entry
demo_session_04,33,1786094388.5734193,move,357,212,.!frame.!entry
demo_session_04,33,1786094388.6234193,move,357,208,.!frame.!entry
demo_session_04,33,1786094388.6734192,move,370,222,.!frame.!entry
demo_session_04,33,1786094388.7234192,move,351,205,.!frame.!entry
demo_session_04,33,1786094388.7734191,move,352,199,.!frame.!entry
demo_session_04,33,1786094388.823419,move,349,214,.!frame.!entry
demo_session_04,33,1786094388.873419,move,372,203,.!frame.!entry
demo_session_04,33,1786094388.923419,move,361,219,.!frame.!entry
demo_session_04,33,1786094388.973419,move,356,231,.!frame.!entry
demo_session_04,33,1786094389.023419,move,358,213,.!frame.!entry
demo_session_04,33,1786094389.0734189,move,364,219,.!frame.!entry
demo_session_04,33,1786094389.1234188,move,370,213,.!frame.!entry
demo_session_04,33,1786094389.1734188,move,346,212,.!frame.!entry
demo_session_04,33,1786094389.2234187,move,355,232,.!frame.!entry
demo_session_04,33,1786094389.2734187,move,362,227,.!frame.!entry
demo_session_04,33,1786094389.3234186,move,354,238,.!frame.!entry
demo_session_04,33,1786094389.3734186,move,366,250,.!frame.!entry
demo_session_04,33,1786094389.4234185,move,347,244,.!frame.!entry
demo_session_04,33,1786094389.4734185,move,365,224,.!frame.!entry
demo_session_04,33,1786094389.5234184,move,358,241,.!frame.!entry
demo_session_04,33,1786094389.5734184,move,355,253,.!frame.!entry
demo_session_04,33,1786094389.6234183,move,356,244,.!frame.!entry
demo_session_04,33,1786094389.6734183,move,345,264,.!frame.!entry
demo_session_04,33,1786094389.7234182,move,361,250,.!frame.!entry
demo_session_04,33,1786094389.7734182,move,353,248,.!frame.!entry
demo_session_04,33,1786094389.8234181,move,357,257,.!frame.!entry
demo_session_04,33,1786094389.873418,move,358,260,.!frame.!button
demo_session_04,33,1786094389.923418,move,360,265,.!frame.!button
demo_session_04,33,1786094389.973418,move,349,257,.!frame.!button
demo_session_04,33,1786094390.023418,move,364,251,.!frame.!button
demo_session_04,33,1786094390.073418,move,366,255,.!frame.!button
demo_session_04,33,1786094390.1234179,move,364,268,.!frame.!button
demo_session_04,33,1786094390.1734178,move,345,264,.!frame.!button
demo_session_04,33,1786094390.2234178,move,355,269,.!frame.!button
demo_session_04,33,1786094390.2734177,move,361,277,.!frame.!button
demo_session_04,33,1786094390.3234177,move,366,279,.!frame.!button
demo_session_04,33,1786094390.3734176,move,347,273,.!frame.!button
demo_session_04,33,1786094390.4234176,move,356,288,.!frame.!button
demo_session_04,33,1786094390.4734175,move,347,297,.!frame.!button
demo_session_04,33,1786094390.5234175,move,355,274,.!frame.!button
demo_session_04,33,1786094390.5734174,move,339,261,.!frame.!button
demo_session_04,33,1786094390.6234174,move,348,288,.!frame.!button
demo_session_04,33,1786094390.6734173,move,351,287,.!frame.!button
demo_session_04,33,1786094390.7234173,move,357,299,.!frame.!button
demo_session_04,33,1786094390.7734172,move,343,301,.!frame.!button
demo_session_04,33,1786094390.8234172,move,334,305,.!frame.!button
demo_session_04,33,1786094390.8734171,move,346,299,.!frame.!button
demo_session_04,33,1786094390.923417,move,358,302,.!frame.!button
demo_session_04,33,1786094390.973417,move,359,299,.!frame.!button
demo_session_04,33,1786094391.023417,move,356,297,.!frame.!button
demo_session_04,33,1786094391.073417,move,339,311,.!frame.!button
demo_session_04,33,1786094391.123417,move,357,304,.!frame.!button
demo_session_04,33,1786094391.1734169,move,361,311,.!frame.!button
demo_session_04,33,1786094391.2234168,move,342,311,.!frame.!button
demo_session_04,33,1786094391.2734168,move,343,306,.!frame.!button
demo_session_04,33,1786094391.3234167,move,346,310,.!frame.!button
demo_session_04,33,1786094391.3734167,move,358,309,.!frame.!button
demo_session_04,33,1786094391.445226,click,348,318,.!frame.!button
demo_session_04,34,1786094391.445226,move,478,157,.!frame.!entry
demo_session_04,34,1786094391.495226,move,497,163,.!frame.!entry
demo_session_04,34,1786094391.5452259,move,476,153,.!frame.!entry
demo_session_04,34,1786094391.5952258,move,484,163,.!frame.!entry
demo_session_04,34,1786094391.6452258,move,486,179,.!frame.!entry
demo_session_04,34,1786094391.6952257,move,472,181,.!frame.!entry
demo_session_04,34,1786094391.7452257,move,474,167,.!frame.!entry
demo_session_04,34,1786094391.7952256,move,460,172,.!frame.!entry
demo_session_04,34,1786094391.8452256,move,475,192,.!frame.!entry
demo_session_04,34,1786094391.8952255,move,490,175,.!frame.!entry
demo_session_04,34,1786094391.9452255,move,485,177,.!frame.!entry
demo_session_04,34,1786094391.9952254,move,469,176,.!frame.!entry
demo_session_04,34,1786094392.0452254,move,471,189,.!frame.!entry
demo_session_04,34,1786094392.0952253,move,481,170,.!frame.!entry
demo_session_04,34,1786094392.1452253,move,485,183,.!frame.!entry
demo_session_04,34,1786094392.1952252,move,466,192,.!frame.!entry
demo_session_04,34,1786094392.2452252,move,463,195,.!frame.!entry
demo_session_04,34,1786094392.2952251,move,467,178,.!frame.!entry
demo_session_04,34,1786094392.345225,move,480,189,.!frame.!entry
demo_session_04,34,1786094392.395225,move,459,184,.!frame.!entry
demo_session_04,34,1786094392.445225,move,467,202,.!frame.!entry
demo_session_04,34,1786094392.495225,move,463,193,.!frame.!entry
demo_session_04,34,1786094392.545225,move,464,197,.!frame.!entry
demo_session_04,34,1786094392.5952249,move,456,202,.!frame.!entry
demo_session_04,34,1786094392.6452248,move,478,188,.!frame.!entry
demo_session_04,34,1786094392.6952248,move,437,180,.!frame.!entry
demo_session_04,34,1786094392.7452247,move,455,196,.!frame.!entry
demo_session_04,34,1786094392.7952247,move,442,205,.!frame.!entry
demo_session_04,34,1786094392.8452246,move,460,221,.!frame.!entry
demo_session_04,34,1786094392.8952246,move,453,202,.!frame.!entry
demo_session_04,34,1786094392.9452245,move,443,191,.!frame.!entry
demo_session_04,34,1786094392.9952245,move,448,209,.!frame.!entry
demo_session_04,34,1786094393.0452244,move,459,212,.!frame.!entry
demo_session_04,34,1786094393.0952244,move,449,207,.!frame.!entry
demo_session_04,34,1786094393.1452243,move,450,207,.!frame.!entry
demo_session_04,34,1786094393.1952243,move,437,221,.!frame.!entry
demo_session_04,34,1786094393.2452242,move,438,205,.!frame.!entry
demo_session_04,34,1786094393.2952242,move,420,212,.!frame.!entry
demo_session_04,34,1786094393.3452241,move,427,223,.!frame.!entry
demo_session_04,34,1786094393.395224,move,448,224,.!frame.!entry
demo_session_04,34,1786094393.445224,move,443,215,.!frame.!entry
demo_session_04,34,1786094393.495224,move,422,224,.!frame.!entry
demo_session_04,34,1786094393.545224,move,441,218,.!frame.!entry
demo_session_04,34,1786094393.595224,move,442,219,.!frame.!entry
demo_session_04,34,1786094393.6452239,move,425,230,.!frame.!entry
demo_session_04,34,1786094393.6952238,move,410,224,.!frame.!entry
demo_session_04,34,1786094393.7452238,move,440,214,.!frame.!entry
demo_session_04,34,1786094393.7952237,move,434,240,.!frame.!entry
demo_session_04,34,1786094393.8452237,move,435,241,.!frame.!entry
demo_session_04,34,1786094393.8952236,move,450,238,.!frame.!entry
demo_session_04,34,1786094393.9452236,move,431,228,.!frame.!entry
demo_session_04,34,1786094393.9952235,move,403,238,.!frame.!entry
demo_session_04,34,1786094394.0452235,move,435,239,.!frame.!entry
demo_session_04,34,1786094394.0952234,move,429,248,.!frame.!entry
demo_session_04,34,1786094394.1452234,move,433,251,.!frame.!entry
demo_session_04,34,1786094394.1952233,move,433,232,.!frame.!entry
demo_session_04,34,1786094394.2452233,move,409,243,.!frame.!entry
demo_session_04,34,1786094394.2952232,move,399,254,.!frame.!entry
demo_session_04,34,1786094394.3452232,move,414,237,.!frame.!entry
demo_session_04,34,1786094394.3952231,move,427,256,.!frame.!entry
demo_session_04,34,1786094394.445223,move,420,248,.!frame.!entry
demo_session_04,34,1786094394.495223,move,403,235,.!frame.!entry
demo_session_04,34,1786094394.545223,move,424,235,.!frame.!entry
demo_session_04,34,1786094394.595223,move,415,247,.!frame.!entry
demo_session_04,34,1786094394.645223,move,417,254,.!frame.!entry
demo_session_04,34,1786094394.6952229,move,409,250,.!frame.!entry
demo_session_04,34,1786094394.7452228,move,420,263,.!frame.!entry
demo_session_04,34,1786094394.7952228,move,391,255,.!frame.!entry
demo_session_04,34,1786094394.8452227,move,407,255,.!frame.!entry
demo_session_04,34,1786094394.8952227,move,410,269,.!frame.!entry
demo_session_04,34,1786094394.9452226,move,404,265,.!frame.!entry
demo_session_04,34,1786094394.9952226,move,399,275,.!frame.!entry
demo_session_04,34,1786094395.0452225,move,397,282,.!frame.!entry
demo_session_04,34,1786094395.0952225,move,399,279,.!frame.!entry
demo_session_04,34,1786094395.1452224,move,383,272,.!frame.!entry
demo_session_04,34,1786094395.1952224,move,388,269,.!frame.!entry
demo_session_04,34,1786094395.2452223,move,387,262,.!frame.!entry
demo_session_04,34,1786094395.2952223,move,381,272,.!frame.!entry
demo_session_04,34,1786094395.3452222,move,391,273,.!frame.!entry
demo_session_04,34,1786094395.3952222,move,396,271,.!frame.!button
demo_session_04,34,1786094395.4452221,move,408,288,.!frame.!button
demo_session_04,34,1786094395.495222,move,387,276,.!frame.!button
demo_session_04,34,1786094395.545222,move,392,286,.!frame.!button
demo_session_04,34,1786094395.595222,move,387,280,.!frame.!button
demo_session_04,34,1786094395.645222,move,411,293,.!frame.!button
demo_session_04,34,1786094395.695222,move,392,283,.!frame.!button
demo_session_04,34,1786094395.7452219,move,371,286,.!frame.!button
demo_session_04,34,1786094395.7952218,move,378,293,.!frame.!button
demo_session_04,34,1786094395.8452218,move,389,294,.!frame.!button
demo_session_04,34,1786094395.8952217,move,380,289,.!frame.!button
demo_session_04,34,1786094395.9452217,move,369,280,.!frame.!button
demo_session_04,34,1786094395.9952216,move,385,290,.!frame.!button
demo_session_04,34,1786094396.0452216,move,382,291,.!frame.!button
demo_session_04,34,1786094396.0952215,move,383,289,.!frame.!button
demo_session_04,34,1786094396.1452215,move,377,305,.!frame.!button
demo_session_04,34,1786094396.1952214,move,387,295,.!frame.!button
demo_session_04,34,1786094396.2452214,move,364,314,.!frame.!button
demo_session_04,34,1786094396.2952213,move,385,300,.!frame.!button
demo_session_04,34,1786094396.3452213,move,362,291,.!frame.!button
demo_session_04,34,1786094396.3952212,move,374,313,.!frame.!button
demo_session_04,34,1786094396.4452212,move,367,296,.!frame.!button
demo_session_04,34,1786094396.4952211,move,376,300,.!frame.!button
demo_session_04,34,1786094396.545221,move,363,294,.!frame.!button
demo_session_04,34,1786094396.595221,move,355,329,.!frame.!button
demo_session_04,34,1786094396.645221,move,356,299,.!frame.!button
demo_session_04,34,1786094396.695221,move,356,318,.!frame.!button
demo_session_04,34,1786094396.745221,move,356,295,.!frame.!button
demo_session_04,34,1786094396.7952209,move,352,320,.!frame.!button
demo_session_04,34,1786094396.8452208,move,339,302,.!frame.!button
demo_session_04,34,1786094396.8952208,move,375,328,.!frame.!button
demo_session_04,34,1786094396.9452207,move,345,332,.!frame.!button
demo_session_04,34,1786094396.9952207,move,366,312,.!frame.!button
demo_session_04,34,1786094397.0452206,move,360,333,.!frame.!button
demo_session_04,34,1786094397.1439326,click,345,315,.!frame.!button
demo_session_04,35,1786094397.1439326,move,381,294,.!frame.!entry
demo_session_04,35,1786094397.1939325,move,368,291,.!frame.!entry
demo_session_04,35,1786094397.2439325,move,348,310,.!frame.!entry
demo_session_04,35,1786094397.2939324,move,369,300,.!frame.!entry
demo_session_04,35,1786094397.3439324,move,360,278,.!frame.!entry
demo_session_04,35,1786094397.3939323,move,355,301,.!frame.!entry
demo_session_04,35,1786094397.4439323,move,364,313,.!frame.!entry
demo_session_04,35,1786094397.4939322,move,368,300,.!frame.!entry
demo_session_04,35,1786094397.5439322,move,373,283,.!frame.!entry
demo_session_04,35,1786094397.5939322,move,358,312,.!frame.!entry
demo_session_04,35,1786094397.643932,move,359,303,.!frame.!entry
demo_session_04,35,1786094397.693932,move,367,296,.!frame.!entry
demo_session_04,35,1786094397.743932,move,348,310,.!frame.!entry
demo_session_04,35,1786094397.793932,move,380,302,.!frame.!entry
demo_session_04,35,1786094397.843932,move,374,299,.!frame.!entry
demo_session_04,35,1786094397.8939319,move,357,292,.!frame.!entry
demo_session_04,35,1786094397.9439318,move,372,292,.!frame.!entry
demo_session_04,35,1786094397.9939318,move,366,293,.!frame.!entry
demo_session_04,35,1786094398.0439317,move,367,318,.!frame.!entry
demo_session_04,35,1786094398.0939317,move,372,300,.!frame.!entry
demo_session_04,35,1786094398.1439316,move,352,309,.!frame.!entry
demo_session_04,35,1786094398.1939316,move,360,294,.!frame.!entry
demo_session_04,35,1786094398.2439315,move,356,303,.!frame.!entry
demo_session_04,35,1786094398.2939315,move,377,295,.!frame.!entry
demo_session_04,35,1786094398.3439314,move,366,311,.!frame.!entry
demo_session_04,35,1786094398.3939314,move,363,330,.!frame.!entry
demo_session_04,35,1786094398.4439313,move,371,296,.!frame.!entry
demo_session_04,35,1786094398.4939313,move,374,314,.!frame.!entry
demo_session_04,35,1786094398.5439312,move,362,315,.!frame.!entry
demo_session_04,35,1786094398.5939312,move,355,293,.!frame.!entry
demo_session_04,35,1786094398.6439312,move,367,310,.!frame.!entry
demo_session_04,35,1786094398.693931,move,370,310,.!frame.!entry
demo_session_04,35,1786094398.743931,move,381,296,.!frame.!entry
demo_session_04,35,1786094398.793931,move,357,311,.!frame.!entry
demo_session_04,35,1786094398.843931,move,377,294,.!frame.!entry
demo_session_04,35,1786094398.893931,move,356,304,.!frame.!entry
demo_session_04,35,1786094398.9439309,move,358,315,.!frame.!entry
demo_session_04,35,1786094398.9939308,move,358,303,.!frame.!entry
demo_session_04,35,1786094399.0439308,move,378,321,.!frame.!entry
demo_session_04,35,1786094399.0939307,move,376,308,.!frame.!entry
demo_session_04,35,1786094399.1439307,move,369,318,.!frame.!entry
demo_session_04,35,1786094399.1939306,move,359,311,.!frame.!entry
demo_session_04,35,1786094399.2439306,move,349,309,.!frame.!entry
demo_session_04,35,1786094399.2939305,move,351,303,.!frame.!entry
demo_session_04,35,1786094399.3439305,move,362,311,.!frame.!entry
demo_session_04,35,1786094399.3939304,move,361,306,.!frame.!entry
demo_session_04,35,1786094399.4439304,move,359,297,.!frame.!entry
demo_session_04,35,1786094399.4939303,move,344,314,.!frame.!entry
demo_session_04,35,1786094399.5439303,move,372,305,.!frame.!entry
demo_session_04,35,1786094399.5939302,move,367,308,.!frame.!entry
demo_session_04,35,1786094399.6439302,move,364,309,.!frame.!entry
demo_session_04,35,1786094399.6939301,move,359,302,.!frame.!entry
demo_session_04,35,1786094399.74393,move,353,323,.!frame.!entry
demo_session_04,35,1786094399.79393,move,376,313,.!frame.!entry
demo_session_04,35,1786094399.84393,move,364,317,.!frame.!entry
demo_session_04,35,1786094399.89393,move,363,319,.!frame.!entry
demo_session_04,35,1786094399.94393,move,356,288,.!frame.!entry
demo_session_04,35,1786094399.9939299,move,359,306,.!frame.!entry
demo_session_04,35,1786094400.0439298,move,366,307,.!frame.!entry
demo_session_04,35,1786094400.0939298,move,382,311,.!frame.!entry
demo_session_04,35,1786094400.1439297,move,353,312,.!frame.!entry
demo_session_04,35,1786094400.1939297,move,371,319,.!frame.!entry
demo_session_04,35,1786094400.2439296,move,353,314,.!frame.!entry
demo_session_04,35,1786094400.2939296,move,366,319,.!frame.!entry
demo_session_04,35,1786094400.3439295,move,362,301,.!frame.!entry
demo_session_04,35,1786094400.3939295,move,354,327,.!frame.!entry
demo_session_04,35,1786094400.4439294,move,360,314,.!frame.!entry
demo_session_04,35,1786094400.4939294,move,358,308,.!frame.!entry
demo_session_04,35,1786094400.5439293,move,353,327,.!frame.!entry
demo_session_04,35,1786094400.5939293,move,370,306,.!frame.!entry
demo_session_04,35,1786094400.6439292,move,368,319,.!frame.!entry
demo_session_04,35,1786094400.6939292,move,364,329,.!frame.!entry
demo_session_04,35,1786094400.7439291,move,357,317,.!frame.!entry
demo_session_04,35,1786094400.793929,move,347,315,.!frame.!entry
demo_session_04,35,1786094400.843929,move,354,308,.!frame.!entry
demo_session_04,35,1786094400.893929,move,352,299,.!frame.!entry
demo_session_04,35,1786094400.943929,move,361,310,.!frame.!entry
demo_session_04,35,1786094400.993929,move,357,323,.!frame.!entry
demo_session_04,35,1786094401.0439289,move,351,328,.!frame.!entry
demo_session_04,35,1786094401.0939288,move,340,308,.!frame.!entry
demo_session_04,35,1786094401.1439288,move,359,315,.!frame.!button
demo_session_04,35,1786094401.1939287,move,342,304,.!frame.!button
demo_session_04,35,1786094401.2439287,move,370,305,.!frame.!button
demo_session_04,35,1786094401.2939286,move,357,325,.!frame.!button
demo_session_04,35,1786094401.3439286,move,348,324,.!frame.!button
demo_session_04,35,1786094401.3939285,move,355,320,.!frame.!button
demo_session_04,35,1786094401.4439285,move,366,327,.!frame.!button
demo_session_04,35,1786094401.4939284,move,357,311,.!frame.!button
demo_session_04,35,1786094401.5439284,move,350,336,.!frame.!button
demo_session_04,35,1786094401.5939283,move,344,316,.!frame.!button
demo_session_04,35,1786094401.6439283,move,356,317,.!frame.!button
demo_session_04,35,1786094401.6939282,move,348,309,.!frame.!button
demo_session_04,35,1786094401.7439282,move,357,307,.!frame.!button
demo_session_04,35,1786094401.7939281,move,355,321,.!frame.!button
demo_session_04,35,1786094401.843928,move,340,317,.!frame.!button
demo_session_04,35,1786094401.893928,move,352,321,.!frame.!button
demo_session_04,35,1786094401.943928,move,367,318,.!frame.!button
demo_session_04,35,1786094401.993928,move,370,318,.!frame.!button
demo_session_04,35,1786094402.043928,move,358,315,.!frame.!button
demo_session_04,35,1786094402.0939279,move,339,317,.!frame.!button
demo_session_04,35,1786094402.1439278,move,340,317,.!frame.!button
demo_session_04,35,1786094402.1939278,move,351,318,.!frame.!button
demo_session_04,35,1786094402.2439277,move,347,307,.!frame.!button
demo_session_04,35,1786094402.2939277,move,354,334,.!frame.!button
demo_session_04,35,1786094402.3439276,move,358,311,.!frame.!button
demo_session_04,35,1786094402.3939276,move,346,314,.!frame.!button
demo_session_04,35,1786094402.4439275,move,369,312,.!frame.!button
demo_session_04,35,1786094402.4939275,move,343,325,.!frame.!button
demo_session_04,35,1786094402.5439274,move,356,308,.!frame.!button
demo_session_04,35,1786094402.5939274,move,352,319,.!frame.!button
demo_session_04,35,1786094402.6439273,move,347,322,.!frame.!button
demo_session_04,35,1786094402.6939273,move,354,326,.!frame.!button
demo_session_04,35,1786094402.7439272,move,343,320,.!frame.!button
demo_session_04,35,1786094402.7939272,move,364,328,.!frame.!button
demo_session_04,35,1786094402.8850675,click,346,316,.!frame.!button
demo_session_04,36,1786094402.8850675,move,256,305,.!frame.!entry
demo_session_04,36,1786094402.9350674,move,238,308,.!frame.!entry
demo_session_04,36,1786094402.9850674,move,254,312,.!frame.!entry
demo_session_04,36,1786094403.0350673,move,249,314,.!frame.!entry
demo_session_04,36,1786094403.0850673,move,248,303,.!frame.!entry
demo_session_04,36,1786094403.1350672,move,259,312,.!frame.!entry
demo_session_04,36,1786094403.1850672,move,258,313,.!frame.!entry
demo_session_04,36,1786094403.2350671,move,272,307,.!frame.!entry
demo_session_04,36,1786094403.285067,move,265,325,.!frame.!entry
demo_session_04,36,1786094403.335067,move,255,310,.!frame.!entry
demo_session_04,36,1786094403.385067,move,258,309,.!frame.!entry
demo_session_04,36,1786094403.435067,move,250,316,.!frame.!entry
demo_session_04,36,1786094403.485067,move,259,316,.!frame.!entry
demo_session_04,36,1786094403.5350668,move,275,306,.!frame.!entry
demo_session_04,36,1786094403.5850668,move,260,306,.!frame.!entry
demo_session_04,36,1786094403.6350667,move,274,315,.!frame.!entry
demo_session_04,36,1786094403.6850667,move,271,303,.!frame.!entry
demo_session_04,36,1786094403.7350667,move,268,301,.!frame.!entry
demo_session_04,36,1786094403.7850666,move,267,318,.!frame.!entry
demo_session_04,36,1786094403.8350666,move,271,309,.!frame.!entry
demo_session_04,36,1786094403.8850665,move,263,321,.!frame.!entry
demo_session_04,36,1786094403.9350665,move,274,319,.!frame.!entry
demo_session_04,36,1786094403.9850664,move,263,313,.!frame.!entry
demo_session_04,36,1786094404.0350664,move,267,319,.!frame.!entry
demo_session_04,36,1786094404.0850663,move,282,307,.!frame.!entry
demo_session_04,36,1786094404.1350663,move,264,323,.!frame.!entry
demo_session_04,36,1786094404.1850662,move,273,297,.!frame.!entry
demo_session_04,36,1786094404.2350662,move,283,319,.!frame.!entry
demo_session_04,36,1786094404.2850661,move,282,304,.!frame.!entry
demo_session_04,36,1786094404.335066,move,269,320,.!frame.!entry
demo_session_04,36,1786094404.385066,move,287,307,.!frame.!entry
demo_session_04,36,1786094404.435066,move,275,314,.!frame.!entry
demo_session_04,36,1786094404.485066,move,289,304,.!frame.!entry
demo_session_04,36,1786094404.535066,move,270,305,.!frame.!entry
demo_session_04,36,1786094404.5850658,move,266,306,.!frame.!entry
demo_session_04,36,1786094404.6350658,move,280,332,.!frame.!entry
demo_session_04,36,1786094404.6850657,move,286,313,.!frame.!entry
demo_session_04,36,1786094404.7350657,move,275,319,.!frame.!entry
demo_session_04,36,1786094404.7850657,move,292,318,.!frame.!entry
demo_session_04,36,1786094404.8350656,move,283,307,.!frame.!entry
demo_session_04,36,1786094404.8850656,move,301,307,.!frame.!entry
demo_session_04,36,1786094404.9350655,move,294,312,.!frame.!entry
demo_session_04,36,1786094404.9850655,move,288,309,.!frame.!entry
demo_session_04,36,1786094405.0350654,move,299,309,.!frame.!entry
demo_session_04,36,1786094405.0850654,move,280,313,.!frame.!entry
demo_session_04,36,1786094405.1350653,move,298,306,.!frame.!entry
demo_session_04,36,1786094405.1850653,move,299,307,.!frame.!entry
demo_session_04,36,1786094405.2350652,move,298,308,.!frame.!entry
demo_session_04,36,1786094405.2850652,move,298,311,.!frame.!entry
demo_session_04,36,1786094405.3350651,move,302,316,.!frame.!entry
demo_session_04,36,1786094405.385065,move,288,313,.!frame.!entry
demo_session_04,36,1786094405.435065,move,300,312,.!frame.!entry
demo_session_04,36,1786094405.485065,move,311,305,.!frame.!entry
demo_session_04,36,1786094405.535065,move,295,336,.!frame.!entry
demo_session_04,36,1786094405.585065,move,310,306,.!frame.!entry
demo_session_04,36,1786094405.6350648,move,299,312,.!frame.!entry
demo_session_04,36,1786094405.6850648,move,301,317,.!frame.!entry
demo_session_04,36,1786094405.7350647,move,293,324,.!frame.!entry
demo_session_04,36,1786094405.7850647,move,306,317,.!frame.!entry
demo_session_04,36,1786094405.8350646,move,313,304,.!frame.!entry
demo_session_04,36,1786094405.8850646,move,290,302,.!frame.!entry
demo_session_04,36,1786094405.9350646,move,313,326,.!frame.!entry
demo_session_04,36,1786094405.9850645,move,317,313,.!frame.!entry
demo_session_04,36,1786094406.0350645,move,311,329,.!frame.!entry
demo_session_04,36,1786094406.0850644,move,305,310,.!frame.!entry
demo_session_04,36,1786094406.1350644,move,308,304,.!frame.!entry
demo_session_04,36,1786094406.1850643,move,303,317,.!frame.!entry
demo_session_04,36,1786094406.2350643,move,312,318,.!frame.!entry
demo_session_04,36,1786094406.2850642,move,314,327,.!frame.!entry
demo_session_04,36,1786094406.3350642,move,322,297,.!frame.!entry
demo_session_04,36,1786094406.3850641,move,326,305,.!frame.!entry
demo_session_04,36,1786094406.435064,move,326,319,.!frame.!entry
demo_session_04,36,1786094406.485064,move,327,312,.!frame.!entry
demo_session_04,36,1786094406.535064,move,320,309,.!frame.!button
demo_session_04,36,1786094406.585064,move,330,311,.!frame.!button
demo_session_04,36,1786094406.635064,move,319,313,.!frame.!button
demo_session_04,36,1786094406.6850638,move,324,318,.!frame.!button
demo_session_04,36,1786094406.7350638,move,326,319,.!frame.!button
demo_session_04,36,1786094406.7850637,move,319,313,.!frame.!button
demo_session_04,36,1786094406.8350637,move,305,306,.!frame.!button
demo_session_04,36,1786094406.8850636,move,334,309,.!frame.!button
demo_session_04,36,1786094406.9350636,move,341,303,.!frame.!button
demo_session_04,36,1786094406.9850636,move,340,311,.!frame.!button
demo_session_04,36,1786094407.0350635,move,326,299,.!frame.!button
demo_session_04,36,1786094407.0850635,move,324,328,.!frame.!button
demo_session_04,36,1786094407.1350634,move,317,323,.!frame.!button
demo_session_04,36,1786094407.1850634,move,334,307,.!frame.!button
demo_session_04,36,1786094407.2350633,move,334,323,.!frame.!button
demo_session_04,36,1786094407.2850633,move,339,317,.!frame.!button
demo_session_04,36,1786094407.3350632,move,348,312,.!frame.!button
demo_session_04,36,1786094407.3850632,move,323,317,.!frame.!button
demo_session_04,36,1786094407.4350631,move,335,309,.!frame.!button
demo_session_04,36,1786094407.485063,move,351,311,.!frame.!button
demo_session_04,36,1786094407.535063,move,325,314,.!frame.!button
demo_session_04,36,1786094407.585063,move,342,317,.!frame.!button
demo_session_04,36,1786094407.635063,move,348,327,.!frame.!button
demo_session_04,36,1786094407.685063,move,344,324,.!frame.!button
demo_session_04,36,1786094407.7350628,move,353,319,.!frame.!button
demo_session_04,36,1786094407.7850628,move,339,326,.!frame.!button
demo_session_04,36,1786094407.8350627,move,330,321,.!frame.!button
demo_session_04,36,1786094407.8850627,move,351,319,.!frame.!button
demo_session_04,36,1786094407.9350626,move,349,334,.!frame.!button
demo_session_04,36,1786094407.9850626,move,345,318,.!frame.!button
demo_session_04,36,1786094408.0350626,move,348,315,.!frame.!button
demo_session_04,36,1786094408.1302629,click,354,324,.!frame.!button
demo_session_04,37,1786094423.8937159,move,483,322,.!frame.!entry
demo_session_04,37,1786094423.9437158,move,473,336,.!frame.!entry
demo_session_04,37,1786094423.9937158,move,471,332,.!frame.!entry
demo_session_04,37,1786094424.0437157,move,477,338,.!frame.!entry
demo_session_04,37,1786094424.0937157,move,464,348,.!frame.!entry
demo_session_04,37,1786094424.1437156,move,470,323,.!frame.!entry
demo_session_04,37,1786094424.1937156,move,463,326,.!frame.!entry
demo_session_04,37,1786094424.2437155,move,476,321,.!frame.!entry
demo_session_04,37,1786094424.2937155,move,443,322,.!frame.!entry
demo_session_04,37,1786094424.3437154,move,447,323,.!frame.!entry
demo_session_04,37,1786094424.3937154,move,465,338,.!frame.!entry
demo_session_04,37,1786094424.4437153,move,460,335,.!frame.!entry
demo_session_04,37,1786094424.4937153,move,453,344,.!frame.!entry
demo_session_04,37,1786094424.5437152,move,448,325,.!frame.!entry
demo_session_04,37,1786094424.5937152,move,464,332,.!frame.!entry
demo_session_04,37,1786094424.6437151,move,451,326,.!frame.!entry
demo_session_04,37,1786094424.693715,move,437,325,.!frame.!entry
demo_session_04,37,1786094424.743715,move,458,318,.!frame.!entry
demo_session_04,37,1786094424.793715,move,454,326,.!frame.!entry
demo_session_04,37,1786094424.843715,move,440,338,.!frame.!entry
demo_session_04,37,1786094424.893715,move,466,324,.!frame.!entry
demo_session_04,37,1786094424.9437149,move,437,344,.!frame.!entry
demo_session_04,37,1786094424.9937148,move,443,336,.!frame.!entry
demo_session_04,37,1786094425.0437148,move,451,321,.!frame.!entry
demo_session_04,37,1786094425.0937147,move,446,324,.!frame.!entry
demo_session_04,37,1786094425.1437147,move,449,335,.!frame.!entry
demo_session_04,37,1786094425.1937146,move,437,333,.!frame.!entry
demo_session_04,37,1786094425.2437146,move,444,324,.!frame.!entry
demo_session_04,37,1786094425.2937145,move,453,308,.!frame.!entry
demo_session_04,37,1786094425.3437145,move,433,330,.!frame.!entry
demo_session_04,37,1786094425.3937144,move,425,322,.!frame.!entry
demo_session_04,37,1786094425.4437144,move,443,334,.!frame.!entry
demo_session_04,37,1786094425.4937143,move,462,326,.!frame.!entry
demo_session_04,37,1786094425.5437143,move,446,321,.!frame.!entry
demo_session_04,37,1786094425.5937142,move,435,330,.!frame.!entry
demo_session_04,37,1786094425.6437142,move,431,334,.!frame.!entry
demo_session_04,37,1786094425.6937141,move,435,332,.!frame.!entry
demo_session_04,37,1786094425.743714,move,430,331,.!frame.!entry
demo_session_04,37,1786094425.793714,move,436,330,.!frame.!entry
demo_session_04,37,1786094425.843714,move,447,333,.!frame.!entry
demo_session_04,37,1786094425.893714,move,434,338,.!frame.!entry
demo_session_04,37,1786094425.943714,move,441,340,.!frame.!entry
demo_session_04,37,1786094425.9937139,move,424,317,.!frame.!entry
demo_session_04,37,1786094426.0437138,move,428,323,.!frame.!entry
demo_session_04,37,1786094426.0937138,move,414,313,.!frame.!entry
demo_session_04,37,1786094426.1437137,move,433,327,.!frame.!entry
demo_session_04,37,1786094426.1937137,move,436,326,.!frame.!entry
demo_session_04,37,1786094426.2437136,move,406,337,.!frame.!entry
demo_session_04,37,1786094426.2937136,move,428,335,.!frame.!entry
demo_session_04,37,1786094426.3437135,move,413,324,.!frame.!entry
demo_session_04,37,1786094426.3937135,move,423,337,.!frame.!entry
demo_session_04,37,1786094426.4437134,move,431,318,.!frame.!entry
demo_session_04,37,1786094426.4937134,move,413,329,.!frame.!entry
demo_session_04,37,1786094426.5437133,move,429,317,.!frame.!entry
demo_session_04,37,1786094426.5937133,move,441,323,.!frame.!entry
demo_session_04,37,1786094426.6437132,move,406,323,.!frame.!entry
demo_session_04,37,1786094426.6937132,move,416,325,.!frame.!entry
demo_session_04,37,1786094426.7437131,move,426,339,.!frame.!entry
demo_session_04,37,1786094426.793713,move,426,325,.!frame.!entry
demo_session_04,37,1786094426.843713,move,419,341,.!frame.!entry
demo_session_04,37,1786094426.893713,move,415,348,.!frame.!entry
demo_session_04,37,1786094426.943713,move,420,306,.!frame.!entry
demo_session_04,37,1786094426.993713,move,399,329,.!frame.!entry
demo_session_04,37,1786094427.0437129,move,412,323,.!frame.!entry
demo_session_04,37,1786094427.0937128,move,405,317,.!frame.!entry
demo_session_04,37,1786094427.1437128,move,399,333,.!frame.!entry
demo_session_04,37,1786094427.1937127,move,399,341,.!frame.!entry
demo_session_04,37,1786094427.2437127,move,424,316,.!frame.!entry
demo_session_04,37,1786094427.2937126,move,415,326,.!frame.!entry
demo_session_04,37,1786094427.3437126,move,415,336,.!frame.!entry
demo_session_04,37,1786094427.3937125,move,435,318,.!frame.!entry
demo_session_04,37,1786094427.4437125,move,406,315,.!frame.!entry
demo_session_04,37,1786094427.4937124,move,407,340,.!frame.!entry
demo_session_04,37,1786094427.5437124,move,409,334,.!frame.!entry
demo_session_04,37,1786094427.5937123,move,387,315,.!frame.!entry
demo_session_04,37,1786094427.6437123,move,401,313,.!frame.!entry
demo_session_04,37,1786094427.6937122,move,401,331,.!frame.!entry
demo_session_04,37,1786094427.7437122,move,403,318,.!frame.!entry
demo_session_04,37,1786094427.7937121,move,393,303,.!frame.!entry
demo_session_04,37,1786094427.843712,move,395,325,.!frame.!entry
demo_session_04,37,1786094427.893712,move,382,318,.!frame.!entry
demo_session_04,37,1786094427.943712,move,411,332,.!frame.!entry
demo_session_04,37,1786094427.993712,move,407,355,.!frame.!entry
demo_session_04,37,1786094428.043712,move,395,312,.!frame.!entry
demo_session_04,37,1786094428.0937119,move,381,318,.!frame.!entry
demo_session_04,37,1786094428.1437118,move,370,332,.!frame.!entry
demo_session_04,37,1786094428.1937118,move,399,335,.!frame.!entry
demo_session_04,37,1786094428.2437117,move,405,336,.!frame.!entry
demo_session_04,37,1786094428.2937117,move,396,320,.!frame.!entry
demo_session_04,37,1786094428.3437116,move,380,328,.!frame.!entry
demo_session_04,37,1786094428.3937116,move,390,318,.!frame.!entry
demo_session_04,37,1786094428.4437115,move,401,329,.!frame.!entry
demo_session_04,37,1786094428.4937115,move,398,328,.!frame.!entry
demo_session_04,37,1786094428.5437114,move,393,322,.!frame.!entry
demo_session_04,37,1786094428.5937114,move,376,332,.!frame.!entry
demo_session_04,37,1786094428.6437113,move,380,305,.!frame.!entry
demo_session_04,37,1786094428.6937113,move,376,314,.!frame.!button
demo_session_04,37,1786094428.7437112,move,405,302,.!frame.!button
demo_session_04,37,1786094428.7937112,move,388,333,.!frame.!button
demo_session_04,37,1786094428.8437111,move,383,314,.!frame.!button
demo_session_04,37,1786094428.893711,move,393,294,.!frame.!button
demo_session_04,37,1786094428.943711,move,378,320,.!frame.!button
demo_session_04,37,1786094428.993711,move,369,316,.!frame.!button
demo_session_04,37,1786094429.043711,move,384,309,.!frame.!button
demo_session_04,37,1786094429.093711,move,376,315,.!frame.!button
demo_session_04,37,1786094429.1437109,move,381,334,.!frame.!button
demo_session_04,37,1786094429.1937108,move,373,319,.!frame.!button
demo_session_04,37,1786094429.2437108,move,385,315,.!frame.!button
demo_session_04,37,1786094429.2937107,move,373,314,.!frame.!button
demo_session_04,37,1786094429.3437107,move,358,315,.!frame.!button
demo_session_04,37,1786094429.3937106,move,355,318,.!frame.!button
demo_session_04,37,1786094429.4437106,move,378,317,.!frame.!button
demo_session_04,37,1786094429.4937105,move,385,324,.!frame.!button
demo_session_04,37,1786094429.5437105,move,357,332,.!frame.!button
demo_session_04,37,1786094429.5937104,move,364,322,.!frame.!button
demo_session_04,37,1786094429.6437104,move,387,348,.!frame.!button
demo_session_04,37,1786094429.6937103,move,368,325,.!frame.!button
demo_session_04,37,1786094429.7437103,move,380,314,.!frame.!button
demo_session_04,37,1786094429.7937102,move,369,322,.!frame.!button
demo_session_04,37,1786094429.8437102,move,376,326,.!frame.!button
demo_session_04,37,1786094429.8937101,move,375,312,.!frame.!button
demo_session_04,37,1786094429.94371,move,350,316,.!frame.!button
demo_session_04,37,1786094429.99371,move,380,319,.!frame.!button
demo_session_04,37,1786094430.04371,move,367,314,.!frame.!button
demo_session_04,37,1786094430.09371,move,362,336,.!frame.!button
demo_session_04,37,1786094430.14371,move,372,309,.!frame.!button
demo_session_04,37,1786094430.1937099,move,368,299,.!frame.!button
demo_session_04,37,1786094430.2437098,move,351,321,.!frame.!button
demo_session_04,37,1786094430.2937098,move,336,332,.!frame.!button
demo_session_04,37,1786094430.3437097,move,356,313,.!frame.!button
demo_session_04,37,1786094430.3937097,move,356,287,.!frame.!button
demo_session_04,37,1786094430.4437096,move,365,333,.!frame.!button
demo_session_04,37,1786094430.4937096,move,351,332,.!frame.!button
demo_session_04,37,1786094430.5437095,move,345,318,.!frame.!button
demo_session_04,37,1786094430.5937095,move,349,319,.!frame.!button
demo_session_04,37,1786094430.6437094,move,375,332,.!frame.!button
demo_session_04,37,1786094430.6937094,move,330,317,.!frame.!button
demo_session_04,37,1786094430.7437093,move,343,332,.!frame.!button
demo_session_04,37,1786094430.8006008,click,357,327,.!frame.!button
demo_session_04,38,1786094430.8006008,move,403,206,.!frame.!entry
demo_session_04,38,1786094430.8506007,move,420,185,.!frame.!entry
demo_session_04,38,1786094430.9006007,move,405,198,.!frame.!entry
demo_session_04,38,1786094430.9506006,move,407,193,.!frame.!entry
demo_session_04,38,1786094431.0006006,move,407,182,.!frame.!entry
demo_session_04,38,1786094431.0506005,move,410,184,.!frame.!entry
demo_session_04,38,1786094431.1006005,move,422,179,.!frame.!entry
demo_session_04,38,1786094431.1506004,move,407,198,.!frame.!entry
demo_session_04,38,1786094431.2006004,move,407,205,.!frame.!entry
demo_session_04,38,1786094431.2506003,move,411,194,.!frame.!entry
demo_session_04,38,1786094431.3006003,move,410,198,.!frame.!entry
demo_session_04,38,1786094431.3506002,move,404,210,.!frame.!entry
demo_session_04,38,1786094431.4006002,move,432,194,.!frame.!entry
demo_session_04,38,1786094431.4506001,move,397,212,.!frame.!entry
demo_session_04,38,1786094431.5006,move,424,194,.!frame.!entry
demo_session_04,38,1786094431.5506,move,406,193,.!frame.!entry
demo_session_04,38,1786094431.6006,move,414,213,.!frame.!entry
demo_session_04,38,1786094431.6506,move,389,209,.!frame.!entry
demo_session_04,38,1786094431.7006,move,405,211,.!frame.!entry
demo_session_04,38,1786094431.7505999,move,408,219,.!frame.!entry
demo_session_04,38,1786094431.8005998,move,407,204,.!frame.!entry
demo_session_04,38,1786094431.8505998,move,399,178,.!frame.!entry
demo_session_04,38,1786094431.9005997,move,396,210,.!frame.!entry
demo_session_04,38,1786094431.9505997,move,398,220,.!frame.!entry
demo_session_04,38,1786094432.0005996,move,393,202,.!frame.!entry
demo_session_04,38,1786094432.0505996,move,403,222,.!frame.!entry
demo_session_04,38,1786094432.1005995,move,430,225,.!frame.!entry
demo_session_04,38,1786094432.1505995,move,417,215,.!frame.!entry
demo_session_04,38,1786094432.2005994,move,422,217,.!frame.!entry
demo_session_04,38,1786094432.2505994,move,404,224,.!frame.!entry
demo_session_04,38,1786094432.3005993,move,401,200,.!frame.!entry
demo_session_04,38,1786094432.3505993,move,422,219,.!frame.!entry
demo_session_04,38,1786094432.4005992,move,404,210,.!frame.!entry
demo_session_04,38,1786094432.4505992,move,401,214,.!frame.!entry
demo_session_04,38,1786094432.5005991,move,415,208,.!frame.!entry
demo_session_04,38,1786094432.550599,move,402,222,.!frame.!entry
demo_session_04,38,1786094432.600599,move,400,223,.!frame.!entry
demo_session_04,38,1786094432.650599,move,398,224,.!frame.!entry
demo_session_04,38,1786094432.700599,move,402,210,.!frame.!entry
demo_session_04,38,1786094432.750599,move,402,220,.!frame.!entry
demo_session_04,38,1786094432.8005989,move,394,212,.!frame.!entry
demo_session_04,38,1786094432.8505988,move,393,226,.!frame.!entry
demo_session_04,38,1786094432.9005988,move,385,206,.!frame.!entry
demo_session_04,38,1786094432.9505987,move,401,246,.!frame.!entry
demo_session_04,38,1786094433.0005987,move,386,220,.!frame.!entry
demo_session_04,38,1786094433.0505986,move,391,239,.!frame.!entry
demo_session_04,38,1786094433.1005986,move,400,237,.!frame.!entry
demo_session_04,38,1786094433.1505985,move,391,230,.!frame.!entry
demo_session_04,38,1786094433.2005985,move,398,241,.!frame.!entry
demo_session_04,38,1786094433.2505984,move,389,222,.!frame.!entry
demo_session_04,38,1786094433.3005984,move,387,238,.!frame.!entry
demo_session_04,38,1786094433.3505983,move,394,216,.!frame.!entry
demo_session_04,38,1786094433.4005983,move,386,239,.!frame.!entry
demo_session_04,38,1786094433.4505982,move,408,232,.!frame.!entry
demo_session_04,38,1786094433.5005982,move,413,241,.!frame.!entry
demo_session_04,38,1786094433.5505981,move,391,256,.!frame.!entry
demo_session_04,38,1786094433.600598,move,408,251,.!frame.!entry
demo_session_04,38,1786094433.650598,move,387,232,.!frame.!entry
demo_session_04,38,1786094433.700598,move,398,243,.!frame.!entry
demo_session_04,38,1786094433.750598,move,383,245,.!frame.!entry
demo_session_04,38,1786094433.800598,move,383,255,.!frame.!entry
demo_session_04,38,1786094433.8505979,move,392,256,.!frame.!entry
demo_session_04,38,1786094433.9005978,move,380,270,.!frame.!entry
demo_session_04,38,1786094433.9505978,move,386,257,.!frame.!entry
demo_session_04,38,1786094434.0005977,move,383,244,.!frame.!entry
demo_session_04,38,1786094434.0505977,move,382,268,.!frame.!entry
demo_session_04,38,1786094434.1005976,move,377,247,.!frame.!entry
demo_session_04,38,1786094434.1505976,move,376,228,.!frame.!entry
demo_session_04,38,1786094434.2005975,move,390,262,.!frame.!entry
demo_session_04,38,1786094434.2505975,move,379,253,.!frame.!entry
demo_session_04,38,1786094434.3005974,move,381,266,.!frame.!entry
demo_session_04,38,1786094434.3505974,move,378,237,.!frame.!entry
demo_session_04,38,1786094434.4005973,move,371,250,.!frame.!entry
demo_session_04,38,1786094434.4505973,move,395,263,.!frame.!entry
demo_session_04,38,1786094434.5005972,move,383,258,.!frame.!entry
demo_session_04,38,1786094434.5505972,move,384,258,.!frame.!entry
demo_session_04,38,1786094434.6005971,move,375,243,.!frame.!entry
demo_session_04,38,1786094434.650597,move,389,267,.!frame.!entry
demo_session_04,38,1786094434.700597,move,380,273,.!frame.!entry
demo_session_04,38,1786094434.750597,move,386,257,.!frame.!entry
demo_session_04,38,1786094434.800597,move,384,264,.!frame.!entry
demo_session_04,38,1786094434.850597,move,378,253,.!frame.!entry
demo_session_04,38,1786094434.9005969,move,371,262,.!frame.!entry
demo_session_04,38,1786094434.9505968,move,399,270,.!frame.!entry
demo_session_04,38,1786094435.0005968,move,377,248,.!frame.!entry
demo_session_04,38,1786094435.0505967,move,383,268,.!frame.!entry
demo_session_04,38,1786094435.1005967,move,367,276,.!frame.!entry
demo_session_04,38,1786094435.1505966,move,381,285,.!frame.!entry
demo_session_04,38,1786094435.2005966,move,387,279,.!frame.!entry
demo_session_04,38,1786094435.2505965,move,363,281,.!frame.!entry
demo_session_04,38,1786094435.3005965,move,367,279,.!frame.!entry
demo_session_04,38,1786094435.3505964,move,381,267,.!frame.!entry
demo_session_04,38,1786094435.4005964,move,376,273,.!frame.!entry
demo_session_04,38,1786094435.4505963,move,375,274,.!frame.!entry
demo_session_04,38,1786094435.5005963,move,387,279,.!frame.!entry
demo_session_04,38,1786094435.5505962,move,370,286,.!frame.!entry
demo_session_04,38,1786094435.6005962,move,366,286,.!frame.!entry
demo_session_04,38,1786094435.6505961,move,360,304,.!frame.!entry
demo_session_04,38,1786094435.700596,move,383,272,.!frame.!button
demo_session_04,38,1786094435.750596,move,380,302,.!frame.!button
demo_session_04,38,1786094435.800596,move,370,293,.!frame.!button
demo_session_04,38,1786094435.850596,move,368,285,.!frame.!button
demo_session_04,38,1786094435.900596,move,362,276,.!frame.!button
demo_session_04,38,1786094435.9505959,move,359,291,.!frame.!button
demo_session_04,38,1786094436.0005958,move,365,290,.!frame.!button
demo_session_04,38,1786094436.0505958,move,353,298,.!frame.!button
demo_session_04,38,1786094436.1005957,move,374,297,.!frame.!button
demo_session_04,38,1786094436.1505957,move,372,284,.!frame.!button
demo_session_04,38,1786094436.2005956,move,366,285,.!frame.!button
demo_session_04,38,1786094436.2505956,move,366,298,.!frame.!button
demo_session_04,38,1786094436.3005955,move,358,305,.!frame.!button
demo_session_04,38,1786094436.3505955,move,357,293,.!frame.!button
demo_session_04,38,1786094436.4005954,move,364,300,.!frame.!button
demo_session_04,38,1786094436.4505954,move,358,293,.!frame.!button
demo_session_04,38,1786094436.5005953,move,360,292,.!frame.!button
demo_session_04,38,1786094436.5505953,move,366,300,.!frame.!button
demo_session_04,38,1786094436.6005952,move,379,298,.!frame.!button
demo_session_04,38,1786094436.6505952,move,360,304,.!frame.!button
demo_session_04,38,1786094436.7005951,move,352,297,.!frame.!button
demo_session_04,38,1786094436.750595,move,350,306,.!frame.!button
demo_session_04,38,1786094436.800595,move,368,297,.!frame.!button
demo_session_04,38,1786094436.850595,move,350,299,.!frame.!button
demo_session_04,38,1786094436.900595,move,353,304,.!frame.!button
demo_session_04,38,1786094436.950595,move,355,312,.!frame.!button
demo_session_04,38,1786094437.0005949,move,354,310,.!frame.!button
demo_session_04,38,1786094437.0505948,move,359,302,.!frame.!button
demo_session_04,38,1786094437.1005948,move,350,314,.!frame.!button
demo_session_04,38,1786094437.1505947,move,372,303,.!frame.!button
demo_session_04,38,1786094437.2005947,move,371,314,.!frame.!button
demo_session_04,38,1786094437.2505946,move,360,308,.!frame.!button
demo_session_04,38,1786094437.3005946,move,354,328,.!frame.!button
demo_session_04,38,1786094437.3505945,move,365,319,.!frame.!button
demo_session_04,38,1786094437.4005945,move,364,308,.!frame.!button
demo_session_04,38,1786094437.4505944,move,348,306,.!frame.!button
demo_session_04,38,1786094437.5005944,move,347,321,.!frame.!button
demo_session_04,38,1786094437.5505943,move,371,327,.!frame.!button
demo_session_04,38,1786094437.6005943,move,350,313,.!frame.!button
demo_session_04,38,1786094437.6505942,move,340,311,.!frame.!button
demo_session_04,38,1786094437.7005942,move,340,333,.!frame.!button
demo_session_04,38,1786094437.7505941,move,336,319,.!frame.!button
demo_session_04,38,1786094437.819703,click,350,320,.!frame.!button
demo_session_04,39,1786094456.9879634,move,330,360,.!frame.!entry
demo_session_04,39,1786094457.0379634,move,343,348,.!frame.!entry
demo_session_04,39,1786094457.0879633,move,324,347,.!frame.!entry
demo_session_04,39,1786094457.1379633,move,338,350,.!frame.!entry
demo_session_04,39,1786094457.1879632,move,321,349,.!frame.!entry
demo_session_04,39,1786094457.2379632,move,345,332,.!frame.!entry
demo_session_04,39,1786094457.2879632,move,331,343,.!frame.!entry
demo_session_04,39,1786094457.337963,move,330,343,.!frame.!entry
demo_session_04,39,1786094457.387963,move,356,335,.!frame.!entry
demo_session_04,39,1786094457.437963,move,345,354,.!frame.!entry
demo_session_04,39,1786094457.487963,move,341,350,.!frame.!entry
demo_session_04,39,1786094457.537963,move,336,329,.!frame.!entry
demo_session_04,39,1786094457.5879629,move,350,329,.!frame.!entry
demo_session_04,39,1786094457.6379628,move,346,320,.!frame.!entry
demo_session_04,39,1786094457.6879628,move,332,326,.!frame.!entry
demo_session_04,39,1786094457.7379627,move,330,333,.!frame.!entry
demo_session_04,39,1786094457.7879627,move,342,339,.!frame.!entry
demo_session_04,39,1786094457.8379626,move,319,332,.!frame.!entry
demo_session_04,39,1786094457.8879626,move,345,331,.!frame.!entry
demo_session_04,39,1786094457.9379625,move,343,312,.!frame.!entry
demo_session_04,39,1786094457.9879625,move,337,326,.!frame.!entry
demo_session_04,39,1786094458.0379624,move,352,336,.!frame.!entry
demo_session_04,39,1786094458.0879624,move,342,331,.!frame.!entry
demo_session_04,39,1786094458.1379623,move,343,337,.!frame.!entry
demo_session_04,39,1786094458.1879623,move,337,329,.!frame.!entry
demo_session_04,39,1786094458.2379622,move,326,336,.!frame.!entry
demo_session_04,39,1786094458.2879622,move,352,339,.!frame.!entry
demo_session_04,39,1786094458.3379622,move,333,338,.!frame.!entry
demo_session_04,39,1786094458.387962,move,333,337,.!frame.!entry
demo_session_04,39,1786094458.437962,move,347,333,.!frame.!entry
demo_session_04,39,1786094458.487962,move,336,323,.!frame.!entry
demo_session_04,39,1786094458.537962,move,328,326,.!frame.!entry
demo_session_04,39,1786094458.587962,move,325,320,.!frame.!entry
demo_session_04,39,1786094458.6379619,move,344,342,.!frame.!entry
demo_session_04,39,1786094458.6879618,move,345,317,.!frame.!entry
demo_session_04,39,1786094458.7379618,move,334,326,.!frame.!entry
demo_session_04,39,1786094458.7879617,move,343,347,.!frame.!entry
demo_session_04,39,1786094458.8379617,move,337,345,.!frame.!entry
demo_session_04,39,1786094458.8879616,move,341,336,.!frame.!entry
demo_session_04,39,1786094458.9379616,move,344,335,.!frame.!entry
demo_session_04,39,1786094458.9879615,move,330,340,.!frame.!entry
demo_session_04,39,1786094459.0379615,move,350,350,.!frame.!entry
demo_session_04,39,1786094459.0879614,move,350,339,.!frame.!entry
demo_session_04,39,1786094459.1379614,move,336,331,.!frame.!entry
demo_session_04,39,1786094459.1879613,move,350,342,.!frame.!entry
demo_session_04,39,1786094459.2379613,move,355,338,.!frame.!entry
demo_session_04,39,1786094459.2879612,move,339,328,.!frame.!entry
demo_session_04,39,1786094459.3379612,move,350,325,.!frame.!entry
demo_session_04,39,1786094459.3879611,move,340,345,.!frame.!entry
demo_session_04,39,1786094459.437961,move,344,344,.!frame.!entry
demo_session_04,39,1786094459.487961,move,345,347,.!frame.!entry
demo_session_04,39,1786094459.537961,move,356,331,.!frame.!entry
demo_session_04,39,1786094459.587961,move,346,334,.!frame.!entry
demo_session_04,39,1786094459.637961,move,342,315,.!frame.!entry
demo_session_04,39,1786094459.6879609,move,355,337,.!frame.!entry
demo_session_04,39,1786094459.7379608,move,355,298,.!frame.!entry
demo_session_04,39,1786094459.7879608,move,333,334,.!frame.!entry
demo_session_04,39,1786094459.8379607,move,364,341,.!frame.!entry
demo_session_04,39,1786094459.8879607,move,343,313,.!frame.!entry
demo_session_04,39,1786094459.9379606,move,334,338,.!frame.!entry
demo_session_04,39,1786094459.9879606,move,363,335,.!frame.!entry
demo_session_04,39,1786094460.0379605,move,360,340,.!frame.!entry
demo_session_04,39,1786094460.0879605,move,340,328,.!frame.!entry
demo_session_04,39,1786094460.1379604,move,348,331,.!frame.!entry
demo_session_04,39,1786094460.1879604,move,339,339,.!frame.!entry
demo_session_04,39,1786094460.2379603,move,352,330,.!frame.!entry
demo_session_04,39,1786094460.2879603,move,344,340,.!frame.!entry
demo_session_04,39,1786094460.3379602,move,334,315,.!frame.!entry
demo_session_04,39,1786094460.3879602,move,332,323,.!frame.!entry
demo_session_04,39,1786094460.4379601,move,343,312,.!frame.!entry
demo_session_04,39,1786094460.48796,move,336,315,.!frame.!entry
demo_session_04,39,1786094460.53796,move,351,339,.!frame.!entry
demo_session_04,39,1786094460.58796,move,355,334,.!frame.!entry
demo_session_04,39,1786094460.63796,move,343,338,.!frame.!entry
demo_session_04,39,1786094460.68796,move,336,327,.!frame.!entry
demo_session_04,39,1786094460.7379599,move,343,342,.!frame.!entry
demo_session_04,39,1786094460.7879598,move,354,330,.!frame.!entry
demo_session_04,39,1786094460.8379598,move,327,317,.!frame.!entry
demo_session_04,39,1786094460.8879597,move,341,347,.!frame.!entry
demo_session_04,39,1786094460.9379597,move,334,335,.!frame.!entry
demo_session_04,39,1786094460.9879596,move,351,314,.!frame.!entry
demo_session_04,39,1786094461.0379596,move,347,347,.!frame.!entry
demo_session_04,39,1786094461.0879595,move,352,318,.!frame.!entry
demo_session_04,39,1786094461.1379595,move,345,319,.!frame.!entry
demo_session_04,39,1786094461.1879594,move,361,329,.!frame.!entry
demo_session_04,39,1786094461.2379594,move,346,327,.!frame.!entry
demo_session_04,39,1786094461.2879593,move,357,334,.!frame.!entry
demo_session_04,39,1786094461.3379593,move,338,322,.!frame.!entry
demo_session_04,39,1786094461.3879592,move,336,336,.!frame.!button
demo_session_04,39,1786094461.4379592,move,345,328,.!frame.!button
demo_session_04,39,1786094461.4879591,move,343,321,.!frame.!button
demo_session_04,39,1786094461.537959,move,357,317,.!frame.!button
demo_session_04,39,1786094461.587959,move,334,312,.!frame.!button
demo_session_04,39,1786094461.637959,move,348,340,.!frame.!button
demo_session_04,39,1786094461.687959,move,351,314,.!frame.!button
demo_session_04,39,1786094461.737959,move,343,325,.!frame.!button
demo_session_04,39,1786094461.7879589,move,351,316,.!frame.!button
demo_session_04,39,1786094461.8379588,move,354,338,.!frame.!button
demo_session_04,39,1786094461.8879588,move,356,323,.!frame.!button
demo_session_04,39,1786094461.9379587,move,355,304,.!frame.!button
demo_session_04,39,1786094461.9879587,move,353,325,.!frame.!button
demo_session_04,39,1786094462.0379586,move,341,316,.!frame.!button
demo_session_04,39,1786094462.0879586,move,340,350,.!frame.!button
demo_session_04,39,1786094462.1379585,move,351,344,.!frame.!button
demo_session_04,39,1786094462.1879585,move,360,327,.!frame.!button
demo_session_04,39,1786094462.2379584,move,350,307,.!frame.!button
demo_session_04,39,1786094462.2879584,move,334,323,.!frame.!button
demo_session_04,39,1786094462.3379583,move,344,300,.!frame.!button
demo_session_04,39,1786094462.3879583,move,326,326,.!frame.!button
demo_session_04,39,1786094462.4379582,move,354,313,.!frame.!button
demo_session_04,39,1786094462.4879582,move,348,332,.!frame.!button
demo_session_04,39,1786094462.5379581,move,329,330,.!frame.!button
demo_session_04,39,1786094462.587958,move,346,316,.!frame.!button
demo_session_04,39,1786094462.637958,move,338,335,.!frame.!button
demo_session_04,39,1786094462.687958,move,347,312,.!frame.!button
demo_session_04,39,1786094462.737958,move,351,341,.!frame.!button
demo_session_04,39,1786094462.787958,move,363,318,.!frame.!button
demo_session_04,39,1786094462.8379579,move,350,316,.!frame.!button
demo_session_04,39,1786094462.8879578,move,333,319,.!frame.!button
demo_session_04,39,1786094462.9379578,move,326,327,.!frame.!button
demo_session_04,39,1786094462.9879577,move,345,335,.!frame.!button
demo_session_04,39,1786094463.0379577,move,358,328,.!frame.!button
demo_session_04,39,1786094463.0879576,move,348,337,.!frame.!button
demo_session_04,39,1786094463.1379576,move,371,303,.!frame.!button
demo_session_04,39,1786094463.1879575,move,352,322,.!frame.!button
demo_session_04,39,1786094463.2379575,move,359,340,.!frame.!button
demo_session_04,39,1786094463.3261962,click,355,325,.!frame.!button
demo_session_04,40,1786094463.3261962,move,183,157,.!frame.!entry
demo_session_04,40,1786094463.3761961,move,180,175,.!frame.!entry
demo_session_04,40,1786094463.426196,move,176,149,.!frame.!entry
demo_session_04,40,1786094463.476196,move,188,148,.!frame.!entry
demo_session_04,40,1786094463.526196,move,180,147,.!frame.!entry
demo_session_04,40,1786094463.576196,move,173,167,.!frame.!entry
demo_session_04,40,1786094463.626196,move,191,149,.!frame.!entry
demo_session_04,40,1786094463.6761959,move,200,149,.!frame.!entry
demo_session_04,40,1786094463.7261958,move,202,163,.!frame.!entry
demo_session_04,40,1786094463.7761958,move,192,160,.!frame.!entry
demo_session_04,40,1786094463.8261957,move,181,174,.!frame.!entry
demo_session_04,40,1786094463.8761957,move,184,166,.!frame.!entry
demo_session_04,40,1786094463.9261956,move,192,164,.!frame.!entry
demo_session_04,40,1786094463.9761956,move,191,167,.!frame.!entry
demo_session_04,40,1786094464.0261955,move,198,177,.!frame.!entry
demo_session_04,40,1786094464.0761955,move,197,170,.!frame.!entry
demo_session_04,40,1786094464.1261954,move,198,167,.!frame.!entry
demo_session_04,40,1786094464.1761954,move,196,168,.!frame.!entry
demo_session_04,40,1786094464.2261953,move,212,190,.!frame.!entry
demo_session_04,40,1786094464.2761953,move,202,184,.!frame.!entry
demo_session_04,40,1786094464.3261952,move,190,168,.!frame.!entry
demo_session_04,40,1786094464.3761952,move,213,183,.!frame.!entry
demo_session_04,40,1786094464.4261951,move,207,182,.!frame.!entry
demo_session_04,40,1786094464.476195,move,204,178,.!frame.!entry
demo_session_04,40,1786094464.526195,move,215,186,.!frame.!entry
demo_session_04,40,1786094464.576195,move,210,179,.!frame.!entry
demo_session_04,40,1786094464.626195,move,205,190,.!frame.!entry
demo_session_04,40,1786094464.676195,move,211,190,.!frame.!entry
demo_session_04,40,1786094464.7261949,move,229,183,.!frame.!entry
demo_session_04,40,1786094464.7761948,move,217,198,.!frame.!entry
demo_session_04,40,1786094464.8261948,move,226,197,.!frame.!entry
demo_session_04,40,1786094464.8761947,move,214,197,.!frame.!entry
demo_session_04,40,1786094464.9261947,move,220,202,.!frame.!entry
demo_session_04,40,1786094464.9761946,move,234,196,.!frame.!entry
demo_session_04,40,1786094465.0261946,move,218,203,.!frame.!entry
demo_session_04,40,1786094465.0761945,move,234,197,.!frame.!entry
demo_session_04,40,1786094465.1261945,move,243,200,.!frame.!entry
demo_session_04,40,1786094465.1761944,move,224,210,.!frame.!entry
demo_session_04,40,1786094465.2261944,move,225,205,.!frame.!entry
demo_session_04,40,1786094465.2761943,move,242,211,.!frame.!entry
demo_session_04,40,1786094465.3261943,move,238,207,.!frame.!entry
demo_session_04,40,1786094465.3761942,move,239,206,.!frame.!entry
demo_session_04,40,1786094465.4261942,move,257,212,.!frame.!entry
demo_session_04,40,1786094465.4761941,move,226,207,.!frame.!entry
demo_session_04,40,1786094465.526194,move,227,208,.!frame.!entry
demo_session_04,40,1786094465.576194,move,246,189,.!frame.!entry
demo_session_04,40,1786094465.626194,move,265,218,.!frame.!entry
demo_session_04,40,1786094465.676194,move,259,228,.!frame.!entry
demo_session_04,40,1786094465.726194,move,246,217,.!frame.!entry
demo_session_04,40,1786094465.7761939,move,250,213,.!frame.!entry
demo_session_04,40,1786094465.8261938,move,249,215,.!frame.!entry
demo_session_04,40,1786094465.8761938,move,259,221,.!frame.!entry
demo_session_04,40,1786094465.9261937,move,229,231,.!frame.!entry
demo_session_04,40,1786094465.9761937,move,261,227,.!frame.!entry
demo_session_04,40,1786094466.0261936,move,258,205,.!frame.!entry
demo_session_04,40,1786094466.0761936,move,262,223,.!frame.!entry
demo_session_04,40,1786094466.1261935,move,267,221,.!frame.!entry
demo_session_04,40,1786094466.1761935,move,263,227,.!frame.!entry
demo_session_04,40,1786094466.2261934,move,252,232,.!frame.!entry
demo_session_04,40,1786094466.2761934,move,255,225,.!frame.!entry
demo_session_04,40,1786094466.3261933,move,272,246,.!frame.!entry
demo_session_04,40,1786094466.3761933,move,265,231,.!frame.!entry
demo_session_04,40,1786094466.4261932,move,252,247,.!frame.!entry
demo_session_04,40,1786094466.4761932,move,269,245,.!frame.!entry
demo_session_04,40,1786094466.5261931,move,250,232,.!frame.!entry
demo_session_04,40,1786094466.576193,move,263,247,.!frame.!entry
demo_session_04,40,1786094466.626193,move,255,239,.!frame.!entry
demo_session_04,40,1786094466.676193,move,256,252,.!frame.!entry
demo_session_04,40,1786094466.726193,move,284,236,.!frame.!entry
demo_session_04,40,1786094466.776193,move,274,243,.!frame.!entry
demo_session_04,40,1786094466.8261929,move,269,242,.!frame.!entry
demo_session_04,40,1786094466.8761928,move,281,257,.!frame.!entry
demo_session_04,40,1786094466.9261928,move,292,257,.!frame.!entry
demo_session_04,40,1786094466.9761927,move,275,252,.!frame.!entry
demo_session_04,40,1786094467.0261927,move,278,238,.!frame.!entry
demo_session_04,40,1786094467.0761926,move,288,230,.!frame.!entry
demo_session_04,40,1786094467.1261926,move,281,279,.!frame.!entry
demo_session_04,40,1786094467.1761925,move,287,259,.!frame.!entry
demo_session_04,40,1786094467.2261925,move,283,255,.!frame.!entry
demo_session_04,40,1786094467.2761924,move,272,276,.!frame.!entry
demo_session_04,40,1786094467.3261924,move,301,251,.!frame.!entry
demo_session_04,40,1786094467.3761923,move,303,266,.!frame.!entry
demo_session_04,40,1786094467.4261923,move,277,266,.!frame.!entry
demo_session_04,40,1786094467.4761922,move,297,253,.!frame.!entry
demo_session_04,40,1786094467.5261922,move,310,267,.!frame.!button
demo_session_04,40,1786094467.5761921,move,305,276,.!frame.!button
demo_session_04,40,1786094467.626192,move,295,279,.!frame.!button
demo_session_04,40,1786094467.676192,move,296,293,.!frame.!button
demo_session_04,40,1786094467.726192,move,308,282,.!frame.!button
demo_session_04,40,1786094467.776192,move,299,281,.!frame.!button
demo_session_04,40,1786094467.826192,move,311,258,.!frame.!button
demo_session_04,40,1786094467.8761919,move,306,270,.!frame.!button
demo_session_04,40,1786094467.9261918,move,317,286,.!frame.!button
demo_session_04,40,1786094467.9761918,move,318,301,.!frame.!button
demo_session_04,40,1786094468.0261917,move,326,286,.!frame.!button
demo_session_04,40,1786094468.0761917,move,320,270,.!frame.!button
demo_session_04,40,1786094468.1261916,move,315,290,.!frame.!button
demo_session_04,40,1786094468.1761916,move,306,276,.!frame.!button
demo_session_04,40,1786094468.2261915,move,314,292,.!frame.!button
demo_session_04,40,1786094468.2761915,move,314,283,.!frame.!button
demo_session_04,40,1786094468.3261914,move,336,298,.!frame.!button
demo_session_04,40,1786094468.3761914,move,314,288,.!frame.!button
demo_session_04,40,1786094468.4261913,move,326,295,.!frame.!button
demo_session_04,40,1786094468.4761913,move,317,293,.!frame.!button
demo_session_04,40,1786094468.5261912,move,332,292,.!frame.!button
demo_session_04,40,1786094468.5761912,move,328,297,.!frame.!button
demo_session_04,40,1786094468.6261911,move,338,314,.!frame.!button
demo_session_04,40,1786094468.676191,move,313,309,.!frame.!button
demo_session_04,40,1786094468.726191,move,329,281,.!frame.!button
demo_session_04,40,1786094468.776191,move,325,306,.!frame.!button
demo_session_04,40,1786094468.826191,move,353,294,.!frame.!button
demo_session_04,40,1786094468.876191,move,339,313,.!frame.!button
demo_session_04,40,1786094468.9261909,move,346,321,.!frame.!button
demo_session_04,40,1786094468.9761908,move,350,307,.!frame.!button
demo_session_04,40,1786094469.0261908,move,355,315,.!frame.!button
demo_session_04,40,1786094469.0761907,move,369,330,.!frame.!button
demo_session_04,40,1786094469.1261907,move,346,318,.!frame.!button
demo_session_04,40,1786094469.1761906,move,329,326,.!frame.!button
demo_session_04,40,1786094469.2261906,move,354,320,.!frame.!button
demo_session_04,40,1786094469.2761905,move,347,325,.!frame.!button
demo_session_04,40,1786094469.3383865,click,355,325,.!frame.!button
demo_session_04,41,1786094469.3383865,move,283,141,.!frame.!entry
demo_session_04,41,1786094469.3883865,move,288,130,.!frame.!entry
demo_session_04,41,1786094469.4383864,move,287,158,.!frame.!entry
demo_session_04,41,1786094469.4883864,move,287,140,.!frame.!entry
demo_session_04,41,1786094469.5383863,move,296,154,.!frame.!entry
demo_session_04,41,1786094469.5883863,move,286,138,.!frame.!entry
demo_session_04,41,1786094469.6383862,move,291,164,.!frame.!entry
demo_session_04,41,1786094469.6883862,move,275,143,.!frame.!entry
demo_session_04,41,1786094469.7383862,move,290,160,.!frame.!entry
demo_session_04,41,1786094469.788386,move,303,153,.!frame.!entry
demo_session_04,41,1786094469.838386,move,283,140,.!frame.!entry
demo_session_04,41,1786094469.888386,move,304,183,.!frame.!entry
demo_session_04,41,1786094469.938386,move,282,153,.!frame.!entry
demo_session_04,41,1786094469.988386,move,282,165,.!frame.!entry
demo_session_04,41,1786094470.0383859,move,296,142,.!frame.!entry
demo_session_04,41,1786094470.0883858,move,289,160,.!frame.!entry
demo_session_04,41,1786094470.1383858,move,300,158,.!frame.!entry
demo_session_04,41,1786094470.1883857,move,280,179,.!frame.!entry
demo_session_04,41,1786094470.2383857,move,289,171,.!frame.!entry
demo_session_04,41,1786094470.2883856,move,287,161,.!frame.!entry
demo_session_04,41,1786094470.3383856,move,305,173,.!frame.!entry
demo_session_04,41,1786094470.3883855,move,282,163,.!frame.!entry
demo_session_04,41,1786094470.4383855,move,302,167,.!frame.!entry
demo_session_04,41,1786094470.4883854,move,294,165,.!frame.!entry
demo_session_04,41,1786094470.5383854,move,300,186,.!frame.!entry
demo_session_04,41,1786094470.5883853,move,290,169,.!frame.!entry
demo_session_04,41,1786094470.6383853,move,286,171,.!frame.!entry
demo_session_04,41,1786094470.6883852,move,283,183,.!frame.!entry
demo_session_04,41,1786094470.7383852,move,285,185,.!frame.!entry
demo_session_04,41,1786094470.7883852,move,304,170,.!frame.!entry
demo_session_04,41,1786094470.838385,move,291,193,.!frame.!entry
demo_session_04,41,1786094470.888385,move,313,188,.!frame.!entry
demo_session_04,41,1786094470.938385,move,283,203,.!frame.!entry
demo_session_04,41,1786094470.988385,move,312,184,.!frame.!entry
demo_session_04,41,1786094471.038385,move,287,181,.!frame.!entry
demo_session_04,41,1786094471.0883849,move,280,205,.!frame.!entry
demo_session_04,41,1786094471.1383848,move,309,199,.!frame.!entry
demo_session_04,41,1786094471.1883848,move,302,198,.!frame.!entry
demo_session_04,41,1786094471.2383847,move,307,208,.!frame.!entry
demo_session_04,41,1786094471.2883847,move,315,196,.!frame.!entry
demo_session_04,41,1786094471.3383846,move,299,192,.!frame.!entry
demo_session_04,41,1786094471.3883846,move,303,197,.!frame.!entry
demo_session_04,41,1786094471.4383845,move,292,219,.!frame.!entry
demo_session_04,41,1786094471.4883845,move,313,209,.!frame.!entry
demo_session_04,41,1786094471.5383844,move,288,209,.!frame.!entry
demo_session_04,41,1786094471.5883844,move,313,188,.!frame.!entry
demo_session_04,41,1786094471.6383843,move,305,209,.!frame.!entry
demo_session_04,41,1786094471.6883843,move,304,211,.!frame.!entry
demo_session_04,41,1786094471.7383842,move,297,214,.!frame.!entry
demo_session_04,41,1786094471.7883842,move,315,217,.!frame.!entry
demo_session_04,41,1786094471.8383842,move,306,208,.!frame.!entry
demo_session_04,41,1786094471.888384,move,302,230,.!frame.!entry
demo_session_04,41,1786094471.938384,move,322,224,.!frame.!entry
demo_session_04,41,1786094471.988384,move,305,230,.!frame.!entry
demo_session_04,41,1786094472.038384,move,312,235,.!frame.!entry
demo_session_04,41,1786094472.088384,move,331,227,.!frame.!entry
demo_session_04,41,1786094472.1383839,move,308,231,.!frame.!entry
demo_session_04,41,1786094472.1883838,move,311,219,.!frame.!entry
demo_session_04,41,1786094472.2383838,move,313,224,.!frame.!entry
demo_session_04,41,1786094472.2883837,move,323,222,.!frame.!entry
demo_session_04,41,1786094472.3383837,move,324,224,.!frame.!entry
demo_session_04,41,1786094472.3883836,move,313,226,.!frame.!entry
demo_session_04,41,1786094472.4383836,move,318,239,.!frame.!entry
demo_session_04,41,1786094472.4883835,move,317,240,.!frame.!entry
demo_session_04,41,1786094472.5383835,move,312,214,.!frame.!entry
demo_session_04,41,1786094472.5883834,move,320,252,.!frame.!entry
demo_session_04,41,1786094472.6383834,move,301,233,.!frame.!entry
demo_session_04,41,1786094472.6883833,move,321,256,.!frame.!entry
demo_session_04,41,1786094472.7383833,move,328,234,.!frame.!entry
demo_session_04,41,1786094472.7883832,move,332,262,.!frame.!entry
demo_session_04,41,1786094472.8383832,move,321,264,.!frame.!entry
demo_session_04,41,1786094472.8883832,move,338,250,.!frame.!entry
demo_session_04,41,1786094472.938383,move,318,258,.!frame.!entry
demo_session_04,41,1786094472.988383,move,323,258,.!frame.!entry
demo_session_04,41,1786094473.038383,move,332,267,.!frame.!entry
demo_session_04,41,1786094473.088383,move,314,256,.!frame.!entry
demo_session_04,41,1786094473.138383,move,308,252,.!frame.!entry
demo_session_04,41,1786094473.1883829,move,354,276,.!frame.!entry
demo_session_04,41,1786094473.2383828,move,335,264,.!frame.!entry
demo_session_04,41,1786094473.2883828,move,322,255,.!frame.!entry
demo_session_04,41,1786094473.3383827,move,322,256,.!frame.!button
demo_session_04,41,1786094473.3883827,move,324,261,.!frame.!button
demo_session_04,41,1786094473.4383826,move,341,274,.!frame.!button
demo_session_04,41,1786094473.4883826,move,329,284,.!frame.!button
demo_session_04,41,1786094473.5383825,move,336,271,.!frame.!button
demo_session_04,41,1786094473.5883825,move,335,261,.!frame.!button
demo_session_04,41,1786094473.6383824,move,335,291,.!frame.!button
demo_session_04,41,1786094473.6883824,move,340,282,.!frame.!button
demo_session_04,41,1786094473.7383823,move,334,289,.!frame.!button
demo_session_04,41,1786094473.7883823,move,339,269,.!frame.!button
demo_session_04,41,1786094473.8383822,move,331,279,.!frame.!button
demo_session_04,41,1786094473.8883822,move,329,252,.!frame.!button
demo_session_04,41,1786094473.9383821,move,330,291,.!frame.!button
demo_session_04,41,1786094473.988382,move,336,274,.!frame.!button
demo_session_04,41,1786094474.038382,move,344,287,.!frame.!button
demo_session_04,41,1786094474.088382,move,331,294,.!frame.!button
demo_session_04,41,1786094474.138382,move,336,284,.!frame.!button
demo_session_04,41,1786094474.188382,move,335,289,.!frame.!button
demo_session_04,41,1786094474.2383819,move,336,289,.!frame.!button
demo_session_04,41,1786094474.2883818,move,342,294,.!frame.!button
demo_session_04,41,1786094474.3383818,move,334,291,.!frame.!button
demo_session_04,41,1786094474.3883817,move,341,293,.!frame.!button
demo_session_04,41,1786094474.4383817,move,357,315,.!frame.!button
demo_session_04,41,1786094474.4883816,move,330,301,.!frame.!button
demo_session_04,41,1786094474.5383816,move,365,289,.!frame.!button
demo_session_04,41,1786094474.5883815,move,339,318,.!frame.!button
demo_session_04,41,1786094474.6383815,move,344,312,.!frame.!button
demo_session_04,41,1786094474.6883814,move,336,310,.!frame.!button
demo_session_04,41,1786094474.7383814,move,351,307,.!frame.!button
demo_session_04,41,1786094474.7883813,move,335,312,.!frame.!button
demo_session_04,41,1786094474.8383813,move,324,319,.!frame.!button
demo_session_04,41,1786094474.8883812,move,354,317,.!frame.!button
demo_session_04,41,1786094474.9383812,move,358,319,.!frame.!button
demo_session_04,41,1786094474.9883811,move,356,313,.!frame.!button
demo_session_04,41,1786094475.0580108,click,353,323,.!frame.!button
demo_session_04,42,1786094475.0580108,move,171,389,.!frame.!entry
demo_session_04,42,1786094475.1080108,move,180,370,.!frame.!entry
demo_session_04,42,1786094475.1580107,move,182,360,.!frame.!entry
demo_session_04,42,1786094475.2080107,move,174,377,.!frame.!entry
demo_session_04,42,1786094475.2580106,move,184,365,.!frame.!entry
demo_session_04,42,1786094475.3080106,move,196,378,.!frame.!entry
demo_session_04,42,1786094475.3580105,move,147,395,.!frame.!entry
demo_session_04,42,1786094475.4080105,move,189,373,.!frame.!entry
demo_session_04,42,1786094475.4580104,move,194,351,.!frame.!entry
demo_session_04,42,1786094475.5080104,move,194,366,.!frame.!entry
demo_session_04,42,1786094475.5580103,move,195,371,.!frame.!entry
demo_session_04,42,1786094475.6080103,move,191,391,.!frame.!entry
demo_session_04,42,1786094475.6580102,move,202,365,.!frame.!entry
demo_session_04,42,1786094475.7080102,move,181,355,.!frame.!entry
demo_session_04,42,1786094475.7580101,move,194,373,.!frame.!entry
demo_session_04,42,1786094475.80801,move,214,376,.!frame.!entry
demo_session_04,42,1786094475.85801,move,188,355,.!frame.!entry
demo_session_04,42,1786094475.90801,move,200,355,.!frame.!entry
demo_session_04,42,1786094475.95801,move,203,376,.!frame.!entry
demo_session_04,42,1786094476.00801,move,207,355,.!frame.!entry
demo_session_04,42,1786094476.0580099,move,208,351,.!frame.!entry
demo_session_04,42,1786094476.1080098,move,220,336,.!frame.!entry
demo_session_04,42,1786094476.1580098,move,206,371,.!frame.!entry
demo_session_04,42,1786094476.2080097,move,207,356,.!frame.!entry
demo_session_04,42,1786094476.2580097,move,211,342,.!frame.!entry
demo_session_04,42,1786094476.3080096,move,220,369,.!frame.!entry
demo_session_04,42,1786094476.3580096,move,196,352,.!frame.!entry
demo_session_04,42,1786094476.4080095,move,223,348,.!frame.!entry
demo_session_04,42,1786094476.4580095,move,226,348,.!frame.!entry
demo_session_04,42,1786094476.5080094,move,216,345,.!frame.!entry
demo_session_04,42,1786094476.5580094,move,242,361,.!frame.!entry
demo_session_04,42,1786094476.6080093,move,226,357,.!frame.!entry
demo_session_04,42,1786094476.6580093,move,242,363,.!frame.!entry
demo_session_04,42,1786094476.7080092,move,220,350,.!frame.!entry
demo_session_04,42,1786094476.7580092,move,216,363,.!frame.!entry
demo_session_04,42,1786094476.8080091,move,220,350,.!frame.!entry
demo_session_04,42,1786094476.858009,move,215,349,.!frame.!entry
demo_session_04,42,1786094476.908009,move,236,351,.!frame.!entry
demo_session_04,42,1786094476.958009,move,226,370,.!frame.!entry
demo_session_04,42,1786094477.008009,move,249,360,.!frame.!entry
demo_session_04,42,1786094477.058009,move,242,344,.!frame.!entry
demo_session_04,42,1786094477.1080089,move,249,358,.!frame.!entry
demo_session_04,42,1786094477.1580088,move,234,358,.!frame.!entry
demo_session_04,42,1786094477.2080088,move,241,350,.!frame.!entry
demo_session_04,42,1786094477.2580087,move,242,365,.!frame.!entry
demo_session_04,42,1786094477.3080087,move,252,352,.!frame.!entry
demo_session_04,42,1786094477.3580086,move,266,332,.!frame.!entry
demo_session_04,42,1786094477.4080086,move,264,339,.!frame.!entry
demo_session_04,42,1786094477.4580085,move,246,358,.!frame.!entry
demo_session_04,42,1786094477.5080085,move,252,340,.!frame.!entry
demo_session_04,42,1786094477.5580084,move,249,351,.!frame.!entry
demo_session_04,42,1786094477.6080084,move,265,363,.!frame.!entry
demo_session_04,42,1786094477.6580083,move,244,326,.!frame.!entry
demo_session_04,42,1786094477.7080083,move,258,350,.!frame.!entry
demo_session_04,42,1786094477.7580082,move,278,346,.!frame.!entry
demo_session_04,42,1786094477.8080082,move,266,348,.!frame.!entry
demo_session_04,42,1786094477.8580081,move,261,332,.!frame.!entry
demo_session_04,42,1786094477.908008,move,262,358,.!frame.!entry
demo_session_04,42,1786094477.958008,move,257,346,.!frame.!entry
demo_session_04,42,1786094478.008008,move,265,360,.!frame.!entry
demo_session_04,42,1786094478.058008,move,275,358,.!frame.!entry
demo_session_04,42,1786094478.108008,move,255,337,.!frame.!entry
demo_session_04,42,1786094478.1580079,move,259,337,.!frame.!entry
demo_session_04,42,1786094478.2080078,move,276,342,.!frame.!entry
demo_session_04,42,1786094478.2580078,move,268,332,.!frame.!entry
demo_session_04,42,1786094478.3080077,move,277,335,.!frame.!entry
demo_session_04,42,1786094478.3580077,move,274,352,.!frame.!entry
demo_session_04,42,1786094478.4080076,move,296,339,.!frame.!entry
demo_session_04,42,1786094478.4580076,move,271,329,.!frame.!entry
demo_session_04,42,1786094478.5080075,move,288,321,.!frame.!entry
demo_session_04,42,1786094478.5580075,move,295,325,.!frame.!entry
demo_session_04,42,1786094478.6080074,move,295,343,.!frame.!entry
demo_session_04,42,1786094478.6580074,move,280,345,.!frame.!entry
demo_session_04,42,1786094478.7080073,move,295,338,.!frame.!entry
demo_session_04,42,1786094478.7580073,move,288,334,.!frame.!entry
demo_session_04,42,1786094478.8080072,move,276,344,.!frame.!entry
demo_session_04,42,1786094478.8580072,move,283,342,.!frame.!entry
demo_session_04,42,1786094478.9080071,move,295,337,.!frame.!entry
demo_session_04,42,1786094478.958007,move,279,323,.!frame.!entry
demo_session_04,42,1786094479.008007,move,293,336,.!frame.!entry
demo_session_04,42,1786094479.058007,move,311,321,.!frame.!entry
demo_session_04,42,1786094479.108007,move,312,321,.!frame.!entry
demo_session_04,42,1786094479.158007,move,301,330,.!frame.!entry
demo_session_04,42,1786094479.2080069,move,273,324,.!frame.!button
demo_session_04,42,1786094479.2580068,move,313,339,.!frame.!button
demo_session_04,42,1786094479.3080068,move,291,326,.!frame.!button
demo_session_04,42,1786094479.3580067,move,305,323,.!frame.!button
demo_session_04,42,1786094479.4080067,move,345,332,.!frame.!button
demo_session_04,42,1786094479.4580066,move,312,326,.!frame.!button
demo_session_04,42,1786094479.5080066,move,309,317,.!frame.!button
demo_session_04,42,1786094479.5580065,move,298,344,.!frame.!button
demo_session_04,42,1786094479.6080065,move,305,355,.!frame.!button
demo_session_04,42,1786094479.6580064,move,303,329,.!frame.!button
demo_session_04,42,1786094479.7080064,move,313,345,.!frame.!button
demo_session_04,42,1786094479.7580063,move,318,333,.!frame.!button
demo_session_04,42,1786094479.8080063,move,305,345,.!frame.!button
demo_session_04,42,1786094479.8580062,move,316,310,.!frame.!button
demo_session_04,42,1786094479.9080062,move,330,320,.!frame.!button
demo_session_04,42,1786094479.9580061,move,325,329,.!frame.!button
demo_session_04,42,1786094480.008006,move,315,333,.!frame.!button
demo_session_04,42,1786094480.058006,move,309,311,.!frame.!button
demo_session_04,42,1786094480.108006,move,325,317,.!frame.!button
demo_session_04,42,1786094480.158006,move,330,332,.!frame.!button
demo_session_04,42,1786094480.208006,move,338,311,.!frame.!button
demo_session_04,42,1786094480.2580059,move,334,320,.!frame.!button
demo_session_04,42,1786094480.3080058,move,352,337,.!frame.!button
demo_session_04,42,1786094480.3580058,move,335,313,.!frame.!button
demo_session_04,42,1786094480.4080057,move,333,343,.!frame.!button
demo_session_04,42,1786094480.4580057,move,342,315,.!frame.!button
demo_session_04,42,1786094480.5080056,move,335,317,.!frame.!button
demo_session_04,42,1786094480.5580056,move,335,313,.!frame.!button
demo_session_04,42,1786094480.6080055,move,343,327,.!frame.!button
demo_session_04,42,1786094480.6580055,move,332,321,.!frame.!button
demo_session_04,42,1786094480.7080054,move,341,323,.!frame.!button
demo_session_04,42,1786094480.7580054,move,340,316,.!frame.!button
demo_session_04,42,1786094480.8080053,move,356,326,.!frame.!button
demo_session_04,42,1786094480.8580053,move,354,328,.!frame.!button
demo_session_04,42,1786094480.9080052,move,335,325,.!frame.!button
demo_session_04,42,1786094480.9580052,move,359,324,.!frame.!button
demo_session_04,42,1786094481.0396292,click,352,322,.!frame.!button
demo_session_04,43,1786094481.0396292,move,303,103,.!frame.!entry
demo_session_04,43,1786094481.0896292,move,291,110,.!frame.!entry
demo_session_04,43,1786094481.1396291,move,290,124,.!frame.!entry
demo_session_04,43,1786094481.189629,move,278,120,.!frame.!entry
demo_session_04,43,1786094481.239629,move,286,124,.!frame.!entry
demo_session_04,43,1786094481.289629,move,315,125,.!frame.!entry
demo_session_04,43,1786094481.339629,move,301,124,.!frame.!entry
demo_session_04,43,1786094481.389629,move,315,122,.!frame.!entry
demo_session_04,43,1786094481.4396288,move,318,128,.!frame.!entry
demo_session_04,43,1786094481.4896288,move,317,118,.!frame.!entry
demo_session_04,43,1786094481.5396287,move,293,134,.!frame.!entry
demo_session_04,43,1786094481.5896287,move,319,109,.!frame.!entry
demo_session_04,43,1786094481.6396286,move,306,128,.!frame.!entry
demo_session_04,43,1786094481.6896286,move,293,140,.!frame.!entry
demo_session_04,43,1786094481.7396286,move,315,119,.!frame.!entry
demo_session_04,43,1786094481.7896285,move,303,144,.!frame.!entry
demo_session_04,43,1786094481.8396285,move,322,150,.!frame.!entry
demo_session_04,43,1786094481.8896284,move,309,149,.!frame.!entry
demo_session_04,43,1786094481.9396284,move,293,139,.!frame.!entry
demo_session_04,43,1786094481.9896283,move,331,145,.!frame.!entry
demo_session_04,43,1786094482.0396283,move,312,114,.!frame.!entry
demo_session_04,43,1786094482.0896282,move,313,153,.!frame.!entry
demo_session_04,43,1786094482.1396282,move,295,161,.!frame.!entry
demo_session_04,43,1786094482.1896281,move,328,143,.!frame.!entry
demo_session_04,43,1786094482.239628,move,309,157,.!frame.!entry
demo_session_04,43,1786094482.289628,move,311,157,.!frame.!entry
demo_session_04,43,1786094482.339628,move,308,152,.!frame.!entry
demo_session_04,43,1786094482.389628,move,312,161,.!frame.!entry
demo_session_04,43,1786094482.439628,move,299,170,.!frame.!entry
demo_session_04,43,1786094482.4896278,move,306,136,.!frame.!entry
demo_session_04,43,1786094482.5396278,move,322,154,.!frame.!entry
demo_session_04,43,1786094482.5896277,move,326,181,.!frame.!entry
demo_session_04,43,1786094482.6396277,move,305,159,.!frame.!entry
demo_session_04,43,1786094482.6896276,move,314,148,.!frame.!entry
demo_session_04,43,1786094482.7396276,move,339,169,.!frame.!entry
demo_session_04,43,1786094482.7896276,move,315,164,.!frame.!entry
demo_session_04,43,1786094482.8396275,move,315,159,.!frame.!entry
demo_session_04,43,1786094482.8896275,move,322,180,.!frame.!entry
demo_session_04,43,1786094482.9396274,move,326,166,.!frame.!entry
demo_session_04,43,1786094482.9896274,move,322,176,.!frame.!entry
demo_session_04,43,1786094483.0396273,move,309,177,.!frame.!entry
demo_session_04,43,1786094483.0896273,move,313,164,.!frame.!entry
demo_session_04,43,1786094483.1396272,move,319,168,.!frame.!entry
demo_session_04,43,1786094483.1896272,move,304,163,.!frame.!entry
demo_session_04,43,1786094483.2396271,move,320,169,.!frame.!entry
demo_session_04,43,1786094483.289627,move,323,193,.!frame.!entry
demo_session_04,43,1786094483.339627,move,311,172,.!frame.!entry
demo_session_04,43,1786094483.389627,move,311,194,.!frame.!entry
demo_session_04,43,1786094483.439627,move,323,199,.!frame.!entry
demo_session_04,43,1786094483.489627,move,339,200,.!frame.!entry
demo_session_04,43,1786094483.5396268,move,326,200,.!frame.!entry
demo_session_04,43,1786094483.5896268,move,323,196,.!frame.!entry
demo_session_04,43,1786094483.6396267,move,314,191,.!frame.!entry
demo_session_04,43,1786094483.6896267,move,346,187,.!frame.!entry
demo_session_04,43,1786094483.7396266,move,342,186,.!frame.!entry
demo_session_04,43,1786094483.7896266,move,312,188,.!frame.!entry
demo_session_04,43,1786094483.8396266,move,320,196,.!frame.!entry
demo_session_04,43,1786094483.8896265,move,308,189,.!frame.!entry
demo_session_04,43,1786094483.9396265,move,328,210,.!frame.!entry
demo_session_04,43,1786094483.9896264,move,316,204,.!frame.!entry
demo_session_04,43,1786094484.0396264,move,322,207,.!frame.!entry
demo_session_04,43,1786094484.0896263,move,336,200,.!frame.!entry
demo_session_04,43,1786094484.1396263,move,341,211,.!frame.!entry
demo_session_04,43,1786094484.1896262,move,329,217,.!frame.!entry
demo_session_04,43,1786094484.2396262,move,317,219,.!frame.!entry
demo_session_04,43,1786094484.2896261,move,351,204,.!frame.!entry
demo_session_04,43,1786094484.339626,move,335,216,.!frame.!entry
demo_session_04,43,1786094484.389626,move,352,207,.!frame.!entry
demo_session_04,43,1786094484.439626,move,321,213,.!frame.!entry
demo_session_04,43,1786094484.489626,move,320,215,.!frame.!entry
demo_session_04,43,1786094484.539626,move,324,233,.!frame.!entry
demo_session_04,43,1786094484.5896258,move,333,222,.!frame.!entry
demo_session_04,43,1786094484.6396258,move,325,229,.!frame.!entry
demo_session_04,43,1786094484.6896257,move,341,232,.!frame.!entry
demo_session_04,43,1786094484.7396257,move,341,228,.!frame.!entry
demo_session_04,43,1786094484.7896256,move,320,262,.!frame.!entry
demo_session_04,43,1786094484.8396256,move,321,229,.!frame.!entry
demo_session_04,43,1786094484.8896255,move,348,230,.!frame.!entry
demo_session_04,43,1786094484.9396255,move,325,230,.!frame.!entry
demo_session_04,43,1786094484.9896255,move,322,229,.!frame.!entry
demo_session_04,43,1786094485.0396254,move,341,233,.!frame.!entry
demo_session_04,43,1786094485.0896254,move,343,241,.!frame.!entry
demo_session_04,43,1786094485.1396253,move,323,251,.!frame.!entry
demo_session_04,43,1786094485.1896253,move,341,239,.!frame.!entry
demo_session_04,43,1786094485.2396252,move,353,250,.!frame.!entry
demo_session_04,43,1786094485.2896252,move,339,234,.!frame.!entry
demo_session_04,43,1786094485.3396251,move,308,262,.!frame.!entry
demo_session_04,43,1786094485.389625,move,319,242,.!frame.!entry
demo_session_04,43,1786094485.439625,move,326,240,.!frame.!entry
demo_session_04,43,1786094485.489625,move,333,242,.!frame.!entry
demo_session_04,43,1786094485.539625,move,357,269,.!frame.!entry
demo_session_04,43,1786094485.589625,move,336,242,.!frame.!entry
demo_session_04,43,1786094485.6396248,move,341,264,.!frame.!entry
demo_session_04,43,1786094485.6896248,move,349,283,.!frame.!entry
demo_session_04,43,1786094485.7396247,move,340,267,.!frame.!button
demo_session_04,43,1786094485.7896247,move,334,256,.!frame.!button
demo_session_04,43,1786094485.8396246,move,345,260,.!frame.!button
demo_session_04,43,1786094485.8896246,move,353,273,.!frame.!button
demo_session_04,43,1786094485.9396245,move,339,265,.!frame.!button
demo_session_04,43,1786094485.9896245,move,314,273,.!frame.!button
demo_session_04,43,1786094486.0396245,move,332,288,.!frame.!button
demo_session_04,43,1786094486.0896244,move,346,272,.!frame.!button
demo_session_04,43,1786094486.1396244,move,338,264,.!frame.!button
demo_session_04,43,1786094486.1896243,move,364,272,.!frame.!button
demo_session_04,43,1786094486.2396243,move,330,250,.!frame.!button
demo_session_04,43,1786094486.2896242,move,346,268,.!frame.!button
demo_session_04,43,1786094486.3396242,move,335,292,.!frame.!button
demo_session_04,43,1786094486.389624,move,321,259,.!frame.!button
demo_session_04,43,1786094486.439624,move,330,309,.!frame.!button
demo_session_04,43,1786094486.489624,move,337,285,.!frame.!button
demo_session_04,43,1786094486.539624,move,355,274,.!frame.!button
demo_session_04,43,1786094486.589624,move,331,282,.!frame.!button
demo_session_04,43,1786094486.6396239,move,334,303,.!frame.!button
demo_session_04,43,1786094486.6896238,move,341,288,.!frame.!button
demo_session_04,43,1786094486.7396238,move,346,302,.!frame.!button
demo_session_04,43,1786094486.7896237,move,328,299,.!frame.!button
demo_session_04,43,1786094486.8396237,move,365,275,.!frame.!button
demo_session_04,43,1786094486.8896236,move,330,287,.!frame.!button
demo_session_04,43,1786094486.9396236,move,331,305,.!frame.!button
demo_session_04,43,1786094486.9896235,move,341,285,.!frame.!button
demo_session_04,43,1786094487.0396235,move,350,298,.!frame.!button
demo_session_04,43,1786094487.0896235,move,336,305,.!frame.!button
demo_session_04,43,1786094487.1396234,move,332,303,.!frame.!button
demo_session_04,43,1786094487.1896234,move,351,319,.!frame.!button
demo_session_04,43,1786094487.2396233,move,343,291,.!frame.!button
demo_session_04,43,1786094487.2896233,move,351,299,.!frame.!button
demo_session_04,43,1786094487.3396232,move,335,312,.!frame.!button
demo_session_04,43,1786094487.3896232,move,345,297,.!frame.!button
demo_session_04,43,1786094487.439623,move,353,310,.!frame.!button
demo_session_04,43,1786094487.489623,move,342,310,.!frame.!button
demo_session_04,43,1786094487.539623,move,349,308,.!frame.!button
demo_session_04,43,1786094487.589623,move,339,321,.!frame.!button
demo_session_04,43,1786094487.639623,move,346,315,.!frame.!button
demo_session_04,43,1786094487.6896229,move,335,315,.!frame.!button
demo_session_04,43,1786094487.7396228,move,346,328,.!frame.!button
demo_session_04,43,1786094487.8259404,click,363,333,.!frame.!button
demo_session_04,44,1786094487.8259404,move,478,201,.!frame.!entry
demo_session_04,44,1786094487.8759403,move,501,193,.!frame.!entry
demo_session_04,44,1786094487.9259403,move,490,211,.!frame.!entry
demo_session_04,44,1786094487.9759402,move,482,220,.!frame.!entry
demo_session_04,44,1786094488.0259402,move,472,212,.!frame.!entry
demo_session_04,44,1786094488.0759401,move,476,206,.!frame.!entry
demo_session_04,44,1786094488.12594,move,483,210,.!frame.!entry
demo_session_04,44,1786094488.17594,move,462,212,.!frame.!entry
demo_session_04,44,1786094488.22594,move,470,219,.!frame.!entry
demo_session_04,44,1786094488.27594,move,459,226,.!frame.!entry
demo_session_04,44,1786094488.32594,move,466,221,.!frame.!entry
demo_session_04,44,1786094488.3759398,move,461,222,.!frame.!entry
demo_session_04,44,1786094488.4259398,move,480,241,.!frame.!entry
demo_session_04,44,1786094488.4759398,move,463,236,.!frame.!entry
demo_session_04,44,1786094488.5259397,move,453,227,.!frame.!entry
demo_session_04,44,1786094488.5759397,move,474,229,.!frame.!entry
demo_session_04,44,1786094488.6259396,move,471,227,.!frame.!entry
demo_session_04,44,1786094488.6759396,move,465,231,.!frame.!entry
demo_session_04,44,1786094488.7259395,move,471,234,.!frame.!entry
demo_session_04,44,1786094488.7759395,move,461,240,.!frame.!entry
demo_session_04,44,1786094488.8259394,move,463,230,.!frame.!entry
demo_session_04,44,1786094488.8759394,move,456,250,.!frame.!entry
demo_session_04,44,1786094488.9259393,move,456,242,.!frame.!entry
demo_session_04,44,1786094488.9759393,move,439,242,.!frame.!entry
demo_session_04,44,1786094489.0259392,move,447,247,.!frame.!entry
demo_session_04,44,1786094489.0759392,move,452,234,.!frame.!entry
demo_session_04,44,1786094489.1259391,move,453,245,.!frame.!entry
demo_session_04,44,1786094489.175939,move,464,249,.!frame.!entry
demo_session_04,44,1786094489.225939,move,447,248,.!frame.!entry
demo_session_04,44,1786094489.275939,move,446,246,.!frame.!entry
demo_session_04,44,1786094489.325939,move,448,242,.!frame.!entry
demo_session_04,44,1786094489.375939,move,457,258,.!frame.!entry
demo_session_04,44,1786094489.4259388,move,438,240,.!frame.!entry
demo_session_04,44,1786094489.4759388,move,445,247,.!frame.!entry
demo_session_04,44,1786094489.5259387,move,447,242,.!frame.!entry
demo_session_04,44,1786094489.5759387,move,449,257,.!frame.!entry
demo_session_04,44,1786094489.6259387,move,449,245,.!frame.!entry
demo_session_04,44,1786094489.6759386,move,438,250,.!frame.!entry
demo_session_04,44,1786094489.7259386,move,429,250,.!frame.!entry
demo_session_04,44,1786094489.7759385,move,437,263,.!frame.!entry
demo_session_04,44,1786094489.8259385,move,443,242,.!frame.!entry
demo_session_04,44,1786094489.8759384,move,454,248,.!frame.!entry
demo_session_04,44,1786094489.9259384,move,457,229,.!frame.!entry
demo_session_04,44,1786094489.9759383,move,434,250,.!frame.!entry
demo_session_04,44,1786094490.0259383,move,432,248,.!frame.!entry
demo_session_04,44,1786094490.0759382,move,423,255,.!frame.!entry
demo_session_04,44,1786094490.1259382,move,437,246,.!frame.!entry
demo_session_04,44,1786094490.1759381,move,408,242,.!frame.!entry
demo_session_04,44,1786094490.225938,move,438,252,.!frame.!entry
demo_session_04,44,1786094490.275938,move,420,269,.!frame.!entry
demo_session_04,44,1786094490.325938,move,418,275,.!frame.!entry
demo_session_04,44,1786094490.375938,move,427,255,.!frame.!entry
demo_session_04,44,1786094490.425938,move,426,259,.!frame.!entry
demo_session_04,44,1786094490.4759378,move,438,251,.!frame.!entry
demo_session_04,44,1786094490.5259378,move,422,263,.!frame.!entry
demo_session_04,44,1786094490.5759377,move,417,271,.!frame.!entry
demo_session_04,44,1786094490.6259377,move,419,252,.!frame.!entry
demo_session_04,44,1786094490.6759377,move,436,256,.!frame.!entry
demo_session_04,44,1786094490.7259376,move,435,257,.!frame.!entry
demo_session_04,44,1786094490.7759376,move,420,260,.!frame.!entry
demo_session_04,44,1786094490.8259375,move,422,268,.!frame.!entry
demo_session_04,44,1786094490.8759375,move,437,268,.!frame.!entry
demo_session_04,44,1786094490.9259374,move,418,268,.!frame.!entry
demo_session_04,44,1786094490.9759374,move,427,259,.!frame.!entry
demo_session_04,44,1786094491.0259373,move,433,259,.!frame.!entry
demo_session_04,44,1786094491.0759373,move,410,266,.!frame.!entry
demo_session_04,44,1786094491.1259372,move,430,273,.!frame.!entry
demo_session_04,44,1786094491.1759372,move,417,263,.!frame.!entry
demo_session_04,44,1786094491.2259371,move,393,277,.!frame.!entry
demo_session_04,44,1786094491.275937,move,419,275,.!frame.!entry
demo_session_04,44,1786094491.325937,move,412,277,.!frame.!entry
demo_session_04,44,1786094491.375937,move,397,277,.!frame.!entry
demo_session_04,44,1786094491.425937,move,397,255,.!frame.!entry
demo_session_04,44,1786094491.475937,move,406,281,.!frame.!entry
demo_session_04,44,1786094491.5259368,move,403,292,.!frame.!entry
demo_session_04,44,1786094491.5759368,move,410,271,.!frame.!entry
demo_session_04,44,1786094491.6259367,move,412,279,.!frame.!entry
demo_session_04,44,1786094491.6759367,move,420,273,.!frame.!entry
demo_session_04,44,1786094491.7259367,move,391,272,.!frame.!entry
demo_session_04,44,1786094491.7759366,move,405,292,.!frame.!entry
demo_session_04,44,1786094491.8259366,move,417,280,.!frame.!entry
demo_session_04,44,1786094491.8759365,move,404,296,.!frame.!entry
demo_session_04,44,1786094491.9259365,move,390,277,.!frame.!entry
demo_session_04,44,1786094491.9759364,move,395,292,.!frame.!entry
demo_session_04,44,1786094492.0259364,move,412,284,.!frame.!entry
demo_session_04,44,1786094492.0759363,move,395,281,.!frame.!entry
demo_session_04,44,1786094492.1259363,move,410,296,.!frame.!entry
demo_session_04,44,1786094492.1759362,move,401,278,.!frame.!entry
demo_session_04,44,1786094492.2259362,move,396,281,.!frame.!entry
demo_session_04,44,1786094492.2759361,move,398,300,.!frame.!entry
demo_session_04,44,1786094492.325936,move,380,287,.!frame.!entry
demo_session_04,44,1786094492.375936,move,382,280,.!frame.!button
demo_session_04,44,1786094492.425936,move,371,285,.!frame.!button
demo_session_04,44,1786094492.475936,move,376,289,.!frame.!button
demo_session_04,44,1786094492.525936,move,388,302,.!frame.!button
demo_session_04,44,1786094492.5759358,move,387,284,.!frame.!button
demo_session_04,44,1786094492.6259358,move,385,282,.!frame.!button
demo_session_04,44,1786094492.6759357,move,394,298,.!frame.!button
demo_session_04,44,1786094492.7259357,move,388,284,.!frame.!button
demo_session_04,44,1786094492.7759356,move,386,285,.!frame.!button
demo_session_04,44,1786094492.8259356,move,376,285,.!frame.!button
demo_session_04,44,1786094492.8759356,move,385,288,.!frame.!button
demo_session_04,44,1786094492.9259355,move,389,294,.!frame.!button
demo_session_04,44,1786094492.9759355,move,364,286,.!frame.!button
demo_session_04,44,1786094493.0259354,move,377,296,.!frame.!button
demo_session_04,44,1786094493.0759354,move,385,308,.!frame.!button
demo_session_04,44,1786094493.1259353,move,355,321,.!frame.!button
demo_session_04,44,1786094493.1759353,move,367,302,.!frame.!button
demo_session_04,44,1786094493.2259352,move,385,300,.!frame.!button
demo_session_04,44,1786094493.2759352,move,372,292,.!frame.!button
demo_session_04,44,1786094493.3259351,move,376,307,.!frame.!button
demo_session_04,44,1786094493.375935,move,365,300,.!frame.!button
demo_session_04,44,1786094493.425935,move,380,295,.!frame.!button
demo_session_04,44,1786094493.475935,move,368,295,.!frame.!button
demo_session_04,44,1786094493.525935,move,373,303,.!frame.!button
demo_session_04,44,1786094493.575935,move,344,323,.!frame.!button
demo_session_04,44,1786094493.6259348,move,363,299,.!frame.!button
demo_session_04,44,1786094493.6759348,move,369,292,.!frame.!button
demo_session_04,44,1786094493.7259347,move,352,307,.!frame.!button
demo_session_04,44,1786094493.7759347,move,353,307,.!frame.!button
demo_session_04,44,1786094493.8259346,move,361,307,.!frame.!button
demo_session_04,44,1786094493.8759346,move,367,316,.!frame.!button
demo_session_04,44,1786094493.9259346,move,369,287,.!frame.!button
demo_session_04,44,1786094493.9759345,move,358,316,.!frame.!button
demo_session_04,44,1786094494.0259345,move,361,289,.!frame.!button
demo_session_04,44,1786094494.0759344,move,341,314,.!frame.!button
demo_session_04,44,1786094494.1259344,move,336,318,.!frame.!button
demo_session_04,44,1786094494.1759343,move,357,317,.!frame.!button
demo_session_04,44,1786094494.2259343,move,336,291,.!frame.!button
demo_session_04,44,1786094494.2759342,move,363,320,.!frame.!button
demo_session_04,44,1786094494.3470657,click,358,328,.!frame.!button
demo_session_04,45,1786094494.3470657,move,509,294,.!frame.!entry
demo_session_04,45,1786094494.3970656,move,505,285,.!frame.!entry
demo_session_04,45,1786094494.4470656,move,505,292,.!frame.!entry
demo_session_04,45,1786094494.4970655,move,498,312,.!frame.!entry
demo_session_04,45,1786094494.5470655,move,497,305,.!frame.!entry
demo_session_04,45,1786094494.5970654,move,491,304,.!frame.!entry
demo_session_04,45,1786094494.6470654,move,509,284,.!frame.!entry
demo_session_04,45,1786094494.6970654,move,509,317,.!frame.!entry
demo_session_04,45,1786094494.7470653,move,494,292,.!frame.!entry
demo_session_04,45,1786094494.7970653,move,485,300,.!frame.!entry
demo_session_04,45,1786094494.8470652,move,484,300,.!frame.!entry
demo_session_04,45,1786094494.8970652,move,482,285,.!frame.!entry
demo_session_04,45,1786094494.947065,move,476,278,.!frame.!entry
demo_session_04,45,1786094494.997065,move,505,304,.!frame.!entry
demo_session_04,45,1786094495.047065,move,481,284,.!frame.!entry
demo_session_04,45,1786094495.097065,move,477,290,.!frame.!entry
demo_session_04,45,1786094495.147065,move,487,318,.!frame.!entry
demo_session_04,45,1786094495.1970649,move,500,309,.!frame.!entry
demo_session_04,45,1786094495.2470648,move,486,308,.!frame.!entry
demo_session_04,45,1786094495.2970648,move,479,307,.!frame.!entry
demo_session_04,45,1786094495.3470647,move,479,306,.!frame.!entry
demo_session_04,45,1786094495.3970647,move,471,285,.!frame.!entry
demo_session_04,45,1786094495.4470646,move,478,310,.!frame.!entry
demo_session_04,45,1786094495.4970646,move,483,304,.!frame.!entry
demo_session_04,45,1786094495.5470645,move,482,307,.!frame.!entry
demo_session_04,45,1786094495.5970645,move,466,300,.!frame.!entry
demo_session_04,45,1786094495.6470644,move,475,291,.!frame.!entry
demo_session_04,45,1786094495.6970644,move,469,303,.!frame.!entry
demo_session_04,45,1786094495.7470644,move,488,317,.!frame.!entry
demo_session_04,45,1786094495.7970643,move,465,295,.!frame.!entry
demo_session_04,45,1786094495.8470643,move,479,323,.!frame.!entry
demo_session_04,45,1786094495.8970642,move,481,303,.!frame.!entry
demo_session_04,45,1786094495.9470642,move,489,297,.!frame.!entry
demo_session_04,45,1786094495.997064,move,460,289,.!frame.!entry
demo_session_04,45,1786094496.047064,move,446,305,.!frame.!entry
demo_session_04,45,1786094496.097064,move,448,320,.!frame.!entry
demo_session_04,45,1786094496.147064,move,458,310,.!frame.!entry
demo_session_04,45,1786094496.197064,move,456,295,.!frame.!entry
demo_session_04,45,1786094496.2470639,move,478,317,.!frame.!entry
demo_session_04,45,1786094496.2970638,move,470,301,.!frame.!entry
demo_session_04,45,1786094496.3470638,move,435,312,.!frame.!entry
demo_session_04,45,1786094496.3970637,move,441,311,.!frame.!entry
demo_session_04,45,1786094496.4470637,move,461,279,.!frame.!entry
demo_session_04,45,1786094496.4970636,move,466,303,.!frame.!entry
demo_session_04,45,1786094496.5470636,move,463,296,.!frame.!entry
demo_session_04,45,1786094496.5970635,move,439,285,.!frame.!entry
demo_session_04,45,1786094496.6470635,move,463,305,.!frame.!entry
demo_session_04,45,1786094496.6970634,move,445,314,.!frame.!entry
demo_session_04,45,1786094496.7470634,move,427,313,.!frame.!entry
demo_session_04,45,1786094496.7970634,move,444,320,.!frame.!entry
demo_session_04,45,1786094496.8470633,move,454,308,.!frame.!entry
demo_session_04,45,1786094496.8970633,move,451,310,.!frame.!entry
demo_session_04,45,1786094496.9470632,move,424,317,.!frame.!entry
demo_session_04,45,1786094496.9970632,move,461,314,.!frame.!entry
demo_session_04,45,1786094497.047063,move,445,289,.!frame.!entry
demo_session_04,45,1786094497.097063,move,422,286,.!frame.!entry
demo_session_04,45,1786094497.147063,move,451,308,.!frame.!entry
demo_session_04,45,1786094497.197063,move,423,306,.!frame.!entry
demo_session_04,45,1786094497.247063,move,437,306,.!frame.!entry
demo_session_04,45,1786094497.2970629,move,442,325,.!frame.!entry
demo_session_04,45,1786094497.3470628,move,435,292,.!frame.!entry
demo_session_04,45,1786094497.3970628,move,448,303,.!frame.!entry
demo_session_04,45,1786094497.4470627,move,424,301,.!frame.!entry
demo_session_04,45,1786094497.4970627,move,432,311,.!frame.!entry
demo_session_04,45,1786094497.5470626,move,435,311,.!frame.!entry
demo_session_04,45,1786094497.5970626,move,452,312,.!frame.!entry
demo_session_04,45,1786094497.6470625,move,431,319,.!frame.!entry
demo_session_04,45,1786094497.6970625,move,420,327,.!frame.!entry
demo_session_04,45,1786094497.7470624,move,417,307,.!frame.!entry
demo_session_04,45,1786094497.7970624,move,422,334,.!frame.!entry
demo_session_04,45,1786094497.8470623,move,440,310,.!frame.!entry
demo_session_04,45,1786094497.8970623,move,408,322,.!frame.!entry
demo_session_04,45,1786094497.9470623,move,416,288,.!frame.!entry
demo_session_04,45,1786094497.9970622,move,429,320,.!frame.!entry
demo_session_04,45,1786094498.0470622,move,433,304,.!frame.!entry
demo_session_04,45,1786094498.097062,move,422,330,.!frame.!entry
demo_session_04,45,1786094498.147062,move,423,309,.!frame.!entry
demo_session_04,45,1786094498.197062,move,399,299,.!frame.!entry
demo_session_04,45,1786094498.247062,move,414,333,.!frame.!entry
demo_session_04,45,1786094498.297062,move,417,285,.!frame.!entry
demo_session_04,45,1786094498.3470619,move,417,317,.!frame.!entry
demo_session_04,45,1786094498.3970618,move,394,302,.!frame.!entry
demo_session_04,45,1786094498.4470618,move,402,317,.!frame.!entry
demo_session_04,45,1786094498.4970617,move,415,318,.!frame.!entry
demo_session_04,45,1786094498.5470617,move,385,316,.!frame.!entry
demo_session_04,45,1786094498.5970616,move,411,302,.!frame.!entry
demo_session_04,45,1786094498.6470616,move,404,301,.!frame.!entry
demo_session_04,45,1786094498.6970615,move,403,297,.!frame.!entry
demo_session_04,45,1786094498.7470615,move,404,308,.!frame.!entry
demo_session_04,45,1786094498.7970614,move,415,287,.!frame.!entry
demo_session_04,45,1786094498.8470614,move,389,309,.!frame.!entry
demo_session_04,45,1786094498.8970613,move,387,303,.!frame.!entry
demo_session_04,45,1786094498.9470613,move,391,310,.!frame.!entry
demo_session_04,45,1786094498.9970613,move,385,304,.!frame.!button
demo_session_04,45,1786094499.0470612,move,402,325,.!frame.!button
demo_session_04,45,1786094499.0970612,move,386,312,.!frame.!button
demo_session_04,45,1786094499.147061,move,401,318,.!frame.!button
demo_session_04,45,1786094499.197061,move,400,311,.!frame.!button
demo_session_04,45,1786094499.247061,move,386,324,.!frame.!button
demo_session_04,45,1786094499.297061,move,381,318,.!frame.!button
demo_session_04,45,1786094499.347061,move,404,312,.!frame.!button
demo_session_04,45,1786094499.3970609,move,376,313,.!frame.!button
demo_session_04,45,1786094499.4470608,move,370,296,.!frame.!button
demo_session_04,45,1786094499.4970608,move,389,324,.!frame.!button
demo_session_04,45,1786094499.5470607,move,367,307,.!frame.!button
demo_session_04,45,1786094499.5970607,move,380,308,.!frame.!button
demo_session_04,45,1786094499.6470606,move,375,329,.!frame.!button
demo_session_04,45,1786094499.6970606,move,372,313,.!frame.!button
demo_session_04,45,1786094499.7470605,move,382,317,.!frame.!button
demo_session_04,45,1786094499.7970605,move,367,318,.!frame.!button
demo_session_04,45,1786094499.8470604,move,370,313,.!frame.!button
demo_session_04,45,1786094499.8970604,move,379,302,.!frame.!button
demo_session_04,45,1786094499.9470603,move,387,312,.!frame.!button
demo_session_04,45,1786094499.9970603,move,371,333,.!frame.!button
demo_session_04,45,1786094500.0470603,move,386,310,.!frame.!button
demo_session_04,45,1786094500.0970602,move,372,322,.!frame.!button
demo_session_04,45,1786094500.1470602,move,355,330,.!frame.!button
demo_session_04,45,1786094500.19706,move,347,330,.!frame.!button
demo_session_04,45,1786094500.24706,move,356,325,.!frame.!button
demo_session_04,45,1786094500.29706,move,360,310,.!frame.!button
demo_session_04,45,1786094500.34706,move,365,307,.!frame.!button
demo_session_04,45,1786094500.39706,move,379,328,.!frame.!button
demo_session_04,45,1786094500.4470599,move,359,324,.!frame.!button
demo_session_04,45,1786094500.4970598,move,346,326,.!frame.!button
demo_session_04,45,1786094500.5470598,move,347,328,.!frame.!button
demo_session_04,45,1786094500.5970597,move,349,315,.!frame.!button
demo_session_04,45,1786094500.6470597,move,358,323,.!frame.!button
demo_session_04,45,1786094500.6970596,move,356,327,.!frame.!button
demo_session_04,45,1786094500.7470596,move,349,337,.!frame.!button
demo_session_04,45,1786094500.7970595,move,353,321,.!frame.!button
demo_session_04,45,1786094500.8470595,move,342,314,.!frame.!button
demo_session_04,45,1786094500.8970594,move,349,304,.!frame.!button
demo_session_04,45,1786094500.9470594,move,369,336,.!frame.!button
demo_session_04,45,1786094501.0349648,click,358,328,.!frame.!button
demo_session_04,46,1786094501.0349648,move,375,270,.!frame.!entry
demo_session_04,46,1786094501.0849648,move,407,262,.!frame.!entry
demo_session_04,46,1786094501.1349647,move,401,276,.!frame.!entry
demo_session_04,46,1786094501.1849647,move,371,263,.!frame.!entry
demo_session_04,46,1786094501.2349646,move,387,263,.!frame.!entry
demo_session_04,46,1786094501.2849646,move,377,253,.!frame.!entry
demo_session_04,46,1786094501.3349645,move,377,256,.!frame.!entry
demo_session_04,46,1786094501.3849645,move,396,277,.!frame.!entry
demo_session_04,46,1786094501.4349644,move,391,295,.!frame.!entry
demo_session_04,46,1786094501.4849644,move,384,276,.!frame.!entry
demo_session_04,46,1786094501.5349643,move,378,277,.!frame.!entry
demo_session_04,46,1786094501.5849643,move,385,267,.!frame.!entry
demo_session_04,46,1786094501.6349642,move,387,256,.!frame.!entry
demo_session_04,46,1786094501.6849642,move,400,261,.!frame.!entry
demo_session_04,46,1786094501.7349641,move,392,272,.!frame.!entry
demo_session_04,46,1786094501.784964,move,388,289,.!frame.!entry
demo_session_04,46,1786094501.834964,move,378,281,.!frame.!entry
demo_session_04,46,1786094501.884964,move,377,286,.!frame.!entry
demo_session_04,46,1786094501.934964,move,395,289,.!frame.!entry
demo_session_04,46,1786094501.984964,move,372,288,.!frame.!entry
demo_session_04,46,1786094502.0349638,move,390,259,.!frame.!entry
demo_session_04,46,1786094502.0849638,move,387,274,.!frame.!entry
demo_session_04,46,1786094502.1349638,move,378,266,.!frame.!entry
demo_session_04,46,1786094502.1849637,move,387,270,.!frame.!entry
demo_session_04,46,1786094502.2349637,move,374,266,.!frame.!entry
demo_session_04,46,1786094502.2849636,move,353,291,.!frame.!entry
demo_session_04,46,1786094502.3349636,move,386,268,.!frame.!entry
demo_session_04,46,1786094502.3849635,move,366,255,.!frame.!entry
demo_session_04,46,1786094502.4349635,move,368,282,.!frame.!entry
demo_session_04,46,1786094502.4849634,move,370,268,.!frame.!entry
demo_session_04,46,1786094502.5349634,move,382,276,.!frame.!entry
demo_session_04,46,1786094502.5849633,move,393,275,.!frame.!entry
demo_session_04,46,1786094502.6349633,move,372,287,.!frame.!entry
demo_session_04,46,1786094502.6849632,move,364,269,.!frame.!entry
demo_session_04,46,1786094502.7349632,move,379,258,.!frame.!entry
demo_session_04,46,1786094502.7849631,move,377,265,.!frame.!entry
demo_session_04,46,1786094502.834963,move,374,294,.!frame.!entry
demo_session_04,46,1786094502.884963,move,384,278,.!frame.!entry
demo_session_04,46,1786094502.934963,move,376,276,.!frame.!entry
demo_session_04,46,1786094502.984963,move,383,294,.!frame.!entry
demo_session_04,46,1786094503.034963,move,377,263,.!frame.!entry
demo_session_04,46,1786094503.0849628,move,370,287,.!frame.!entry
demo_session_04,46,1786094503.1349628,move,366,294,.!frame.!entry
demo_session_04,46,1786094503.1849627,move,377,286,.!frame.!entry
demo_session_04,46,1786094503.2349627,move,343,273,.!frame.!entry
demo_session_04,46,1786094503.2849627,move,364,286,.!frame.!entry
demo_session_04,46,1786094503.3349626,move,367,263,.!frame.!entry
demo_session_04,46,1786094503.3849626,move,370,276,.!frame.!entry
demo_session_04,46,1786094503.4349625,move,381,323,.!frame.!entry
demo_session_04,46,1786094503.4849625,move,388,271,.!frame.!entry
demo_session_04,46,1786094503.5349624,move,371,277,.!frame.!entry
demo_session_04,46,1786094503.5849624,move,373,274,.!frame.!entry
demo_session_04,46,1786094503.6349623,move,363,274,.!frame.!entry
demo_session_04,46,1786094503.6849623,move,372,299,.!frame.!entry
demo_session_04,46,1786094503.7349622,move,356,277,.!frame.!entry
demo_session_04,46,1786094503.7849622,move,386,269,.!frame.!entry
demo_session_04,46,1786094503.8349621,move,347,301,.!frame.!entry
demo_session_04,46,1786094503.884962,move,371,282,.!frame.!entry
demo_session_04,46,1786094503.934962,move,362,284,.!frame.!entry
demo_session_04,46,1786094503.984962,move,362,288,.!frame.!entry
demo_session_04,46,1786094504.034962,move,344,275,.!frame.!entry
demo_session_04,46,1786094504.084962,move,372,288,.!frame.!entry
demo_session_04,46,1786094504.1349618,move,368,299,.!frame.!entry
demo_session_04,46,1786094504.1849618,move,371,280,.!frame.!entry
demo_session_04,46,1786094504.2349617,move,380,302,.!frame.!entry
demo_session_04,46,1786094504.2849617,move,390,274,.!frame.!entry
demo_session_04,46,1786094504.3349617,move,354,298,.!frame.!entry
demo_session_04,46,1786094504.3849616,move,339,293,.!frame.!entry
demo_session_04,46,1786094504.4349616,move,367,306,.!frame.!entry
demo_session_04,46,1786094504.4849615,move,344,292,.!frame.!entry
demo_session_04,46,1786094504.5349615,move,367,289,.!frame.!entry
demo_session_04,46,1786094504.5849614,move,363,284,.!frame.!entry
demo_session_04,46,1786094504.6349614,move,375,280,.!frame.!entry
demo_session_04,46,1786094504.6849613,move,354,284,.!frame.!entry
demo_session_04,46,1786094504.7349613,move,361,296,.!frame.!entry
demo_session_04,46,1786094504.7849612,move,358,295,.!frame.!entry
demo_session_04,46,1786094504.8349612,move,362,285,.!frame.!entry
demo_session_04,46,1786094504.8849611,move,360,287,.!frame.!entry
demo_session_04,46,1786094504.934961,move,358,278,.!frame.!entry
demo_session_04,46,1786094504.984961,move,399,300,.!frame.!entry
demo_session_04,46,1786094505.034961,move,361,283,.!frame.!entry
demo_session_04,46,1786094505.084961,move,358,290,.!frame.!entry
demo_session_04,46,1786094505.134961,move,368,302,.!frame.!entry
demo_session_04,46,1786094505.1849608,move,363,311,.!frame.!entry
demo_session_04,46,1786094505.2349608,move,371,293,.!frame.!entry
demo_session_04,46,1786094505.2849607,move,361,290,.!frame.!entry
demo_session_04,46,1786094505.3349607,move,337,306,.!frame.!entry
demo_session_04,46,1786094505.3849607,move,359,280,.!frame.!entry
demo_session_04,46,1786094505.4349606,move,370,277,.!frame.!entry
demo_session_04,46,1786094505.4849606,move,360,287,.!frame.!entry
demo_session_04,46,1786094505.5349605,move,375,299,.!frame.!entry
demo_session_04,46,1786094505.5849605,move,363,288,.!frame.!entry
demo_session_04,46,1786094505.6349604,move,365,307,.!frame.!entry
demo_session_04,46,1786094505.6849604,move,352,299,.!frame.!entry
demo_session_04,46,1786094505.7349603,move,359,304,.!frame.!entry
demo_session_04,46,1786094505.7849603,move,348,291,.!frame.!entry
demo_session_04,46,1786094505.8349602,move,378,312,.!frame.!entry
demo_session_04,46,1786094505.8849602,move,375,301,.!frame.!entry
demo_session_04,46,1786094505.9349601,move,365,308,.!frame.!entry
demo_session_04,46,1786094505.98496,move,369,311,.!frame.!entry
demo_session_04,46,1786094506.03496,move,374,299,.!frame.!entry
demo_session_04,46,1786094506.08496,move,372,311,.!frame.!entry
demo_session_04,46,1786094506.13496,move,368,309,.!frame.!entry
demo_session_04,46,1786094506.18496,move,362,292,.!frame.!entry
demo_session_04,46,1786094506.2349598,move,364,303,.!frame.!entry
demo_session_04,46,1786094506.2849598,move,374,271,.!frame.!entry
demo_session_04,46,1786094506.3349597,move,383,305,.!frame.!entry
demo_session_04,46,1786094506.3849597,move,373,302,.!frame.!entry
demo_session_04,46,1786094506.4349597,move,360,303,.!frame.!entry
demo_session_04,46,1786094506.4849596,move,359,311,.!frame.!entry
demo_session_04,46,1786094506.5349596,move,372,283,.!frame.!entry
demo_session_04,46,1786094506.5849595,move,374,303,.!frame.!entry
demo_session_04,46,1786094506.6349595,move,352,305,.!frame.!entry
demo_session_04,46,1786094506.6849594,move,348,291,.!frame.!entry
demo_session_04,46,1786094506.7349594,move,380,309,.!frame.!entry
demo_session_04,46,1786094506.7849593,move,354,307,.!frame.!entry
demo_session_04,46,1786094506.8349593,move,362,331,.!frame.!entry
demo_session_04,46,1786094506.8849592,move,355,328,.!frame.!entry
demo_session_04,46,1786094506.9349592,move,351,334,.!frame.!entry
demo_session_04,46,1786094506.9849591,move,349,309,.!frame.!entry
demo_session_04,46,1786094507.034959,move,375,302,.!frame.!button
demo_session_04,46,1786094507.084959,move,377,309,.!frame.!button
demo_session_04,46,1786094507.134959,move,355,292,.!frame.!button
demo_session_04,46,1786094507.184959,move,354,294,.!frame.!button
demo_session_04,46,1786094507.234959,move,357,307,.!frame.!button
demo_session_04,46,1786094507.2849588,move,355,293,.!frame.!button
demo_session_04,46,1786094507.3349588,move,362,314,.!frame.!button
demo_session_04,46,1786094507.3849587,move,353,310,.!frame.!button
demo_session_04,46,1786094507.4349587,move,378,313,.!frame.!button
demo_session_04,46,1786094507.4849586,move,348,313,.!frame.!button
demo_session_04,46,1786094507.5349586,move,369,280,.!frame.!button
demo_session_04,46,1786094507.5849586,move,365,304,.!frame.!button
demo_session_04,46,1786094507.6349585,move,351,302,.!frame.!button
demo_session_04,46,1786094507.6849585,move,339,299,.!frame.!button
demo_session_04,46,1786094507.7349584,move,359,305,.!frame.!button
demo_session_04,46,1786094507.7849584,move,364,310,.!frame.!button
demo_session_04,46,1786094507.8349583,move,330,309,.!frame.!button
demo_session_04,46,1786094507.8849583,move,359,299,.!frame.!button
demo_session_04,46,1786094507.9349582,move,361,318,.!frame.!button
demo_session_04,46,1786094507.9849582,move,362,327,.!frame.!button
demo_session_04,46,1786094508.0349581,move,336,305,.!frame.!button
demo_session_04,46,1786094508.084958,move,370,312,.!frame.!button
demo_session_04,46,1786094508.134958,move,355,311,.!frame.!button
demo_session_04,46,1786094508.184958,move,355,300,.!frame.!button
demo_session_04,46,1786094508.234958,move,352,330,.!frame.!button
demo_session_04,46,1786094508.284958,move,348,311,.!frame.!button
demo_session_04,46,1786094508.3349578,move,372,311,.!frame.!button
demo_session_04,46,1786094508.3849578,move,339,309,.!frame.!button
demo_session_04,46,1786094508.4349577,move,352,326,.!frame.!button
demo_session_04,46,1786094508.4849577,move,343,309,.!frame.!button
demo_session_04,46,1786094508.5349576,move,364,316,.!frame.!button
demo_session_04,46,1786094508.5849576,move,342,311,.!frame.!button
demo_session_04,46,1786094508.6349576,move,374,304,.!frame.!button
demo_session_04,46,1786094508.6849575,move,351,315,.!frame.!button
demo_session_04,46,1786094508.7349575,move,340,325,.!frame.!button
demo_session_04,46,1786094508.7849574,move,375,315,.!frame.!button
demo_session_04,46,1786094508.8349574,move,351,325,.!frame.!button
demo_session_04,46,1786094508.8849573,move,355,328,.!frame.!button
demo_session_04,46,1786094508.9349573,move,350,326,.!frame.!button
demo_session_04,46,1786094508.9849572,move,348,314,.!frame.!button
demo_session_04,46,1786094509.0349572,move,355,300,.!frame.!button
demo_session_04,46,1786094509.0849571,move,342,318,.!frame.!button
demo_session_04,46,1786094509.134957,move,372,293,.!frame.!button
demo_session_04,46,1786094509.184957,move,358,304,.!frame.!button
demo_session_04,46,1786094509.234957,move,349,324,.!frame.!button
demo_session_04,46,1786094509.284957,move,358,320,.!frame.!button
demo_session_04,46,1786094509.334957,move,327,322,.!frame.!button
demo_session_04,46,1786094509.3849568,move,333,319,.!frame.!button
demo_session_04,46,1786094509.4349568,move,356,306,.!frame.!button
demo_session_04,46,1786094509.4849567,move,343,332,.!frame.!button
demo_session_04,46,1786094509.5349567,move,355,323,.!frame.!button
demo_session_04,46,1786094509.5849566,move,333,319,.!frame.!button
demo_session_04,46,1786094509.6804335,click,359,329,.!frame.!button
demo_session_04,47,1786094509.6804335,move,407,196,.!frame.!entry
demo_session_04,47,1786094509.7304335,move,404,188,.!frame.!entry
demo_session_04,47,1786094509.7804334,move,416,192,.!frame.!entry
demo_session_04,47,1786094509.8304334,move,393,198,.!frame.!entry
demo_session_04,47,1786094509.8804333,move,407,214,.!frame.!entry
demo_session_04,47,1786094509.9304333,move,404,209,.!frame.!entry
demo_session_04,47,1786094509.9804332,move,421,209,.!frame.!entry
demo_session_04,47,1786094510.0304332,move,414,190,.!frame.!entry
demo_session_04,47,1786094510.0804331,move,410,211,.!frame.!entry
demo_session_04,47,1786094510.130433,move,414,198,.!frame.!entry
demo_session_04,47,1786094510.180433,move,407,194,.!frame.!entry
demo_session_04,47,1786094510.230433,move,408,205,.!frame.!entry
demo_session_04,47,1786094510.280433,move,399,205,.!frame.!entry
demo_session_04,47,1786094510.330433,move,405,220,.!frame.!entry
demo_session_04,47,1786094510.3804328,move,426,199,.!frame.!entry
demo_session_04,47,1786094510.4304328,move,406,219,.!frame.!entry
demo_session_04,47,1786094510.4804327,move,389,208,.!frame.!entry
demo_session_04,47,1786094510.5304327,move,416,217,.!frame.!entry
demo_session_04,47,1786094510.5804327,move,396,227,.!frame.!entry
demo_session_04,47,1786094510.6304326,move,400,198,.!frame.!entry
demo_session_04,47,1786094510.6804326,move,362,226,.!frame.!entry
demo_session_04,47,1786094510.7304325,move,404,223,.!frame.!entry
demo_session_04,47,1786094510.7804325,move,397,222,.!frame.!entry
demo_session_04,47,1786094510.8304324,move,394,201,.!frame.!entry
demo_session_04,47,1786094510.8804324,move,387,217,.!frame.!entry
demo_session_04,47,1786094510.9304323,move,381,231,.!frame.!entry
demo_session_04,47,1786094510.9804323,move,406,219,.!frame.!entry
demo_session_04,47,1786094511.0304322,move,426,218,.!frame.!entry
demo_session_04,47,1786094511.0804322,move,395,222,.!frame.!entry
demo_session_04,47,1786094511.1304321,move,396,229,.!frame.!entry
demo_session_04,47,1786094511.180432,move,415,217,.!frame.!entry
demo_session_04,47,1786094511.230432,move,390,221,.!frame.!entry
demo_session_04,47,1786094511.280432,move,392,247,.!frame.!entry
demo_session_04,47,1786094511.330432,move,421,224,.!frame.!entry
demo_session_04,47,1786094511.380432,move,421,245,.!frame.!entry
demo_session_04,47,1786094511.4304318,move,391,224,.!frame.!entry
demo_session_04,47,1786094511.4804318,move,370,233,.!frame.!entry
demo_session_04,47,1786094511.5304317,move,390,212,.!frame.!entry
demo_session_04,47,1786094511.5804317,move,389,220,.!frame.!entry
demo_session_04,47,1786094511.6304317,move,421,224,.!frame.!entry
demo_session_04,47,1786094511.6804316,move,367,231,.!frame.!entry
demo_session_04,47,1786094511.7304316,move,388,244,.!frame.!entry
demo_session_04,47,1786094511.7804315,move,398,242,.!frame.!entry
demo_session_04,47,1786094511.8304315,move,380,238,.!frame.!entry
demo_session_04,47,1786094511.8804314,move,399,260,.!frame.!entry
demo_session_04,47,1786094511.9304314,move,420,240,.!frame.!entry
demo_session_04,47,1786094511.9804313,move,384,249,.!frame.!entry
demo_session_04,47,1786094512.0304313,move,367,255,.!frame.!entry
demo_session_04,47,1786094512.0804312,move,389,231,.!frame.!entry
demo_session_04,47,1786094512.1304312,move,386,234,.!frame.!entry
demo_session_04,47,1786094512.1804311,move,380,238,.!frame.!entry
demo_session_04,47,1786094512.230431,move,400,237,.!frame.!entry
demo_session_04,47,1786094512.280431,move,404,246,.!frame.!entry
demo_session_04,47,1786094512.330431,move,369,242,.!frame.!entry
demo_session_04,47,1786094512.380431,move,387,248,.!frame.!entry
demo_session_04,47,1786094512.430431,move,379,258,.!frame.!entry
demo_session_04,47,1786094512.4804308,move,360,239,.!frame.!entry
demo_session_04,47,1786094512.5304308,move,382,256,.!frame.!entry
demo_session_04,47,1786094512.5804307,move,401,247,.!frame.!entry
demo_session_04,47,1786094512.6304307,move,380,258,.!frame.!entry
demo_session_04,47,1786094512.6804307,move,379,252,.!frame.!entry
demo_session_04,47,1786094512.7304306,move,389,251,.!frame.!entry
demo_session_04,47,1786094512.7804306,move,396,232,.!frame.!entry
demo_session_04,47,1786094512.8304305,move,394,252,.!frame.!entry
demo_session_04,47,1786094512.8804305,move,384,262,.!frame.!entry
demo_session_04,47,1786094512.9304304,move,401,247,.!frame.!entry
demo_session_04,47,1786094512.9804304,move,385,278,.!frame.!entry
demo_session_04,47,1786094513.0304303,move,379,279,.!frame.!entry
demo_session_04,47,1786094513.0804303,move,382,248,.!frame.!entry
demo_session_04,47,1786094513.1304302,move,370,247,.!frame.!entry
demo_session_04,47,1786094513.1804302,move,382,253,.!frame.!entry
demo_session_04,47,1786094513.2304301,move,391,241,.!frame.!entry
demo_session_04,47,1786094513.28043,move,372,268,.!frame.!entry
demo_session_04,47,1786094513.33043,move,389,253,.!frame.!entry
demo_session_04,47,1786094513.38043,move,376,251,.!frame.!entry
demo_session_04,47,1786094513.43043,move,386,260,.!frame.!entry
demo_session_04,47,1786094513.48043,move,369,258,.!frame.!entry
demo_session_04,47,1786094513.5304298,move,364,277,.!frame.!entry
demo_session_04,47,1786094513.5804298,move,379,269,.!frame.!entry
demo_session_04,47,1786094513.6304297,move,378,276,.!frame.!entry
demo_session_04,47,1786094513.6804297,move,364,256,.!frame.!entry
demo_session_04,47,1786094513.7304296,move,357,269,.!frame.!entry
demo_session_04,47,1786094513.7804296,move,371,271,.!frame.!entry
demo_session_04,47,1786094513.8304296,move,364,265,.!frame.!entry
demo_session_04,47,1786094513.8804295,move,360,262,.!frame.!entry
demo_session_04,47,1786094513.9304295,move,378,250,.!frame.!entry
demo_session_04,47,1786094513.9804294,move,375,273,.!frame.!entry
demo_session_04,47,1786094514.0304294,move,391,270,.!frame.!entry
demo_session_04,47,1786094514.0804293,move,352,277,.!frame.!entry
demo_session_04,47,1786094514.1304293,move,379,280,.!frame.!entry
demo_session_04,47,1786094514.1804292,move,361,272,.!frame.!entry
demo_session_04,47,1786094514.2304292,move,345,279,.!frame.!entry
demo_session_04,47,1786094514.2804291,move,375,265,.!frame.!entry
demo_session_04,47,1786094514.330429,move,377,270,.!frame.!entry
demo_session_04,47,1786094514.380429,move,380,272,.!frame.!entry
demo_session_04,47,1786094514.430429,move,383,299,.!frame.!entry
demo_session_04,47,1786094514.480429,move,361,271,.!frame.!entry
demo_session_04,47,1786094514.530429,move,382,276,.!frame.!entry
demo_session_04,47,1786094514.5804288,move,363,275,.!frame.!button
demo_session_04,47,1786094514.6304288,move,358,268,.!frame.!button
demo_session_04,47,1786094514.6804287,move,362,278,.!frame.!button
demo_session_04,47,1786094514.7304287,move,385,268,.!frame.!button
demo_session_04,47,1786094514.7804286,move,368,284,.!frame.!button
demo_session_04,47,1786094514.8304286,move,368,309,.!frame.!button
demo_session_04,47,1786094514.8804286,move,371,279,.!frame.!button
demo_session_04,47,1786094514.9304285,move,372,284,.!frame.!button
demo_session_04,47,1786094514.9804285,move,370,282,.!frame.!button
demo_session_04,47,1786094515.0304284,move,397,291,.!frame.!button
demo_session_04,47,1786094515.0804284,move,372,300,.!frame.!button
demo_session_04,47,1786094515.1304283,move,382,294,.!frame.!button
demo_session_04,47,1786094515.1804283,move,362,306,.!frame.!button
demo_session_04,47,1786094515.2304282,move,378,306,.!frame.!button
demo_session_04,47,1786094515.2804282,move,375,311,.!frame.!button
demo_session_04,47,1786094515.3304281,move,358,294,.!frame.!button
demo_session_04,47,1786094515.380428,move,337,301,.!frame.!button
demo_session_04,47,1786094515.430428,move,340,295,.!frame.!button
demo_session_04,47,1786094515.480428,move,338,310,.!frame.!button
demo_session_04,47,1786094515.530428,move,349,314,.!frame.!button
demo_session_04,47,1786094515.580428,move,362,304,.!frame.!button
demo_session_04,47,1786094515.6304278,move,347,313,.!frame.!button
demo_session_04,47,1786094515.6804278,move,356,311,.!frame.!button
demo_session_04,47,1786094515.7304277,move,381,308,.!frame.!button
demo_session_04,47,1786094515.7804277,move,352,287,.!frame.!button
demo_session_04,47,1786094515.8304276,move,373,306,.!frame.!button
demo_session_04,47,1786094515.8804276,move,369,293,.!frame.!button
demo_session_04,47,1786094515.9304276,move,363,307,.!frame.!button
demo_session_04,47,1786094515.9804275,move,361,301,.!frame.!button
demo_session_04,47,1786094516.0304275,move,353,318,.!frame.!button
demo_session_04,47,1786094516.0804274,move,358,288,.!frame.!button
demo_session_04,47,1786094516.1304274,move,349,322,.!frame.!button
demo_session_04,47,1786094516.1804273,move,355,309,.!frame.!button
demo_session_04,47,1786094516.2304273,move,367,326,.!frame.!button
demo_session_04,47,1786094516.2804272,move,341,315,.!frame.!button
demo_session_04,47,1786094516.3304272,move,352,326,.!frame.!button
demo_session_04,47,1786094516.3804271,move,349,305,.!frame.!button
demo_session_04,47,1786094516.430427,move,365,318,.!frame.!button
demo_session_04,47,1786094516.480427,move,364,339,.!frame.!button
demo_session_04,47,1786094516.530427,move,353,322,.!frame.!button
demo_session_04,47,1786094516.580427,move,345,308,.!frame.!button
demo_session_04,47,1786094516.630427,move,353,320,.!frame.!button
demo_session_04,47,1786094516.7200747,click,364,334,.!frame.!button
demo_session_04,48,1786094516.7200747,move,255,308,.!frame.!entry
demo_session_04,48,1786094516.7700746,move,239,278,.!frame.!entry
demo_session_04,48,1786094516.8200746,move,258,299,.!frame.!entry
demo_session_04,48,1786094516.8700745,move,244,261,.!frame.!entry
demo_session_04,48,1786094516.9200745,move,258,285,.!frame.!entry
demo_session_04,48,1786094516.9700744,move,246,312,.!frame.!entry
demo_session_04,48,1786094517.0200744,move,262,284,.!frame.!entry
demo_session_04,48,1786094517.0700743,move,247,297,.!frame.!entry
demo_session_04,48,1786094517.1200743,move,282,287,.!frame.!entry
demo_session_04,48,1786094517.1700742,move,250,275,.!frame.!entry
demo_session_04,48,1786094517.2200742,move,249,309,.!frame.!entry
demo_session_04,48,1786094517.2700741,move,271,292,.!frame.!entry
demo_session_04,48,1786094517.320074,move,254,281,.!frame.!entry
demo_session_04,48,1786094517.370074,move,247,312,.!frame.!entry
demo_session_04,48,1786094517.420074,move,249,282,.!frame.!entry
demo_session_04,48,1786094517.470074,move,258,268,.!frame.!entry
demo_session_04,48,1786094517.520074,move,266,280,.!frame.!entry
demo_session_04,48,1786094517.5700738,move,277,278,.!frame.!entry
demo_session_04,48,1786094517.6200738,move,279,299,.!frame.!entry
demo_session_04,48,1786094517.6700737,move,252,303,.!frame.!entry
demo_session_04,48,1786094517.7200737,move,260,287,.!frame.!entry
demo_session_04,48,1786094517.7700737,move,261,311,.!frame.!entry
demo_session_04,48,1786094517.8200736,move,261,281,.!frame.!entry
demo_session_04,48,1786094517.8700736,move,270,269,.!frame.!entry
demo_session_04,48,1786094517.9200735,move,282,296,.!frame.!entry
demo_session_04,48,1786094517.9700735,move,295,285,.!frame.!entry
demo_session_04,48,1786094518.0200734,move,262,303,.!frame.!entry
demo_session_04,48,1786094518.0700734,move,258,293,.!frame.!entry
demo_session_04,48,1786094518.1200733,move,250,284,.!frame.!entry
demo_session_04,48,1786094518.1700733,move,271,280,.!frame.!entry
demo_session_04,48,1786094518.2200732,move,271,296,.!frame.!entry
demo_session_04,48,1786094518.2700732,move,282,294,.!frame.!entry
demo_session_04,48,1786094518.3200731,move,275,282,.!frame.!entry
demo_session_04,48,1786094518.370073,move,254,298,.!frame.!entry
demo_session_04,48,1786094518.420073,move,275,308,.!frame.!entry
demo_session_04,48,1786094518.470073,move,267,296,.!frame.!entry
demo_session_04,48,1786094518.520073,move,281,292,.!frame.!entry
demo_session_04,48,1786094518.570073,move,289,295,.!frame.!entry
demo_session_04,48,1786094518.6200728,move,277,281,.!frame.!entry
demo_session_04,48,1786094518.6700728,move,267,299,.!frame.!entry
demo_session_04,48,1786094518.7200727,move,281,293,.!frame.!entry
demo_session_04,48,1786094518.7700727,move,281,293,.!frame.!entry
demo_session_04,48,1786094518.8200727,move,279,289,.!frame.!entry
demo_session_04,48,1786094518.8700726,move,287,279,.!frame.!entry
demo_session_04,48,1786094518.9200726,move,279,277,.!frame.!entry
demo_session_04,48,1786094518.9700725,move,285,305,.!frame.!entry
demo_session_04,48,1786094519.0200725,move,295,293,.!frame.!entry
demo_session_04,48,1786094519.0700724,move,290,298,.!frame.!entry
demo_session_04,48,1786094519.1200724,move,268,302,.!frame.!entry
demo_session_04,48,1786094519.1700723,move,289,299,.!frame.!entry
demo_session_04,48,1786094519.2200723,move,278,301,.!frame.!entry
demo_session_04,48,1786094519.2700722,move,285,301,.!frame.!entry
demo_session_04,48,1786094519.3200722,move,290,322,.!frame.!entry
demo_session_04,48,1786094519.3700721,move,268,288,.!frame.!entry
demo_session_04,48,1786094519.420072,move,285,285,.!frame.!entry
demo_session_04,48,1786094519.470072,move,302,315,.!frame.!entry
demo_session_04,48,1786094519.520072,move,294,315,.!frame.!entry
demo_session_04,48,1786094519.570072,move,283,311,.!frame.!entry
demo_session_04,48,1786094519.620072,move,303,277,.!frame.!entry
demo_session_04,48,1786094519.6700718,move,297,283,.!frame.!entry
demo_session_04,48,1786094519.7200718,move,289,286,.!frame.!entry
demo_session_04,48,1786094519.7700717,move,288,296,.!frame.!entry
demo_session_04,48,1786094519.8200717,move,303,292,.!frame.!entry
demo_session_04,48,1786094519.8700716,move,271,301,.!frame.!entry
demo_session_04,48,1786094519.9200716,move,288,301,.!frame.!entry
demo_session_04,48,1786094519.9700716,move,314,293,.!frame.!entry
demo_session_04,48,1786094520.0200715,move,287,314,.!frame.!entry
demo_session_04,48,1786094520.0700715,move,304,296,.!frame.!entry
demo_session_04,48,1786094520.1200714,move,294,290,.!frame.!entry
demo_session_04,48,1786094520.1700714,move,302,291,.!frame.!entry
demo_session_04,48,1786094520.2200713,move,309,310,.!frame.!entry
demo_session_04,48,1786094520.2700713,move,295,295,.!frame.!entry
demo_session_04,48,1786094520.3200712,move,305,298,.!frame.!entry
demo_session_04,48,1786094520.3700712,move,290,302,.!frame.!entry
demo_session_04,48,1786094520.4200711,move,287,321,.!frame.!entry
demo_session_04,48,1786094520.470071,move,324,300,.!frame.!entry
demo_session_04,48,1786094520.520071,move,330,305,.!frame.!entry
demo_session_04,48,1786094520.570071,move,299,295,.!frame.!entry
demo_session_04,48,1786094520.620071,move,303,305,.!frame.!entry
demo_session_04,48,1786094520.670071,move,309,283,.!frame.!entry
demo_session_04,48,1786094520.7200708,move,315,313,.!frame.!entry
demo_session_04,48,1786094520.7700708,move,316,291,.!frame.!entry
demo_session_04,48,1786094520.8200707,move,316,303,.!frame.!entry
demo_session_04,48,1786094520.8700707,move,318,320,.!frame.!entry
demo_session_04,48,1786094520.9200706,move,300,310,.!frame.!entry
demo_session_04,48,1786094520.9700706,move,307,294,.!frame.!entry
demo_session_04,48,1786094521.0200706,move,324,301,.!frame.!entry
demo_session_04,48,1786094521.0700705,move,328,325,.!frame.!entry
demo_session_04,48,1786094521.1200705,move,319,291,.!frame.!entry
demo_session_04,48,1786094521.1700704,move,342,298,.!frame.!entry
demo_session_04,48,1786094521.2200704,move,328,293,.!frame.!entry
demo_session_04,48,1786094521.2700703,move,316,316,.!frame.!entry
demo_session_04,48,1786094521.3200703,move,323,298,.!frame.!entry
demo_session_04,48,1786094521.3700702,move,306,296,.!frame.!entry
demo_session_04,48,1786094521.4200702,move,331,308,.!frame.!entry
demo_session_04,48,1786094521.4700701,move,319,286,.!frame.!entry
demo_session_04,48,1786094521.52007,move,338,310,.!frame.!entry
demo_session_04,48,1786094521.57007,move,330,325,.!frame.!entry
demo_session_04,48,1786094521.62007,move,297,314,.!frame.!entry
demo_session_04,48,1786094521.67007,move,334,327,.!frame.!entry
demo_session_04,48,1786094521.72007,move,324,290,.!frame.!button
demo_session_04,48,1786094521.7700698,move,327,305,.!frame.!button
demo_session_04,48,1786094521.8200698,move,308,292,.!frame.!button
demo_session_04,48,1786094521.8700697,move,319,303,.!frame.!button
demo_session_04,48,1786094521.9200697,move,310,312,.!frame.!button
demo_session_04,48,1786094521.9700696,move,313,313,.!frame.!button
demo_session_04,48,1786094522.0200696,move,336,300,.!frame.!button
demo_session_04,48,1786094522.0700696,move,323,292,.!frame.!button
demo_session_04,48,1786094522.1200695,move,330,309,.!frame.!button
demo_session_04,48,1786094522.1700695,move,318,296,.!frame.!button
demo_session_04,48,1786094522.2200694,move,334,317,.!frame.!button
demo_session_04,48,1786094522.2700694,move,342,287,.!frame.!button
demo_session_04,48,1786094522.3200693,move,358,319,.!frame.!button
demo_session_04,48,1786094522.3700693,move,322,310,.!frame.!button
demo_session_04,48,1786094522.4200692,move,318,297,.!frame.!button
demo_session_04,48,1786094522.4700692,move,316,326,.!frame.!button
demo_session_04,48,1786094522.5200691,move,334,319,.!frame.!button
demo_session_04,48,1786094522.570069,move,329,323,.!frame.!button
demo_session_04,48,1786094522.620069,move,333,318,.!frame.!button
demo_session_04,48,1786094522.670069,move,336,307,.!frame.!button
demo_session_04,48,1786094522.720069,move,333,318,.!frame.!button
demo_session_04,48,1786094522.770069,move,326,327,.!frame.!button
demo_session_04,48,1786094522.8200688,move,348,319,.!frame.!button
demo_session_04,48,1786094522.8700688,move,336,325,.!frame.!button
demo_session_04,48,1786094522.9200687,move,348,311,.!frame.!button
demo_session_04,48,1786094522.9700687,move,354,307,.!frame.!button
demo_session_04,48,1786094523.0200686,move,340,309,.!frame.!button
demo_session_04,48,1786094523.0700686,move,338,326,.!frame.!button
demo_session_04,48,1786094523.1200686,move,345,318,.!frame.!button
demo_session_04,48,1786094523.1700685,move,352,313,.!frame.!button
demo_session_04,48,1786094523.2200685,move,354,325,.!frame.!button
demo_session_04,48,1786094523.2700684,move,341,320,.!frame.!button
demo_session_04,48,1786094523.3200684,move,354,314,.!frame.!button
demo_session_04,48,1786094523.3700683,move,342,307,.!frame.!button
demo_session_04,48,1786094523.4200683,move,351,305,.!frame.!button
demo_session_04,48,1786094523.4700682,move,334,311,.!frame.!button
demo_session_04,48,1786094523.5200682,move,338,325,.!frame.!button
demo_session_04,48,1786094523.5700681,move,361,304,.!frame.!button
demo_session_04,48,1786094523.620068,move,343,311,.!frame.!button
demo_session_04,48,1786094523.670068,move,371,313,.!frame.!button
demo_session_04,48,1786094523.720068,move,331,315,.!frame.!button
demo_session_04,48,1786094523.770068,move,345,305,.!frame.!button
demo_session_04,48,1786094523.820068,move,341,301,.!frame.!button
demo_session_04,48,1786094523.9083374,click,351,321,.!frame.!button
demo_session_04,49,1786094523.9083374,move,344,185,.!frame.!entry
demo_session_04,49,1786094523.9583373,move,329,202,.!frame.!entry
demo_session_04,49,1786094524.0083373,move,320,167,.!frame.!entry
demo_session_04,49,1786094524.0583372,move,334,184,.!frame.!entry
demo_session_04,49,1786094524.1083372,move,310,193,.!frame.!entry
demo_session_04,49,1786094524.158337,move,323,183,.!frame.!entry
demo_session_04,49,1786094524.208337,move,324,210,.!frame.!entry
demo_session_04,49,1786094524.258337,move,335,186,.!frame.!entry
demo_session_04,49,1786094524.308337,move,318,179,.!frame.!entry
demo_session_04,49,1786094524.358337,move,332,169,.!frame.!entry
demo_session_04,49,1786094524.4083369,move,314,201,.!frame.!entry
demo_session_04,49,1786094524.4583368,move,326,200,.!frame.!entry
demo_session_04,49,1786094524.5083368,move,301,193,.!frame.!entry
demo_session_04,49,1786094524.5583367,move,304,191,.!frame.!entry
demo_session_04,49,1786094524.6083367,move,309,161,.!frame.!entry
demo_session_04,49,1786094524.6583366,move,327,200,.!frame.!entry
demo_session_04,49,1786094524.7083366,move,329,178,.!frame.!entry
demo_session_04,49,1786094524.7583365,move,331,181,.!frame.!entry
demo_session_04,49,1786094524.8083365,move,323,199,.!frame.!entry
demo_session_04,49,1786094524.8583364,move,329,198,.!frame.!entry
demo_session_04,49,1786094524.9083364,move,329,198,.!frame.!entry
demo_session_04,49,1786094524.9583364,move,324,183,.!frame.!entry
demo_session_04,49,1786094525.0083363,move,332,195,.!frame.!entry
demo_session_04,49,1786094525.0583363,move,325,195,.!frame.!entry
demo_session_04,49,1786094525.1083362,move,322,195,.!frame.!entry
demo_session_04,49,1786094525.1583362,move,326,188,.!frame.!entry
demo_session_04,49,1786094525.208336,move,315,203,.!frame.!entry
demo_session_04,49,1786094525.258336,move,340,213,.!frame.!entry
demo_session_04,49,1786094525.308336,move,321,182,.!frame.!entry
demo_session_04,49,1786094525.358336,move,331,213,.!frame.!entry
demo_session_04,49,1786094525.408336,move,342,196,.!frame.!entry
demo_session_04,49,1786094525.4583359,move,314,218,.!frame.!entry
demo_session_04,49,1786094525.5083358,move,317,213,.!frame.!entry
demo_session_04,49,1786094525.5583358,move,318,194,.!frame.!entry
demo_session_04,49,1786094525.6083357,move,313,197,.!frame.!entry
demo_session_04,49,1786094525.6583357,move,327,195,.!frame.!entry
demo_session_04,49,1786094525.7083356,move,315,219,.!frame.!entry
demo_session_04,49,1786094525.7583356,move,313,205,.!frame.!entry
demo_session_04,49,1786094525.8083355,move,323,199,.!frame.!entry
demo_session_04,49,1786094525.8583355,move,340,210,.!frame.!entry
demo_session_04,49,1786094525.9083354,move,325,197,.!frame.!entry
demo_session_04,49,1786094525.9583354,move,329,212,.!frame.!entry
demo_session_04,49,1786094526.0083354,move,336,206,.!frame.!entry
demo_session_04,49,1786094526.0583353,move,338,216,.!frame.!entry
demo_session_04,49,1786094526.1083353,move,319,207,.!frame.!entry
demo_session_04,49,1786094526.1583352,move,333,210,.!frame.!entry
demo_session_04,49,1786094526.2083352,move,315,199,.!frame.!entry
demo_session_04,49,1786094526.258335,move,310,233,.!frame.!entry
demo_session_04,49,1786094526.308335,move,316,198,.!frame.!entry
demo_session_04,49,1786094526.358335,move,332,213,.!frame.!entry
demo_session_04,49,1786094526.408335,move,331,214,.!frame.!entry
demo_session_04,49,1786094526.458335,move,313,215,.!frame.!entry
demo_session_04,49,1786094526.5083349,move,327,200,.!frame.!entry
demo_session_04,49,1786094526.5583348,move,335,211,.!frame.!entry
demo_session_04,49,1786094526.6083348,move,320,205,.!frame.!entry
demo_session_04,49,1786094526.6583347,move,308,219,.!frame.!entry
demo_session_04,49,1786094526.7083347,move,328,224,.!frame.!entry
demo_session_04,49,1786094526.7583346,move,342,200,.!frame.!entry
demo_session_04,49,1786094526.8083346,move,338,217,.!frame.!entry
demo_session_04,49,1786094526.8583345,move,343,232,.!frame.!entry
demo_session_04,49,1786094526.9083345,move,337,222,.!frame.!entry
demo_session_04,49,1786094526.9583344,move,320,223,.!frame.!entry
demo_session_04,49,1786094527.0083344,move,302,222,.!frame.!entry
demo_session_04,49,1786094527.0583344,move,327,238,.!frame.!entry
demo_session_04,49,1786094527.1083343,move,340,245,.!frame.!entry
demo_session_04,49,1786094527.1583343,move,317,232,.!frame.!entry
demo_session_04,49,1786094527.2083342,move,325,236,.!frame.!entry
demo_session_04,49,1786094527.2583342,move,321,256,.!frame.!entry
demo_session_04,49,1786094527.308334,move,318,223,.!frame.!entry
demo_session_04,49,1786094527.358334,move,316,228,.!frame.!entry
demo_session_04,49,1786094527.408334,move,341,220,.!frame.!entry
demo_session_04,49,1786094527.458334,move,328,236,.!frame.!entry
demo_session_04,49,1786094527.508334,move,338,233,.!frame.!entry
demo_session_04,49,1786094527.5583339,move,340,234,.!frame.!entry
demo_session_04,49,1786094527.6083338,move,312,232,.!frame.!entry
demo_session_04,49,1786094527.6583338,move,323,222,.!frame.!entry
demo_session_04,49,1786094527.7083337,move,337,238,.!frame.!entry
demo_session_04,49,1786094527.7583337,move,331,218,.!frame.!entry
demo_session_04,49,1786094527.8083336,move,308,241,.!frame.!entry
demo_session_04,49,1786094527.8583336,move,351,236,.!frame.!entry
demo_session_04,49,1786094527.9083335,move,334,225,.!frame.!entry
demo_session_04,49,1786094527.9583335,move,339,257,.!frame.!entry
demo_session_04,49,1786094528.0083334,move,346,252,.!frame.!entry
demo_session_04,49,1786094528.0583334,move,345,251,.!frame.!entry
demo_session_04,49,1786094528.1083333,move,347,261,.!frame.!entry
demo_session_04,49,1786094528.1583333,move,316,248,.!frame.!entry
demo_session_04,49,1786094528.2083333,move,337,252,.!frame.!entry
demo_session_04,49,1786094528.2583332,move,336,250,.!frame.!entry
demo_session_04,49,1786094528.3083332,move,341,255,.!frame.!entry
demo_session_04,49,1786094528.358333,move,327,252,.!frame.!entry
demo_session_04,49,1786094528.408333,move,324,258,.!frame.!entry
demo_session_04,49,1786094528.458333,move,341,246,.!frame.!entry
demo_session_04,49,1786094528.508333,move,322,243,.!frame.!entry
demo_session_04,49,1786094528.558333,move,315,257,.!frame.!entry
demo_session_04,49,1786094528.6083329,move,346,252,.!frame.!entry
demo_session_04,49,1786094528.6583328,move,341,246,.!frame.!entry
demo_session_04,49,1786094528.7083328,move,337,260,.!frame.!entry
demo_session_04,49,1786094528.7583327,move,349,261,.!frame.!entry
demo_session_04,49,1786094528.8083327,move,314,260,.!frame.!entry
demo_session_04,49,1786094528.8583326,move,342,245,.!frame.!entry
demo_session_04,49,1786094528.9083326,move,351,245,.!frame.!entry
demo_session_04,49,1786094528.9583325,move,338,265,.!frame.!entry
demo_session_04,49,1786094529.0083325,move,326,266,.!frame.!entry
demo_session_04,49,1786094529.0583324,move,333,260,.!frame.!entry
demo_session_04,49,1786094529.1083324,move,335,249,.!frame.!entry
demo_session_04,49,1786094529.1583323,move,347,269,.!frame.!entry
demo_session_04,49,1786094529.2083323,move,340,257,.!frame.!entry
demo_session_04,49,1786094529.2583323,move,324,261,.!frame.!entry
demo_session_04,49,1786094529.3083322,move,336,259,.!frame.!entry
demo_session_04,49,1786094529.3583322,move,336,270,.!frame.!entry
demo_session_04,49,1786094529.408332,move,331,272,.!frame.!entry
demo_session_04,49,1786094529.458332,move,321,255,.!frame.!entry
demo_session_04,49,1786094529.508332,move,330,255,.!frame.!entry
demo_session_04,49,1786094529.558332,move,345,257,.!frame.!entry
demo_session_04,49,1786094529.608332,move,340,268,.!frame.!entry
demo_session_04,49,1786094529.6583319,move,338,259,.!frame.!entry
demo_session_04,49,1786094529.7083318,move,347,263,.!frame.!entry
demo_session_04,49,1786094529.7583318,move,324,265,.!frame.!entry
demo_session_04,49,1786094529.8083317,move,336,292,.!frame.!entry
demo_session_04,49,1786094529.8583317,move,344,260,.!frame.!entry
demo_session_04,49,1786094529.9083316,move,328,271,.!frame.!entry
demo_session_04,49,1786094529.9583316,move,339,286,.!frame.!entry
demo_session_04,49,1786094530.0083315,move,342,280,.!frame.!entry
demo_session_04,49,1786094530.0583315,move,343,281,.!frame.!entry
demo_session_04,49,1786094530.1083314,move,340,272,.!frame.!entry
demo_session_04,49,1786094530.1583314,move,326,259,.!frame.!entry
demo_session_04,49,1786094530.2083313,move,345,252,.!frame.!entry
demo_session_04,49,1786094530.2583313,move,350,279,.!frame.!entry
demo_session_04,49,1786094530.3083313,move,355,264,.!frame.!entry
demo_session_04,49,1786094530.3583312,move,348,276,.!frame.!button
demo_session_04,49,1786094530.4083312,move,333,284,.!frame.!button
demo_session_04,49,1786094530.458331,move,334,274,.!frame.!button
demo_session_04,49,1786094530.508331,move,350,273,.!frame.!button
demo_session_04,49,1786094530.558331,move,350,279,.!frame.!button
demo_session_04,49,1786094530.608331,move,340,270,.!frame.!button
demo_session_04,49,1786094530.658331,move,363,281,.!frame.!button
demo_session_04,49,1786094530.7083309,move,341,269,.!frame.!button
demo_session_04,49,1786094530.7583308,move,341,286,.!frame.!button
demo_session_04,49,1786094530.8083308,move,348,275,.!frame.!button
demo_session_04,49,1786094530.8583307,move,361,269,.!frame.!button
demo_session_04,49,1786094530.9083307,move,337,293,.!frame.!button
demo_session_04,49,1786094530.9583306,move,351,283,.!frame.!button
demo_session_04,49,1786094531.0083306,move,339,291,.!frame.!button
demo_session_04,49,1786094531.0583305,move,369,295,.!frame.!button
demo_session_04,49,1786094531.1083305,move,332,316,.!frame.!button
demo_session_04,49,1786094531.1583304,move,344,286,.!frame.!button
demo_session_04,49,1786094531.2083304,move,352,297,.!frame.!button
demo_session_04,49,1786094531.2583303,move,354,286,.!frame.!button
demo_session_04,49,1786094531.3083303,move,351,269,.!frame.!button
demo_session_04,49,1786094531.3583302,move,351,306,.!frame.!button
demo_session_04,49,1786094531.4083302,move,329,288,.!frame.!button
demo_session_04,49,1786094531.4583302,move,343,303,.!frame.!button
demo_session_04,49,1786094531.50833,move,363,316,.!frame.!button
demo_session_04,49,1786094531.55833,move,342,285,.!frame.!button
demo_session_04,49,1786094531.60833,move,338,303,.!frame.!button
demo_session_04,49,1786094531.65833,move,344,309,.!frame.!button
demo_session_04,49,1786094531.70833,move,354,300,.!frame.!button
demo_session_04,49,1786094531.7583299,move,339,306,.!frame.!button
demo_session_04,49,1786094531.8083298,move,340,291,.!frame.!button
demo_session_04,49,1786094531.8583298,move,343,334,.!frame.!button
demo_session_04,49,1786094531.9083297,move,343,304,.!frame.!button
demo_session_04,49,1786094531.9583297,move,341,295,.!frame.!button
demo_session_04,49,1786094532.0083296,move,353,310,.!frame.!button
demo_session_04,49,1786094532.0583296,move,369,303,.!frame.!button
demo_session_04,49,1786094532.1083295,move,360,322,.!frame.!button
demo_session_04,49,1786094532.1583295,move,354,309,.!frame.!button
demo_session_04,49,1786094532.2083294,move,362,312,.!frame.!button
demo_session_04,49,1786094532.2583294,move,344,294,.!frame.!button
demo_session_04,49,1786094532.3083293,move,345,321,.!frame.!button
demo_session_04,49,1786094532.3583293,move,339,304,.!frame.!button
demo_session_04,49,1786094532.4083292,move,356,304,.!frame.!button
demo_session_04,49,1786094532.4583292,move,359,309,.!frame.!button
demo_session_04,49,1786094532.5083292,move,370,304,.!frame.!button
demo_session_04,49,1786094532.558329,move,348,307,.!frame.!button
demo_session_04,49,1786094532.608329,move,339,304,.!frame.!button
demo_session_04,49,1786094532.658329,move,355,312,.!frame.!button
demo_session_04,49,1786094532.708329,move,365,308,.!frame.!button
demo_session_04,49,1786094532.758329,move,366,311,.!frame.!button
demo_session_04,49,1786094532.8083289,move,348,322,.!frame.!button
demo_session_04,49,1786094532.8583288,move,346,317,.!frame.!button
demo_session_04,49,1786094532.9083288,move,350,293,.!frame.!button
demo_session_04,49,1786094532.9583287,move,348,326,.!frame.!button
demo_session_04,49,1786094533.0083287,move,355,312,.!frame.!button
demo_session_04,49,1786094533.0583286,move,335,307,.!frame.!button
demo_session_04,49,1786094533.1083286,move,354,334,.!frame.!button
demo_session_04,49,1786094533.1892273,click,360,330,.!frame.!button
demo_session_04,50,1786094533.1892273,move,137,295,.!frame.!entry
demo_session_04,50,1786094533.2392273,move,119,275,.!frame.!entry
demo_session_04,50,1786094533.2892272,move,147,304,.!frame.!entry
demo_session_04,50,1786094533.3392272,move,142,295,.!frame.!entry
demo_session_04,50,1786094533.3892272,move,143,287,.!frame.!entry
demo_session_04,50,1786094533.439227,move,149,284,.!frame.!entry
demo_session_04,50,1786094533.489227,move,146,297,.!frame.!entry
demo_session_04,50,1786094533.539227,move,141,320,.!frame.!entry
demo_session_04,50,1786094533.589227,move,167,286,.!frame.!entry
demo_session_04,50,1786094533.639227,move,140,283,.!frame.!entry
demo_session_04,50,1786094533.6892269,move,174,295,.!frame.!entry
demo_session_04,50,1786094533.7392268,move,166,300,.!frame.!entry
demo_session_04,50,1786094533.7892268,move,160,292,.!frame.!entry
demo_session_04,50,1786094533.8392267,move,154,283,.!frame.!entry
demo_session_04,50,1786094533.8892267,move,179,292,.!frame.!entry
demo_session_04,50,1786094533.9392266,move,167,303,.!frame.!entry
demo_session_04,50,1786094533.9892266,move,161,317,.!frame.!entry
demo_session_04,50,1786094534.0392265,move,167,275,.!frame.!entry
demo_session_04,50,1786094534.0892265,move,178,294,.!frame.!entry
demo_session_04,50,1786094534.1392264,move,170,299,.!frame.!entry
demo_session_04,50,1786094534.1892264,move,176,301,.!frame.!entry
demo_session_04,50,1786094534.2392263,move,155,310,.!frame.!entry
demo_session_04,50,1786094534.2892263,move,170,300,.!frame.!entry
demo_session_04,50,1786094534.3392262,move,168,299,.!frame.!entry
demo_session_04,50,1786094534.3892262,move,184,312,.!frame.!entry
demo_session_04,50,1786094534.4392262,move,187,311,.!frame.!entry
demo_session_04,50,1786094534.489226,move,182,305,.!frame.!entry
demo_session_04,50,1786094534.539226,move,164,306,.!frame.!entry
demo_session_04,50,1786094534.589226,move,185,295,.!frame.!entry
demo_session_04,50,1786094534.639226,move,168,290,.!frame.!entry
demo_session_04,50,1786094534.689226,move,186,292,.!frame.!entry
demo_session_04,50,1786094534.7392259,move,179,296,.!frame.!entry
demo_session_04,50,1786094534.7892258,move,177,295,.!frame.!entry
demo_session_04,50,1786094534.8392258,move,191,329,.!frame.!entry
demo_session_04,50,1786094534.8892257,move,199,308,.!frame.!entry
demo_session_04,50,1786094534.9392257,move,185,290,.!frame.!entry
demo_session_04,50,1786094534.9892256,move,224,299,.!frame.!entry
demo_session_04,50,1786094535.0392256,move,190,290,.!frame.!entry
demo_session_04,50,1786094535.0892255,move,195,309,.!frame.!entry
demo_session_04,50,1786094535.1392255,move,186,315,.!frame.!entry
demo_session_04,50,1786094535.1892254,move,193,302,.!frame.!entry
demo_session_04,50,1786094535.2392254,move,193,290,.!frame.!entry
demo_session_04,50,1786094535.2892253,move,216,304,.!frame.!entry
demo_session_04,50,1786094535.3392253,move,216,295,.!frame.!entry
demo_session_04,50,1786094535.3892252,move,216,281,.!frame.!entry
demo_session_04,50,1786094535.4392252,move,204,312,.!frame.!entry
demo_session_04,50,1786094535.4892251,move,202,291,.!frame.!entry
demo_session_04,50,1786094535.539225,move,243,304,.!frame.!entry
demo_session_04,50,1786094535.589225,move,219,284,.!frame.!entry
demo_session_04,50,1786094535.639225,move,202,303,.!frame.!entry
demo_session_04,50,1786094535.689225,move,200,315,.!frame.!entry
demo_session_04,50,1786094535.739225,move,222,312,.!frame.!entry
demo_session_04,50,1786094535.7892249,move,238,298,.!frame.!entry
demo_session_04,50,1786094535.8392248,move,221,300,.!frame.!entry
demo_session_04,50,1786094535.8892248,move,216,318,.!frame.!entry
demo_session_04,50,1786094535.9392247,move,234,306,.!frame.!entry
demo_session_04,50,1786094535.9892247,move,228,291,.!frame.!entry
demo_session_04,50,1786094536.0392246,move,221,293,.!frame.!entry
demo_session_04,50,1786094536.0892246,move,206,289,.!frame.!entry
demo_session_04,50,1786094536.1392245,move,225,301,.!frame.!entry
demo_session_04,50,1786094536.1892245,move,205,315,.!frame.!entry
demo_session_04,50,1786094536.2392244,move,221,293,.!frame.!entry
demo_session_04,50,1786094536.2892244,move,231,316,.!frame.!entry
demo_session_04,50,1786094536.3392243,move,238,319,.!frame.!entry
demo_session_04,50,1786094536.3892243,move,225,314,.!frame.!entry
demo_session_04,50,1786094536.4392242,move,212,298,.!frame.!entry
demo_session_04,50,1786094536.4892242,move,237,308,.!frame.!entry
demo_session_04,50,1786094536.5392241,move,231,315,.!frame.!entry
demo_session_04,50,1786094536.589224,move,243,301,.!frame.!entry
demo_session_04,50,1786094536.639224,move,255,305,.!frame.!entry
demo_session_04,50,1786094536.689224,move,254,317,.!frame.!entry
demo_session_04,50,1786094536.739224,move,228,300,.!frame.!entry
demo_session_04,50,1786094536.789224,move,251,306,.!frame.!entry
demo_session_04,50,1786094536.8392239,move,233,309,.!frame.!entry
demo_session_04,50,1786094536.8892238,move,261,295,.!frame.!entry
demo_session_04,50,1786094536.9392238,move,236,310,.!frame.!entry
demo_session_04,50,1786094536.9892237,move,258,333,.!frame.!entry
demo_session_04,50,1786094537.0392237,move,262,322,.!frame.!entry
demo_session_04,50,1786094537.0892236,move,249,298,.!frame.!entry
demo_session_04,50,1786094537.1392236,move,262,303,.!frame.!entry
demo_session_04,50,1786094537.1892235,move,265,312,.!frame.!entry
demo_session_04,50,1786094537.2392235,move,265,296,.!frame.!entry
demo_session_04,50,1786094537.2892234,move,272,316,.!frame.!entry
demo_session_04,50,1786094537.3392234,move,259,318,.!frame.!entry
demo_session_04,50,1786094537.3892233,move,282,333,.!frame.!entry
demo_session_04,50,1786094537.4392233,move,247,299,.!frame.!entry
demo_session_04,50,1786094537.4892232,move,258,306,.!frame.!entry
demo_session_04,50,1786094537.5392232,move,253,303,.!frame.!entry
demo_session_04,50,1786094537.5892231,move,271,311,.!frame.!entry
demo_session_04,50,1786094537.639223,move,287,310,.!frame.!entry
demo_session_04,50,1786094537.689223,move,287,331,.!frame.!entry
demo_session_04,50,1786094537.739223,move,261,324,.!frame.!entry
demo_session_04,50,1786094537.789223,move,259,308,.!frame.!entry
demo_session_04,50,1786094537.839223,move,266,312,.!frame.!entry
demo_session_04,50,1786094537.8892229,move,283,321,.!frame.!entry
demo_session_04,50,1786094537.9392228,move,287,306,.!frame.!entry
demo_session_04,50,1786094537.9892228,move,291,305,.!frame.!entry
demo_session_04,50,1786094538.0392227,move,272,289,.!frame.!button
demo_session_04,50,1786094538.0892227,move,280,317,.!frame.!button
demo_session_04,50,1786094538.1392226,move,274,327,.!frame.!button
demo_session_04,50,1786094538.1892226,move,301,319,.!frame.!button
demo_session_04,50,1786094538.2392225,move,277,319,.!frame.!button
demo_session_04,50,1786094538.2892225,move,287,298,.!frame.!button
demo_session_04,50,1786094538.3392224,move,298,321,.!frame.!button
demo_session_04,50,1786094538.3892224,move,296,306,.!frame.!button
demo_session_04,50,1786094538.4392223,move,296,319,.!frame.!button
demo_session_04,50,1786094538.4892223,move,299,313,.!frame.!button
demo_session_04,50,1786094538.5392222,move,296,298,.!frame.!button
demo_session_04,50,1786094538.5892222,move,307,306,.!frame.!button
demo_session_04,50,1786094538.6392221,move,313,306,.!frame.!button
demo_session_04,50,1786094538.689222,move,343,300,.!frame.!button
demo_session_04,50,1786094538.739222,move,329,324,.!frame.!button
demo_session_04,50,1786094538.789222,move,345,305,.!frame.!button
demo_session_04,50,1786094538.839222,move,303,305,.!frame.!button
demo_session_04,50,1786094538.889222,move,297,332,.!frame.!button
demo_session_04,50,1786094538.9392219,move,311,299,.!frame.!button
demo_session_04,50,1786094538.9892218,move,310,311,.!frame.!button
demo_session_04,50,1786094539.0392218,move,326,309,.!frame.!button
demo_session_04,50,1786094539.0892217,move,345,316,.!frame.!button
demo_session_04,50,1786094539.1392217,move,321,345,.!frame.!button
demo_session_04,50,1786094539.1892216,move,331,306,.!frame.!button
demo_session_04,50,1786094539.2392216,move,327,317,.!frame.!button
demo_session_04,50,1786094539.2892215,move,345,313,.!frame.!button
demo_session_04,50,1786094539.3392215,move,335,308,.!frame.!button
demo_session_04,50,1786094539.3892214,move,334,313,.!frame.!button
demo_session_04,50,1786094539.4392214,move,329,332,.!frame.!button
demo_session_04,50,1786094539.4892213,move,319,322,.!frame.!button
demo_session_04,50,1786094539.5392213,move,316,325,.!frame.!button
demo_session_04,50,1786094539.5892212,move,326,301,.!frame.!button
demo_session_04,50,1786094539.6392212,move,338,311,.!frame.!button
demo_session_04,50,1786094539.6892211,move,352,322,.!frame.!button
demo_session_04,50,1786094539.739221,move,332,307,.!frame.!button
demo_session_04,50,1786094539.789221,move,333,303,.!frame.!button
demo_session_04,50,1786094539.839221,move,353,308,.!frame.!button
demo_session_04,50,1786094539.889221,move,341,320,.!frame.!button
demo_session_04,50,1786094539.939221,move,354,323,.!frame.!button
demo_session_04,50,1786094539.9892209,move,351,311,.!frame.!button
demo_session_04,50,1786094540.0392208,move,359,304,.!frame.!button
demo_session_04,50,1786094540.0892208,move,354,299,.!frame.!button
demo_session_04,50,1786094540.1859002,click,341,311,.!frame.!button
