session_id,question_index,timestamp,event_type,x,y,target_element
demo_session_06,1,1786094205.574913,move,140,258,.!frame.!entry
demo_session_06,1,1786094205.624913,move,146,256,.!frame.!entry
demo_session_06,1,1786094205.674913,move,149,255,.!frame.!entry
demo_session_06,1,1786094205.724913,move,154,261,.!frame.!entry
demo_session_06,1,1786094205.7749128,move,153,263,.!frame.!entry
demo_session_06,1,1786094205.8249128,move,167,264,.!frame.!entry
demo_session_06,1,1786094205.8749127,move,164,267,.!frame.!entry
demo_session_06,1,1786094205.9249127,move,170,267,.!frame.!entry
demo_session_06,1,1786094205.9749126,move,180,264,.!frame.!entry
demo_session_06,1,1786094206.0249126,move,175,270,.!frame.!entry
demo_session_06,1,1786094206.0749125,move,182,271,.!frame.!entry
demo_session_06,1,1786094206.1249125,move,176,266,.!frame.!entry
demo_session_06,1,1786094206.1749125,move,174,272,.!frame.!entry
demo_session_06,1,1786094206.2249124,move,180,264,.!frame.!entry
demo_session_06,1,1786094206.2749124,move,196,271,.!frame.!entry
demo_session_06,1,1786094206.3249123,move,191,273,.!frame.!entry
demo_session_06,1,1786094206.3749123,move,207,278,.!frame.!entry
demo_session_06,1,1786094206.4249122,move,202,270,.!frame.!entry
demo_session_06,1,1786094206.4749122,move,200,270,.!frame.!entry
demo_session_06,1,1786094206.524912,move,209,277,.!frame.!entry
demo_session_06,1,1786094206.574912,move,208,276,.!frame.!entry
demo_session_06,1,1786094206.624912,move,212,279,.!frame.!entry
demo_session_06,1,1786094206.674912,move,221,283,.!frame.!entry
demo_session_06,1,1786094206.724912,move,224,287,.!frame.!entry
demo_session_06,1,1786094206.7749119,move,225,281,.!frame.!entry
demo_session_06,1,1786094206.8249118,move,225,282,.!frame.!entry
demo_session_06,1,1786094206.8749118,move,224,285,.!frame.!entry
demo_session_06,1,1786094206.9249117,move,233,283,.!frame.!entry
demo_session_06,1,1786094206.9749117,move,233,290,.!frame.!entry
demo_session_06,1,1786094207.0249116,move,238,288,.!frame.!entry
demo_session_06,1,1786094207.0749116,move,240,283,.!frame.!entry
demo_session_06,1,1786094207.1249115,move,239,289,.!frame.!entry
demo_session_06,1,1786094207.1749115,move,247,285,.!frame.!entry
demo_session_06,1,1786094207.2249115,move,254,288,.!frame.!entry
demo_session_06,1,1786094207.2749114,move,249,284,.!frame.!entry
demo_session_06,1,1786094207.3249114,move,254,296,.!frame.!entry
demo_session_06,1,1786094207.3749113,move,253,286,.!frame.!entry
demo_session_06,1,1786094207.4249113,move,255,288,.!frame.!entry
demo_session_06,1,1786094207.4749112,move,269,293,.!frame.!entry
demo_session_06,1,1786094207.5249112,move,271,300,.!frame.!entry
demo_session_06,1,1786094207.574911,move,270,292,.!frame.!entry
demo_session_06,1,1786094207.624911,move,272,295,.!frame.!entry
demo_session_06,1,1786094207.674911,move,268,300,.!frame.!entry
demo_session_06,1,1786094207.724911,move,279,296,.!frame.!entry
demo_session_06,1,1786094207.774911,move,280,299,.!frame.!entry
demo_session_06,1,1786094207.8249109,move,281,301,.!frame.!entry
demo_session_06,1,1786094207.8749108,move,290,303,.!frame.!button
demo_session_06,1,1786094207.9249108,move,292,303,.!frame.!button
demo_session_06,1,1786094207.9749107,move,300,300,.!frame.!button
demo_session_06,1,1786094208.0249107,move,301,298,.!frame.!button
demo_session_06,1,1786094208.0749106,move,295,304,.!frame.!button
demo_session_06,1,1786094208.1249106,move,302,307,.!frame.!button
demo_session_06,1,1786094208.1749105,move,308,303,.!frame.!button
demo_session_06,1,1786094208.2249105,move,309,304,.!frame.!button
demo_session_06,1,1786094208.2749104,move,321,305,.!frame.!button
demo_session_06,1,1786094208.3249104,move,316,308,.!frame.!button
demo_session_06,1,1786094208.3749104,move,318,310,.!frame.!button
demo_session_06,1,1786094208.4249103,move,331,309,.!frame.!button
demo_session_06,1,1786094208.4749103,move,325,315,.!frame.!button
demo_session_06,1,1786094208.5249102,move,335,308,.!frame.!button
demo_session_06,1,1786094208.5749102,move,337,314,.!frame.!button
demo_session_06,1,1786094208.62491,move,333,311,.!frame.!button
demo_session_06,1,1786094208.67491,move,344,316,.!frame.!button
demo_session_06,1,1786094208.72491,move,343,318,.!frame.!button
demo_session_06,1,1786094208.77491,move,343,314,.!frame.!button
demo_session_06,1,1786094208.82491,move,346,322,.!frame.!button
demo_session_06,1,1786094208.9066799,click,351,321,.!frame.!button
demo_session_06,2,1786094208.9066799,move,190,380,.!frame.!entry
demo_session_06,2,1786094208.9566798,move,185,382,.!frame.!entry
demo_session_06,2,1786094209.0066798,move,195,383,.!frame.!entry
demo_session_06,2,1786094209.0566797,move,198,382,.!frame.!entry
demo_session_06,2,1786094209.1066797,move,192,381,.!frame.!entry
demo_session_06,2,1786094209.1566796,move,201,388,.!frame.!entry
demo_session_06,2,1786094209.2066796,move,204,388,.!frame.!entry
demo_session_06,2,1786094209.2566795,move,188,370,.!frame.!entry
demo_session_06,2,1786094209.3066795,move,211,382,.!frame.!entry
demo_session_06,2,1786094209.3566794,move,202,372,.!frame.!entry
demo_session_06,2,1786094209.4066794,move,208,383,.!frame.!entry
demo_session_06,2,1786094209.4566793,move,215,381,.!frame.!entry
demo_session_06,2,1786094209.5066793,move,209,380,.!frame.!entry
demo_session_06,2,1786094209.5566792,move,217,374,.!frame.!entry
demo_session_06,2,1786094209.6066792,move,209,380,.!frame.!entry
demo_session_06,2,1786094209.6566792,move,215,373,.!frame.!entry
demo_session_06,2,1786094209.706679,move,223,375,.!frame.!entry
demo_session_06,2,1786094209.756679,move,231,370,.!frame.!entry
demo_session_06,2,1786094209.806679,move,227,372,.!frame.!entry
demo_session_06,2,1786094209.856679,move,229,377,.!frame.!entry
demo_session_06,2,1786094209.906679,move,221,374,.!frame.!entry
demo_session_06,2,1786094209.9566789,move,226,378,.!frame.!entry
demo_session_06,2,1786094210.0066788,move,226,370,.!frame.!entry
demo_session_06,2,1786094210.0566788,move,234,373,.!frame.!entry
demo_session_06,2,1786094210.1066787,move,231,372,.!frame.!entry
demo_session_06,2,1786094210.1566787,move,231,368,.!frame.!entry
demo_session_06,2,1786094210.2066786,move,239,367,.!frame.!entry
demo_session_06,2,1786094210.2566786,move,234,372,.!frame.!entry
demo_session_06,2,1786094210.3066785,move,248,376,.!frame.!entry
demo_session_06,2,1786094210.3566785,move,243,361,.!frame.!entry
demo_session_06,2,1786094210.4066784,move,242,369,.!frame.!entry
demo_session_06,2,1786094210.4566784,move,241,367,.!frame.!entry
demo_session_06,2,1786094210.5066783,move,244,357,.!frame.!entry
demo_session_06,2,1786094210.5566783,move,245,358,.!frame.!entry
demo_session_06,2,1786094210.6066782,move,249,354,.!frame.!entry
demo_session_06,2,1786094210.6566782,move,248,358,.!frame.!entry
demo_session_06,2,1786094210.7066782,move,263,347,.!frame.!entry
demo_session_06,2,1786094210.756678,move,257,356,.!frame.!entry
demo_session_06,2,1786094210.806678,move,256,356,.!frame.!entry
demo_session_06,2,1786094210.856678,move,262,358,.!frame.!entry
demo_session_06,2,1786094210.906678,move,260,361,.!frame.!entry
demo_session_06,2,1786094210.956678,move,262,360,.!frame.!entry
demo_session_06,2,1786094211.0066779,move,273,351,.!frame.!entry
demo_session_06,2,1786094211.0566778,move,271,358,.!frame.!entry
demo_session_06,2,1786094211.1066778,move,266,351,.!frame.!entry
demo_session_06,2,1786094211.1566777,move,279,354,.!frame.!entry
demo_session_06,2,1786094211.2066777,move,277,355,.!frame.!entry
demo_session_06,2,1786094211.2566776,move,277,354,.!frame.!entry
demo_session_06,2,1786094211.3066776,move,274,357,.!frame.!entry
demo_session_06,2,1786094211.3566775,move,275,353,.!frame.!entry
demo_session_06,2,1786094211.4066775,move,279,351,.!frame.!entry
demo_session_06,2,1786094211.4566774,move,285,349,.!frame.!entry
demo_session_06,2,1786094211.5066774,move,291,357,.!frame.!entry
demo_session_06,2,1786094211.5566773,move,288,341,.!frame.!entry
demo_session_06,2,1786094211.6066773,move,294,351,.!frame.!entry
demo_session_06,2,1786094211.6566772,move,284,345,.!frame.!entry
demo_session_06,2,1786094211.7066772,move,294,336,.!frame.!entry
demo_session_06,2,1786094211.7566772,move,283,350,.!frame.!entry
demo_session_06,2,1786094211.806677,move,285,341,.!frame.!entry
demo_session_06,2,1786094211.856677,move,298,340,.!frame.!entry
demo_session_06,2,1786094211.906677,move,288,338,.!frame.!entry
demo_session_06,2,1786094211.956677,move,297,335,.!frame.!entry
demo_session_06,2,1786094212.006677,move,302,335,.!frame.!button
demo_session_06,2,1786094212.0566769,move,300,333,.!frame.!button
demo_session_06,2,1786094212.1066768,move,304,335,.!frame.!button
demo_session_06,2,1786094212.1566768,move,308,334,.!frame.!button
demo_session_06,2,1786094212.2066767,move,314,334,.!frame.!button
demo_session_06,2,1786094212.2566767,move,309,341,.!frame.!button
demo_session_06,2,1786094212.3066766,move,322,338,.!frame.!button
demo_session_06,2,1786094212.3566766,move,323,336,.!frame.!button
demo_session_06,2,1786094212.4066765,move,316,343,.!frame.!button
demo_session_06,2,1786094212.4566765,move,322,327,.!frame.!button
demo_session_06,2,1786094212.5066764,move,313,333,.!frame.!button
demo_session_06,2,1786094212.5566764,move,329,330,.!frame.!button
demo_session_06,2,1786094212.6066763,move,323,327,.!frame.!button
demo_session_06,2,1786094212.6566763,move,326,330,.!frame.!button
demo_session_06,2,1786094212.7066762,move,328,327,.!frame.!button
demo_session_06,2,1786094212.7566762,move,324,327,.!frame.!button
demo_session_06,2,1786094212.8066761,move,332,327,.!frame.!button
demo_session_06,2,1786094212.856676,move,329,331,.!frame.!button
demo_session_06,2,1786094212.906676,move,335,332,.!frame.!button
demo_session_06,2,1786094212.956676,move,346,325,.!frame.!button
demo_session_06,2,1786094213.006676,move,341,333,.!frame.!button
demo_session_06,2,1786094213.056676,move,339,332,.!frame.!button
demo_session_06,2,1786094213.1066759,move,337,319,.!frame.!button
demo_session_06,2,1786094213.1566758,move,344,325,.!frame.!button
demo_session_06,2,1786094213.2066758,move,353,323,.!frame.!button
demo_session_06,2,1786094213.2566757,move,348,325,.!frame.!button
demo_session_06,2,1786094213.3066757,move,349,325,.!frame.!button
demo_session_06,2,1786094213.3754554,click,349,319,.!frame.!button
demo_session_06,3,1786094213.3754554,move,347,285,.!frame.!entry
demo_session_06,3,1786094213.4254553,move,362,283,.!frame.!entry
demo_session_06,3,1786094213.4754553,move,363,294,.!frame.!entry
demo_session_06,3,1786094213.5254552,move,360,289,.!frame.!entry
demo_session_06,3,1786094213.5754552,move,358,304,.!frame.!entry
demo_session_06,3,1786094213.6254551,move,360,298,.!frame.!entry
demo_session_06,3,1786094213.675455,move,360,292,.!frame.!entry
demo_session_06,3,1786094213.725455,move,357,292,.!frame.!entry
demo_session_06,3,1786094213.775455,move,354,295,.!frame.!entry
demo_session_06,3,1786094213.825455,move,357,300,.!frame.!entry
demo_session_06,3,1786094213.875455,move,351,294,.!frame.!entry
demo_session_06,3,1786094213.9254549,move,362,303,.!frame.!entry
demo_session_06,3,1786094213.9754548,move,353,296,.!frame.!entry
demo_session_06,3,1786094214.0254548,move,354,296,.!frame.!entry
demo_session_06,3,1786094214.0754547,move,368,296,.!frame.!entry
demo_session_06,3,1786094214.1254547,move,358,298,.!frame.!entry
demo_session_06,3,1786094214.1754546,move,350,296,.!frame.!entry
demo_session_06,3,1786094214.2254546,move,359,294,.!frame.!entry
demo_session_06,3,1786094214.2754545,move,361,297,.!frame.!entry
demo_session_06,3,1786094214.3254545,move,360,291,.!frame.!entry
demo_session_06,3,1786094214.3754544,move,353,294,.!frame.!entry
demo_session_06,3,1786094214.4254544,move,349,300,.!frame.!entry
demo_session_06,3,1786094214.4754543,move,352,296,.!frame.!entry
demo_session_06,3,1786094214.5254543,move,360,285,.!frame.!entry
demo_session_06,3,1786094214.5754542,move,349,297,.!frame.!entry
demo_session_06,3,1786094214.6254542,move,353,289,.!frame.!entry
demo_session_06,3,1786094214.6754541,move,346,299,.!frame.!entry
demo_session_06,3,1786094214.725454,move,361,301,.!frame.!entry
demo_session_06,3,1786094214.775454,move,354,300,.!frame.!entry
demo_session_06,3,1786094214.825454,move,350,297,.!frame.!entry
demo_session_06,3,1786094214.875454,move,350,300,.!frame.!entry
demo_session_06,3,1786094214.925454,move,355,305,.!frame.!entry
demo_session_06,3,1786094214.9754539,move,353,292,.!frame.!entry
demo_session_06,3,1786094215.0254538,move,351,295,.!frame.!entry
demo_session_06,3,1786094215.0754538,move,349,298,.!frame.!entry
demo_session_06,3,1786094215.1254537,move,358,299,.!frame.!entry
demo_session_06,3,1786094215.1754537,move,357,303,.!frame.!entry
demo_session_06,3,1786094215.2254536,move,357,301,.!frame.!entry
demo_session_06,3,1786094215.2754536,move,357,299,.!frame.!entry
demo_session_06,3,1786094215.3254535,move,359,300,.!frame.!entry
demo_session_06,3,1786094215.3754535,move,351,303,.!frame.!entry
demo_session_06,3,1786094215.4254534,move,358,303,.!frame.!entry
demo_session_06,3,1786094215.4754534,move,351,304,.!frame.!entry
demo_session_06,3,1786094215.5254533,move,348,306,.!frame.!entry
demo_session_06,3,1786094215.5754533,move,352,303,.!frame.!entry
demo_session_06,3,1786094215.6254532,move,351,301,.!frame.!entry
demo_session_06,3,1786094215.6754532,move,356,300,.!frame.!entry
demo_session_06,3,1786094215.7254531,move,348,307,.!frame.!entry
demo_session_06,3,1786094215.775453,move,352,307,.!frame.!entry
demo_session_06,3,1786094215.825453,move,355,297,.!frame.!entry
demo_session_06,3,1786094215.875453,move,348,307,.!frame.!entry
demo_session_06,3,1786094215.925453,move,350,302,.!frame.!entry
demo_session_06,3,1786094215.975453,move,360,303,.!frame.!entry
demo_session_06,3,1786094216.0254529,move,360,301,.!frame.!entry
demo_session_06,3,1786094216.0754528,move,354,304,.!frame.!entry
demo_session_06,3,1786094216.1254528,move,361,309,.!frame.!entry
demo_session_06,3,1786094216.1754527,move,357,310,.!frame.!entry
demo_session_06,3,1786094216.2254527,move,356,307,.!frame.!entry
demo_session_06,3,1786094216.2754526,move,360,301,.!frame.!entry
demo_session_06,3,1786094216.3254526,move,346,311,.!frame.!entry
demo_session_06,3,1786094216.3754525,move,353,303,.!frame.!entry
demo_session_06,3,1786094216.4254525,move,352,301,.!frame.!entry
demo_session_06,3,1786094216.4754524,move,356,299,.!frame.!entry
demo_session_06,3,1786094216.5254524,move,352,300,.!frame.!entry
demo_session_06,3,1786094216.5754523,move,358,308,.!frame.!entry
demo_session_06,3,1786094216.6254523,move,363,300,.!frame.!entry
demo_session_06,3,1786094216.6754522,move,352,309,.!frame.!entry
demo_session_06,3,1786094216.7254522,move,352,307,.!frame.!entry
demo_session_06,3,1786094216.7754521,move,353,306,.!frame.!entry
demo_session_06,3,1786094216.825452,move,355,304,.!frame.!entry
demo_session_06,3,1786094216.875452,move,351,309,.!frame.!entry
demo_session_06,3,1786094216.925452,move,346,305,.!frame.!entry
demo_session_06,3,1786094216.975452,move,348,305,.!frame.!entry
demo_session_06,3,1786094217.025452,move,353,307,.!frame.!entry
demo_session_06,3,1786094217.0754519,move,356,303,.!frame.!entry
demo_session_06,3,1786094217.1254518,move,349,301,.!frame.!entry
demo_session_06,3,1786094217.1754518,move,354,307,.!frame.!entry
demo_session_06,3,1786094217.2254517,move,354,311,.!frame.!entry
demo_session_06,3,1786094217.2754517,move,359,307,.!frame.!entry
demo_session_06,3,1786094217.3254516,move,358,314,.!frame.!entry
demo_session_06,3,1786094217.3754516,move,350,320,.!frame.!entry
demo_session_06,3,1786094217.4254515,move,353,310,.!frame.!entry
demo_session_06,3,1786094217.4754515,move,345,303,.!frame.!entry
demo_session_06,3,1786094217.5254514,move,352,314,.!frame.!button
demo_session_06,3,1786094217.5754514,move,354,309,.!frame.!button
demo_session_06,3,1786094217.6254513,move,357,315,.!frame.!button
demo_session_06,3,1786094217.6754513,move,351,318,.!frame.!button
demo_session_06,3,1786094217.7254512,move,352,315,.!frame.!button
demo_session_06,3,1786094217.7754512,move,354,319,.!frame.!button
demo_session_06,3,1786094217.8254511,move,353,311,.!frame.!button
demo_session_06,3,1786094217.875451,move,349,306,.!frame.!button
demo_session_06,3,1786094217.925451,move,354,312,.!frame.!button
demo_session_06,3,1786094217.975451,move,353,315,.!frame.!button
demo_session_06,3,1786094218.025451,move,345,316,.!frame.!button
demo_session_06,3,1786094218.075451,move,345,313,.!frame.!button
demo_session_06,3,1786094218.1254508,move,354,325,.!frame.!button
demo_session_06,3,1786094218.1754508,move,352,309,.!frame.!button
demo_session_06,3,1786094218.2254508,move,342,319,.!frame.!button
demo_session_06,3,1786094218.2754507,move,367,315,.!frame.!button
demo_session_06,3,1786094218.3254507,move,346,313,.!frame.!button
demo_session_06,3,1786094218.3754506,move,360,318,.!frame.!button
demo_session_06,3,1786094218.4254506,move,349,315,.!frame.!button
demo_session_06,3,1786094218.4754505,move,352,321,.!frame.!button
demo_session_06,3,1786094218.5254505,move,348,311,.!frame.!button
demo_session_06,3,1786094218.5754504,move,352,309,.!frame.!button
demo_session_06,3,1786094218.6254504,move,349,321,.!frame.!button
demo_session_06,3,1786094218.6754503,move,346,319,.!frame.!button
demo_session_06,3,1786094218.7254503,move,343,319,.!frame.!button
demo_session_06,3,1786094218.7754502,move,347,317,.!frame.!button
demo_session_06,3,1786094218.8254502,move,357,312,.!frame.!button
demo_session_06,3,1786094218.8754501,move,343,318,.!frame.!button
demo_session_06,3,1786094218.92545,move,350,320,.!frame.!button
demo_session_06,3,1786094218.97545,move,346,319,.!frame.!button
demo_session_06,3,1786094219.02545,move,353,322,.!frame.!button
demo_session_06,3,1786094219.07545,move,347,313,.!frame.!button
demo_session_06,3,1786094219.12545,move,344,324,.!frame.!button
demo_session_06,3,1786094219.1754498,move,353,322,.!frame.!button
demo_session_06,3,1786094219.2254498,move,346,314,.!frame.!button
demo_session_06,3,1786094219.2754498,move,348,323,.!frame.!button
demo_session_06,3,1786094219.360725,click,347,317,.!frame.!button
demo_session_06,4,1786094219.360725,move,485,321,.!frame.!entry
demo_session_06,4,1786094219.4107249,move,486,327,.!frame.!entry
demo_session_06,4,1786094219.4607248,move,480,318,.!frame.!entry
demo_session_06,4,1786094219.5107248,move,475,317,.!frame.!entry
demo_session_06,4,1786094219.5607247,move,475,331,.!frame.!entry
demo_session_06,4,1786094219.6107247,move,471,325,.!frame.!entry
demo_session_06,4,1786094219.6607246,move,467,328,.!frame.!entry
demo_session_06,4,1786094219.7107246,move,470,319,.!frame.!entry
demo_session_06,4,1786094219.7607245,move,469,322,.!frame.!entry
demo_session_06,4,1786094219.8107245,move,462,321,.!frame.!entry
demo_session_06,4,1786094219.8607244,move,465,322,.!frame.!entry
demo_session_06,4,1786094219.9107244,move,462,324,.!frame.!entry
demo_session_06,4,1786094219.9607244,move,460,317,.!frame.!entry
demo_session_06,4,1786094220.0107243,move,462,324,.!frame.!entry
demo_session_06,4,1786094220.0607243,move,452,325,.!frame.!entry
demo_session_06,4,1786094220.1107242,move,457,323,.!frame.!entry
demo_session_06,4,1786094220.1607242,move,455,320,.!frame.!entry
demo_session_06,4,1786094220.210724,move,449,323,.!frame.!entry
demo_session_06,4,1786094220.260724,move,447,329,.!frame.!entry
demo_session_06,4,1786094220.310724,move,451,324,.!frame.!entry
demo_session_06,4,1786094220.360724,move,442,320,.!frame.!entry
demo_session_06,4,1786094220.410724,move,449,317,.!frame.!entry
demo_session_06,4,1786094220.4607239,move,428,326,.!frame.!entry
demo_session_06,4,1786094220.5107238,move,438,327,.!frame.!entry
demo_session_06,4,1786094220.5607238,move,435,324,.!frame.!entry
demo_session_06,4,1786094220.6107237,move,438,321,.!frame.!entry
demo_session_06,4,1786094220.6607237,move,434,319,.!frame.!entry
demo_session_06,4,1786094220.7107236,move,432,319,.!frame.!entry
demo_session_06,4,1786094220.7607236,move,427,325,.!frame.!entry
demo_session_06,4,1786094220.8107235,move,426,316,.!frame.!entry
demo_session_06,4,1786094220.8607235,move,423,323,.!frame.!entry
demo_session_06,4,1786094220.9107234,move,424,319,.!frame.!entry
demo_session_06,4,1786094220.9607234,move,425,327,.!frame.!entry
demo_session_06,4,1786094221.0107234,move,414,316,.!frame.!entry
demo_session_06,4,1786094221.0607233,move,410,325,.!frame.!entry
demo_session_06,4,1786094221.1107233,move,416,320,.!frame.!entry
demo_session_06,4,1786094221.1607232,move,415,316,.!frame.!entry
demo_session_06,4,1786094221.2107232,move,407,321,.!frame.!entry
demo_session_06,4,1786094221.260723,move,404,317,.!frame.!entry
demo_session_06,4,1786094221.310723,move,411,320,.!frame.!entry
demo_session_06,4,1786094221.360723,move,406,322,.!frame.!entry
demo_session_06,4,1786094221.410723,move,401,320,.!frame.!entry
demo_session_06,4,1786094221.460723,move,398,323,.!frame.!entry
demo_session_06,4,1786094221.5107229,move,398,326,.!frame.!entry
demo_session_06,4,1786094221.5607228,move,397,319,.!frame.!entry
demo_session_06,4,1786094221.6107228,move,390,326,.!frame.!entry
demo_session_06,4,1786094221.6607227,move,387,319,.!frame.!entry
demo_session_06,4,1786094221.7107227,move,392,320,.!frame.!button
demo_session_06,4,1786094221.7607226,move,377,329,.!frame.!button
demo_session_06,4,1786094221.8107226,move,384,323,.!frame.!button
demo_session_06,4,1786094221.8607225,move,390,316,.!frame.!button
demo_session_06,4,1786094221.9107225,move,377,318,.!frame.!button
demo_session_06,4,1786094221.9607224,move,380,315,.!frame.!button
demo_session_06,4,1786094222.0107224,move,378,322,.!frame.!button
demo_session_06,4,1786094222.0607224,move,377,324,.!frame.!button
demo_session_06,4,1786094222.1107223,move,374,319,.!frame.!button
demo_session_06,4,1786094222.1607223,move,369,326,.!frame.!button
demo_session_06,4,1786094222.2107222,move,362,319,.!frame.!button
demo_session_06,4,1786094222.2607222,move,371,321,.!frame.!button
demo_session_06,4,1786094222.310722,move,365,321,.!frame.!button
demo_session_06,4,1786094222.360722,move,359,318,.!frame.!button
demo_session_06,4,1786094222.410722,move,359,324,.!frame.!button
demo_session_06,4,1786094222.460722,move,365,322,.!frame.!button
demo_session_06,4,1786094222.510722,move,354,324,.!frame.!button
demo_session_06,4,1786094222.5607219,move,361,312,.!frame.!button
demo_session_06,4,1786094222.6107218,move,358,313,.!frame.!button
demo_session_06,4,1786094222.6607218,move,347,321,.!frame.!button
demo_session_06,4,1786094222.7437377,click,350,320,.!frame.!button
demo_session_06,5,1786094222.7437377,move,542,298,.!frame.!entry
demo_session_06,5,1786094222.7937376,move,542,298,.!frame.!entry
demo_session_06,5,1786094222.8437376,move,530,300,.!frame.!entry
demo_session_06,5,1786094222.8937376,move,530,299,.!frame.!entry
demo_session_06,5,1786094222.9437375,move,522,304,.!frame.!entry
demo_session_06,5,1786094222.9937375,move,525,299,.!frame.!entry
demo_session_06,5,1786094223.0437374,move,518,295,.!frame.!entry
demo_session_06,5,1786094223.0937374,move,534,316,.!frame.!entry
demo_session_06,5,1786094223.1437373,move,537,299,.!frame.!entry
demo_session_06,5,1786094223.1937373,move,519,303,.!frame.!entry
demo_session_06,5,1786094223.2437372,move,526,308,.!frame.!entry
demo_session_06,5,1786094223.2937372,move,521,299,.!frame.!entry
demo_session_06,5,1786094223.3437371,move,515,308,.!frame.!entry
demo_session_06,5,1786094223.393737,move,521,299,.!frame.!entry
demo_session_06,5,1786094223.443737,move,508,302,.!frame.!entry
demo_session_06,5,1786094223.493737,move,503,307,.!frame.!entry
demo_session_06,5,1786094223.543737,move,507,309,.!frame.!entry
demo_session_06,5,1786094223.593737,move,507,309,.!frame.!entry
demo_session_06,5,1786094223.6437368,move,496,307,.!frame.!entry
demo_session_06,5,1786094223.6937368,move,500,301,.!frame.!entry
demo_session_06,5,1786094223.7437367,move,497,308,.!frame.!entry
demo_session_06,5,1786094223.7937367,move,499,303,.!frame.!entry
demo_session_06,5,1786094223.8437366,move,495,314,.!frame.!entry
demo_session_06,5,1786094223.8937366,move,489,300,.!frame.!entry
demo_session_06,5,1786094223.9437366,move,486,300,.!frame.!entry
demo_session_06,5,1786094223.9937365,move,490,306,.!frame.!entry
demo_session_06,5,1786094224.0437365,move,485,298,.!frame.!entry
demo_session_06,5,1786094224.0937364,move,480,306,.!frame.!entry
demo_session_06,5,1786094224.1437364,move,487,309,.!frame.!entry
demo_session_06,5,1786094224.1937363,move,476,292,.!frame.!entry
demo_session_06,5,1786094224.2437363,move,481,313,.!frame.!entry
demo_session_06,5,1786094224.2937362,move,479,313,.!frame.!entry
demo_session_06,5,1786094224.3437362,move,467,305,.!frame.!entry
demo_session_06,5,1786094224.3937361,move,470,303,.!frame.!entry
demo_session_06,5,1786094224.443736,move,471,304,.!frame.!entry
demo_session_06,5,1786094224.493736,move,468,310,.!frame.!entry
demo_session_06,5,1786094224.543736,move,467,299,.!frame.!entry
demo_session_06,5,1786094224.593736,move,470,305,.!frame.!entry
demo_session_06,5,1786094224.643736,move,453,312,.!frame.!entry
demo_session_06,5,1786094224.6937358,move,457,308,.!frame.!entry
demo_session_06,5,1786094224.7437358,move,449,299,.!frame.!entry
demo_session_06,5,1786094224.7937357,move,453,313,.!frame.!entry
demo_session_06,5,1786094224.8437357,move,447,309,.!frame.!entry
demo_session_06,5,1786094224.8937356,move,447,303,.!frame.!entry
demo_session_06,5,1786094224.9437356,move,456,305,.!frame.!entry
demo_session_06,5,1786094224.9937356,move,461,307,.!frame.!entry
demo_session_06,5,1786094225.0437355,move,444,309,.!frame.!entry
demo_session_06,5,1786094225.0937355,move,433,310,.!frame.!entry
demo_session_06,5,1786094225.1437354,move,442,304,.!frame.!entry
demo_session_06,5,1786094225.1937354,move,436,305,.!frame.!entry
demo_session_06,5,1786094225.2437353,move,443,310,.!frame.!entry
demo_session_06,5,1786094225.2937353,move,422,305,.!frame.!entry
demo_session_06,5,1786094225.3437352,move,432,300,.!frame.!entry
demo_session_06,5,1786094225.3937352,move,425,295,.!frame.!entry
demo_session_06,5,1786094225.4437351,move,428,310,.!frame.!entry
demo_session_06,5,1786094225.493735,move,423,313,.!frame.!entry
demo_session_06,5,1786094225.543735,move,428,313,.!frame.!entry
demo_session_06,5,1786094225.593735,move,424,313,.!frame.!entry
demo_session_06,5,1786094225.643735,move,421,318,.!frame.!entry
demo_session_06,5,1786094225.693735,move,417,304,.!frame.!entry
demo_session_06,5,1786094225.7437348,move,411,295,.!frame.!entry
demo_session_06,5,1786094225.7937348,move,418,312,.!frame.!entry
demo_session_06,5,1786094225.8437347,move,413,311,.!frame.!entry
demo_session_06,5,1786094225.8937347,move,403,323,.!frame.!entry
demo_session_06,5,1786094225.9437346,move,409,317,.!frame.!entry
demo_session_06,5,1786094225.9937346,move,403,323,.!frame.!button
demo_session_06,5,1786094226.0437346,move,403,308,.!frame.!button
demo_session_06,5,1786094226.0937345,move,401,313,.!frame.!button
demo_session_06,5,1786094226.1437345,move,395,312,.!frame.!button
demo_session_06,5,1786094226.1937344,move,399,309,.!frame.!button
demo_session_06,5,1786094226.2437344,move,397,307,.!frame.!button
demo_session_06,5,1786094226.2937343,move,394,321,.!frame.!button
demo_session_06,5,1786094226.3437343,move,394,317,.!frame.!button
demo_session_06,5,1786094226.3937342,move,394,317,.!frame.!button
demo_session_06,5,1786094226.4437342,move,383,318,.!frame.!button
demo_session_06,5,1786094226.4937341,move,376,313,.!frame.!button
demo_session_06,5,1786094226.543734,move,383,308,.!frame.!button
demo_session_06,5,1786094226.593734,move,380,309,.!frame.!button
demo_session_06,5,1786094226.643734,move,376,309,.!frame.!button
demo_session_06,5,1786094226.693734,move,374,305,.!frame.!button
demo_session_06,5,1786094226.743734,move,374,324,.!frame.!button
demo_session_06,5,1786094226.7937338,move,359,321,.!frame.!button
demo_session_06,5,1786094226.8437338,move,369,313,.!frame.!button
demo_session_06,5,1786094226.8937337,move,367,322,.!frame.!button
demo_session_06,5,1786094226.9437337,move,371,317,.!frame.!button
demo_session_06,5,1786094226.9937336,move,359,331,.!frame.!button
demo_session_06,5,1786094227.0437336,move,363,318,.!frame.!button
demo_session_06,5,1786094227.0937335,move,362,327,.!frame.!button
demo_session_06,5,1786094227.1437335,move,349,312,.!frame.!button
demo_session_06,5,1786094227.1937335,move,356,319,.!frame.!button
demo_session_06,5,1786094227.2437334,move,355,322,.!frame.!button
demo_session_06,5,1786094227.2937334,move,358,319,.!frame.!button
demo_session_06,5,1786094227.3437333,move,351,313,.!frame.!button
demo_session_06,5,1786094227.4435961,click,358,328,.!frame.!button
demo_session_06,6,1786094251.096025,move,218,332,.!frame.!entry
demo_session_06,6,1786094251.146025,move,225,332,.!frame.!entry
demo_session_06,6,1786094251.196025,move,211,337,.!frame.!entry
demo_session_06,6,1786094251.2460248,move,219,334,.!frame.!entry
demo_session_06,6,1786094251.2960248,move,224,327,.!frame.!entry
demo_session_06,6,1786094251.3460248,move,222,327,.!frame.!entry
demo_session_06,6,1786094251.3960247,move,215,336,.!frame.!entry
demo_session_06,6,1786094251.4460247,move,224,335,.!frame.!entry
demo_session_06,6,1786094251.4960246,move,228,333,.!frame.!entry
demo_session_06,6,1786094251.5460246,move,231,337,.!frame.!entry
demo_session_06,6,1786094251.5960245,move,225,329,.!frame.!entry
demo_session_06,6,1786094251.6460245,move,232,329,.!frame.!entry
demo_session_06,6,1786094251.6960244,move,232,324,.!frame.!entry
demo_session_06,6,1786094251.7460244,move,228,331,.!frame.!entry
demo_session_06,6,1786094251.7960243,move,240,339,.!frame.!entry
demo_session_06,6,1786094251.8460243,move,237,329,.!frame.!entry
demo_session_06,6,1786094251.8960242,move,236,328,.!frame.!entry
demo_session_06,6,1786094251.9460242,move,228,340,.!frame.!entry
demo_session_06,6,1786094251.9960241,move,240,331,.!frame.!entry
demo_session_06,6,1786094252.046024,move,246,338,.!frame.!entry
demo_session_06,6,1786094252.096024,move,240,326,.!frame.!entry
demo_session_06,6,1786094252.146024,move,253,336,.!frame.!entry
demo_session_06,6,1786094252.196024,move,243,342,.!frame.!entry
demo_session_06,6,1786094252.246024,move,246,333,.!frame.!entry
demo_session_06,6,1786094252.2960238,move,242,335,.!frame.!entry
demo_session_06,6,1786094252.3460238,move,242,323,.!frame.!entry
demo_session_06,6,1786094252.3960238,move,247,341,.!frame.!entry
demo_session_06,6,1786094252.4460237,move,242,333,.!frame.!entry
demo_session_06,6,1786094252.4960237,move,250,322,.!frame.!entry
demo_session_06,6,1786094252.5460236,move,263,330,.!frame.!entry
demo_session_06,6,1786094252.5960236,move,249,330,.!frame.!entry
demo_session_06,6,1786094252.6460235,move,250,331,.!frame.!entry
demo_session_06,6,1786094252.6960235,move,254,342,.!frame.!entry
demo_session_06,6,1786094252.7460234,move,254,328,.!frame.!entry
demo_session_06,6,1786094252.7960234,move,253,339,.!frame.!entry
demo_session_06,6,1786094252.8460233,move,261,333,.!frame.!entry
demo_session_06,6,1786094252.8960233,move,256,331,.!frame.!entry
demo_session_06,6,1786094252.9460232,move,265,323,.!frame.!entry
demo_session_06,6,1786094252.9960232,move,250,328,.!frame.!entry
demo_session_06,6,1786094253.0460231,move,260,325,.!frame.!entry
demo_session_06,6,1786094253.096023,move,258,327,.!frame.!entry
demo_session_06,6,1786094253.146023,move,265,333,.!frame.!entry
demo_session_06,6,1786094253.196023,move,260,326,.!frame.!entry
demo_session_06,6,1786094253.246023,move,273,323,.!frame.!entry
demo_session_06,6,1786094253.296023,move,263,324,.!frame.!entry
demo_session_06,6,1786094253.3460228,move,278,337,.!frame.!entry
demo_session_06,6,1786094253.3960228,move,271,332,.!frame.!entry
demo_session_06,6,1786094253.4460227,move,273,317,.!frame.!entry
demo_session_06,6,1786094253.4960227,move,281,343,.!frame.!entry
demo_session_06,6,1786094253.5460227,move,276,327,.!frame.!entry
demo_session_06,6,1786094253.5960226,move,276,336,.!frame.!entry
demo_session_06,6,1786094253.6460226,move,287,332,.!frame.!entry
demo_session_06,6,1786094253.6960225,move,276,324,.!frame.!entry
demo_session_06,6,1786094253.7460225,move,278,337,.!frame.!entry
demo_session_06,6,1786094253.7960224,move,286,329,.!frame.!entry
demo_session_06,6,1786094253.8460224,move,276,324,.!frame.!entry
demo_session_06,6,1786094253.8960223,move,294,335,.!frame.!entry
demo_session_06,6,1786094253.9460223,move,278,328,.!frame.!entry
demo_session_06,6,1786094253.9960222,move,286,325,.!frame.!entry
demo_session_06,6,1786094254.0460222,move,291,327,.!frame.!entry
demo_session_06,6,1786094254.0960221,move,278,321,.!frame.!entry
demo_session_06,6,1786094254.146022,move,303,322,.!frame.!entry
demo_session_06,6,1786094254.196022,move,285,333,.!frame.!entry
demo_session_06,6,1786094254.246022,move,300,318,.!frame.!entry
demo_session_06,6,1786094254.296022,move,292,326,.!frame.!entry
demo_session_06,6,1786094254.346022,move,290,330,.!frame.!entry
demo_session_06,6,1786094254.3960218,move,295,327,.!frame.!entry
demo_session_06,6,1786094254.4460218,move,294,324,.!frame.!entry
demo_session_06,6,1786094254.4960217,move,299,321,.!frame.!entry
demo_session_06,6,1786094254.5460217,move,282,332,.!frame.!entry
demo_session_06,6,1786094254.5960217,move,300,326,.!frame.!entry
demo_session_06,6,1786094254.6460216,move,301,323,.!frame.!entry
demo_session_06,6,1786094254.6960216,move,301,329,.!frame.!entry
demo_session_06,6,1786094254.7460215,move,293,325,.!frame.!entry
demo_session_06,6,1786094254.7960215,move,294,313,.!frame.!entry
demo_session_06,6,1786094254.8460214,move,307,338,.!frame.!entry
demo_session_06,6,1786094254.8960214,move,303,322,.!frame.!entry
demo_session_06,6,1786094254.9460213,move,309,322,.!frame.!entry
demo_session_06,6,1786094254.9960213,move,303,329,.!frame.!entry
demo_session_06,6,1786094255.0460212,move,308,326,.!frame.!entry
demo_session_06,6,1786094255.0960212,move,308,327,.!frame.!entry
demo_session_06,6,1786094255.1460211,move,304,319,.!frame.!button
demo_session_06,6,1786094255.196021,move,311,320,.!frame.!button
demo_session_06,6,1786094255.246021,move,300,329,.!frame.!button
demo_session_06,6,1786094255.296021,move,304,318,.!frame.!button
demo_session_06,6,1786094255.346021,move,321,319,.!frame.!button
demo_session_06,6,1786094255.396021,move,315,325,.!frame.!button
demo_session_06,6,1786094255.4460208,move,329,326,.!frame.!button
demo_session_06,6,1786094255.4960208,move,314,325,.!frame.!button
demo_session_06,6,1786094255.5460207,move,323,327,.!frame.!button
demo_session_06,6,1786094255.5960207,move,329,329,.!frame.!button
demo_session_06,6,1786094255.6460207,move,333,321,.!frame.!button
demo_session_06,6,1786094255.6960206,move,319,321,.!frame.!button
demo_session_06,6,1786094255.7460206,move,326,325,.!frame.!button
demo_session_06,6,1786094255.7960205,move,329,316,.!frame.!button
demo_session_06,6,1786094255.8460205,move,322,315,.!frame.!button
demo_session_06,6,1786094255.8960204,move,327,329,.!frame.!button
demo_session_06,6,1786094255.9460204,move,329,322,.!frame.!button
demo_session_06,6,1786094255.9960203,move,332,316,.!frame.!button
demo_session_06,6,1786094256.0460203,move,328,324,.!frame.!button
demo_session_06,6,1786094256.0960202,move,317,308,.!frame.!button
demo_session_06,6,1786094256.1460202,move,338,326,.!frame.!button
demo_session_06,6,1786094256.1960201,move,338,319,.!frame.!button
demo_session_06,6,1786094256.24602,move,329,325,.!frame.!button
demo_session_06,6,1786094256.29602,move,341,325,.!frame.!button
demo_session_06,6,1786094256.34602,move,338,324,.!frame.!button
demo_session_06,6,1786094256.39602,move,336,322,.!frame.!button
demo_session_06,6,1786094256.44602,move,351,323,.!frame.!button
demo_session_06,6,1786094256.4960198,move,343,308,.!frame.!button
demo_session_06,6,1786094256.5460198,move,339,323,.!frame.!button
demo_session_06,6,1786094256.5960197,move,344,317,.!frame.!button
demo_session_06,6,1786094256.6460197,move,339,319,.!frame.!button
demo_session_06,6,1786094256.6960196,move,344,318,.!frame.!button
demo_session_06,6,1786094256.7460196,move,340,328,.!frame.!button
demo_session_06,6,1786094256.7960196,move,352,319,.!frame.!button
demo_session_06,6,1786094256.8460195,move,359,319,.!frame.!button
demo_session_06,6,1786094256.92244,click,353,323,.!frame.!button
demo_session_06,7,1786094256.92244,move,521,262,.!frame.!entry
demo_session_06,7,1786094256.97244,move,525,259,.!frame.!entry
demo_session_06,7,1786094257.02244,move,521,267,.!frame.!entry
demo_session_06,7,1786094257.07244,move,520,268,.!frame.!entry
demo_session_06,7,1786094257.1224399,move,511,269,.!frame.!entry
demo_session_06,7,1786094257.1724398,move,516,272,.!frame.!entry
demo_session_06,7,1786094257.2224398,move,515,270,.!frame.!entry
demo_session_06,7,1786094257.2724397,move,510,266,.!frame.!entry
demo_session_06,7,1786094257.3224397,move,495,271,.!frame.!entry
demo_session_06,7,1786094257.3724396,move,509,267,.!frame.!entry
demo_session_06,7,1786094257.4224396,move,499,273,.!frame.!entry
demo_session_06,7,1786094257.4724395,move,500,266,.!frame.!entry
demo_session_06,7,1786094257.5224395,move,496,271,.!frame.!entry
demo_session_06,7,1786094257.5724394,move,490,273,.!frame.!entry
demo_session_06,7,1786094257.6224394,move,480,277,.!frame.!entry
demo_session_06,7,1786094257.6724393,move,494,268,.!frame.!entry
demo_session_06,7,1786094257.7224393,move,485,272,.!frame.!entry
demo_session_06,7,1786094257.7724392,move,475,271,.!frame.!entry
demo_session_06,7,1786094257.8224392,move,486,269,.!frame.!entry
demo_session_06,7,1786094257.8724391,move,480,279,.!frame.!entry
demo_session_06,7,1786094257.922439,move,483,284,.!frame.!entry
demo_session_06,7,1786094257.972439,move,485,276,.!frame.!entry
demo_session_06,7,1786094258.022439,move,471,272,.!frame.!entry
demo_session_06,7,1786094258.072439,move,465,286,.!frame.!entry
demo_session_06,7,1786094258.122439,move,468,281,.!frame.!entry
demo_session_06,7,1786094258.1724389,move,461,278,.!frame.!entry
demo_session_06,7,1786094258.2224388,move,460,279,.!frame.!entry
demo_session_06,7,1786094258.2724388,move,458,278,.!frame.!entry
demo_session_06,7,1786094258.3224387,move,456,282,.!frame.!entry
demo_session_06,7,1786094258.3724387,move,458,284,.!frame.!entry
demo_session_06,7,1786094258.4224386,move,457,287,.!frame.!entry
demo_session_06,7,1786094258.4724386,move,455,284,.!frame.!entry
demo_session_06,7,1786094258.5224385,move,455,294,.!frame.!entry
demo_session_06,7,1786094258.5724385,move,457,291,.!frame.!entry
demo_session_06,7,1786094258.6224384,move,447,288,.!frame.!entry
demo_session_06,7,1786094258.6724384,move,447,288,.!frame.!entry
demo_session_06,7,1786094258.7224383,move,443,291,.!frame.!entry
demo_session_06,7,1786094258.7724383,move,437,283,.!frame.!entry
demo_session_06,7,1786094258.8224382,move,440,288,.!frame.!entry
demo_session_06,7,1786094258.8724382,move,436,285,.!frame.!entry
demo_session_06,7,1786094258.9224381,move,436,296,.!frame.!entry
demo_session_06,7,1786094258.972438,move,436,290,.!frame.!entry
demo_session_06,7,1786094259.022438,move,428,287,.!frame.!entry
demo_session_06,7,1786094259.072438,move,437,298,.!frame.!entry
demo_session_06,7,1786094259.122438,move,435,295,.!frame.!entry
demo_session_06,7,1786094259.172438,move,428,300,.!frame.!entry
demo_session_06,7,1786094259.2224379,move,425,293,.!frame.!entry
demo_session_06,7,1786094259.2724378,move,424,305,.!frame.!entry
demo_session_06,7,1786094259.3224378,move,417,298,.!frame.!entry
demo_session_06,7,1786094259.3724377,move,420,303,.!frame.!entry
demo_session_06,7,1786094259.4224377,move,410,302,.!frame.!entry
demo_session_06,7,1786094259.4724376,move,415,297,.!frame.!entry
demo_session_06,7,1786094259.5224376,move,409,298,.!frame.!entry
demo_session_06,7,1786094259.5724375,move,400,300,.!frame.!entry
demo_session_06,7,1786094259.6224375,move,410,304,.!frame.!entry
demo_session_06,7,1786094259.6724374,move,406,310,.!frame.!entry
demo_session_06,7,1786094259.7224374,move,399,302,.!frame.!button
demo_session_06,7,1786094259.7724373,move,393,293,.!frame.!button
demo_session_06,7,1786094259.8224373,move,406,296,.!frame.!button
demo_session_06,7,1786094259.8724372,move,388,304,.!frame.!button
demo_session_06,7,1786094259.9224372,move,396,307,.!frame.!button
demo_session_06,7,1786094259.9724371,move,393,303,.!frame.!button
demo_session_06,7,1786094260.022437,move,394,309,.!frame.!button
demo_session_06,7,1786094260.072437,move,383,313,.!frame.!button
demo_session_06,7,1786094260.122437,move,389,306,.!frame.!button
demo_session_06,7,1786094260.172437,move,379,308,.!frame.!button
demo_session_06,7,1786094260.222437,move,373,310,.!frame.!button
demo_session_06,7,1786094260.2724369,move,379,310,.!frame.!button
demo_session_06,7,1786094260.3224368,move,375,308,.!frame.!button
demo_session_06,7,1786094260.3724368,move,379,312,.!frame.!button
demo_session_06,7,1786094260.4224367,move,368,316,.!frame.!button
demo_session_06,7,1786094260.4724367,move,368,321,.!frame.!button
demo_session_06,7,1786094260.5224366,move,367,315,.!frame.!button
demo_session_06,7,1786094260.5724366,move,367,311,.!frame.!button
demo_session_06,7,1786094260.6224365,move,361,319,.!frame.!button
demo_session_06,7,1786094260.6724365,move,362,315,.!frame.!button
demo_session_06,7,1786094260.7224364,move,366,320,.!frame.!button
demo_session_06,7,1786094260.7724364,move,359,312,.!frame.!button
demo_session_06,7,1786094260.8224363,move,352,314,.!frame.!button
demo_session_06,7,1786094260.8724363,move,348,324,.!frame.!button
demo_session_06,7,1786094260.9224362,move,353,331,.!frame.!button
demo_session_06,7,1786094260.9749136,click,351,321,.!frame.!button
demo_session_06,8,1786094266.5519435,move,459,173,.!frame.!entry
demo_session_06,8,1786094266.6019435,move,450,172,.!frame.!entry
demo_session_06,8,1786094266.6519434,move,457,170,.!frame.!entry
demo_session_06,8,1786094266.7019434,move,455,175,.!frame.!entry
demo_session_06,8,1786094266.7519433,move,456,174,.!frame.!entry
demo_session_06,8,1786094266.8019433,move,462,182,.!frame.!entry
demo_session_06,8,1786094266.8519433,move,457,187,.!frame.!entry
demo_session_06,8,1786094266.9019432,move,446,184,.!frame.!entry
demo_session_06,8,1786094266.9519432,move,453,194,.!frame.!entry
demo_session_06,8,1786094267.001943,move,453,184,.!frame.!entry
demo_session_06,8,1786094267.051943,move,449,192,.!frame.!entry
demo_session_06,8,1786094267.101943,move,439,196,.!frame.!entry
demo_session_06,8,1786094267.151943,move,438,190,.!frame.!entry
demo_session_06,8,1786094267.201943,move,454,202,.!frame.!entry
demo_session_06,8,1786094267.2519429,move,439,201,.!frame.!entry
demo_session_06,8,1786094267.3019428,move,452,201,.!frame.!entry
demo_session_06,8,1786094267.3519428,move,437,201,.!frame.!entry
demo_session_06,8,1786094267.4019427,move,431,204,.!frame.!entry
demo_session_06,8,1786094267.4519427,move,443,205,.!frame.!entry
demo_session_06,8,1786094267.5019426,move,435,208,.!frame.!entry
demo_session_06,8,1786094267.5519426,move,440,215,.!frame.!entry
demo_session_06,8,1786094267.6019425,move,433,218,.!frame.!entry
demo_session_06,8,1786094267.6519425,move,429,205,.!frame.!entry
demo_session_06,8,1786094267.7019424,move,429,208,.!frame.!entry
demo_session_06,8,1786094267.7519424,move,430,205,.!frame.!entry
demo_session_06,8,1786094267.8019423,move,422,214,.!frame.!entry
demo_session_06,8,1786094267.8519423,move,435,206,.!frame.!entry
demo_session_06,8,1786094267.9019423,move,433,218,.!frame.!entry
demo_session_06,8,1786094267.9519422,move,425,217,.!frame.!entry
demo_session_06,8,1786094268.0019422,move,425,221,.!frame.!entry
demo_session_06,8,1786094268.051942,move,422,218,.!frame.!entry
demo_session_06,8,1786094268.101942,move,422,217,.!frame.!entry
demo_session_06,8,1786094268.151942,move,413,227,.!frame.!entry
demo_session_06,8,1786094268.201942,move,413,232,.!frame.!entry
demo_session_06,8,1786094268.251942,move,424,231,.!frame.!entry
demo_session_06,8,1786094268.3019419,move,415,234,.!frame.!entry
demo_session_06,8,1786094268.3519418,move,413,232,.!frame.!entry
demo_session_06,8,1786094268.4019418,move,411,226,.!frame.!entry
demo_session_06,8,1786094268.4519417,move,404,228,.!frame.!entry
demo_session_06,8,1786094268.5019417,move,417,231,.!frame.!entry
demo_session_06,8,1786094268.5519416,move,403,237,.!frame.!entry
demo_session_06,8,1786094268.6019416,move,410,244,.!frame.!entry
demo_session_06,8,1786094268.6519415,move,401,240,.!frame.!entry
demo_session_06,8,1786094268.7019415,move,411,248,.!frame.!entry
demo_session_06,8,1786094268.7519414,move,411,251,.!frame.!entry
demo_session_06,8,1786094268.8019414,move,401,249,.!frame.!entry
demo_session_06,8,1786094268.8519413,move,400,242,.!frame.!entry
demo_session_06,8,1786094268.9019413,move,402,244,.!frame.!entry
demo_session_06,8,1786094268.9519413,move,412,258,.!frame.!entry
demo_session_06,8,1786094269.0019412,move,402,237,.!frame.!entry
demo_session_06,8,1786094269.0519412,move,392,255,.!frame.!entry
demo_session_06,8,1786094269.101941,move,406,255,.!frame.!entry
demo_session_06,8,1786094269.151941,move,385,264,.!frame.!entry
demo_session_06,8,1786094269.201941,move,409,253,.!frame.!entry
demo_session_06,8,1786094269.251941,move,398,263,.!frame.!entry
demo_session_06,8,1786094269.301941,move,401,261,.!frame.!entry
demo_session_06,8,1786094269.3519409,move,387,260,.!frame.!entry
demo_session_06,8,1786094269.4019408,move,392,257,.!frame.!entry
demo_session_06,8,1786094269.4519408,move,384,265,.!frame.!entry
demo_session_06,8,1786094269.5019407,move,389,257,.!frame.!entry
demo_session_06,8,1786094269.5519407,move,379,268,.!frame.!entry
demo_session_06,8,1786094269.6019406,move,376,279,.!frame.!entry
demo_session_06,8,1786094269.6519406,move,382,281,.!frame.!entry
demo_session_06,8,1786094269.7019405,move,387,285,.!frame.!entry
demo_session_06,8,1786094269.7519405,move,385,273,.!frame.!entry
demo_session_06,8,1786094269.8019404,move,390,276,.!frame.!button
demo_session_06,8,1786094269.8519404,move,378,279,.!frame.!button
demo_session_06,8,1786094269.9019403,move,385,285,.!frame.!button
demo_session_06,8,1786094269.9519403,move,377,287,.!frame.!button
demo_session_06,8,1786094270.0019403,move,372,277,.!frame.!button
demo_session_06,8,1786094270.0519402,move,379,274,.!frame.!button
demo_session_06,8,1786094270.1019402,move,381,285,.!frame.!button
demo_session_06,8,1786094270.15194,move,370,291,.!frame.!button
demo_session_06,8,1786094270.20194,move,368,281,.!frame.!button
demo_session_06,8,1786094270.25194,move,370,292,.!frame.!button
demo_session_06,8,1786094270.30194,move,373,294,.!frame.!button
demo_session_06,8,1786094270.35194,move,358,292,.!frame.!button
demo_session_06,8,1786094270.4019399,move,366,298,.!frame.!button
demo_session_06,8,1786094270.4519398,move,375,303,.!frame.!button
demo_session_06,8,1786094270.5019398,move,362,303,.!frame.!button
demo_session_06,8,1786094270.5519397,move,358,295,.!frame.!button
demo_session_06,8,1786094270.6019397,move,370,300,.!frame.!button
demo_session_06,8,1786094270.6519396,move,358,299,.!frame.!button
demo_session_06,8,1786094270.7019396,move,355,313,.!frame.!button
demo_session_06,8,1786094270.7519395,move,361,310,.!frame.!button
demo_session_06,8,1786094270.8019395,move,368,295,.!frame.!button
demo_session_06,8,1786094270.8519394,move,359,317,.!frame.!button
demo_session_06,8,1786094270.9019394,move,354,310,.!frame.!button
demo_session_06,8,1786094270.9519393,move,353,320,.!frame.!button
demo_session_06,8,1786094271.0019393,move,348,312,.!frame.!button
demo_session_06,8,1786094271.0519392,move,340,318,.!frame.!button
demo_session_06,8,1786094271.1019392,move,353,321,.!frame.!button
demo_session_06,8,1786094271.1519392,move,353,318,.!frame.!button
demo_session_06,8,1786094271.2161078,click,354,324,.!frame.!button
demo_session_06,9,1786094271.2161078,move,366,93,.!frame.!entry
demo_session_06,9,1786094271.2661078,move,365,104,.!frame.!entry
demo_session_06,9,1786094271.3161077,move,369,109,.!frame.!entry
demo_session_06,9,1786094271.3661077,move,372,112,.!frame.!entry
demo_session_06,9,1786094271.4161077,move,361,111,.!frame.!entry
demo_session_06,9,1786094271.4661076,move,370,115,.!frame.!entry
demo_session_06,9,1786094271.5161076,move,364,112,.!frame.!entry
demo_session_06,9,1786094271.5661075,move,362,123,.!frame.!entry
demo_session_06,9,1786094271.6161075,move,372,121,.!frame.!entry
demo_session_06,9,1786094271.6661074,move,363,116,.!frame.!entry
demo_session_06,9,1786094271.7161074,move,369,120,.!frame.!entry
demo_session_06,9,1786094271.7661073,move,363,126,.!frame.!entry
demo_session_06,9,1786094271.8161073,move,368,130,.!frame.!entry
demo_session_06,9,1786094271.8661072,move,361,129,.!frame.!entry
demo_session_06,9,1786094271.9161072,move,372,143,.!frame.!entry
demo_session_06,9,1786094271.9661071,move,363,131,.!frame.!entry
demo_session_06,9,1786094272.016107,move,365,134,.!frame.!entry
demo_session_06,9,1786094272.066107,move,364,140,.!frame.!entry
demo_session_06,9,1786094272.116107,move,365,142,.!frame.!entry
demo_session_06,9,1786094272.166107,move,356,144,.!frame.!entry
demo_session_06,9,1786094272.216107,move,358,143,.!frame.!entry
demo_session_06,9,1786094272.2661068,move,364,140,.!frame.!entry
demo_session_06,9,1786094272.3161068,move,369,148,.!frame.!entry
demo_session_06,9,1786094272.3661067,move,353,156,.!frame.!entry
demo_session_06,9,1786094272.4161067,move,360,154,.!frame.!entry
demo_session_06,9,1786094272.4661067,move,364,151,.!frame.!entry
demo_session_06,9,1786094272.5161066,move,363,150,.!frame.!entry
demo_session_06,9,1786094272.5661066,move,362,162,.!frame.!entry
demo_session_06,9,1786094272.6161065,move,365,167,.!frame.!entry
demo_session_06,9,1786094272.6661065,move,370,159,.!frame.!entry
demo_session_06,9,1786094272.7161064,move,359,162,.!frame.!entry
demo_session_06,9,1786094272.7661064,move,362,172,.!frame.!entry
demo_session_06,9,1786094272.8161063,move,365,167,.!frame.!entry
demo_session_06,9,1786094272.8661063,move,366,177,.!frame.!entry
demo_session_06,9,1786094272.9161062,move,356,170,.!frame.!entry
demo_session_06,9,1786094272.9661062,move,359,180,.!frame.!entry
demo_session_06,9,1786094273.0161061,move,358,185,.!frame.!entry
demo_session_06,9,1786094273.066106,move,358,174,.!frame.!entry
demo_session_06,9,1786094273.116106,move,361,169,.!frame.!entry
demo_session_06,9,1786094273.166106,move,365,181,.!frame.!entry
demo_session_06,9,1786094273.216106,move,361,194,.!frame.!entry
demo_session_06,9,1786094273.266106,move,363,194,.!frame.!entry
demo_session_06,9,1786094273.3161058,move,362,186,.!frame.!entry
demo_session_06,9,1786094273.3661058,move,343,189,.!frame.!entry
demo_session_06,9,1786094273.4161057,move,361,197,.!frame.!entry
demo_session_06,9,1786094273.4661057,move,359,199,.!frame.!entry
demo_session_06,9,1786094273.5161057,move,364,194,.!frame.!entry
demo_session_06,9,1786094273.5661056,move,346,205,.!frame.!entry
demo_session_06,9,1786094273.6161056,move,360,202,.!frame.!entry
demo_session_06,9,1786094273.6661055,move,357,208,.!frame.!entry
demo_session_06,9,1786094273.7161055,move,353,213,.!frame.!entry
demo_session_06,9,1786094273.7661054,move,352,205,.!frame.!entry
demo_session_06,9,1786094273.8161054,move,354,204,.!frame.!entry
demo_session_06,9,1786094273.8661053,move,365,205,.!frame.!entry
demo_session_06,9,1786094273.9161053,move,362,224,.!frame.!entry
demo_session_06,9,1786094273.9661052,move,361,215,.!frame.!entry
demo_session_06,9,1786094274.0161052,move,352,212,.!frame.!entry
demo_session_06,9,1786094274.0661051,move,350,210,.!frame.!entry
demo_session_06,9,1786094274.116105,move,361,220,.!frame.!entry
demo_session_06,9,1786094274.166105,move,360,227,.!frame.!entry
demo_session_06,9,1786094274.216105,move,355,241,.!frame.!entry
demo_session_06,9,1786094274.266105,move,356,230,.!frame.!entry
demo_session_06,9,1786094274.316105,move,351,225,.!frame.!entry
demo_session_06,9,1786094274.3661048,move,357,225,.!frame.!entry
demo_session_06,9,1786094274.4161048,move,359,241,.!frame.!entry
demo_session_06,9,1786094274.4661047,move,360,242,.!frame.!entry
demo_session_06,9,1786094274.5161047,move,352,242,.!frame.!entry
demo_session_06,9,1786094274.5661047,move,348,240,.!frame.!entry
demo_session_06,9,1786094274.6161046,move,349,238,.!frame.!entry
demo_session_06,9,1786094274.6661046,move,355,251,.!frame.!entry
demo_session_06,9,1786094274.7161045,move,354,249,.!frame.!entry
demo_session_06,9,1786094274.7661045,move,353,257,.!frame.!entry
demo_session_06,9,1786094274.8161044,move,353,249,.!frame.!entry
demo_session_06,9,1786094274.8661044,move,353,250,.!frame.!entry
demo_session_06,9,1786094274.9161043,move,353,242,.!frame.!button
demo_session_06,9,1786094274.9661043,move,354,259,.!frame.!button
demo_session_06,9,1786094275.0161042,move,356,265,.!frame.!button
demo_session_06,9,1786094275.0661042,move,351,261,.!frame.!button
demo_session_06,9,1786094275.1161041,move,361,262,.!frame.!button
demo_session_06,9,1786094275.166104,move,358,261,.!frame.!button
demo_session_06,9,1786094275.216104,move,351,280,.!frame.!button
demo_session_06,9,1786094275.266104,move,349,270,.!frame.!button
demo_session_06,9,1786094275.316104,move,356,268,.!frame.!button
demo_session_06,9,1786094275.366104,move,356,275,.!frame.!button
demo_session_06,9,1786094275.4161038,move,359,282,.!frame.!button
demo_session_06,9,1786094275.4661038,move,359,275,.!frame.!button
demo_session_06,9,1786094275.5161037,move,356,281,.!frame.!button
demo_session_06,9,1786094275.5661037,move,353,289,.!frame.!button
demo_session_06,9,1786094275.6161036,move,356,291,.!frame.!button
demo_session_06,9,1786094275.6661036,move,352,290,.!frame.!button
demo_session_06,9,1786094275.7161036,move,363,292,.!frame.!button
demo_session_06,9,1786094275.7661035,move,357,299,.!frame.!button
demo_session_06,9,1786094275.8161035,move,352,290,.!frame.!button
demo_session_06,9,1786094275.8661034,move,349,296,.!frame.!button
demo_session_06,9,1786094275.9161034,move,347,289,.!frame.!button
demo_session_06,9,1786094275.9661033,move,352,290,.!frame.!button
demo_session_06,9,1786094276.0161033,move,352,306,.!frame.!button
demo_session_06,9,1786094276.0661032,move,349,306,.!frame.!button
demo_session_06,9,1786094276.1161032,move,348,313,.!frame.!button
demo_session_06,9,1786094276.1661031,move,354,306,.!frame.!button
demo_session_06,9,1786094276.216103,move,344,306,.!frame.!button
demo_session_06,9,1786094276.266103,move,354,319,.!frame.!button
demo_session_06,9,1786094276.316103,move,350,309,.!frame.!button
demo_session_06,9,1786094276.366103,move,345,311,.!frame.!button
demo_session_06,9,1786094276.416103,move,351,313,.!frame.!button
demo_session_06,9,1786094276.4661028,move,348,319,.!frame.!button
demo_session_06,9,1786094276.544589,click,352,322,.!frame.!button
demo_session_06,10,1786094276.544589,move,130,359,.!frame.!entry
demo_session_06,10,1786094276.594589,move,135,347,.!frame.!entry
demo_session_06,10,1786094276.644589,move,131,353,.!frame.!entry
demo_session_06,10,1786094276.694589,move,142,348,.!frame.!entry
demo_session_06,10,1786094276.7445889,move,139,353,.!frame.!entry
demo_session_06,10,1786094276.7945888,move,133,358,.!frame.!entry
demo_session_06,10,1786094276.8445888,move,132,349,.!frame.!entry
demo_session_06,10,1786094276.8945887,move,140,354,.!frame.!entry
demo_session_06,10,1786094276.9445887,move,150,348,.!frame.!entry
demo_session_06,10,1786094276.9945886,move,158,349,.!frame.!entry
demo_session_06,10,1786094277.0445886,move,157,345,.!frame.!entry
demo_session_06,10,1786094277.0945885,move,159,355,.!frame.!entry
demo_session_06,10,1786094277.1445885,move,164,350,.!frame.!entry
demo_session_06,10,1786094277.1945884,move,157,348,.!frame.!entry
demo_session_06,10,1786094277.2445884,move,166,351,.!frame.!entry
demo_session_06,10,1786094277.2945883,move,168,355,.!frame.!entry
demo_session_06,10,1786094277.3445883,move,167,351,.!frame.!entry
demo_session_06,10,1786094277.3945882,move,174,347,.!frame.!entry
demo_session_06,10,1786094277.4445882,move,176,344,.!frame.!entry
demo_session_06,10,1786094277.4945881,move,186,344,.!frame.!entry
demo_session_06,10,1786094277.544588,move,180,347,.!frame.!entry
demo_session_06,10,1786094277.594588,move,175,338,.!frame.!entry
demo_session_06,10,1786094277.644588,move,187,337,.!frame.!entry
demo_session_06,10,1786094277.694588,move,195,343,.!frame.!entry
demo_session_06,10,1786094277.744588,move,197,344,.!frame.!entry
demo_session_06,10,1786094277.7945879,move,191,340,.!frame.!entry
demo_session_06,10,1786094277.8445878,move,199,339,.!frame.!entry
demo_session_06,10,1786094277.8945878,move,202,334,.!frame.!entry
demo_session_06,10,1786094277.9445877,move,192,341,.!frame.!entry
demo_session_06,10,1786094277.9945877,move,209,340,.!frame.!entry
demo_session_06,10,1786094278.0445876,move,209,341,.!frame.!entry
demo_session_06,10,1786094278.0945876,move,209,339,.!frame.!entry
demo_session_06,10,1786094278.1445875,move,216,340,.!frame.!entry
demo_session_06,10,1786094278.1945875,move,216,340,.!frame.!entry
demo_session_06,10,1786094278.2445874,move,221,339,.!frame.!entry
demo_session_06,10,1786094278.2945874,move,228,338,.!frame.!entry
demo_session_06,10,1786094278.3445873,move,223,340,.!frame.!entry
demo_session_06,10,1786094278.3945873,move,233,334,.!frame.!entry
demo_session_06,10,1786094278.4445872,move,227,335,.!frame.!entry
demo_session_06,10,1786094278.4945872,move,228,328,.!frame.!entry
demo_session_06,10,1786094278.5445871,move,233,339,.!frame.!entry
demo_session_06,10,1786094278.594587,move,237,327,.!frame.!entry
demo_session_06,10,1786094278.644587,move,239,335,.!frame.!entry
demo_session_06,10,1786094278.694587,move,232,349,.!frame.!entry
demo_session_06,10,1786094278.744587,move,243,333,.!frame.!entry
demo_session_06,10,1786094278.794587,move,248,337,.!frame.!entry
demo_session_06,10,1786094278.8445868,move,249,338,.!frame.!entry
demo_session_06,10,1786094278.8945868,move,243,338,.!frame.!entry
demo_session_06,10,1786094278.9445868,move,252,329,.!frame.!entry
demo_session_06,10,1786094278.9945867,move,263,332,.!frame.!entry
demo_session_06,10,1786094279.0445867,move,276,330,.!frame.!entry
demo_session_06,10,1786094279.0945866,move,262,334,.!frame.!entry
demo_session_06,10,1786094279.1445866,move,267,337,.!frame.!entry
demo_session_06,10,1786094279.1945865,move,280,337,.!frame.!entry
demo_session_06,10,1786094279.2445865,move,278,328,.!frame.!entry
demo_session_06,10,1786094279.2945864,move,277,320,.!frame.!entry
demo_session_06,10,1786094279.3445864,move,275,332,.!frame.!entry
demo_session_06,10,1786094279.3945863,move,280,334,.!frame.!entry
demo_session_06,10,1786094279.4445863,move,282,335,.!frame.!entry
demo_session_06,10,1786094279.4945862,move,285,331,.!frame.!button
demo_session_06,10,1786094279.5445862,move,298,329,.!frame.!button
demo_session_06,10,1786094279.5945861,move,297,330,.!frame.!button
demo_session_06,10,1786094279.644586,move,292,321,.!frame.!button
demo_session_06,10,1786094279.694586,move,285,325,.!frame.!button
demo_session_06,10,1786094279.744586,move,299,333,.!frame.!button
demo_session_06,10,1786094279.794586,move,299,324,.!frame.!button
demo_session_06,10,1786094279.844586,move,289,330,.!frame.!button
demo_session_06,10,1786094279.8945858,move,302,327,.!frame.!button
demo_session_06,10,1786094279.9445858,move,316,322,.!frame.!button
demo_session_06,10,1786094279.9945858,move,309,319,.!frame.!button
demo_session_06,10,1786094280.0445857,move,319,328,.!frame.!button
demo_session_06,10,1786094280.0945857,move,316,328,.!frame.!button
demo_session_06,10,1786094280.1445856,move,326,321,.!frame.!button
demo_session_06,10,1786094280.1945856,move,325,324,.!frame.!button
demo_session_06,10,1786094280.2445855,move,327,325,.!frame.!button
demo_session_06,10,1786094280.2945855,move,330,319,.!frame.!button
demo_session_06,10,1786094280.3445854,move,335,329,.!frame.!button
demo_session_06,10,1786094280.3945854,move,335,324,.!frame.!button
demo_session_06,10,1786094280.4445853,move,334,318,.!frame.!button
demo_session_06,10,1786094280.4945853,move,339,312,.!frame.!button
demo_session_06,10,1786094280.5445852,move,344,324,.!frame.!button
demo_session_06,10,1786094280.5945852,move,343,317,.!frame.!button
demo_session_06,10,1786094280.6445851,move,345,324,.!frame.!button
demo_session_06,10,1786094280.694585,move,354,316,.!frame.!button
demo_session_06,10,1786094280.794266,click,351,321,.!frame.!button
demo_session_06,11,1786094280.794266,move,568,337,.!frame.!entry
demo_session_06,11,1786094280.844266,move,575,340,.!frame.!entry
demo_session_06,11,1786094280.894266,move,560,326,.!frame.!entry
demo_session_06,11,1786094280.9442658,move,574,346,.!frame.!entry
demo_session_06,11,1786094280.9942658,move,562,332,.!frame.!entry
demo_session_06,11,1786094281.0442657,move,575,343,.!frame.!entry
demo_session_06,11,1786094281.0942657,move,561,333,.!frame.!entry
demo_session_06,11,1786094281.1442657,move,557,341,.!frame.!entry
demo_session_06,11,1786094281.1942656,move,557,337,.!frame.!entry
demo_session_06,11,1786094281.2442656,move,540,332,.!frame.!entry
demo_session_06,11,1786094281.2942655,move,554,331,.!frame.!entry
demo_session_06,11,1786094281.3442655,move,550,339,.!frame.!entry
demo_session_06,11,1786094281.3942654,move,548,333,.!frame.!entry
demo_session_06,11,1786094281.4442654,move,542,340,.!frame.!entry
demo_session_06,11,1786094281.4942653,move,550,320,.!frame.!entry
demo_session_06,11,1786094281.5442653,move,536,335,.!frame.!entry
demo_session_06,11,1786094281.5942652,move,535,331,.!frame.!entry
demo_session_06,11,1786094281.6442652,move,533,337,.!frame.!entry
demo_session_06,11,1786094281.6942651,move,529,340,.!frame.!entry
demo_session_06,11,1786094281.744265,move,530,339,.!frame.!entry
demo_session_06,11,1786094281.794265,move,526,333,.!frame.!entry
demo_session_06,11,1786094281.844265,move,530,329,.!frame.!entry
demo_session_06,11,1786094281.894265,move,517,346,.!frame.!entry
demo_session_06,11,1786094281.944265,move,518,334,.!frame.!entry
demo_session_06,11,1786094281.9942648,move,520,332,.!frame.!entry
demo_session_06,11,1786094282.0442648,move,513,338,.!frame.!entry
demo_session_06,11,1786094282.0942647,move,515,326,.!frame.!entry
demo_session_06,11,1786094282.1442647,move,512,339,.!frame.!entry
demo_session_06,11,1786094282.1942647,move,512,320,.!frame.!entry
demo_session_06,11,1786094282.2442646,move,506,326,.!frame.!entry
demo_session_06,11,1786094282.2942646,move,490,321,.!frame.!entry
demo_session_06,11,1786094282.3442645,move,502,344,.!frame.!entry
demo_session_06,11,1786094282.3942645,move,498,337,.!frame.!entry
demo_session_06,11,1786094282.4442644,move,493,333,.!frame.!entry
demo_session_06,11,1786094282.4942644,move,491,335,.!frame.!entry
demo_session_06,11,1786094282.5442643,move,494,335,.!frame.!entry
demo_session_06,11,1786094282.5942643,move,495,320,.!frame.!entry
demo_session_06,11,1786094282.6442642,move,477,332,.!frame.!entry
demo_session_06,11,1786094282.6942642,move,488,333,.!frame.!entry
demo_session_06,11,1786094282.7442641,move,482,330,.!frame.!entry
demo_session_06,11,1786094282.794264,move,486,329,.!frame.!entry
demo_session_06,11,1786094282.844264,move,476,329,.!frame.!entry
demo_session_06,11,1786094282.894264,move,472,332,.!frame.!entry
demo_session_06,11,1786094282.944264,move,472,333,.!frame.!entry
demo_session_06,11,1786094282.994264,move,458,332,.!frame.!entry
demo_session_06,11,1786094283.0442638,move,463,319,.!frame.!entry
demo_session_06,11,1786094283.0942638,move,460,327,.!frame.!entry
demo_session_06,11,1786094283.1442637,move,457,324,.!frame.!entry
demo_session_06,11,1786094283.1942637,move,460,326,.!frame.!entry
demo_session_06,11,1786094283.2442636,move,456,328,.!frame.!entry
demo_session_06,11,1786094283.2942636,move,462,343,.!frame.!entry
demo_session_06,11,1786094283.3442636,move,452,332,.!frame.!entry
demo_session_06,11,1786094283.3942635,move,449,330,.!frame.!entry
demo_session_06,11,1786094283.4442635,move,451,322,.!frame.!entry
demo_session_06,11,1786094283.4942634,move,437,328,.!frame.!entry
demo_session_06,11,1786094283.5442634,move,441,330,.!frame.!entry
demo_session_06,11,1786094283.5942633,move,437,329,.!frame.!entry
demo_session_06,11,1786094283.6442633,move,444,332,.!frame.!entry
demo_session_06,11,1786094283.6942632,move,437,321,.!frame.!entry
demo_session_06,11,1786094283.7442632,move,431,329,.!frame.!entry
demo_session_06,11,1786094283.7942631,move,430,329,.!frame.!entry
demo_session_06,11,1786094283.844263,move,427,322,.!frame.!entry
demo_session_06,11,1786094283.894263,move,426,328,.!frame.!entry
demo_session_06,11,1786094283.944263,move,415,318,.!frame.!entry
demo_session_06,11,1786094283.994263,move,428,327,.!frame.!entry
demo_session_06,11,1786094284.044263,move,421,319,.!frame.!entry
demo_session_06,11,1786094284.0942628,move,404,330,.!frame.!button
demo_session_06,11,1786094284.1442628,move,418,322,.!frame.!button
demo_session_06,11,1786094284.1942627,move,405,320,.!frame.!button
demo_session_06,11,1786094284.2442627,move,398,323,.!frame.!button
demo_session_06,11,1786094284.2942626,move,401,313,.!frame.!button
demo_session_06,11,1786094284.3442626,move,397,329,.!frame.!button
demo_session_06,11,1786094284.3942626,move,402,323,.!frame.!button
demo_session_06,11,1786094284.4442625,move,405,334,.!frame.!button
demo_session_06,11,1786094284.4942625,move,404,331,.!frame.!button
demo_session_06,11,1786094284.5442624,move,382,327,.!frame.!button
demo_session_06,11,1786094284.5942624,move,387,322,.!frame.!button
demo_session_06,11,1786094284.6442623,move,389,323,.!frame.!button
demo_session_06,11,1786094284.6942623,move,385,318,.!frame.!button
demo_session_06,11,1786094284.7442622,move,390,323,.!frame.!button
demo_session_06,11,1786094284.7942622,move,382,321,.!frame.!button
demo_session_06,11,1786094284.8442621,move,382,318,.!frame.!button
demo_session_06,11,1786094284.894262,move,368,324,.!frame.!button
demo_session_06,11,1786094284.944262,move,371,331,.!frame.!button
demo_session_06,11,1786094284.994262,move,366,331,.!frame.!button
demo_session_06,11,1786094285.044262,move,370,325,.!frame.!button
demo_session_06,11,1786094285.094262,move,353,317,.!frame.!button
demo_session_06,11,1786094285.1442618,move,368,325,.!frame.!button
demo_session_06,11,1786094285.1942618,move,363,316,.!frame.!button
demo_session_06,11,1786094285.2442617,move,359,326,.!frame.!button
demo_session_06,11,1786094285.2942617,move,349,320,.!frame.!button
demo_session_06,11,1786094285.3442616,move,352,321,.!frame.!button
demo_session_06,11,1786094285.3942616,move,340,316,.!frame.!button
demo_session_06,11,1786094285.4442616,move,351,312,.!frame.!button
demo_session_06,11,1786094285.5038395,click,346,316,.!frame.!button
demo_session_06,12,1786094285.5038395,move,111,270,.!frame.!entry
demo_session_06,12,1786094285.5538394,move,121,272,.!frame.!entry
demo_session_06,12,1786094285.6038394,move,113,276,.!frame.!entry
demo_session_06,12,1786094285.6538393,move,132,268,.!frame.!entry
demo_session_06,12,1786094285.7038393,move,126,275,.!frame.!entry
demo_session_06,12,1786094285.7538393,move,137,274,.!frame.!entry
demo_session_06,12,1786094285.8038392,move,136,277,.!frame.!entry
demo_session_06,12,1786094285.8538392,move,136,272,.!frame.!entry
demo_session_06,12,1786094285.903839,move,143,282,.!frame.!entry
demo_session_06,12,1786094285.953839,move,137,273,.!frame.!entry
demo_session_06,12,1786094286.003839,move,139,279,.!frame.!entry
demo_session_06,12,1786094286.053839,move,134,272,.!frame.!entry
demo_session_06,12,1786094286.103839,move,148,276,.!frame.!entry
demo_session_06,12,1786094286.1538389,move,143,277,.!frame.!entry
demo_session_06,12,1786094286.2038388,move,153,278,.!frame.!entry
demo_session_06,12,1786094286.2538388,move,159,282,.!frame.!entry
demo_session_06,12,1786094286.3038387,move,156,290,.!frame.!entry
demo_session_06,12,1786094286.3538387,move,163,282,.!frame.!entry
demo_session_06,12,1786094286.4038386,move,151,274,.!frame.!entry
demo_session_06,12,1786094286.4538386,move,162,287,.!frame.!entry
demo_session_06,12,1786094286.5038385,move,164,281,.!frame.!entry
demo_session_06,12,1786094286.5538385,move,160,287,.!frame.!entry
demo_session_06,12,1786094286.6038384,move,166,276,.!frame.!entry
demo_session_06,12,1786094286.6538384,move,172,287,.!frame.!entry
demo_session_06,12,1786094286.7038383,move,175,283,.!frame.!entry
demo_session_06,12,1786094286.7538383,move,178,286,.!frame.!entry
demo_session_06,12,1786094286.8038383,move,181,284,.!frame.!entry
demo_session_06,12,1786094286.8538382,move,189,289,.!frame.!entry
demo_session_06,12,1786094286.9038382,move,188,280,.!frame.!entry
demo_session_06,12,1786094286.953838,move,194,280,.!frame.!entry
demo_session_06,12,1786094287.003838,move,196,297,.!frame.!entry
demo_session_06,12,1786094287.053838,move,185,291,.!frame.!entry
demo_session_06,12,1786094287.103838,move,192,286,.!frame.!entry
demo_session_06,12,1786094287.153838,move,200,293,.!frame.!entry
demo_session_06,12,1786094287.2038379,move,193,295,.!frame.!entry
demo_session_06,12,1786094287.2538378,move,205,286,.!frame.!entry
demo_session_06,12,1786094287.3038378,move,202,283,.!frame.!entry
demo_session_06,12,1786094287.3538377,move,207,295,.!frame.!entry
demo_session_06,12,1786094287.4038377,move,212,284,.!frame.!entry
demo_session_06,12,1786094287.4538376,move,219,293,.!frame.!entry
demo_session_06,12,1786094287.5038376,move,218,293,.!frame.!entry
demo_session_06,12,1786094287.5538375,move,215,288,.!frame.!entry
demo_session_06,12,1786094287.6038375,move,211,285,.!frame.!entry
demo_session_06,12,1786094287.6538374,move,218,292,.!frame.!entry
demo_session_06,12,1786094287.7038374,move,221,291,.!frame.!entry
demo_session_06,12,1786094287.7538373,move,231,301,.!frame.!entry
demo_session_06,12,1786094287.8038373,move,230,300,.!frame.!entry
demo_session_06,12,1786094287.8538373,move,228,295,.!frame.!entry
demo_session_06,12,1786094287.9038372,move,234,290,.!frame.!entry
demo_session_06,12,1786094287.9538372,move,231,289,.!frame.!entry
demo_session_06,12,1786094288.003837,move,223,293,.!frame.!entry
demo_session_06,12,1786094288.053837,move,236,301,.!frame.!entry
demo_session_06,12,1786094288.103837,move,253,293,.!frame.!entry
demo_session_06,12,1786094288.153837,move,242,300,.!frame.!entry
demo_session_06,12,1786094288.203837,move,243,301,.!frame.!entry
demo_session_06,12,1786094288.2538369,move,238,301,.!frame.!entry
demo_session_06,12,1786094288.3038368,move,260,301,.!frame.!entry
demo_session_06,12,1786094288.3538368,move,253,300,.!frame.!entry
demo_session_06,12,1786094288.4038367,move,262,301,.!frame.!entry
demo_session_06,12,1786094288.4538367,move,262,292,.!frame.!entry
demo_session_06,12,1786094288.5038366,move,257,303,.!frame.!entry
demo_session_06,12,1786094288.5538366,move,263,296,.!frame.!entry
demo_session_06,12,1786094288.6038365,move,265,306,.!frame.!entry
demo_session_06,12,1786094288.6538365,move,267,303,.!frame.!entry
demo_session_06,12,1786094288.7038364,move,279,300,.!frame.!entry
demo_session_06,12,1786094288.7538364,move,275,300,.!frame.!entry
demo_session_06,12,1786094288.8038363,move,277,311,.!frame.!entry
demo_session_06,12,1786094288.8538363,move,281,307,.!frame.!entry
demo_session_06,12,1786094288.9038363,move,276,305,.!frame.!button
demo_session_06,12,1786094288.9538362,move,286,306,.!frame.!button
demo_session_06,12,1786094289.0038362,move,283,310,.!frame.!button
demo_session_06,12,1786094289.053836,move,281,315,.!frame.!button
demo_session_06,12,1786094289.103836,move,289,310,.!frame.!button
demo_session_06,12,1786094289.153836,move,296,301,.!frame.!button
demo_session_06,12,1786094289.203836,move,299,307,.!frame.!button
demo_session_06,12,1786094289.253836,move,292,311,.!frame.!button
demo_session_06,12,1786094289.3038359,move,290,315,.!frame.!button
demo_session_06,12,1786094289.3538358,move,298,306,.!frame.!button
demo_session_06,12,1786094289.4038358,move,299,307,.!frame.!button
demo_session_06,12,1786094289.4538357,move,308,311,.!frame.!button
demo_session_06,12,1786094289.5038357,move,313,313,.!frame.!button
demo_session_06,12,1786094289.5538356,move,304,316,.!frame.!button
demo_session_06,12,1786094289.6038356,move,313,314,.!frame.!button
demo_session_06,12,1786094289.6538355,move,309,311,.!frame.!button
demo_session_06,12,1786094289.7038355,move,331,311,.!frame.!button
demo_session_06,12,1786094289.7538354,move,324,314,.!frame.!button
demo_session_06,12,1786094289.8038354,move,322,320,.!frame.!button
demo_session_06,12,1786094289.8538353,move,328,305,.!frame.!button
demo_session_06,12,1786094289.9038353,move,335,318,.!frame.!button
demo_session_06,12,1786094289.9538352,move,329,308,.!frame.!button
demo_session_06,12,1786094290.0038352,move,326,310,.!frame.!button
demo_session_06,12,1786094290.0538352,move,339,317,.!frame.!button
demo_session_06,12,1786094290.103835,move,346,324,.!frame.!button
demo_session_06,12,1786094290.153835,move,334,313,.!frame.!button
demo_session_06,12,1786094290.203835,move,341,318,.!frame.!button
demo_session_06,12,1786094290.253835,move,344,313,.!frame.!button
demo_session_06,12,1786094290.303835,move,342,325,.!frame.!button
demo_session_06,12,1786094290.3538349,move,349,318,.!frame.!button
demo_session_06,12,1786094290.4325628,click,351,321,.!frame.!button
demo_session_06,13,1786094290.4325628,move,134,211,.!frame.!entry
demo_session_06,13,1786094290.4825628,move,118,209,.!frame.!entry
demo_session_06,13,1786094290.5325627,move,129,206,.!frame.!entry
demo_session_06,13,1786094290.5825627,move,133,227,.!frame.!entry
demo_session_06,13,1786094290.6325626,move,123,214,.!frame.!entry
demo_session_06,13,1786094290.6825626,move,126,226,.!frame.!entry
demo_session_06,13,1786094290.7325625,move,134,212,.!frame.!entry
demo_session_06,13,1786094290.7825625,move,130,217,.!frame.!entry
demo_session_06,13,1786094290.8325624,move,141,219,.!frame.!entry
demo_session_06,13,1786094290.8825624,move,132,219,.!frame.!entry
demo_session_06,13,1786094290.9325624,move,144,222,.!frame.!entry
demo_session_06,13,1786094290.9825623,move,137,219,.!frame.!entry
demo_session_06,13,1786094291.0325623,move,141,215,.!frame.!entry
demo_session_06,13,1786094291.0825622,move,143,229,.!frame.!entry
demo_session_06,13,1786094291.1325622,move,149,224,.!frame.!entry
demo_session_06,13,1786094291.182562,move,151,221,.!frame.!entry
demo_session_06,13,1786094291.232562,move,151,220,.!frame.!entry
demo_session_06,13,1786094291.282562,move,155,224,.!frame.!entry
demo_session_06,13,1786094291.332562,move,155,229,.!frame.!entry
demo_session_06,13,1786094291.382562,move,165,237,.!frame.!entry
demo_session_06,13,1786094291.4325619,move,158,224,.!frame.!entry
demo_session_06,13,1786094291.4825618,move,175,227,.!frame.!entry
demo_session_06,13,1786094291.5325618,move,167,232,.!frame.!entry
demo_session_06,13,1786094291.5825617,move,169,233,.!frame.!entry
demo_session_06,13,1786094291.6325617,move,173,228,.!frame.!entry
demo_session_06,13,1786094291.6825616,move,167,235,.!frame.!entry
demo_session_06,13,1786094291.7325616,move,175,221,.!frame.!entry
demo_session_06,13,1786094291.7825615,move,171,241,.!frame.!entry
demo_session_06,13,1786094291.8325615,move,184,235,.!frame.!entry
demo_session_06,13,1786094291.8825614,move,176,231,.!frame.!entry
demo_session_06,13,1786094291.9325614,move,173,242,.!frame.!entry
demo_session_06,13,1786094291.9825613,move,183,244,.!frame.!entry
demo_session_06,13,1786094292.0325613,move,193,236,.!frame.!entry
demo_session_06,13,1786094292.0825613,move,183,237,.!frame.!entry
demo_session_06,13,1786094292.1325612,move,179,244,.!frame.!entry
demo_session_06,13,1786094292.1825612,move,181,243,.!frame.!entry
demo_session_06,13,1786094292.232561,move,182,240,.!frame.!entry
demo_session_06,13,1786094292.282561,move,198,240,.!frame.!entry
demo_session_06,13,1786094292.332561,move,181,250,.!frame.!entry
demo_session_06,13,1786094292.382561,move,186,250,.!frame.!entry
demo_session_06,13,1786094292.432561,move,187,248,.!frame.!entry
demo_session_06,13,1786094292.4825609,move,211,245,.!frame.!entry
demo_session_06,13,1786094292.5325608,move,203,254,.!frame.!entry
demo_session_06,13,1786094292.5825608,move,212,263,.!frame.!entry
demo_session_06,13,1786094292.6325607,move,208,243,.!frame.!entry
demo_session_06,13,1786094292.6825607,move,199,249,.!frame.!entry
demo_session_06,13,1786094292.7325606,move,207,246,.!frame.!entry
demo_session_06,13,1786094292.7825606,move,203,257,.!frame.!entry
demo_session_06,13,1786094292.8325605,move,211,252,.!frame.!entry
demo_session_06,13,1786094292.8825605,move,218,248,.!frame.!entry
demo_session_06,13,1786094292.9325604,move,211,244,.!frame.!entry
demo_session_06,13,1786094292.9825604,move,221,265,.!frame.!entry
demo_session_06,13,1786094293.0325603,move,215,261,.!frame.!entry
demo_session_06,13,1786094293.0825603,move,218,256,.!frame.!entry
demo_session_06,13,1786094293.1325603,move,215,258,.!frame.!entry
demo_session_06,13,1786094293.1825602,move,221,262,.!frame.!entry
demo_session_06,13,1786094293.2325602,move,232,257,.!frame.!entry
demo_session_06,13,1786094293.28256,move,212,265,.!frame.!entry
demo_session_06,13,1786094293.33256,move,225,263,.!frame.!entry
demo_session_06,13,1786094293.38256,move,228,255,.!frame.!entry
demo_session_06,13,1786094293.43256,move,225,266,.!frame.!entry
demo_session_06,13,1786094293.48256,move,234,271,.!frame.!entry
demo_session_06,13,1786094293.5325599,move,230,268,.!frame.!entry
demo_session_06,13,1786094293.5825598,move,233,270,.!frame.!entry
demo_session_06,13,1786094293.6325598,move,228,267,.!frame.!entry
demo_session_06,13,1786094293.6825597,move,233,265,.!frame.!entry
demo_session_06,13,1786094293.7325597,move,243,265,.!frame.!entry
demo_session_06,13,1786094293.7825596,move,241,265,.!frame.!entry
demo_session_06,13,1786094293.8325596,move,252,263,.!frame.!entry
demo_session_06,13,1786094293.8825595,move,244,270,.!frame.!entry
demo_session_06,13,1786094293.9325595,move,251,269,.!frame.!entry
demo_session_06,13,1786094293.9825594,move,247,279,.!frame.!entry
demo_session_06,13,1786094294.0325594,move,246,267,.!frame.!entry
demo_session_06,13,1786094294.0825593,move,250,280,.!frame.!entry
demo_session_06,13,1786094294.1325593,move,250,278,.!frame.!entry
demo_session_06,13,1786094294.1825593,move,259,281,.!frame.!entry
demo_session_06,13,1786094294.2325592,move,255,277,.!frame.!entry
demo_session_06,13,1786094294.2825592,move,261,284,.!frame.!entry
demo_session_06,13,1786094294.332559,move,265,273,.!frame.!entry
demo_session_06,13,1786094294.382559,move,256,282,.!frame.!entry
demo_session_06,13,1786094294.432559,move,274,280,.!frame.!entry
demo_session_06,13,1786094294.482559,move,263,282,.!frame.!entry
demo_session_06,13,1786094294.532559,move,259,283,.!frame.!entry
demo_session_06,13,1786094294.5825589,move,267,286,.!frame.!entry
demo_session_06,13,1786094294.6325588,move,259,287,.!frame.!entry
demo_session_06,13,1786094294.6825588,move,275,282,.!frame.!entry
demo_session_06,13,1786094294.7325587,move,286,281,.!frame.!entry
demo_session_06,13,1786094294.7825587,move,281,295,.!frame.!entry
demo_session_06,13,1786094294.8325586,move,280,283,.!frame.!entry
demo_session_06,13,1786094294.8825586,move,284,294,.!frame.!entry
demo_session_06,13,1786094294.9325585,move,292,284,.!frame.!button
demo_session_06,13,1786094294.9825585,move,282,284,.!frame.!button
demo_session_06,13,1786094295.0325584,move,273,294,.!frame.!button
demo_session_06,13,1786094295.0825584,move,285,289,.!frame.!button
demo_session_06,13,1786094295.1325583,move,287,295,.!frame.!button
demo_session_06,13,1786094295.1825583,move,291,292,.!frame.!button
demo_session_06,13,1786094295.2325583,move,301,300,.!frame.!button
demo_session_06,13,1786094295.2825582,move,295,303,.!frame.!button
demo_session_06,13,1786094295.3325582,move,302,311,.!frame.!button
demo_session_06,13,1786094295.382558,move,294,308,.!frame.!button
demo_session_06,13,1786094295.432558,move,303,297,.!frame.!button
demo_session_06,13,1786094295.482558,move,306,299,.!frame.!button
demo_session_06,13,1786094295.532558,move,308,298,.!frame.!button
demo_session_06,13,1786094295.582558,move,309,291,.!frame.!button
demo_session_06,13,1786094295.6325579,move,311,303,.!frame.!button
demo_session_06,13,1786094295.6825578,move,310,297,.!frame.!button
demo_session_06,13,1786094295.7325578,move,310,303,.!frame.!button
demo_session_06,13,1786094295.7825577,move,303,296,.!frame.!button
demo_session_06,13,1786094295.8325577,move,320,308,.!frame.!button
demo_session_06,13,1786094295.8825576,move,317,305,.!frame.!button
demo_session_06,13,1786094295.9325576,move,319,296,.!frame.!button
demo_session_06,13,1786094295.9825575,move,316,303,.!frame.!button
demo_session_06,13,1786094296.0325575,move,333,298,.!frame.!button
demo_session_06,13,1786094296.0825574,move,323,305,.!frame.!button
demo_session_06,13,1786094296.1325574,move,327,320,.!frame.!button
demo_session_06,13,1786094296.1825573,move,327,301,.!frame.!button
demo_session_06,13,1786094296.2325573,move,324,305,.!frame.!button
demo_session_06,13,1786094296.2825572,move,325,309,.!frame.!button
demo_session_06,13,1786094296.3325572,move,333,311,.!frame.!button
demo_session_06,13,1786094296.3825572,move,335,319,.!frame.!button
demo_session_06,13,1786094296.432557,move,329,311,.!frame.!button
demo_session_06,13,1786094296.482557,move,333,313,.!frame.!button
demo_session_06,13,1786094296.532557,move,346,305,.!frame.!button
demo_session_06,13,1786094296.582557,move,341,317,.!frame.!button
demo_session_06,13,1786094296.632557,move,348,316,.!frame.!button
demo_session_06,13,1786094296.6825569,move,344,312,.!frame.!button
demo_session_06,13,1786094296.7325568,move,350,322,.!frame.!button
demo_session_06,13,1786094296.7825568,move,342,328,.!frame.!button
demo_session_06,13,1786094296.8325567,move,354,315,.!frame.!button
demo_session_06,13,1786094296.8986125,click,346,316,.!frame.!button
demo_session_06,14,1786094296.8986125,move,221,212,.!frame.!entry
demo_session_06,14,1786094296.9486125,move,217,232,.!frame.!entry
demo_session_06,14,1786094296.9986124,move,219,214,.!frame.!entry
demo_session_06,14,1786094297.0486124,move,221,212,.!frame.!entry
demo_session_06,14,1786094297.0986123,move,229,222,.!frame.!entry
demo_session_06,14,1786094297.1486123,move,234,227,.!frame.!entry
demo_session_06,14,1786094297.1986122,move,230,223,.!frame.!entry
demo_session_06,14,1786094297.2486122,move,222,223,.!frame.!entry
demo_session_06,14,1786094297.298612,move,217,231,.!frame.!entry
demo_session_06,14,1786094297.348612,move,219,229,.!frame.!entry
demo_session_06,14,1786094297.398612,move,233,220,.!frame.!entry
demo_session_06,14,1786094297.448612,move,222,232,.!frame.!entry
demo_session_06,14,1786094297.498612,move,221,244,.!frame.!entry
demo_session_06,14,1786094297.5486119,move,230,228,.!frame.!entry
demo_session_06,14,1786094297.5986118,move,233,231,.!frame.!entry
demo_session_06,14,1786094297.6486118,move,226,229,.!frame.!entry
demo_session_06,14,1786094297.6986117,move,227,237,.!frame.!entry
demo_session_06,14,1786094297.7486117,move,240,219,.!frame.!entry
demo_session_06,14,1786094297.7986116,move,242,228,.!frame.!entry
demo_session_06,14,1786094297.8486116,move,236,230,.!frame.!entry
demo_session_06,14,1786094297.8986115,move,246,226,.!frame.!entry
demo_session_06,14,1786094297.9486115,move,234,239,.!frame.!entry
demo_session_06,14,1786094297.9986115,move,234,239,.!frame.!entry
demo_session_06,14,1786094298.0486114,move,248,229,.!frame.!entry
demo_session_06,14,1786094298.0986114,move,234,236,.!frame.!entry
demo_session_06,14,1786094298.1486113,move,225,240,.!frame.!entry
demo_session_06,14,1786094298.1986113,move,247,246,.!frame.!entry
demo_session_06,14,1786094298.2486112,move,233,256,.!frame.!entry
demo_session_06,14,1786094298.2986112,move,238,236,.!frame.!entry
demo_session_06,14,1786094298.348611,move,243,249,.!frame.!entry
demo_session_06,14,1786094298.398611,move,240,239,.!frame.!entry
demo_session_06,14,1786094298.448611,move,247,248,.!frame.!entry
demo_session_06,14,1786094298.498611,move,259,237,.!frame.!entry
demo_session_06,14,1786094298.548611,move,243,249,.!frame.!entry
demo_session_06,14,1786094298.5986109,move,252,254,.!frame.!entry
demo_session_06,14,1786094298.6486108,move,246,240,.!frame.!entry
demo_session_06,14,1786094298.6986108,move,254,240,.!frame.!entry
demo_session_06,14,1786094298.7486107,move,247,251,.!frame.!entry
demo_session_06,14,1786094298.7986107,move,248,243,.!frame.!entry
demo_session_06,14,1786094298.8486106,move,250,251,.!frame.!entry
demo_session_06,14,1786094298.8986106,move,258,244,.!frame.!entry
demo_session_06,14,1786094298.9486105,move,263,254,.!frame.!entry
demo_session_06,14,1786094298.9986105,move,250,255,.!frame.!entry
demo_session_06,14,1786094299.0486104,move,253,255,.!frame.!entry
demo_session_06,14,1786094299.0986104,move,252,254,.!frame.!entry
demo_session_06,14,1786094299.1486104,move,247,246,.!frame.!entry
demo_session_06,14,1786094299.1986103,move,259,249,.!frame.!entry
demo_session_06,14,1786094299.2486103,move,261,253,.!frame.!entry
demo_session_06,14,1786094299.2986102,move,274,254,.!frame.!entry
demo_session_06,14,1786094299.3486102,move,268,253,.!frame.!entry
demo_session_06,14,1786094299.39861,move,265,254,.!frame.!entry
demo_session_06,14,1786094299.44861,move,257,265,.!frame.!entry
demo_session_06,14,1786094299.49861,move,271,252,.!frame.!entry
demo_session_06,14,1786094299.54861,move,259,252,.!frame.!entry
demo_session_06,14,1786094299.59861,move,264,264,.!frame.!entry
demo_session_06,14,1786094299.6486099,move,266,258,.!frame.!entry
demo_session_06,14,1786094299.6986098,move,267,252,.!frame.!entry
demo_session_06,14,1786094299.7486098,move,273,257,.!frame.!entry
demo_session_06,14,1786094299.7986097,move,276,261,.!frame.!entry
demo_session_06,14,1786094299.8486097,move,273,253,.!frame.!entry
demo_session_06,14,1786094299.8986096,move,278,264,.!frame.!entry
demo_session_06,14,1786094299.9486096,move,282,260,.!frame.!entry
demo_session_06,14,1786094299.9986095,move,279,261,.!frame.!entry
demo_session_06,14,1786094300.0486095,move,279,263,.!frame.!entry
demo_session_06,14,1786094300.0986094,move,283,253,.!frame.!entry
demo_session_06,14,1786094300.1486094,move,272,260,.!frame.!entry
demo_session_06,14,1786094300.1986094,move,287,263,.!frame.!entry
demo_session_06,14,1786094300.2486093,move,280,272,.!frame.!entry
demo_session_06,14,1786094300.2986093,move,286,259,.!frame.!entry
demo_session_06,14,1786094300.3486092,move,297,272,.!frame.!entry
demo_session_06,14,1786094300.3986092,move,282,270,.!frame.!entry
demo_session_06,14,1786094300.448609,move,287,272,.!frame.!entry
demo_session_06,14,1786094300.498609,move,281,265,.!frame.!entry
demo_session_06,14,1786094300.548609,move,274,276,.!frame.!entry
demo_session_06,14,1786094300.598609,move,284,272,.!frame.!entry
demo_session_06,14,1786094300.648609,move,300,282,.!frame.!entry
demo_session_06,14,1786094300.6986089,move,294,276,.!frame.!entry
demo_session_06,14,1786094300.7486088,move,287,281,.!frame.!entry
demo_session_06,14,1786094300.7986088,move,291,283,.!frame.!entry
demo_session_06,14,1786094300.8486087,move,283,276,.!frame.!entry
demo_session_06,14,1786094300.8986087,move,294,274,.!frame.!entry
demo_session_06,14,1786094300.9486086,move,295,278,.!frame.!entry
demo_session_06,14,1786094300.9986086,move,287,268,.!frame.!entry
demo_session_06,14,1786094301.0486085,move,298,272,.!frame.!entry
demo_session_06,14,1786094301.0986085,move,306,274,.!frame.!entry
demo_session_06,14,1786094301.1486084,move,304,291,.!frame.!entry
demo_session_06,14,1786094301.1986084,move,286,281,.!frame.!entry
demo_session_06,14,1786094301.2486084,move,295,278,.!frame.!entry
demo_session_06,14,1786094301.2986083,move,299,276,.!frame.!entry
demo_session_06,14,1786094301.3486083,move,311,287,.!frame.!entry
demo_session_06,14,1786094301.3986082,move,305,280,.!frame.!entry
demo_session_06,14,1786094301.4486082,move,311,299,.!frame.!entry
demo_session_06,14,1786094301.498608,move,315,289,.!frame.!entry
demo_session_06,14,1786094301.548608,move,308,278,.!frame.!entry
demo_session_06,14,1786094301.598608,move,301,278,.!frame.!entry
demo_session_06,14,1786094301.648608,move,293,288,.!frame.!entry
demo_session_06,14,1786094301.698608,move,304,289,.!frame.!entry
demo_session_06,14,1786094301.7486079,move,304,292,.!frame.!entry
demo_session_06,14,1786094301.7986078,move,293,273,.!frame.!button
demo_session_06,14,1786094301.8486078,move,312,272,.!frame.!button
demo_session_06,14,1786094301.8986077,move,312,307,.!frame.!button
demo_session_06,14,1786094301.9486077,move,312,297,.!frame.!button
demo_session_06,14,1786094301.9986076,move,305,279,.!frame.!button
demo_session_06,14,1786094302.0486076,move,309,293,.!frame.!button
demo_session_06,14,1786094302.0986075,move,307,293,.!frame.!button
demo_session_06,14,1786094302.1486075,move,310,294,.!frame.!button
demo_session_06,14,1786094302.1986074,move,316,293,.!frame.!button
demo_session_06,14,1786094302.2486074,move,311,296,.!frame.!button
demo_session_06,14,1786094302.2986073,move,321,296,.!frame.!button
demo_session_06,14,1786094302.3486073,move,321,303,.!frame.!button
demo_session_06,14,1786094302.3986073,move,322,294,.!frame.!button
demo_session_06,14,1786094302.4486072,move,323,300,.!frame.!button
demo_session_06,14,1786094302.4986072,move,325,306,.!frame.!button
demo_session_06,14,1786094302.548607,move,321,299,.!frame.!button
demo_session_06,14,1786094302.598607,move,333,293,.!frame.!button
demo_session_06,14,1786094302.648607,move,315,304,.!frame.!button
demo_session_06,14,1786094302.698607,move,319,307,.!frame.!button
demo_session_06,14,1786094302.748607,move,338,297,.!frame.!button
demo_session_06,14,1786094302.7986069,move,333,313,.!frame.!button
demo_session_06,14,1786094302.8486068,move,337,312,.!frame.!button
demo_session_06,14,1786094302.8986068,move,326,305,.!frame.!button
demo_session_06,14,1786094302.9486067,move,337,305,.!frame.!button
demo_session_06,14,1786094302.9986067,move,331,311,.!frame.!button
demo_session_06,14,1786094303.0486066,move,341,315,.!frame.!button
demo_session_06,14,1786094303.0986066,move,340,307,.!frame.!button
demo_session_06,14,1786094303.1486065,move,327,310,.!frame.!button
demo_session_06,14,1786094303.1986065,move,336,292,.!frame.!button
demo_session_06,14,1786094303.2486064,move,335,315,.!frame.!button
demo_session_06,14,1786094303.2986064,move,345,318,.!frame.!button
demo_session_06,14,1786094303.3486063,move,336,305,.!frame.!button
demo_session_06,14,1786094303.3986063,move,353,309,.!frame.!button
demo_session_06,14,1786094303.4486063,move,337,308,.!frame.!button
demo_session_06,14,1786094303.4986062,move,351,325,.!frame.!button
demo_session_06,14,1786094303.5486062,move,347,327,.!frame.!button
demo_session_06,14,1786094303.598606,move,343,310,.!frame.!button
demo_session_06,14,1786094303.648606,move,350,309,.!frame.!button
demo_session_06,14,1786094303.698606,move,347,308,.!frame.!button
demo_session_06,14,1786094303.748606,move,350,311,.!frame.!button
demo_session_06,14,1786094303.798606,move,349,321,.!frame.!button
demo_session_06,14,1786094303.8486059,move,334,315,.!frame.!button
demo_session_06,14,1786094303.8986058,move,349,326,.!frame.!button
demo_session_06,14,1786094303.9884164,click,348,318,.!frame.!button
demo_session_06,15,1786094303.9884164,move,353,282,.!frame.!entry
demo_session_06,15,1786094304.0384164,move,368,287,.!frame.!entry
demo_session_06,15,1786094304.0884163,move,375,292,.!frame.!entry
demo_session_06,15,1786094304.1384163,move,374,297,.!frame.!entry
demo_session_06,15,1786094304.1884162,move,360,292,.!frame.!entry
demo_session_06,15,1786094304.2384162,move,379,293,.!frame.!entry
demo_session_06,15,1786094304.2884161,move,375,291,.!frame.!entry
demo_session_06,15,1786094304.338416,move,359,291,.!frame.!entry
demo_session_06,15,1786094304.388416,move,359,292,.!frame.!entry
demo_session_06,15,1786094304.438416,move,368,292,.!frame.!entry
demo_session_06,15,1786094304.488416,move,368,281,.!frame.!entry
demo_session_06,15,1786094304.538416,move,375,295,.!frame.!entry
demo_session_06,15,1786094304.5884159,move,376,285,.!frame.!entry
demo_session_06,15,1786094304.6384158,move,370,290,.!frame.!entry
demo_session_06,15,1786094304.6884158,move,367,284,.!frame.!entry
demo_session_06,15,1786094304.7384157,move,376,302,.!frame.!entry
demo_session_06,15,1786094304.7884157,move,369,290,.!frame.!entry
demo_session_06,15,1786094304.8384156,move,363,277,.!frame.!entry
demo_session_06,15,1786094304.8884156,move,365,290,.!frame.!entry
demo_session_06,15,1786094304.9384155,move,363,300,.!frame.!entry
demo_session_06,15,1786094304.9884155,move,369,288,.!frame.!entry
demo_session_06,15,1786094305.0384154,move,366,296,.!frame.!entry
demo_session_06,15,1786094305.0884154,move,371,293,.!frame.!entry
demo_session_06,15,1786094305.1384153,move,358,291,.!frame.!entry
demo_session_06,15,1786094305.1884153,move,374,302,.!frame.!entry
demo_session_06,15,1786094305.2384152,move,363,287,.!frame.!entry
demo_session_06,15,1786094305.2884152,move,363,295,.!frame.!entry
demo_session_06,15,1786094305.3384151,move,365,292,.!frame.!entry
demo_session_06,15,1786094305.388415,move,376,288,.!frame.!entry
demo_session_06,15,1786094305.438415,move,363,306,.!frame.!entry
demo_session_06,15,1786094305.488415,move,365,292,.!frame.!entry
demo_session_06,15,1786094305.538415,move,361,295,.!frame.!entry
demo_session_06,15,1786094305.588415,move,370,301,.!frame.!entry
demo_session_06,15,1786094305.6384149,move,369,298,.!frame.!entry
demo_session_06,15,1786094305.6884148,move,353,301,.!frame.!entry
demo_session_06,15,1786094305.7384148,move,361,298,.!frame.!entry
demo_session_06,15,1786094305.7884147,move,369,304,.!frame.!entry
demo_session_06,15,1786094305.8384147,move,368,303,.!frame.!entry
demo_session_06,15,1786094305.8884146,move,370,296,.!frame.!entry
demo_session_06,15,1786094305.9384146,move,367,293,.!frame.!entry
demo_session_06,15,1786094305.9884145,move,358,303,.!frame.!entry
demo_session_06,15,1786094306.0384145,move,367,291,.!frame.!entry
demo_session_06,15,1786094306.0884144,move,371,290,.!frame.!entry
demo_session_06,15,1786094306.1384144,move,359,300,.!frame.!entry
demo_session_06,15,1786094306.1884143,move,358,318,.!frame.!entry
demo_session_06,15,1786094306.2384143,move,359,302,.!frame.!entry
demo_session_06,15,1786094306.2884142,move,369,312,.!frame.!entry
demo_session_06,15,1786094306.3384142,move,359,308,.!frame.!entry
demo_session_06,15,1786094306.3884141,move,368,307,.!frame.!entry
demo_session_06,15,1786094306.438414,move,366,308,.!frame.!entry
demo_session_06,15,1786094306.488414,move,369,310,.!frame.!entry
demo_session_06,15,1786094306.538414,move,365,306,.!frame.!entry
demo_session_06,15,1786094306.588414,move,355,308,.!frame.!entry
demo_session_06,15,1786094306.638414,move,357,308,.!frame.!entry
demo_session_06,15,1786094306.6884139,move,366,309,.!frame.!entry
demo_session_06,15,1786094306.7384138,move,373,289,.!frame.!entry
demo_session_06,15,1786094306.7884138,move,366,311,.!frame.!entry
demo_session_06,15,1786094306.8384137,move,358,304,.!frame.!entry
demo_session_06,15,1786094306.8884137,move,359,303,.!frame.!entry
demo_session_06,15,1786094306.9384136,move,366,312,.!frame.!entry
demo_session_06,15,1786094306.9884136,move,357,303,.!frame.!entry
demo_session_06,15,1786094307.0384135,move,366,299,.!frame.!entry
demo_session_06,15,1786094307.0884135,move,354,303,.!frame.!entry
demo_session_06,15,1786094307.1384134,move,344,301,.!frame.!entry
demo_session_06,15,1786094307.1884134,move,357,293,.!frame.!entry
demo_session_06,15,1786094307.2384133,move,365,312,.!frame.!entry
demo_session_06,15,1786094307.2884133,move,350,304,.!frame.!entry
demo_session_06,15,1786094307.3384132,move,362,312,.!frame.!entry
demo_session_06,15,1786094307.3884132,move,347,319,.!frame.!entry
demo_session_06,15,1786094307.4384131,move,353,312,.!frame.!entry
demo_session_06,15,1786094307.488413,move,359,313,.!frame.!entry
demo_session_06,15,1786094307.538413,move,348,312,.!frame.!entry
demo_session_06,15,1786094307.588413,move,356,309,.!frame.!entry
demo_session_06,15,1786094307.638413,move,350,311,.!frame.!button
demo_session_06,15,1786094307.688413,move,365,309,.!frame.!button
demo_session_06,15,1786094307.7384129,move,363,313,.!frame.!button
demo_session_06,15,1786094307.7884128,move,354,304,.!frame.!button
demo_session_06,15,1786094307.8384128,move,354,314,.!frame.!button
demo_session_06,15,1786094307.8884127,move,361,305,.!frame.!button
demo_session_06,15,1786094307.9384127,move,342,317,.!frame.!button
demo_session_06,15,1786094307.9884126,move,360,293,.!frame.!button
demo_session_06,15,1786094308.0384126,move,352,307,.!frame.!button
demo_session_06,15,1786094308.0884125,move,367,315,.!frame.!button
demo_session_06,15,1786094308.1384125,move,348,304,.!frame.!button
demo_session_06,15,1786094308.1884124,move,355,305,.!frame.!button
demo_session_06,15,1786094308.2384124,move,355,313,.!frame.!button
demo_session_06,15,1786094308.2884123,move,361,316,.!frame.!button
demo_session_06,15,1786094308.3384123,move,347,316,.!frame.!button
demo_session_06,15,1786094308.3884122,move,352,318,.!frame.!button
demo_session_06,15,1786094308.4384122,move,352,324,.!frame.!button
demo_session_06,15,1786094308.4884121,move,356,322,.!frame.!button
demo_session_06,15,1786094308.538412,move,357,317,.!frame.!button
demo_session_06,15,1786094308.588412,move,364,327,.!frame.!button
demo_session_06,15,1786094308.638412,move,364,317,.!frame.!button
demo_session_06,15,1786094308.688412,move,337,324,.!frame.!button
demo_session_06,15,1786094308.738412,move,344,312,.!frame.!button
demo_session_06,15,1786094308.7884119,move,349,312,.!frame.!button
demo_session_06,15,1786094308.8384118,move,350,315,.!frame.!button
demo_session_06,15,1786094308.8884118,move,363,314,.!frame.!button
demo_session_06,15,1786094308.9384117,move,349,321,.!frame.!button
demo_session_06,15,1786094308.9884117,move,340,330,.!frame.!button
demo_session_06,15,1786094309.0384116,move,358,320,.!frame.!button
demo_session_06,15,1786094309.0884116,move,355,327,.!frame.!button
demo_session_06,15,1786094309.1384115,move,360,328,.!frame.!button
demo_session_06,15,1786094309.1884115,move,341,314,.!frame.!button
demo_session_06,15,1786094309.277439,click,335,305,.!frame.!button
demo_session_06,16,1786094309.277439,move,148,301,.!frame.!entry
demo_session_06,16,1786094309.327439,move,151,298,.!frame.!entry
demo_session_06,16,1786094309.377439,move,154,298,.!frame.!entry
demo_session_06,16,1786094309.427439,move,152,302,.!frame.!entry
demo_session_06,16,1786094309.477439,move,147,298,.!frame.!entry
demo_session_06,16,1786094309.5274389,move,169,302,.!frame.!entry
demo_session_06,16,1786094309.5774388,move,149,291,.!frame.!entry
demo_session_06,16,1786094309.6274388,move,163,299,.!frame.!entry
demo_session_06,16,1786094309.6774387,move,162,295,.!frame.!entry
demo_session_06,16,1786094309.7274387,move,163,300,.!frame.!entry
demo_session_06,16,1786094309.7774386,move,164,308,.!frame.!entry
demo_session_06,16,1786094309.8274386,move,167,303,.!frame.!entry
demo_session_06,16,1786094309.8774385,move,177,291,.!frame.!entry
demo_session_06,16,1786094309.9274385,move,178,300,.!frame.!entry
demo_session_06,16,1786094309.9774384,move,187,283,.!frame.!entry
demo_session_06,16,1786094310.0274384,move,167,297,.!frame.!entry
demo_session_06,16,1786094310.0774384,move,175,298,.!frame.!entry
demo_session_06,16,1786094310.1274383,move,181,300,.!frame.!entry
demo_session_06,16,1786094310.1774383,move,191,292,.!frame.!entry
demo_session_06,16,1786094310.2274382,move,193,303,.!frame.!entry
demo_session_06,16,1786094310.2774382,move,192,292,.!frame.!entry
demo_session_06,16,1786094310.327438,move,185,309,.!frame.!entry
demo_session_06,16,1786094310.377438,move,197,298,.!frame.!entry
demo_session_06,16,1786094310.427438,move,192,306,.!frame.!entry
demo_session_06,16,1786094310.477438,move,197,310,.!frame.!entry
demo_session_06,16,1786094310.527438,move,189,305,.!frame.!entry
demo_session_06,16,1786094310.5774379,move,200,295,.!frame.!entry
demo_session_06,16,1786094310.6274378,move,197,301,.!frame.!entry
demo_session_06,16,1786094310.6774378,move,211,309,.!frame.!entry
demo_session_06,16,1786094310.7274377,move,199,305,.!frame.!entry
demo_session_06,16,1786094310.7774377,move,207,294,.!frame.!entry
demo_session_06,16,1786094310.8274376,move,210,301,.!frame.!entry
demo_session_06,16,1786094310.8774376,move,203,296,.!frame.!entry
demo_session_06,16,1786094310.9274375,move,221,310,.!frame.!entry
demo_session_06,16,1786094310.9774375,move,224,313,.!frame.!entry
demo_session_06,16,1786094311.0274374,move,217,291,.!frame.!entry
demo_session_06,16,1786094311.0774374,move,223,303,.!frame.!entry
demo_session_06,16,1786094311.1274374,move,227,299,.!frame.!entry
demo_session_06,16,1786094311.1774373,move,221,307,.!frame.!entry
demo_session_06,16,1786094311.2274373,move,227,302,.!frame.!entry
demo_session_06,16,1786094311.2774372,move,229,310,.!frame.!entry
demo_session_06,16,1786094311.3274372,move,228,315,.!frame.!entry
demo_session_06,16,1786094311.377437,move,221,311,.!frame.!entry
demo_session_06,16,1786094311.427437,move,225,300,.!frame.!entry
demo_session_06,16,1786094311.477437,move,238,304,.!frame.!entry
demo_session_06,16,1786094311.527437,move,235,305,.!frame.!entry
demo_session_06,16,1786094311.577437,move,237,307,.!frame.!entry
demo_session_06,16,1786094311.6274369,move,255,312,.!frame.!entry
demo_session_06,16,1786094311.6774368,move,245,303,.!frame.!entry
demo_session_06,16,1786094311.7274368,move,242,308,.!frame.!entry
demo_session_06,16,1786094311.7774367,move,241,318,.!frame.!entry
demo_session_06,16,1786094311.8274367,move,243,308,.!frame.!entry
demo_session_06,16,1786094311.8774366,move,250,309,.!frame.!entry
demo_session_06,16,1786094311.9274366,move,246,296,.!frame.!entry
demo_session_06,16,1786094311.9774365,move,255,314,.!frame.!entry
demo_session_06,16,1786094312.0274365,move,259,314,.!frame.!entry
demo_session_06,16,1786094312.0774364,move,253,308,.!frame.!entry
demo_session_06,16,1786094312.1274364,move,261,306,.!frame.!entry
demo_session_06,16,1786094312.1774364,move,261,312,.!frame.!entry
demo_session_06,16,1786094312.2274363,move,262,309,.!frame.!entry
demo_session_06,16,1786094312.2774363,move,268,313,.!frame.!entry
demo_session_06,16,1786094312.3274362,move,272,311,.!frame.!entry
demo_session_06,16,1786094312.3774362,move,279,306,.!frame.!entry
demo_session_06,16,1786094312.427436,move,275,327,.!frame.!entry
demo_session_06,16,1786094312.477436,move,262,312,.!frame.!entry
demo_session_06,16,1786094312.527436,move,274,307,.!frame.!entry
demo_session_06,16,1786094312.577436,move,275,303,.!frame.!entry
demo_session_06,16,1786094312.627436,move,283,309,.!frame.!entry
demo_session_06,16,1786094312.6774359,move,283,304,.!frame.!entry
demo_session_06,16,1786094312.7274358,move,283,314,.!frame.!entry
demo_session_06,16,1786094312.7774358,move,284,311,.!frame.!entry
demo_session_06,16,1786094312.8274357,move,289,312,.!frame.!entry
demo_session_06,16,1786094312.8774357,move,283,319,.!frame.!button
demo_session_06,16,1786094312.9274356,move,296,326,.!frame.!button
demo_session_06,16,1786094312.9774356,move,293,318,.!frame.!button
demo_session_06,16,1786094313.0274355,move,303,306,.!frame.!button
demo_session_06,16,1786094313.0774355,move,298,312,.!frame.!button
demo_session_06,16,1786094313.1274354,move,299,320,.!frame.!button
demo_session_06,16,1786094313.1774354,move,304,310,.!frame.!button
demo_session_06,16,1786094313.2274354,move,307,311,.!frame.!button
demo_session_06,16,1786094313.2774353,move,306,320,.!frame.!button
demo_session_06,16,1786094313.3274353,move,312,312,.!frame.!button
demo_session_06,16,1786094313.3774352,move,306,319,.!frame.!button
demo_session_06,16,1786094313.4274352,move,312,318,.!frame.!button
demo_session_06,16,1786094313.477435,move,315,316,.!frame.!button
demo_session_06,16,1786094313.527435,move,312,320,.!frame.!button
demo_session_06,16,1786094313.577435,move,322,315,.!frame.!button
demo_session_06,16,1786094313.627435,move,327,311,.!frame.!button
demo_session_06,16,1786094313.677435,move,329,315,.!frame.!button
demo_session_06,16,1786094313.7274349,move,323,314,.!frame.!button
demo_session_06,16,1786094313.7774348,move,331,325,.!frame.!button
demo_session_06,16,1786094313.8274348,move,334,314,.!frame.!button
demo_session_06,16,1786094313.8774347,move,329,307,.!frame.!button
demo_session_06,16,1786094313.9274347,move,333,318,.!frame.!button
demo_session_06,16,1786094313.9774346,move,338,302,.!frame.!button
demo_session_06,16,1786094314.0274346,move,339,329,.!frame.!button
demo_session_06,16,1786094314.0774345,move,334,319,.!frame.!button
demo_session_06,16,1786094314.1274345,move,333,322,.!frame.!button
demo_session_06,16,1786094314.1774344,move,341,317,.!frame.!button
demo_session_06,16,1786094314.2274344,move,351,315,.!frame.!button
demo_session_06,16,1786094314.2774343,move,342,321,.!frame.!button
demo_session_06,16,1786094314.3274343,move,356,324,.!frame.!button
demo_session_06,16,1786094314.3774343,move,345,322,.!frame.!button
demo_session_06,16,1786094314.43111,click,348,318,.!frame.!button
demo_session_06,17,1786094314.43111,move,261,312,.!frame.!entry
demo_session_06,17,1786094314.4811099,move,275,303,.!frame.!entry
demo_session_06,17,1786094314.5311098,move,252,332,.!frame.!entry
demo_session_06,17,1786094314.5811098,move,247,327,.!frame.!entry
demo_session_06,17,1786094314.6311097,move,259,322,.!frame.!entry
demo_session_06,17,1786094314.6811097,move,259,318,.!frame.!entry
demo_session_06,17,1786094314.7311096,move,270,328,.!frame.!entry
demo_session_06,17,1786094314.7811096,move,271,316,.!frame.!entry
demo_session_06,17,1786094314.8311095,move,282,329,.!frame.!entry
demo_session_06,17,1786094314.8811095,move,266,323,.!frame.!entry
demo_session_06,17,1786094314.9311094,move,259,317,.!frame.!entry
demo_session_06,17,1786094314.9811094,move,266,316,.!frame.!entry
demo_session_06,17,1786094315.0311093,move,262,312,.!frame.!entry
demo_session_06,17,1786094315.0811093,move,268,324,.!frame.!entry
demo_session_06,17,1786094315.1311092,move,275,326,.!frame.!entry
demo_session_06,17,1786094315.1811092,move,278,323,.!frame.!entry
demo_session_06,17,1786094315.2311091,move,279,326,.!frame.!entry
demo_session_06,17,1786094315.281109,move,281,317,.!frame.!entry
demo_session_06,17,1786094315.331109,move,274,330,.!frame.!entry
demo_session_06,17,1786094315.381109,move,269,307,.!frame.!entry
demo_session_06,17,1786094315.431109,move,285,336,.!frame.!entry
demo_session_06,17,1786094315.481109,move,258,320,.!frame.!entry
demo_session_06,17,1786094315.5311089,move,269,317,.!frame.!entry
demo_session_06,17,1786094315.5811088,move,287,308,.!frame.!entry
demo_session_06,17,1786094315.6311088,move,284,310,.!frame.!entry
demo_session_06,17,1786094315.6811087,move,285,322,.!frame.!entry
demo_session_06,17,1786094315.7311087,move,282,321,.!frame.!entry
demo_session_06,17,1786094315.7811086,move,277,323,.!frame.!entry
demo_session_06,17,1786094315.8311086,move,273,325,.!frame.!entry
demo_session_06,17,1786094315.8811085,move,276,320,.!frame.!entry
demo_session_06,17,1786094315.9311085,move,271,313,.!frame.!entry
demo_session_06,17,1786094315.9811084,move,285,306,.!frame.!entry
demo_session_06,17,1786094316.0311084,move,279,329,.!frame.!entry
demo_session_06,17,1786094316.0811083,move,288,312,.!frame.!entry
demo_session_06,17,1786094316.1311083,move,283,323,.!frame.!entry
demo_session_06,17,1786094316.1811082,move,283,300,.!frame.!entry
demo_session_06,17,1786094316.2311082,move,290,318,.!frame.!entry
demo_session_06,17,1786094316.2811081,move,310,305,.!frame.!entry
demo_session_06,17,1786094316.331108,move,290,323,.!frame.!entry
demo_session_06,17,1786094316.381108,move,300,317,.!frame.!entry
demo_session_06,17,1786094316.431108,move,281,316,.!frame.!entry
demo_session_06,17,1786094316.481108,move,295,313,.!frame.!entry
demo_session_06,17,1786094316.531108,move,296,325,.!frame.!entry
demo_session_06,17,1786094316.5811079,move,296,320,.!frame.!entry
demo_session_06,17,1786094316.6311078,move,288,320,.!frame.!entry
demo_session_06,17,1786094316.6811078,move,302,317,.!frame.!entry
demo_session_06,17,1786094316.7311077,move,307,313,.!frame.!entry
demo_session_06,17,1786094316.7811077,move,308,326,.!frame.!entry
demo_session_06,17,1786094316.8311076,move,296,327,.!frame.!entry
demo_session_06,17,1786094316.8811076,move,297,319,.!frame.!entry
demo_session_06,17,1786094316.9311075,move,302,324,.!frame.!entry
demo_session_06,17,1786094316.9811075,move,316,334,.!frame.!entry
demo_session_06,17,1786094317.0311074,move,309,338,.!frame.!entry
demo_session_06,17,1786094317.0811074,move,301,327,.!frame.!entry
demo_session_06,17,1786094317.1311073,move,299,315,.!frame.!entry
demo_session_06,17,1786094317.1811073,move,311,314,.!frame.!entry
demo_session_06,17,1786094317.2311072,move,302,321,.!frame.!entry
demo_session_06,17,1786094317.2811072,move,306,329,.!frame.!entry
demo_session_06,17,1786094317.3311071,move,308,313,.!frame.!entry
demo_session_06,17,1786094317.381107,move,319,316,.!frame.!entry
demo_session_06,17,1786094317.431107,move,307,323,.!frame.!entry
demo_session_06,17,1786094317.481107,move,320,315,.!frame.!entry
demo_session_06,17,1786094317.531107,move,306,289,.!frame.!entry
demo_session_06,17,1786094317.581107,move,311,326,.!frame.!entry
demo_session_06,17,1786094317.6311069,move,302,314,.!frame.!entry
demo_session_06,17,1786094317.6811068,move,306,326,.!frame.!entry
demo_session_06,17,1786094317.7311068,move,311,321,.!frame.!entry
demo_session_06,17,1786094317.7811067,move,323,316,.!frame.!entry
demo_session_06,17,1786094317.8311067,move,311,314,.!frame.!entry
demo_session_06,17,1786094317.8811066,move,328,322,.!frame.!entry
demo_session_06,17,1786094317.9311066,move,325,317,.!frame.!entry
demo_session_06,17,1786094317.9811065,move,317,325,.!frame.!button
demo_session_06,17,1786094318.0311065,move,329,298,.!frame.!button
demo_session_06,17,1786094318.0811064,move,319,311,.!frame.!button
demo_session_06,17,1786094318.1311064,move,325,321,.!frame.!button
demo_session_06,17,1786094318.1811063,move,313,323,.!frame.!button
demo_session_06,17,1786094318.2311063,move,319,304,.!frame.!button
demo_session_06,17,1786094318.2811062,move,327,328,.!frame.!button
demo_session_06,17,1786094318.3311062,move,340,327,.!frame.!button
demo_session_06,17,1786094318.3811061,move,324,325,.!frame.!button
demo_session_06,17,1786094318.431106,move,332,318,.!frame.!button
demo_session_06,17,1786094318.481106,move,339,321,.!frame.!button
demo_session_06,17,1786094318.531106,move,332,326,.!frame.!button
demo_session_06,17,1786094318.581106,move,321,309,.!frame.!button
demo_session_06,17,1786094318.631106,move,334,311,.!frame.!button
demo_session_06,17,1786094318.6811059,move,328,324,.!frame.!button
demo_session_06,17,1786094318.7311058,move,336,335,.!frame.!button
demo_session_06,17,1786094318.7811058,move,345,311,.!frame.!button
demo_session_06,17,1786094318.8311057,move,357,300,.!frame.!button
demo_session_06,17,1786094318.8811057,move,338,317,.!frame.!button
demo_session_06,17,1786094318.9311056,move,350,326,.!frame.!button
demo_session_06,17,1786094318.9811056,move,335,325,.!frame.!button
demo_session_06,17,1786094319.0311055,move,337,329,.!frame.!button
demo_session_06,17,1786094319.0811055,move,333,320,.!frame.!button
demo_session_06,17,1786094319.1311054,move,345,324,.!frame.!button
demo_session_06,17,1786094319.1811054,move,352,321,.!frame.!button
demo_session_06,17,1786094319.2311053,move,348,327,.!frame.!button
demo_session_06,17,1786094319.2811053,move,349,331,.!frame.!button
demo_session_06,17,1786094319.3311052,move,350,322,.!frame.!button
demo_session_06,17,1786094319.3811052,move,346,314,.!frame.!button
demo_session_06,17,1786094319.4311051,move,353,328,.!frame.!button
demo_session_06,17,1786094319.481105,move,357,322,.!frame.!button
demo_session_06,17,1786094319.5494857,click,340,310,.!frame.!button
demo_session_06,18,1786094319.5494857,move,184,368,.!frame.!entry
demo_session_06,18,1786094319.5994856,move,163,375,.!frame.!entry
demo_session_06,18,1786094319.6494856,move,169,358,.!frame.!entry
demo_session_06,18,1786094319.6994855,move,165,377,.!frame.!entry
demo_session_06,18,1786094319.7494855,move,176,368,.!frame.!entry
demo_session_06,18,1786094319.7994854,move,169,370,.!frame.!entry
demo_session_06,18,1786094319.8494854,move,179,362,.!frame.!entry
demo_session_06,18,1786094319.8994853,move,178,357,.!frame.!entry
demo_session_06,18,1786094319.9494853,move,178,359,.!frame.!entry
demo_session_06,18,1786094319.9994853,move,191,375,.!frame.!entry
demo_session_06,18,1786094320.0494852,move,180,364,.!frame.!entry
demo_session_06,18,1786094320.0994852,move,186,362,.!frame.!entry
demo_session_06,18,1786094320.149485,move,200,370,.!frame.!entry
demo_session_06,18,1786094320.199485,move,196,358,.!frame.!entry
demo_session_06,18,1786094320.249485,move,188,363,.!frame.!entry
demo_session_06,18,1786094320.299485,move,203,355,.!frame.!entry
demo_session_06,18,1786094320.349485,move,213,358,.!frame.!entry
demo_session_06,18,1786094320.3994849,move,203,367,.!frame.!entry
demo_session_06,18,1786094320.4494848,move,198,363,.!frame.!entry
demo_session_06,18,1786094320.4994848,move,204,364,.!frame.!entry
demo_session_06,18,1786094320.5494847,move,207,356,.!frame.!entry
demo_session_06,18,1786094320.5994847,move,211,358,.!frame.!entry
demo_session_06,18,1786094320.6494846,move,226,363,.!frame.!entry
demo_session_06,18,1786094320.6994846,move,209,362,.!frame.!entry
demo_session_06,18,1786094320.7494845,move,219,337,.!frame.!entry
demo_session_06,18,1786094320.7994845,move,219,355,.!frame.!entry
demo_session_06,18,1786094320.8494844,move,223,349,.!frame.!entry
demo_session_06,18,1786094320.8994844,move,227,354,.!frame.!entry
demo_session_06,18,1786094320.9494843,move,227,351,.!frame.!entry
demo_session_06,18,1786094320.9994843,move,229,342,.!frame.!entry
demo_session_06,18,1786094321.0494843,move,218,350,.!frame.!entry
demo_session_06,18,1786094321.0994842,move,228,360,.!frame.!entry
demo_session_06,18,1786094321.1494842,move,221,361,.!frame.!entry
demo_session_06,18,1786094321.199484,move,229,352,.!frame.!entry
demo_session_06,18,1786094321.249484,move,236,355,.!frame.!entry
demo_session_06,18,1786094321.299484,move,235,349,.!frame.!entry
demo_session_06,18,1786094321.349484,move,235,359,.!frame.!entry
demo_session_06,18,1786094321.399484,move,260,359,.!frame.!entry
demo_session_06,18,1786094321.4494839,move,247,350,.!frame.!entry
demo_session_06,18,1786094321.4994838,move,235,337,.!frame.!entry
demo_session_06,18,1786094321.5494838,move,249,350,.!frame.!entry
demo_session_06,18,1786094321.5994837,move,243,351,.!frame.!entry
demo_session_06,18,1786094321.6494837,move,259,346,.!frame.!entry
demo_session_06,18,1786094321.6994836,move,254,352,.!frame.!entry
demo_session_06,18,1786094321.7494836,move,256,346,.!frame.!entry
demo_session_06,18,1786094321.7994835,move,272,344,.!frame.!entry
demo_session_06,18,1786094321.8494835,move,268,328,.!frame.!entry
demo_session_06,18,1786094321.8994834,move,280,331,.!frame.!entry
demo_session_06,18,1786094321.9494834,move,263,345,.!frame.!entry
demo_session_06,18,1786094321.9994833,move,270,341,.!frame.!entry
demo_session_06,18,1786094322.0494833,move,266,349,.!frame.!entry
demo_session_06,18,1786094322.0994833,move,274,341,.!frame.!entry
demo_session_06,18,1786094322.1494832,move,270,336,.!frame.!entry
demo_session_06,18,1786094322.1994832,move,286,342,.!frame.!entry
demo_session_06,18,1786094322.249483,move,285,335,.!frame.!entry
demo_session_06,18,1786094322.299483,move,276,335,.!frame.!entry
demo_session_06,18,1786094322.349483,move,284,336,.!frame.!entry
demo_session_06,18,1786094322.399483,move,285,336,.!frame.!entry
demo_session_06,18,1786094322.449483,move,282,329,.!frame.!entry
demo_session_06,18,1786094322.4994829,move,285,336,.!frame.!entry
demo_session_06,18,1786094322.5494828,move,292,334,.!frame.!entry
demo_session_06,18,1786094322.5994828,move,290,349,.!frame.!entry
demo_session_06,18,1786094322.6494827,move,287,329,.!frame.!button
demo_session_06,18,1786094322.6994827,move,297,326,.!frame.!button
demo_session_06,18,1786094322.7494826,move,308,337,.!frame.!button
demo_session_06,18,1786094322.7994826,move,306,333,.!frame.!button
demo_session_06,18,1786094322.8494825,move,308,330,.!frame.!button
demo_session_06,18,1786094322.8994825,move,306,328,.!frame.!button
demo_session_06,18,1786094322.9494824,move,308,332,.!frame.!button
demo_session_06,18,1786094322.9994824,move,313,314,.!frame.!button
demo_session_06,18,1786094323.0494823,move,311,330,.!frame.!button
demo_session_06,18,1786094323.0994823,move,311,337,.!frame.!button
demo_session_06,18,1786094323.1494823,move,318,333,.!frame.!button
demo_session_06,18,1786094323.1994822,move,312,331,.!frame.!button
demo_session_06,18,1786094323.2494822,move,310,331,.!frame.!button
demo_session_06,18,1786094323.299482,move,335,323,.!frame.!button
demo_session_06,18,1786094323.349482,move,326,325,.!frame.!button
demo_session_06,18,1786094323.399482,move,332,328,.!frame.!button
demo_session_06,18,1786094323.449482,move,317,323,.!frame.!button
demo_session_06,18,1786094323.499482,move,338,332,.!frame.!button
demo_session_06,18,1786094323.5494819,move,334,335,.!frame.!button
demo_session_06,18,1786094323.5994818,move,333,321,.!frame.!button
demo_session_06,18,1786094323.6494818,move,331,320,.!frame.!button
demo_session_06,18,1786094323.6994817,move,339,324,.!frame.!button
demo_session_06,18,1786094323.7494817,move,335,319,.!frame.!button
demo_session_06,18,1786094323.7994816,move,350,320,.!frame.!button
demo_session_06,18,1786094323.8494816,move,342,330,.!frame.!button
demo_session_06,18,1786094323.8994815,move,347,323,.!frame.!button
demo_session_06,18,1786094323.9494815,move,357,315,.!frame.!button
demo_session_06,18,1786094324.0357118,click,344,314,.!frame.!button
demo_session_06,19,1786094324.0357118,move,392,377,.!frame.!entry
demo_session_06,19,1786094324.0857117,move,391,381,.!frame.!entry
demo_session_06,19,1786094324.1357117,move,398,353,.!frame.!entry
demo_session_06,19,1786094324.1857116,move,404,354,.!frame.!entry
demo_session_06,19,1786094324.2357116,move,397,364,.!frame.!entry
demo_session_06,19,1786094324.2857115,move,390,355,.!frame.!entry
demo_session_06,19,1786094324.3357115,move,398,344,.!frame.!entry
demo_session_06,19,1786094324.3857114,move,392,368,.!frame.!entry
demo_session_06,19,1786094324.4357114,move,401,363,.!frame.!entry
demo_session_06,19,1786094324.4857113,move,406,359,.!frame.!entry
demo_session_06,19,1786094324.5357113,move,388,368,.!frame.!entry
demo_session_06,19,1786094324.5857112,move,384,351,.!frame.!entry
demo_session_06,19,1786094324.6357112,move,389,360,.!frame.!entry
demo_session_06,19,1786094324.6857111,move,389,358,.!frame.!entry
demo_session_06,19,1786094324.735711,move,390,346,.!frame.!entry
demo_session_06,19,1786094324.785711,move,378,359,.!frame.!entry
demo_session_06,19,1786094324.835711,move,394,350,.!frame.!entry
demo_session_06,19,1786094324.885711,move,393,349,.!frame.!entry
demo_session_06,19,1786094324.935711,move,392,355,.!frame.!entry
demo_session_06,19,1786094324.9857109,move,401,340,.!frame.!entry
demo_session_06,19,1786094325.0357108,move,387,349,.!frame.!entry
demo_session_06,19,1786094325.0857108,move,381,363,.!frame.!entry
demo_session_06,19,1786094325.1357107,move,391,350,.!frame.!entry
demo_session_06,19,1786094325.1857107,move,395,346,.!frame.!entry
demo_session_06,19,1786094325.2357106,move,381,361,.!frame.!entry
demo_session_06,19,1786094325.2857106,move,392,356,.!frame.!entry
demo_session_06,19,1786094325.3357105,move,374,347,.!frame.!entry
demo_session_06,19,1786094325.3857105,move,384,346,.!frame.!entry
demo_session_06,19,1786094325.4357104,move,379,361,.!frame.!entry
demo_session_06,19,1786094325.4857104,move,386,347,.!frame.!entry
demo_session_06,19,1786094325.5357103,move,379,352,.!frame.!entry
demo_session_06,19,1786094325.5857103,move,382,356,.!frame.!entry
demo_session_06,19,1786094325.6357102,move,373,359,.!frame.!entry
demo_session_06,19,1786094325.6857102,move,391,355,.!frame.!entry
demo_session_06,19,1786094325.7357101,move,378,342,.!frame.!entry
demo_session_06,19,1786094325.78571,move,386,349,.!frame.!entry
demo_session_06,19,1786094325.83571,move,378,357,.!frame.!entry
demo_session_06,19,1786094325.88571,move,387,349,.!frame.!entry
demo_session_06,19,1786094325.93571,move,379,338,.!frame.!entry
demo_session_06,19,1786094325.98571,move,379,346,.!frame.!entry
demo_session_06,19,1786094326.0357099,move,377,350,.!frame.!entry
demo_session_06,19,1786094326.0857098,move,384,339,.!frame.!entry
demo_session_06,19,1786094326.1357098,move,377,355,.!frame.!entry
demo_session_06,19,1786094326.1857097,move,379,340,.!frame.!entry
demo_session_06,19,1786094326.2357097,move,377,349,.!frame.!entry
demo_session_06,19,1786094326.2857096,move,379,342,.!frame.!entry
demo_session_06,19,1786094326.3357096,move,385,334,.!frame.!entry
demo_session_06,19,1786094326.3857095,move,368,347,.!frame.!entry
demo_session_06,19,1786094326.4357095,move,373,347,.!frame.!entry
demo_session_06,19,1786094326.4857094,move,370,347,.!frame.!entry
demo_session_06,19,1786094326.5357094,move,368,347,.!frame.!entry
demo_session_06,19,1786094326.5857093,move,376,339,.!frame.!entry
demo_session_06,19,1786094326.6357093,move,374,336,.!frame.!entry
demo_session_06,19,1786094326.6857092,move,371,344,.!frame.!entry
demo_session_06,19,1786094326.7357092,move,372,335,.!frame.!entry
demo_session_06,19,1786094326.7857091,move,375,338,.!frame.!entry
demo_session_06,19,1786094326.835709,move,370,337,.!frame.!entry
demo_session_06,19,1786094326.885709,move,372,338,.!frame.!entry
demo_session_06,19,1786094326.935709,move,357,344,.!frame.!entry
demo_session_06,19,1786094326.985709,move,384,335,.!frame.!entry
demo_session_06,19,1786094327.035709,move,364,323,.!frame.!entry
demo_session_06,19,1786094327.0857089,move,372,348,.!frame.!entry
demo_session_06,19,1786094327.1357088,move,358,329,.!frame.!entry
demo_session_06,19,1786094327.1857088,move,369,341,.!frame.!entry
demo_session_06,19,1786094327.2357087,move,365,338,.!frame.!entry
demo_session_06,19,1786094327.2857087,move,371,340,.!frame.!entry
demo_session_06,19,1786094327.3357086,move,371,336,.!frame.!entry
demo_session_06,19,1786094327.3857086,move,371,332,.!frame.!entry
demo_session_06,19,1786094327.4357085,move,365,337,.!frame.!entry
demo_session_06,19,1786094327.4857085,move,372,342,.!frame.!entry
demo_session_06,19,1786094327.5357084,move,362,348,.!frame.!entry
demo_session_06,19,1786094327.5857084,move,374,324,.!frame.!entry
demo_session_06,19,1786094327.6357083,move,380,340,.!frame.!entry
demo_session_06,19,1786094327.6857083,move,370,332,.!frame.!entry
demo_session_06,19,1786094327.7357082,move,362,342,.!frame.!entry
demo_session_06,19,1786094327.7857082,move,356,338,.!frame.!entry
demo_session_06,19,1786094327.8357081,move,354,336,.!frame.!button
demo_session_06,19,1786094327.885708,move,358,340,.!frame.!button
demo_session_06,19,1786094327.935708,move,369,344,.!frame.!button
demo_session_06,19,1786094327.985708,move,368,325,.!frame.!button
demo_session_06,19,1786094328.035708,move,369,329,.!frame.!button
demo_session_06,19,1786094328.085708,move,361,324,.!frame.!button
demo_session_06,19,1786094328.1357079,move,364,322,.!frame.!button
demo_session_06,19,1786094328.1857078,move,359,329,.!frame.!button
demo_session_06,19,1786094328.2357078,move,352,334,.!frame.!button
demo_session_06,19,1786094328.2857077,move,364,326,.!frame.!button
demo_session_06,19,1786094328.3357077,move,366,318,.!frame.!button
demo_session_06,19,1786094328.3857076,move,362,331,.!frame.!button
demo_session_06,19,1786094328.4357076,move,354,329,.!frame.!button
demo_session_06,19,1786094328.4857075,move,365,331,.!frame.!button
demo_session_06,19,1786094328.5357075,move,359,327,.!frame.!button
demo_session_06,19,1786094328.5857074,move,361,331,.!frame.!button
demo_session_06,19,1786094328.6357074,move,365,334,.!frame.!button
demo_session_06,19,1786094328.6857073,move,359,334,.!frame.!button
demo_session_06,19,1786094328.7357073,move,354,324,.!frame.!button
demo_session_06,19,1786094328.7857072,move,344,320,.!frame.!button
demo_session_06,19,1786094328.8357072,move,358,342,.!frame.!button
demo_session_06,19,1786094328.8857071,move,350,332,.!frame.!button
demo_session_06,19,1786094328.935707,move,360,331,.!frame.!button
demo_session_06,19,1786094328.985707,move,360,328,.!frame.!button
demo_session_06,19,1786094329.035707,move,346,318,.!frame.!button
demo_session_06,19,1786094329.085707,move,350,323,.!frame.!button
demo_session_06,19,1786094329.135707,move,359,310,.!frame.!button
demo_session_06,19,1786094329.1857069,move,355,314,.!frame.!button
demo_session_06,19,1786094329.2357068,move,363,319,.!frame.!button
demo_session_06,19,1786094329.2857068,move,362,331,.!frame.!button
demo_session_06,19,1786094329.3357067,move,354,305,.!frame.!button
demo_session_06,19,1786094329.3857067,move,358,320,.!frame.!button
demo_session_06,19,1786094329.4357066,move,345,310,.!frame.!button
demo_session_06,19,1786094329.48704,click,352,322,.!frame.!button
demo_session_06,20,1786094329.48704,move,147,125,.!frame.!entry
demo_session_06,20,1786094329.53704,move,158,127,.!frame.!entry
demo_session_06,20,1786094329.58704,move,160,139,.!frame.!entry
demo_session_06,20,1786094329.63704,move,164,139,.!frame.!entry
demo_session_06,20,1786094329.6870399,move,168,144,.!frame.!entry
demo_session_06,20,1786094329.7370398,move,176,136,.!frame.!entry
demo_session_06,20,1786094329.7870398,move,173,143,.!frame.!entry
demo_session_06,20,1786094329.8370397,move,160,156,.!frame.!entry
demo_session_06,20,1786094329.8870397,move,169,151,.!frame.!entry
demo_session_06,20,1786094329.9370396,move,180,155,.!frame.!entry
demo_session_06,20,1786094329.9870396,move,185,137,.!frame.!entry
demo_session_06,20,1786094330.0370395,move,172,164,.!frame.!entry
demo_session_06,20,1786094330.0870395,move,182,165,.!frame.!entry
demo_session_06,20,1786094330.1370394,move,190,154,.!frame.!entry
demo_session_06,20,1786094330.1870394,move,174,162,.!frame.!entry
demo_session_06,20,1786094330.2370393,move,181,166,.!frame.!entry
demo_session_06,20,1786094330.2870393,move,178,160,.!frame.!entry
demo_session_06,20,1786094330.3370392,move,178,161,.!frame.!entry
demo_session_06,20,1786094330.3870392,move,184,172,.!frame.!entry
demo_session_06,20,1786094330.4370391,move,192,168,.!frame.!entry
demo_session_06,20,1786094330.487039,move,185,179,.!frame.!entry
demo_session_06,20,1786094330.537039,move,189,163,.!frame.!entry
demo_session_06,20,1786094330.587039,move,198,174,.!frame.!entry
demo_session_06,20,1786094330.637039,move,196,160,.!frame.!entry
demo_session_06,20,1786094330.687039,move,187,175,.!frame.!entry
demo_session_06,20,1786094330.7370389,move,199,173,.!frame.!entry
demo_session_06,20,1786094330.7870388,move,203,178,.!frame.!entry
demo_session_06,20,1786094330.8370388,move,207,178,.!frame.!entry
demo_session_06,20,1786094330.8870387,move,227,182,.!frame.!entry
demo_session_06,20,1786094330.9370387,move,193,185,.!frame.!entry
demo_session_06,20,1786094330.9870386,move,210,185,.!frame.!entry
demo_session_06,20,1786094331.0370386,move,205,190,.!frame.!entry
demo_session_06,20,1786094331.0870385,move,214,183,.!frame.!entry
demo_session_06,20,1786094331.1370385,move,226,194,.!frame.!entry
demo_session_06,20,1786094331.1870384,move,219,202,.!frame.!entry
demo_session_06,20,1786094331.2370384,move,218,193,.!frame.!entry
demo_session_06,20,1786094331.2870383,move,215,200,.!frame.!entry
demo_session_06,20,1786094331.3370383,move,226,199,.!frame.!entry
demo_session_06,20,1786094331.3870382,move,223,191,.!frame.!entry
demo_session_06,20,1786094331.4370382,move,207,195,.!frame.!entry
demo_session_06,20,1786094331.4870381,move,214,186,.!frame.!entry
demo_session_06,20,1786094331.537038,move,235,216,.!frame.!entry
demo_session_06,20,1786094331.587038,move,234,184,.!frame.!entry
demo_session_06,20,1786094331.637038,move,238,197,.!frame.!entry
demo_session_06,20,1786094331.687038,move,238,200,.!frame.!entry
demo_session_06,20,1786094331.737038,move,227,209,.!frame.!entry
demo_session_06,20,1786094331.7870378,move,224,220,.!frame.!entry
demo_session_06,20,1786094331.8370378,move,234,223,.!frame.!entry
demo_session_06,20,1786094331.8870378,move,236,226,.!frame.!entry
demo_session_06,20,1786094331.9370377,move,258,213,.!frame.!entry
demo_session_06,20,1786094331.9870377,move,240,206,.!frame.!entry
demo_session_06,20,1786094332.0370376,move,243,228,.!frame.!entry
demo_session_06,20,1786094332.0870376,move,239,214,.!frame.!entry
demo_session_06,20,1786094332.1370375,move,255,216,.!frame.!entry
demo_session_06,20,1786094332.1870375,move,257,226,.!frame.!entry
demo_session_06,20,1786094332.2370374,move,261,223,.!frame.!entry
demo_session_06,20,1786094332.2870374,move,262,214,.!frame.!entry
demo_session_06,20,1786094332.3370373,move,261,229,.!frame.!entry
demo_session_06,20,1786094332.3870373,move,257,232,.!frame.!entry
demo_session_06,20,1786094332.4370372,move,245,235,.!frame.!entry
demo_session_06,20,1786094332.4870372,move,259,227,.!frame.!entry
demo_session_06,20,1786094332.5370371,move,268,242,.!frame.!entry
demo_session_06,20,1786094332.587037,move,258,237,.!frame.!entry
demo_session_06,20,1786094332.637037,move,252,234,.!frame.!entry
demo_session_06,20,1786094332.687037,move,275,229,.!frame.!entry
demo_session_06,20,1786094332.737037,move,265,245,.!frame.!entry
demo_session_06,20,1786094332.787037,move,265,244,.!frame.!entry
demo_session_06,20,1786094332.8370368,move,274,240,.!frame.!entry
demo_session_06,20,1786094332.8870368,move,272,255,.!frame.!entry
demo_session_06,20,1786094332.9370368,move,272,241,.!frame.!entry
demo_session_06,20,1786094332.9870367,move,267,246,.!frame.!entry
demo_session_06,20,1786094333.0370367,move,279,252,.!frame.!entry
demo_session_06,20,1786094333.0870366,move,280,241,.!frame.!entry
demo_session_06,20,1786094333.1370366,move,276,248,.!frame.!entry
demo_session_06,20,1786094333.1870365,move,289,254,.!frame.!entry
demo_session_06,20,1786094333.2370365,move,283,253,.!frame.!entry
demo_session_06,20,1786094333.2870364,move,269,264,.!frame.!entry
demo_session_06,20,1786094333.3370364,move,290,244,.!frame.!entry
demo_session_06,20,1786094333.3870363,move,289,264,.!frame.!entry
demo_session_06,20,1786094333.4370363,move,291,264,.!frame.!entry
demo_session_06,20,1786094333.4870362,move,298,252,.!frame.!button
demo_session_06,20,1786094333.5370362,move,287,259,.!frame.!button
demo_session_06,20,1786094333.5870361,move,290,266,.!frame.!button
demo_session_06,20,1786094333.637036,move,283,268,.!frame.!button
demo_session_06,20,1786094333.687036,move,302,267,.!frame.!button
demo_session_06,20,1786094333.737036,move,291,282,.!frame.!button
demo_session_06,20,1786094333.787036,move,291,270,.!frame.!button
demo_session_06,20,1786094333.837036,move,298,277,.!frame.!button
demo_session_06,20,1786094333.8870358,move,305,267,.!frame.!button
demo_session_06,20,1786094333.9370358,move,287,281,.!frame.!button
demo_session_06,20,1786094333.9870358,move,303,292,.!frame.!button
demo_session_06,20,1786094334.0370357,move,309,282,.!frame.!button
demo_session_06,20,1786094334.0870357,move,307,286,.!frame.!button
demo_session_06,20,1786094334.1370356,move,317,280,.!frame.!button
demo_session_06,20,1786094334.1870356,move,314,284,.!frame.!button
demo_session_06,20,1786094334.2370355,move,319,295,.!frame.!button
demo_session_06,20,1786094334.2870355,move,305,290,.!frame.!button
demo_session_06,20,1786094334.3370354,move,315,299,.!frame.!button
demo_session_06,20,1786094334.3870354,move,327,299,.!frame.!button
demo_session_06,20,1786094334.4370353,move,327,290,.!frame.!button
demo_session_06,20,1786094334.4870353,move,324,300,.!frame.!button
demo_session_06,20,1786094334.5370352,move,332,298,.!frame.!button
demo_session_06,20,1786094334.5870352,move,331,318,.!frame.!button
demo_session_06,20,1786094334.6370351,move,334,304,.!frame.!button
demo_session_06,20,1786094334.687035,move,326,291,.!frame.!button
demo_session_06,20,1786094334.737035,move,337,302,.!frame.!button
demo_session_06,20,1786094334.787035,move,335,309,.!frame.!button
demo_session_06,20,1786094334.837035,move,333,312,.!frame.!button
demo_session_06,20,1786094334.887035,move,347,322,.!frame.!button
demo_session_06,20,1786094334.9370348,move,343,312,.!frame.!button
demo_session_06,20,1786094334.9870348,move,337,321,.!frame.!button
demo_session_06,20,1786094335.0370347,move,350,312,.!frame.!button
demo_session_06,20,1786094335.0870347,move,353,305,.!frame.!button
demo_session_06,20,1786094335.1370347,move,352,328,.!frame.!button
demo_session_06,20,1786094335.1870346,move,353,316,.!frame.!button
demo_session_06,20,1786094335.2404892,click,342,312,.!frame.!button
demo_session_06,21,1786094335.2404892,move,486,114,.!frame.!entry
demo_session_06,21,1786094335.2904892,move,476,113,.!frame.!entry
demo_session_06,21,1786094335.3404891,move,481,117,.!frame.!entry
demo_session_06,21,1786094335.390489,move,489,109,.!frame.!entry
demo_session_06,21,1786094335.440489,move,467,124,.!frame.!entry
demo_session_06,21,1786094335.490489,move,479,125,.!frame.!entry
demo_session_06,21,1786094335.540489,move,460,134,.!frame.!entry
demo_session_06,21,1786094335.590489,move,473,126,.!frame.!entry
demo_session_06,21,1786094335.6404889,move,471,137,.!frame.!entry
demo_session_06,21,1786094335.6904888,move,470,140,.!frame.!entry
demo_session_06,21,1786094335.7404888,move,467,128,.!frame.!entry
demo_session_06,21,1786094335.7904887,move,463,144,.!frame.!entry
demo_session_06,21,1786094335.8404887,move,469,137,.!frame.!entry
demo_session_06,21,1786094335.8904886,move,447,145,.!frame.!entry
demo_session_06,21,1786094335.9404886,move,466,140,.!frame.!entry
demo_session_06,21,1786094335.9904885,move,452,150,.!frame.!entry
demo_session_06,21,1786094336.0404885,move,456,136,.!frame.!entry
demo_session_06,21,1786094336.0904884,move,462,145,.!frame.!entry
demo_session_06,21,1786094336.1404884,move,449,149,.!frame.!entry
demo_session_06,21,1786094336.1904883,move,465,163,.!frame.!entry
demo_session_06,21,1786094336.2404883,move,467,155,.!frame.!entry
demo_session_06,21,1786094336.2904882,move,441,174,.!frame.!entry
demo_session_06,21,1786094336.3404882,move,455,163,.!frame.!entry
demo_session_06,21,1786094336.3904881,move,447,150,.!frame.!entry
demo_session_06,21,1786094336.440488,move,444,158,.!frame.!entry
demo_session_06,21,1786094336.490488,move,460,162,.!frame.!entry
demo_session_06,21,1786094336.540488,move,450,172,.!frame.!entry
demo_session_06,21,1786094336.590488,move,450,177,.!frame.!entry
demo_session_06,21,1786094336.640488,move,435,182,.!frame.!entry
demo_session_06,21,1786094336.6904879,move,445,169,.!frame.!entry
demo_session_06,21,1786094336.7404878,move,434,186,.!frame.!entry
demo_session_06,21,1786094336.7904878,move,443,182,.!frame.!entry
demo_session_06,21,1786094336.8404877,move,436,191,.!frame.!entry
demo_session_06,21,1786094336.8904877,move,434,175,.!frame.!entry
demo_session_06,21,1786094336.9404876,move,430,187,.!frame.!entry
demo_session_06,21,1786094336.9904876,move,439,189,.!frame.!entry
demo_session_06,21,1786094337.0404875,move,433,194,.!frame.!entry
demo_session_06,21,1786094337.0904875,move,418,187,.!frame.!entry
demo_session_06,21,1786094337.1404874,move,430,190,.!frame.!entry
demo_session_06,21,1786094337.1904874,move,413,195,.!frame.!entry
demo_session_06,21,1786094337.2404873,move,428,199,.!frame.!entry
demo_session_06,21,1786094337.2904873,move,427,206,.!frame.!entry
demo_session_06,21,1786094337.3404872,move,431,194,.!frame.!entry
demo_session_06,21,1786094337.3904872,move,438,203,.!frame.!entry
demo_session_06,21,1786094337.4404871,move,420,204,.!frame.!entry
demo_session_06,21,1786094337.490487,move,430,209,.!frame.!entry
demo_session_06,21,1786094337.540487,move,428,227,.!frame.!entry
demo_session_06,21,1786094337.590487,move,428,218,.!frame.!entry
demo_session_06,21,1786094337.640487,move,431,218,.!frame.!entry
demo_session_06,21,1786094337.690487,move,407,221,.!frame.!entry
demo_session_06,21,1786094337.7404869,move,425,226,.!frame.!entry
demo_session_06,21,1786094337.7904868,move,409,215,.!frame.!entry
demo_session_06,21,1786094337.8404868,move,402,222,.!frame.!entry
demo_session_06,21,1786094337.8904867,move,412,234,.!frame.!entry
demo_session_06,21,1786094337.9404867,move,384,219,.!frame.!entry
demo_session_06,21,1786094337.9904866,move,418,210,.!frame.!entry
demo_session_06,21,1786094338.0404866,move,399,235,.!frame.!entry
demo_session_06,21,1786094338.0904865,move,399,228,.!frame.!entry
demo_session_06,21,1786094338.1404865,move,406,227,.!frame.!entry
demo_session_06,21,1786094338.1904864,move,396,244,.!frame.!entry
demo_session_06,21,1786094338.2404864,move,394,236,.!frame.!entry
demo_session_06,21,1786094338.2904863,move,389,250,.!frame.!entry
demo_session_06,21,1786094338.3404863,move,385,244,.!frame.!entry
demo_session_06,21,1786094338.3904862,move,402,251,.!frame.!entry
demo_session_06,21,1786094338.4404862,move,387,260,.!frame.!entry
demo_session_06,21,1786094338.4904861,move,398,256,.!frame.!entry
demo_session_06,21,1786094338.540486,move,394,260,.!frame.!entry
demo_session_06,21,1786094338.590486,move,390,260,.!frame.!entry
demo_session_06,21,1786094338.640486,move,386,263,.!frame.!entry
demo_session_06,21,1786094338.690486,move,380,259,.!frame.!button
demo_session_06,21,1786094338.740486,move,389,258,.!frame.!button
demo_session_06,21,1786094338.7904859,move,392,257,.!frame.!button
demo_session_06,21,1786094338.8404858,move,388,266,.!frame.!button
demo_session_06,21,1786094338.8904858,move,391,273,.!frame.!button
demo_session_06,21,1786094338.9404857,move,374,267,.!frame.!button
demo_session_06,21,1786094338.9904857,move,382,266,.!frame.!button
demo_session_06,21,1786094339.0404856,move,373,278,.!frame.!button
demo_session_06,21,1786094339.0904856,move,387,274,.!frame.!button
demo_session_06,21,1786094339.1404855,move,383,270,.!frame.!button
demo_session_06,21,1786094339.1904855,move,371,285,.!frame.!button
demo_session_06,21,1786094339.2404854,move,379,268,.!frame.!button
demo_session_06,21,1786094339.2904854,move,372,292,.!frame.!button
demo_session_06,21,1786094339.3404853,move,364,269,.!frame.!button
demo_session_06,21,1786094339.3904853,move,375,294,.!frame.!button
demo_session_06,21,1786094339.4404852,move,374,293,.!frame.!button
demo_session_06,21,1786094339.4904852,move,376,298,.!frame.!button
demo_session_06,21,1786094339.5404851,move,372,293,.!frame.!button
demo_session_06,21,1786094339.590485,move,359,302,.!frame.!button
demo_session_06,21,1786094339.640485,move,364,283,.!frame.!button
demo_session_06,21,1786094339.690485,move,365,306,.!frame.!button
demo_session_06,21,1786094339.740485,move,356,301,.!frame.!button
demo_session_06,21,1786094339.790485,move,366,309,.!frame.!button
demo_session_06,21,1786094339.8404849,move,359,303,.!frame.!button
demo_session_06,21,1786094339.8904848,move,352,316,.!frame.!button
demo_session_06,21,1786094339.9404848,move,338,314,.!frame.!button
demo_session_06,21,1786094339.9904847,move,356,315,.!frame.!button
demo_session_06,21,1786094340.0404847,move,356,316,.!frame.!button
demo_session_06,21,1786094340.0904846,move,351,318,.!frame.!button
demo_session_06,21,1786094340.1404846,move,352,321,.!frame.!button
demo_session_06,21,1786094340.2294185,click,351,321,.!frame.!button
demo_session_06,22,1786094340.2294185,move,302,374,.!frame.!entry
demo_session_06,22,1786094340.2794185,move,300,348,.!frame.!entry
demo_session_06,22,1786094340.3294184,move,311,369,.!frame.!entry
demo_session_06,22,1786094340.3794184,move,315,360,.!frame.!entry
demo_session_06,22,1786094340.4294183,move,303,363,.!frame.!entry
demo_session_06,22,1786094340.4794183,move,312,362,.!frame.!entry
demo_session_06,22,1786094340.5294182,move,306,342,.!frame.!entry
demo_session_06,22,1786094340.5794182,move,316,367,.!frame.!entry
demo_session_06,22,1786094340.6294181,move,304,356,.!frame.!entry
demo_session_06,22,1786094340.679418,move,319,355,.!frame.!entry
demo_session_06,22,1786094340.729418,move,306,351,.!frame.!entry
demo_session_06,22,1786094340.779418,move,310,363,.!frame.!entry
demo_session_06,22,1786094340.829418,move,314,363,.!frame.!entry
demo_session_06,22,1786094340.879418,move,311,354,.!frame.!entry
demo_session_06,22,1786094340.9294178,move,319,348,.!frame.!entry
demo_session_06,22,1786094340.9794178,move,323,355,.!frame.!entry
demo_session_06,22,1786094341.0294178,move,321,359,.!frame.!entry
demo_session_06,22,1786094341.0794177,move,315,368,.!frame.!entry
demo_session_06,22,1786094341.1294177,move,320,338,.!frame.!entry
demo_session_06,22,1786094341.1794176,move,325,360,.!frame.!entry
demo_session_06,22,1786094341.2294176,move,323,346,.!frame.!entry
demo_session_06,22,1786094341.2794175,move,323,366,.!frame.!entry
demo_session_06,22,1786094341.3294175,move,317,356,.!frame.!entry
demo_session_06,22,1786094341.3794174,move,312,358,.!frame.!entry
demo_session_06,22,1786094341.4294174,move,327,351,.!frame.!entry
demo_session_06,22,1786094341.4794173,move,329,348,.!frame.!entry
demo_session_06,22,1786094341.5294173,move,325,337,.!frame.!entry
demo_session_06,22,1786094341.5794172,move,315,353,.!frame.!entry
demo_session_06,22,1786094341.6294172,move,320,349,.!frame.!entry
demo_session_06,22,1786094341.6794171,move,336,350,.!frame.!entry
demo_session_06,22,1786094341.729417,move,333,355,.!frame.!entry
demo_session_06,22,1786094341.779417,move,331,337,.!frame.!entry
demo_session_06,22,1786094341.829417,move,332,339,.!frame.!entry
demo_session_06,22,1786094341.879417,move,317,351,.!frame.!entry
demo_session_06,22,1786094341.929417,move,330,345,.!frame.!entry
demo_session_06,22,1786094341.9794168,move,319,348,.!frame.!entry
demo_session_06,22,1786094342.0294168,move,321,332,.!frame.!entry
demo_session_06,22,1786094342.0794168,move,329,336,.!frame.!entry
demo_session_06,22,1786094342.1294167,move,332,348,.!frame.!entry
demo_session_06,22,1786094342.1794167,move,322,346,.!frame.!entry
demo_session_06,22,1786094342.2294166,move,329,346,.!frame.!entry
demo_session_06,22,1786094342.2794166,move,323,344,.!frame.!entry
demo_session_06,22,1786094342.3294165,move,337,343,.!frame.!entry
demo_session_06,22,1786094342.3794165,move,328,335,.!frame.!entry
demo_session_06,22,1786094342.4294164,move,329,344,.!frame.!entry
demo_session_06,22,1786094342.4794164,move,334,337,.!frame.!entry
demo_session_06,22,1786094342.5294163,move,332,340,.!frame.!entry
demo_session_06,22,1786094342.5794163,move,331,354,.!frame.!entry
demo_session_06,22,1786094342.6294162,move,335,342,.!frame.!entry
demo_session_06,22,1786094342.6794162,move,345,350,.!frame.!entry
demo_session_06,22,1786094342.7294161,move,328,346,.!frame.!entry
demo_session_06,22,1786094342.779416,move,337,349,.!frame.!entry
demo_session_06,22,1786094342.829416,move,332,349,.!frame.!entry
demo_session_06,22,1786094342.879416,move,337,341,.!frame.!entry
demo_session_06,22,1786094342.929416,move,338,339,.!frame.!entry
demo_session_06,22,1786094342.979416,move,333,325,.!frame.!entry
demo_session_06,22,1786094343.0294158,move,341,333,.!frame.!entry
demo_session_06,22,1786094343.0794158,move,336,333,.!frame.!entry
demo_session_06,22,1786094343.1294158,move,329,329,.!frame.!entry
demo_session_06,22,1786094343.1794157,move,347,333,.!frame.!entry
demo_session_06,22,1786094343.2294157,move,337,324,.!frame.!entry
demo_session_06,22,1786094343.2794156,move,334,329,.!frame.!entry
demo_session_06,22,1786094343.3294156,move,337,330,.!frame.!entry
demo_session_06,22,1786094343.3794155,move,342,327,.!frame.!entry
demo_session_06,22,1786094343.4294155,move,344,326,.!frame.!entry
demo_session_06,22,1786094343.4794154,move,327,339,.!frame.!button
demo_session_06,22,1786094343.5294154,move,352,326,.!frame.!button
demo_session_06,22,1786094343.5794153,move,334,341,.!frame.!button
demo_session_06,22,1786094343.6294153,move,329,354,.!frame.!button
demo_session_06,22,1786094343.6794152,move,349,329,.!frame.!button
demo_session_06,22,1786094343.7294152,move,343,323,.!frame.!button
demo_session_06,22,1786094343.7794151,move,339,324,.!frame.!button
demo_session_06,22,1786094343.829415,move,334,319,.!frame.!button
demo_session_06,22,1786094343.879415,move,340,318,.!frame.!button
demo_session_06,22,1786094343.929415,move,341,325,.!frame.!button
demo_session_06,22,1786094343.979415,move,342,327,.!frame.!button
demo_session_06,22,1786094344.029415,move,346,333,.!frame.!button
demo_session_06,22,1786094344.0794148,move,346,326,.!frame.!button
demo_session_06,22,1786094344.1294148,move,347,324,.!frame.!button
demo_session_06,22,1786094344.1794147,move,338,319,.!frame.!button
demo_session_06,22,1786094344.2294147,move,357,327,.!frame.!button
demo_session_06,22,1786094344.2794147,move,344,327,.!frame.!button
demo_session_06,22,1786094344.3294146,move,350,319,.!frame.!button
demo_session_06,22,1786094344.3794146,move,339,328,.!frame.!button
demo_session_06,22,1786094344.4294145,move,343,314,.!frame.!button
demo_session_06,22,1786094344.4794145,move,341,311,.!frame.!button
demo_session_06,22,1786094344.5294144,move,342,323,.!frame.!button
demo_session_06,22,1786094344.5794144,move,341,328,.!frame.!button
demo_session_06,22,1786094344.6294143,move,350,326,.!frame.!button
demo_session_06,22,1786094344.6794143,move,341,317,.!frame.!button
demo_session_06,22,1786094344.7294142,move,354,323,.!frame.!button
demo_session_06,22,1786094344.7794142,move,341,320,.!frame.!button
demo_session_06,22,1786094344.8294141,move,350,327,.!frame.!button
demo_session_06,22,1786094344.903183,click,346,316,.!frame.!button
demo_session_06,23,1786094344.903183,move,327,156,.!frame.!entry
demo_session_06,23,1786094344.953183,move,324,156,.!frame.!entry
demo_session_06,23,1786094345.003183,move,327,162,.!frame.!entry
demo_session_06,23,1786094345.0531828,move,320,177,.!frame.!entry
demo_session_06,23,1786094345.1031828,move,319,161,.!frame.!entry
demo_session_06,23,1786094345.1531827,move,331,160,.!frame.!entry
demo_session_06,23,1786094345.2031827,move,325,158,.!frame.!entry
demo_session_06,23,1786094345.2531826,move,340,166,.!frame.!entry
demo_session_06,23,1786094345.3031826,move,327,181,.!frame.!entry
demo_session_06,23,1786094345.3531826,move,328,169,.!frame.!entry
demo_session_06,23,1786094345.4031825,move,325,169,.!frame.!entry
demo_session_06,23,1786094345.4531825,move,325,169,.!frame.!entry
demo_session_06,23,1786094345.5031824,move,333,187,.!frame.!entry
demo_session_06,23,1786094345.5531824,move,343,178,.!frame.!entry
demo_session_06,23,1786094345.6031823,move,314,175,.!frame.!entry
demo_session_06,23,1786094345.6531823,move,328,178,.!frame.!entry
demo_session_06,23,1786094345.7031822,move,316,169,.!frame.!entry
demo_session_06,23,1786094345.7531822,move,333,182,.!frame.!entry
demo_session_06,23,1786094345.8031821,move,320,181,.!frame.!entry
demo_session_06,23,1786094345.853182,move,338,200,.!frame.!entry
demo_session_06,23,1786094345.903182,move,326,185,.!frame.!entry
demo_session_06,23,1786094345.953182,move,334,192,.!frame.!entry
demo_session_06,23,1786094346.003182,move,330,191,.!frame.!entry
demo_session_06,23,1786094346.053182,move,334,202,.!frame.!entry
demo_session_06,23,1786094346.1031818,move,333,199,.!frame.!entry
demo_session_06,23,1786094346.1531818,move,327,193,.!frame.!entry
demo_session_06,23,1786094346.2031817,move,326,196,.!frame.!entry
demo_session_06,23,1786094346.2531817,move,342,201,.!frame.!entry
demo_session_06,23,1786094346.3031816,move,341,204,.!frame.!entry
demo_session_06,23,1786094346.3531816,move,324,208,.!frame.!entry
demo_session_06,23,1786094346.4031816,move,323,209,.!frame.!entry
demo_session_06,23,1786094346.4531815,move,322,208,.!frame.!entry
demo_session_06,23,1786094346.5031815,move,333,210,.!frame.!entry
demo_session_06,23,1786094346.5531814,move,336,209,.!frame.!entry
demo_session_06,23,1786094346.6031814,move,333,214,.!frame.!entry
demo_session_06,23,1786094346.6531813,move,331,215,.!frame.!entry
demo_session_06,23,1786094346.7031813,move,336,207,.!frame.!entry
demo_session_06,23,1786094346.7531812,move,347,215,.!frame.!entry
demo_session_06,23,1786094346.8031812,move,338,228,.!frame.!entry
demo_session_06,23,1786094346.8531811,move,328,222,.!frame.!entry
demo_session_06,23,1786094346.903181,move,336,222,.!frame.!entry
demo_session_06,23,1786094346.953181,move,325,218,.!frame.!entry
demo_session_06,23,1786094347.003181,move,336,221,.!frame.!entry
demo_session_06,23,1786094347.053181,move,344,228,.!frame.!entry
demo_session_06,23,1786094347.103181,move,339,242,.!frame.!entry
demo_session_06,23,1786094347.1531808,move,350,231,.!frame.!entry
demo_session_06,23,1786094347.2031808,move,338,226,.!frame.!entry
demo_session_06,23,1786094347.2531807,move,345,229,.!frame.!entry
demo_session_06,23,1786094347.3031807,move,335,239,.!frame.!entry
demo_session_06,23,1786094347.3531806,move,337,234,.!frame.!entry
demo_session_06,23,1786094347.4031806,move,345,233,.!frame.!entry
demo_session_06,23,1786094347.4531806,move,345,249,.!frame.!entry
demo_session_06,23,1786094347.5031805,move,347,258,.!frame.!entry
demo_session_06,23,1786094347.5531805,move,342,248,.!frame.!entry
demo_session_06,23,1786094347.6031804,move,346,246,.!frame.!entry
demo_session_06,23,1786094347.6531804,move,340,265,.!frame.!entry
demo_session_06,23,1786094347.7031803,move,344,261,.!frame.!entry
demo_session_06,23,1786094347.7531803,move,338,256,.!frame.!entry
demo_session_06,23,1786094347.8031802,move,333,241,.!frame.!entry
demo_session_06,23,1786094347.8531802,move,339,246,.!frame.!entry
demo_session_06,23,1786094347.9031801,move,342,261,.!frame.!entry
demo_session_06,23,1786094347.95318,move,344,254,.!frame.!entry
demo_session_06,23,1786094348.00318,move,348,266,.!frame.!entry
demo_session_06,23,1786094348.05318,move,360,274,.!frame.!entry
demo_session_06,23,1786094348.10318,move,346,268,.!frame.!entry
demo_session_06,23,1786094348.15318,move,335,262,.!frame.!entry
demo_session_06,23,1786094348.2031798,move,340,272,.!frame.!entry
demo_session_06,23,1786094348.2531798,move,349,267,.!frame.!button
demo_session_06,23,1786094348.3031797,move,345,270,.!frame.!button
demo_session_06,23,1786094348.3531797,move,340,275,.!frame.!button
demo_session_06,23,1786094348.4031796,move,347,280,.!frame.!button
demo_session_06,23,1786094348.4531796,move,349,270,.!frame.!button
demo_session_06,23,1786094348.5031796,move,335,270,.!frame.!button
demo_session_06,23,1786094348.5531795,move,343,283,.!frame.!button
demo_session_06,23,1786094348.6031795,move,341,277,.!frame.!button
demo_session_06,23,1786094348.6531794,move,348,284,.!frame.!button
demo_session_06,23,1786094348.7031794,move,352,288,.!frame.!button
demo_session_06,23,1786094348.7531793,move,348,295,.!frame.!button
demo_session_06,23,1786094348.8031793,move,334,284,.!frame.!button
demo_session_06,23,1786094348.8531792,move,337,289,.!frame.!button
demo_session_06,23,1786094348.9031792,move,342,285,.!frame.!button
demo_session_06,23,1786094348.9531791,move,352,284,.!frame.!button
demo_session_06,23,1786094349.003179,move,350,286,.!frame.!button
demo_session_06,23,1786094349.053179,move,360,288,.!frame.!button
demo_session_06,23,1786094349.103179,move,342,294,.!frame.!button
demo_session_06,23,1786094349.153179,move,351,304,.!frame.!button
demo_session_06,23,1786094349.203179,move,344,305,.!frame.!button
demo_session_06,23,1786094349.2531788,move,342,304,.!frame.!button
demo_session_06,23,1786094349.3031788,move,351,307,.!frame.!button
demo_session_06,23,1786094349.3531787,move,343,311,.!frame.!button
demo_session_06,23,1786094349.4031787,move,341,305,.!frame.!button
demo_session_06,23,1786094349.4531786,move,347,313,.!frame.!button
demo_session_06,23,1786094349.5031786,move,344,319,.!frame.!button
demo_session_06,23,1786094349.5531785,move,332,315,.!frame.!button
demo_session_06,23,1786094349.6031785,move,343,323,.!frame.!button
demo_session_06,23,1786094349.6531785,move,372,322,.!frame.!button
demo_session_06,23,1786094349.7241473,click,344,314,.!frame.!button
demo_session_06,24,1786094372.8305187,move,405,262,.!frame.!entry
demo_session_06,24,1786094372.8805187,move,409,278,.!frame.!entry
demo_session_06,24,1786094372.9305186,move,395,266,.!frame.!entry
demo_session_06,24,1786094372.9805186,move,396,269,.!frame.!entry
demo_session_06,24,1786094373.0305185,move,400,265,.!frame.!entry
demo_session_06,24,1786094373.0805185,move,388,261,.!frame.!entry
demo_session_06,24,1786094373.1305184,move,384,268,.!frame.!entry
demo_session_06,24,1786094373.1805184,move,390,275,.!frame.!entry
demo_session_06,24,1786094373.2305183,move,398,281,.!frame.!entry
demo_session_06,24,1786094373.2805183,move,405,267,.!frame.!entry
demo_session_06,24,1786094373.3305182,move,413,271,.!frame.!entry
demo_session_06,24,1786094373.3805182,move,390,278,.!frame.!entry
demo_session_06,24,1786094373.4305182,move,388,276,.!frame.!entry
demo_session_06,24,1786094373.480518,move,389,284,.!frame.!entry
demo_session_06,24,1786094373.530518,move,398,270,.!frame.!entry
demo_session_06,24,1786094373.580518,move,407,275,.!frame.!entry
demo_session_06,24,1786094373.630518,move,392,290,.!frame.!entry
demo_session_06,24,1786094373.680518,move,386,276,.!frame.!entry
demo_session_06,24,1786094373.7305179,move,386,275,.!frame.!entry
demo_session_06,24,1786094373.7805178,move,386,281,.!frame.!entry
demo_session_06,24,1786094373.8305178,move,403,268,.!frame.!entry
demo_session_06,24,1786094373.8805177,move,384,274,.!frame.!entry
demo_session_06,24,1786094373.9305177,move,379,293,.!frame.!entry
demo_session_06,24,1786094373.9805176,move,385,272,.!frame.!entry
demo_session_06,24,1786094374.0305176,move,380,268,.!frame.!entry
demo_session_06,24,1786094374.0805175,move,397,272,.!frame.!entry
demo_session_06,24,1786094374.1305175,move,372,290,.!frame.!entry
demo_session_06,24,1786094374.1805174,move,390,286,.!frame.!entry
demo_session_06,24,1786094374.2305174,move,395,286,.!frame.!entry
demo_session_06,24,1786094374.2805173,move,382,281,.!frame.!entry
demo_session_06,24,1786094374.3305173,move,395,301,.!frame.!entry
demo_session_06,24,1786094374.3805172,move,382,288,.!frame.!entry
demo_session_06,24,1786094374.4305172,move,384,276,.!frame.!entry
demo_session_06,24,1786094374.4805171,move,381,277,.!frame.!entry
demo_session_06,24,1786094374.530517,move,384,296,.!frame.!entry
demo_session_06,24,1786094374.580517,move,368,281,.!frame.!entry
demo_session_06,24,1786094374.630517,move,386,282,.!frame.!entry
demo_session_06,24,1786094374.680517,move,383,294,.!frame.!entry
demo_session_06,24,1786094374.730517,move,369,298,.!frame.!entry
demo_session_06,24,1786094374.7805169,move,390,296,.!frame.!entry
demo_session_06,24,1786094374.8305168,move,380,289,.!frame.!entry
demo_session_06,24,1786094374.8805168,move,395,281,.!frame.!entry
demo_session_06,24,1786094374.9305167,move,374,277,.!frame.!entry
demo_session_06,24,1786094374.9805167,move,378,292,.!frame.!entry
demo_session_06,24,1786094375.0305166,move,390,277,.!frame.!entry
demo_session_06,24,1786094375.0805166,move,372,295,.!frame.!entry
demo_session_06,24,1786094375.1305165,move,382,282,.!frame.!entry
demo_session_06,24,1786094375.1805165,move,366,287,.!frame.!entry
demo_session_06,24,1786094375.2305164,move,369,288,.!frame.!entry
demo_session_06,24,1786094375.2805164,move,388,297,.!frame.!entry
demo_session_06,24,1786094375.3305163,move,377,308,.!frame.!entry
demo_session_06,24,1786094375.3805163,move,362,297,.!frame.!entry
demo_session_06,24,1786094375.4305162,move,365,303,.!frame.!entry
demo_session_06,24,1786094375.4805162,move,385,287,.!frame.!entry
demo_session_06,24,1786094375.5305161,move,375,290,.!frame.!entry
demo_session_06,24,1786094375.580516,move,356,290,.!frame.!entry
demo_session_06,24,1786094375.630516,move,380,310,.!frame.!entry
demo_session_06,24,1786094375.680516,move,369,290,.!frame.!entry
demo_session_06,24,1786094375.730516,move,372,294,.!frame.!entry
demo_session_06,24,1786094375.780516,move,376,305,.!frame.!entry
demo_session_06,24,1786094375.8305159,move,373,288,.!frame.!entry
demo_session_06,24,1786094375.8805158,move,369,298,.!frame.!entry
demo_session_06,24,1786094375.9305158,move,371,293,.!frame.!entry
demo_session_06,24,1786094375.9805157,move,380,286,.!frame.!entry
demo_session_06,24,1786094376.0305157,move,369,297,.!frame.!entry
demo_session_06,24,1786094376.0805156,move,368,302,.!frame.!entry
demo_session_06,24,1786094376.1305156,move,366,297,.!frame.!entry
demo_session_06,24,1786094376.1805155,move,363,296,.!frame.!entry
demo_session_06,24,1786094376.2305155,move,359,297,.!frame.!entry
demo_session_06,24,1786094376.2805154,move,372,304,.!frame.!entry
demo_session_06,24,1786094376.3305154,move,370,297,.!frame.!entry
demo_session_06,24,1786094376.3805153,move,370,311,.!frame.!entry
demo_session_06,24,1786094376.4305153,move,358,295,.!frame.!entry
demo_session_06,24,1786094376.4805152,move,371,297,.!frame.!entry
demo_session_06,24,1786094376.5305152,move,376,305,.!frame.!entry
demo_session_06,24,1786094376.5805151,move,374,308,.!frame.!button
demo_session_06,24,1786094376.630515,move,370,300,.!frame.!button
demo_session_06,24,1786094376.680515,move,367,293,.!frame.!button
demo_session_06,24,1786094376.730515,move,367,308,.!frame.!button
demo_session_06,24,1786094376.780515,move,367,295,.!frame.!button
demo_session_06,24,1786094376.830515,move,360,312,.!frame.!button
demo_session_06,24,1786094376.8805149,move,361,298,.!frame.!button
demo_session_06,24,1786094376.9305148,move,367,305,.!frame.!button
demo_session_06,24,1786094376.9805148,move,366,308,.!frame.!button
demo_session_06,24,1786094377.0305147,move,377,301,.!frame.!button
demo_session_06,24,1786094377.0805147,move,353,306,.!frame.!button
demo_session_06,24,1786094377.1305146,move,356,309,.!frame.!button
demo_session_06,24,1786094377.1805146,move,361,321,.!frame.!button
demo_session_06,24,1786094377.2305145,move,358,315,.!frame.!button
demo_session_06,24,1786094377.2805145,move,361,325,.!frame.!button
demo_session_06,24,1786094377.3305144,move,357,316,.!frame.!button
demo_session_06,24,1786094377.3805144,move,364,314,.!frame.!button
demo_session_06,24,1786094377.4305143,move,350,309,.!frame.!button
demo_session_06,24,1786094377.4805143,move,356,315,.!frame.!button
demo_session_06,24,1786094377.5305142,move,356,319,.!frame.!button
demo_session_06,24,1786094377.5805142,move,351,306,.!frame.!button
demo_session_06,24,1786094377.6305141,move,363,324,.!frame.!button
demo_session_06,24,1786094377.680514,move,350,310,.!frame.!button
demo_session_06,24,1786094377.730514,move,357,318,.!frame.!button
demo_session_06,24,1786094377.780514,move,353,301,.!frame.!button
demo_session_06,24,1786094377.830514,move,350,318,.!frame.!button
demo_session_06,24,1786094377.880514,move,352,321,.!frame.!button
demo_session_06,24,1786094377.9305139,move,362,320,.!frame.!button
demo_session_06,24,1786094377.9805138,move,348,312,.!frame.!button
demo_session_06,24,1786094378.0305138,move,358,319,.!frame.!button
demo_session_06,24,1786094378.0805137,move,345,308,.!frame.!button
demo_session_06,24,1786094378.1305137,move,360,312,.!frame.!button
demo_session_06,24,1786094378.1805136,move,351,316,.!frame.!button
demo_session_06,24,1786094378.2357233,click,349,319,.!frame.!button
demo_session_06,25,1786094378.2357233,move,395,240,.!frame.!entry
demo_session_06,25,1786094378.2857232,move,400,240,.!frame.!entry
demo_session_06,25,1786094378.3357232,move,384,264,.!frame.!entry
demo_session_06,25,1786094378.385723,move,386,251,.!frame.!entry
demo_session_06,25,1786094378.435723,move,392,234,.!frame.!entry
demo_session_06,25,1786094378.485723,move,382,247,.!frame.!entry
demo_session_06,25,1786094378.535723,move,384,252,.!frame.!entry
demo_session_06,25,1786094378.585723,move,372,261,.!frame.!entry
demo_session_06,25,1786094378.6357229,move,378,250,.!frame.!entry
demo_session_06,25,1786094378.6857228,move,383,241,.!frame.!entry
demo_session_06,25,1786094378.7357228,move,378,258,.!frame.!entry
demo_session_06,25,1786094378.7857227,move,378,253,.!frame.!entry
demo_session_06,25,1786094378.8357227,move,399,257,.!frame.!entry
demo_session_06,25,1786094378.8857226,move,387,246,.!frame.!entry
demo_session_06,25,1786094378.9357226,move,382,244,.!frame.!entry
demo_session_06,25,1786094378.9857225,move,381,242,.!frame.!entry
demo_session_06,25,1786094379.0357225,move,385,244,.!frame.!entry
demo_session_06,25,1786094379.0857224,move,370,246,.!frame.!entry
demo_session_06,25,1786094379.1357224,move,373,268,.!frame.!entry
demo_session_06,25,1786094379.1857224,move,381,256,.!frame.!entry
demo_session_06,25,1786094379.2357223,move,381,256,.!frame.!entry
demo_session_06,25,1786094379.2857223,move,375,256,.!frame.!entry
demo_session_06,25,1786094379.3357222,move,374,271,.!frame.!entry
demo_session_06,25,1786094379.3857222,move,399,249,.!frame.!entry
demo_session_06,25,1786094379.435722,move,376,262,.!frame.!entry
demo_session_06,25,1786094379.485722,move,366,276,.!frame.!entry
demo_session_06,25,1786094379.535722,move,370,256,.!frame.!entry
demo_session_06,25,1786094379.585722,move,387,251,.!frame.!entry
demo_session_06,25,1786094379.635722,move,381,254,.!frame.!entry
demo_session_06,25,1786094379.6857219,move,369,253,.!frame.!entry
demo_session_06,25,1786094379.7357218,move,372,263,.!frame.!entry
demo_session_06,25,1786094379.7857218,move,381,266,.!frame.!entry
demo_session_06,25,1786094379.8357217,move,377,263,.!frame.!entry
demo_session_06,25,1786094379.8857217,move,377,267,.!frame.!entry
demo_session_06,25,1786094379.9357216,move,384,261,.!frame.!entry
demo_session_06,25,1786094379.9857216,move,393,265,.!frame.!entry
demo_session_06,25,1786094380.0357215,move,376,273,.!frame.!entry
demo_session_06,25,1786094380.0857215,move,372,265,.!frame.!entry
demo_session_06,25,1786094380.1357214,move,373,261,.!frame.!entry
demo_session_06,25,1786094380.1857214,move,372,269,.!frame.!entry
demo_session_06,25,1786094380.2357213,move,369,276,.!frame.!entry
demo_session_06,25,1786094380.2857213,move,363,261,.!frame.!entry
demo_session_06,25,1786094380.3357213,move,364,279,.!frame.!entry
demo_session_06,25,1786094380.3857212,move,371,272,.!frame.!entry
demo_session_06,25,1786094380.4357212,move,377,266,.!frame.!entry
demo_session_06,25,1786094380.485721,move,381,273,.!frame.!entry
demo_session_06,25,1786094380.535721,move,386,273,.!frame.!entry
demo_session_06,25,1786094380.585721,move,361,281,.!frame.!entry
demo_session_06,25,1786094380.635721,move,380,272,.!frame.!entry
demo_session_06,25,1786094380.685721,move,371,275,.!frame.!entry
demo_session_06,25,1786094380.7357209,move,373,280,.!frame.!entry
demo_session_06,25,1786094380.7857208,move,377,279,.!frame.!entry
demo_session_06,25,1786094380.8357208,move,369,286,.!frame.!entry
demo_session_06,25,1786094380.8857207,move,373,286,.!frame.!entry
demo_session_06,25,1786094380.9357207,move,376,290,.!frame.!entry
demo_session_06,25,1786094380.9857206,move,371,286,.!frame.!entry
demo_session_06,25,1786094381.0357206,move,376,282,.!frame.!entry
demo_session_06,25,1786094381.0857205,move,365,303,.!frame.!entry
demo_session_06,25,1786094381.1357205,move,364,273,.!frame.!entry
demo_session_06,25,1786094381.1857204,move,354,290,.!frame.!entry
demo_session_06,25,1786094381.2357204,move,361,291,.!frame.!entry
demo_session_06,25,1786094381.2857203,move,370,286,.!frame.!entry
demo_session_06,25,1786094381.3357203,move,370,281,.!frame.!entry
demo_session_06,25,1786094381.3857203,move,372,294,.!frame.!entry
demo_session_06,25,1786094381.4357202,move,366,288,.!frame.!entry
demo_session_06,25,1786094381.4857202,move,361,291,.!frame.!entry
demo_session_06,25,1786094381.53572,move,343,290,.!frame.!entry
demo_session_06,25,1786094381.58572,move,366,282,.!frame.!entry
demo_session_06,25,1786094381.63572,move,354,295,.!frame.!entry
demo_session_06,25,1786094381.68572,move,368,291,.!frame.!entry
demo_session_06,25,1786094381.73572,move,367,284,.!frame.!entry
demo_session_06,25,1786094381.7857199,move,367,290,.!frame.!entry
demo_session_06,25,1786094381.8357198,move,365,287,.!frame.!entry
demo_session_06,25,1786094381.8857198,move,356,296,.!frame.!entry
demo_session_06,25,1786094381.9357197,move,367,302,.!frame.!entry
demo_session_06,25,1786094381.9857197,move,360,307,.!frame.!button
demo_session_06,25,1786094382.0357196,move,360,307,.!frame.!button
demo_session_06,25,1786094382.0857196,move,364,298,.!frame.!button
demo_session_06,25,1786094382.1357195,move,361,294,.!frame.!button
demo_session_06,25,1786094382.1857195,move,375,287,.!frame.!button
demo_session_06,25,1786094382.2357194,move,341,296,.!frame.!button
demo_session_06,25,1786094382.2857194,move,351,298,.!frame.!button
demo_session_06,25,1786094382.3357193,move,361,294,.!frame.!button
demo_session_06,25,1786094382.3857193,move,361,300,.!frame.!button
demo_session_06,25,1786094382.4357193,move,357,304,.!frame.!button
demo_session_06,25,1786094382.4857192,move,353,315,.!frame.!button
demo_session_06,25,1786094382.5357192,move,358,291,.!frame.!button
demo_session_06,25,1786094382.585719,move,359,309,.!frame.!button
demo_session_06,25,1786094382.635719,move,355,309,.!frame.!button
demo_session_06,25,1786094382.685719,move,353,321,.!frame.!button
demo_session_06,25,1786094382.735719,move,361,309,.!frame.!button
demo_session_06,25,1786094382.785719,move,339,302,.!frame.!button
demo_session_06,25,1786094382.8357189,move,337,296,.!frame.!button
demo_session_06,25,1786094382.8857188,move,355,305,.!frame.!button
demo_session_06,25,1786094382.9357188,move,343,315,.!frame.!button
demo_session_06,25,1786094382.9857187,move,354,309,.!frame.!button
demo_session_06,25,1786094383.0357187,move,365,312,.!frame.!button
demo_session_06,25,1786094383.0857186,move,357,303,.!frame.!button
demo_session_06,25,1786094383.1357186,move,358,331,.!frame.!button
demo_session_06,25,1786094383.1857185,move,350,300,.!frame.!button
demo_session_06,25,1786094383.2357185,move,355,311,.!frame.!button
demo_session_06,25,1786094383.2857184,move,364,310,.!frame.!button
demo_session_06,25,1786094383.3357184,move,341,326,.!frame.!button
demo_session_06,25,1786094383.3857183,move,357,328,.!frame.!button
demo_session_06,25,1786094383.4357183,move,340,322,.!frame.!button
demo_session_06,25,1786094383.4857183,move,339,306,.!frame.!button
demo_session_06,25,1786094383.5357182,move,353,320,.!frame.!button
demo_session_06,25,1786094383.5857182,move,342,326,.!frame.!button
demo_session_06,25,1786094383.6627965,click,356,326,.!frame.!button
demo_session_06,26,1786094383.6627965,move,173,155,.!frame.!entry
demo_session_06,26,1786094383.7127964,move,152,171,.!frame.!entry
demo_session_06,26,1786094383.7627964,move,164,159,.!frame.!entry
demo_session_06,26,1786094383.8127964,move,165,137,.!frame.!entry
demo_session_06,26,1786094383.8627963,move,175,166,.!frame.!entry
demo_session_06,26,1786094383.9127963,move,172,157,.!frame.!entry
demo_session_06,26,1786094383.9627962,move,155,151,.!frame.!entry
demo_session_06,26,1786094384.0127962,move,174,153,.!frame.!entry
demo_session_06,26,1786094384.062796,move,165,151,.!frame.!entry
demo_session_06,26,1786094384.112796,move,172,152,.!frame.!entry
demo_session_06,26,1786094384.162796,move,186,182,.!frame.!entry
demo_session_06,26,1786094384.212796,move,174,166,.!frame.!entry
demo_session_06,26,1786094384.262796,move,177,170,.!frame.!entry
demo_session_06,26,1786094384.3127959,move,195,184,.!frame.!entry
demo_session_06,26,1786094384.3627958,move,161,163,.!frame.!entry
demo_session_06,26,1786094384.4127958,move,177,159,.!frame.!entry
demo_session_06,26,1786094384.4627957,move,204,165,.!frame.!entry
demo_session_06,26,1786094384.5127957,move,184,158,.!frame.!entry
demo_session_06,26,1786094384.5627956,move,195,179,.!frame.!entry
demo_session_06,26,1786094384.6127956,move,192,174,.!frame.!entry
demo_session_06,26,1786094384.6627955,move,174,185,.!frame.!entry
demo_session_06,26,1786094384.7127955,move,197,188,.!frame.!entry
demo_session_06,26,1786094384.7627954,move,208,182,.!frame.!entry
demo_session_06,26,1786094384.8127954,move,182,176,.!frame.!entry
demo_session_06,26,1786094384.8627954,move,187,171,.!frame.!entry
demo_session_06,26,1786094384.9127953,move,194,190,.!frame.!entry
demo_session_06,26,1786094384.9627953,move,201,187,.!frame.!entry
demo_session_06,26,1786094385.0127952,move,187,179,.!frame.!entry
demo_session_06,26,1786094385.0627952,move,203,176,.!frame.!entry
demo_session_06,26,1786094385.112795,move,186,191,.!frame.!entry
demo_session_06,26,1786094385.162795,move,176,193,.!frame.!entry
demo_session_06,26,1786094385.212795,move,209,193,.!frame.!entry
demo_session_06,26,1786094385.262795,move,202,189,.!frame.!entry
demo_session_06,26,1786094385.312795,move,210,188,.!frame.!entry
demo_session_06,26,1786094385.3627949,move,202,198,.!frame.!entry
demo_session_06,26,1786094385.4127948,move,196,187,.!frame.!entry
demo_session_06,26,1786094385.4627948,move,218,185,.!frame.!entry
demo_session_06,26,1786094385.5127947,move,216,189,.!frame.!entry
demo_session_06,26,1786094385.5627947,move,212,199,.!frame.!entry
demo_session_06,26,1786094385.6127946,move,217,177,.!frame.!entry
demo_session_06,26,1786094385.6627946,move,215,189,.!frame.!entry
demo_session_06,26,1786094385.7127945,move,218,200,.!frame.!entry
demo_session_06,26,1786094385.7627945,move,226,207,.!frame.!entry
demo_session_06,26,1786094385.8127944,move,217,198,.!frame.!entry
demo_session_06,26,1786094385.8627944,move,228,202,.!frame.!entry
demo_session_06,26,1786094385.9127944,move,242,203,.!frame.!entry
demo_session_06,26,1786094385.9627943,move,214,207,.!frame.!entry
demo_session_06,26,1786094386.0127943,move,218,216,.!frame.!entry
demo_session_06,26,1786094386.0627942,move,219,215,.!frame.!entry
demo_session_06,26,1786094386.1127942,move,223,220,.!frame.!entry
demo_session_06,26,1786094386.162794,move,228,221,.!frame.!entry
demo_session_06,26,1786094386.212794,move,234,209,.!frame.!entry
demo_session_06,26,1786094386.262794,move,219,229,.!frame.!entry
demo_session_06,26,1786094386.312794,move,232,227,.!frame.!entry
demo_session_06,26,1786094386.362794,move,241,218,.!frame.!entry
demo_session_06,26,1786094386.4127939,move,230,225,.!frame.!entry
demo_session_06,26,1786094386.4627938,move,235,214,.!frame.!entry
demo_session_06,26,1786094386.5127938,move,256,216,.!frame.!entry
demo_session_06,26,1786094386.5627937,move,237,223,.!frame.!entry
demo_session_06,26,1786094386.6127937,move,231,221,.!frame.!entry
demo_session_06,26,1786094386.6627936,move,243,224,.!frame.!entry
demo_session_06,26,1786094386.7127936,move,258,233,.!frame.!entry
demo_session_06,26,1786094386.7627935,move,251,230,.!frame.!entry
demo_session_06,26,1786094386.8127935,move,255,230,.!frame.!entry
demo_session_06,26,1786094386.8627934,move,249,238,.!frame.!entry
demo_session_06,26,1786094386.9127934,move,252,219,.!frame.!entry
demo_session_06,26,1786094386.9627934,move,239,239,.!frame.!entry
demo_session_06,26,1786094387.0127933,move,252,252,.!frame.!entry
demo_session_06,26,1786094387.0627933,move,266,216,.!frame.!entry
demo_session_06,26,1786094387.1127932,move,237,220,.!frame.!entry
demo_session_06,26,1786094387.1627932,move,255,242,.!frame.!entry
demo_session_06,26,1786094387.212793,move,256,232,.!frame.!entry
demo_session_06,26,1786094387.262793,move,255,242,.!frame.!entry
demo_session_06,26,1786094387.312793,move,261,243,.!frame.!entry
demo_session_06,26,1786094387.362793,move,257,248,.!frame.!entry
demo_session_06,26,1786094387.412793,move,275,247,.!frame.!entry
demo_session_06,26,1786094387.4627929,move,268,253,.!frame.!entry
demo_session_06,26,1786094387.5127928,move,267,242,.!frame.!entry
demo_session_06,26,1786094387.5627928,move,271,247,.!frame.!entry
demo_session_06,26,1786094387.6127927,move,271,247,.!frame.!entry
demo_session_06,26,1786094387.6627927,move,272,248,.!frame.!entry
demo_session_06,26,1786094387.7127926,move,278,263,.!frame.!entry
demo_session_06,26,1786094387.7627926,move,279,248,.!frame.!entry
demo_session_06,26,1786094387.8127925,move,281,245,.!frame.!entry
demo_session_06,26,1786094387.8627925,move,296,247,.!frame.!entry
demo_session_06,26,1786094387.9127924,move,278,266,.!frame.!entry
demo_session_06,26,1786094387.9627924,move,285,259,.!frame.!entry
demo_session_06,26,1786094388.0127923,move,288,250,.!frame.!entry
demo_session_06,26,1786094388.0627923,move,286,260,.!frame.!entry
demo_session_06,26,1786094388.1127923,move,296,282,.!frame.!entry
demo_session_06,26,1786094388.1627922,move,285,261,.!frame.!entry
demo_session_06,26,1786094388.2127922,move,278,262,.!frame.!entry
demo_session_06,26,1786094388.262792,move,290,263,.!frame.!entry
demo_session_06,26,1786094388.312792,move,285,251,.!frame.!entry
demo_session_06,26,1786094388.362792,move,298,268,.!frame.!entry
demo_session_06,26,1786094388.412792,move,276,272,.!frame.!entry
demo_session_06,26,1786094388.462792,move,301,265,.!frame.!button
demo_session_06,26,1786094388.5127919,move,280,267,.!frame.!button
demo_session_06,26,1786094388.5627918,move,302,267,.!frame.!button
demo_session_06,26,1786094388.6127918,move,306,271,.!frame.!button
demo_session_06,26,1786094388.6627917,move,306,272,.!frame.!button
demo_session_06,26,1786094388.7127917,move,303,259,.!frame.!button
demo_session_06,26,1786094388.7627916,move,319,260,.!frame.!button
demo_session_06,26,1786094388.8127916,move,285,277,.!frame.!button
demo_session_06,26,1786094388.8627915,move,293,275,.!frame.!button
demo_session_06,26,1786094388.9127915,move,286,278,.!frame.!button
demo_session_06,26,1786094388.9627914,move,304,282,.!frame.!button
demo_session_06,26,1786094389.0127914,move,311,295,.!frame.!button
demo_session_06,26,1786094389.0627913,move,316,306,.!frame.!button
demo_session_06,26,1786094389.1127913,move,306,281,.!frame.!button
demo_session_06,26,1786094389.1627913,move,292,280,.!frame.!button
demo_session_06,26,1786094389.2127912,move,321,289,.!frame.!button
demo_session_06,26,1786094389.2627912,move,316,288,.!frame.!button
demo_session_06,26,1786094389.312791,move,332,307,.!frame.!button
demo_session_06,26,1786094389.362791,move,314,276,.!frame.!button
demo_session_06,26,1786094389.412791,move,327,296,.!frame.!button
demo_session_06,26,1786094389.462791,move,320,301,.!frame.!button
demo_session_06,26,1786094389.512791,move,330,292,.!frame.!button
demo_session_06,26,1786094389.5627909,move,320,291,.!frame.!button
demo_session_06,26,1786094389.6127908,move,339,297,.!frame.!button
demo_session_06,26,1786094389.6627908,move,342,307,.!frame.!button
demo_session_06,26,1786094389.7127907,move,336,302,.!frame.!button
demo_session_06,26,1786094389.7627907,move,335,296,.!frame.!button
demo_session_06,26,1786094389.8127906,move,326,320,.!frame.!button
demo_session_06,26,1786094389.8627906,move,336,306,.!frame.!button
demo_session_06,26,1786094389.9127905,move,331,314,.!frame.!button
demo_session_06,26,1786094389.9627905,move,323,314,.!frame.!button
demo_session_06,26,1786094390.0127904,move,341,326,.!frame.!button
demo_session_06,26,1786094390.0627904,move,334,302,.!frame.!button
demo_session_06,26,1786094390.1127903,move,341,308,.!frame.!button
demo_session_06,26,1786094390.1627903,move,349,305,.!frame.!button
demo_session_06,26,1786094390.2127903,move,339,315,.!frame.!button
demo_session_06,26,1786094390.2627902,move,331,318,.!frame.!button
demo_session_06,26,1786094390.3127902,move,330,315,.!frame.!button
demo_session_06,26,1786094390.36279,move,344,318,.!frame.!button
demo_session_06,26,1786094390.41279,move,341,315,.!frame.!button
demo_session_06,26,1786094390.46279,move,344,323,.!frame.!button
demo_session_06,26,1786094390.5220544,click,346,316,.!frame.!button
demo_session_06,27,1786094411.0755563,move,165,140,.!frame.!entry
demo_session_06,27,1786094411.1255562,move,175,139,.!frame.!entry
demo_session_06,27,1786094411.1755562,move,163,151,.!frame.!entry
demo_session_06,27,1786094411.2255561,move,172,149,.!frame.!entry
demo_session_06,27,1786094411.275556,move,176,136,.!frame.!entry
demo_session_06,27,1786094411.325556,move,162,148,.!frame.!entry
demo_session_06,27,1786094411.375556,move,167,160,.!frame.!entry
demo_session_06,27,1786094411.425556,move,165,161,.!frame.!entry
demo_session_06,27,1786094411.475556,move,175,155,.!frame.!entry
demo_session_06,27,1786094411.5255558,move,175,168,.!frame.!entry
demo_session_06,27,1786094411.5755558,move,186,155,.!frame.!entry
demo_session_06,27,1786094411.6255558,move,178,164,.!frame.!entry
demo_session_06,27,1786094411.6755557,move,183,168,.!frame.!entry
demo_session_06,27,1786094411.7255557,move,194,168,.!frame.!entry
demo_session_06,27,1786094411.7755556,move,181,166,.!frame.!entry
demo_session_06,27,1786094411.8255556,move,202,166,.!frame.!entry
demo_session_06,27,1786094411.8755555,move,198,179,.!frame.!entry
demo_session_06,27,1786094411.9255555,move,176,176,.!frame.!entry
demo_session_06,27,1786094411.9755554,move,199,179,.!frame.!entry
demo_session_06,27,1786094412.0255554,move,191,172,.!frame.!entry
demo_session_06,27,1786094412.0755553,move,186,175,.!frame.!entry
demo_session_06,27,1786094412.1255553,move,194,170,.!frame.!entry
demo_session_06,27,1786094412.1755552,move,206,200,.!frame.!entry
demo_session_06,27,1786094412.2255552,move,208,189,.!frame.!entry
demo_session_06,27,1786094412.2755551,move,203,190,.!frame.!entry
demo_session_06,27,1786094412.325555,move,192,189,.!frame.!entry
demo_session_06,27,1786094412.375555,move,208,176,.!frame.!entry
demo_session_06,27,1786094412.425555,move,202,188,.!frame.!entry
demo_session_06,27,1786094412.475555,move,203,200,.!frame.!entry
demo_session_06,27,1786094412.525555,move,217,211,.!frame.!entry
demo_session_06,27,1786094412.5755548,move,209,193,.!frame.!entry
demo_session_06,27,1786094412.6255548,move,222,201,.!frame.!entry
demo_session_06,27,1786094412.6755548,move,214,200,.!frame.!entry
demo_session_06,27,1786094412.7255547,move,220,199,.!frame.!entry
demo_session_06,27,1786094412.7755547,move,229,204,.!frame.!entry
demo_session_06,27,1786094412.8255546,move,208,206,.!frame.!entry
demo_session_06,27,1786094412.8755546,move,216,183,.!frame.!entry
demo_session_06,27,1786094412.9255545,move,243,206,.!frame.!entry
demo_session_06,27,1786094412.9755545,move,227,211,.!frame.!entry
demo_session_06,27,1786094413.0255544,move,229,200,.!frame.!entry
demo_session_06,27,1786094413.0755544,move,243,220,.!frame.!entry
demo_session_06,27,1786094413.1255543,move,235,232,.!frame.!entry
demo_session_06,27,1786094413.1755543,move,241,199,.!frame.!entry
demo_session_06,27,1786094413.2255542,move,240,215,.!frame.!entry
demo_session_06,27,1786094413.2755542,move,244,228,.!frame.!entry
demo_session_06,27,1786094413.3255541,move,231,226,.!frame.!entry
demo_session_06,27,1786094413.375554,move,228,231,.!frame.!entry
demo_session_06,27,1786094413.425554,move,246,224,.!frame.!entry
demo_session_06,27,1786094413.475554,move,247,223,.!frame.!entry
demo_session_06,27,1786094413.525554,move,231,226,.!frame.!entry
demo_session_06,27,1786094413.575554,move,249,227,.!frame.!entry
demo_session_06,27,1786094413.6255538,move,253,233,.!frame.!entry
demo_session_06,27,1786094413.6755538,move,260,217,.!frame.!entry
demo_session_06,27,1786094413.7255538,move,271,231,.!frame.!entry
demo_session_06,27,1786094413.7755537,move,258,237,.!frame.!entry
demo_session_06,27,1786094413.8255537,move,254,233,.!frame.!entry
demo_session_06,27,1786094413.8755536,move,271,261,.!frame.!entry
demo_session_06,27,1786094413.9255536,move,265,229,.!frame.!entry
demo_session_06,27,1786094413.9755535,move,253,242,.!frame.!entry
demo_session_06,27,1786094414.0255535,move,265,228,.!frame.!entry
demo_session_06,27,1786094414.0755534,move,280,237,.!frame.!entry
demo_session_06,27,1786094414.1255534,move,260,257,.!frame.!entry
demo_session_06,27,1786094414.1755533,move,270,255,.!frame.!entry
demo_session_06,27,1786094414.2255533,move,263,250,.!frame.!entry
demo_session_06,27,1786094414.2755532,move,264,256,.!frame.!entry
demo_session_06,27,1786094414.3255532,move,280,236,.!frame.!entry
demo_session_06,27,1786094414.3755531,move,283,267,.!frame.!entry
demo_session_06,27,1786094414.425553,move,291,244,.!frame.!entry
demo_session_06,27,1786094414.475553,move,265,281,.!frame.!entry
demo_session_06,27,1786094414.525553,move,287,274,.!frame.!entry
demo_session_06,27,1786094414.575553,move,278,253,.!frame.!entry
demo_session_06,27,1786094414.625553,move,264,256,.!frame.!entry
demo_session_06,27,1786094414.6755528,move,284,274,.!frame.!entry
demo_session_06,27,1786094414.7255528,move,290,283,.!frame.!entry
demo_session_06,27,1786094414.7755527,move,290,264,.!frame.!entry
demo_session_06,27,1786094414.8255527,move,292,258,.!frame.!button
demo_session_06,27,1786094414.8755527,move,313,286,.!frame.!button
demo_session_06,27,1786094414.9255526,move,293,280,.!frame.!button
demo_session_06,27,1786094414.9755526,move,314,273,.!frame.!button
demo_session_06,27,1786094415.0255525,move,294,285,.!frame.!button
demo_session_06,27,1786094415.0755525,move,297,286,.!frame.!button
demo_session_06,27,1786094415.1255524,move,295,269,.!frame.!button
demo_session_06,27,1786094415.1755524,move,292,279,.!frame.!button
demo_session_06,27,1786094415.2255523,move,307,265,.!frame.!button
demo_session_06,27,1786094415.2755523,move,318,296,.!frame.!button
demo_session_06,27,1786094415.3255522,move,313,271,.!frame.!button
demo_session_06,27,1786094415.3755522,move,298,277,.!frame.!button
demo_session_06,27,1786094415.4255521,move,312,279,.!frame.!button
demo_session_06,27,1786094415.475552,move,322,278,.!frame.!button
demo_session_06,27,1786094415.525552,move,328,300,.!frame.!button
demo_session_06,27,1786094415.575552,move,317,283,.!frame.!button
demo_session_06,27,1786094415.625552,move,311,298,.!frame.!button
demo_session_06,27,1786094415.675552,move,326,297,.!frame.!button
demo_session_06,27,1786094415.7255518,move,325,283,.!frame.!button
demo_session_06,27,1786094415.7755518,move,323,309,.!frame.!button
demo_session_06,27,1786094415.8255517,move,318,303,.!frame.!button
demo_session_06,27,1786094415.8755517,move,335,306,.!frame.!button
demo_session_06,27,1786094415.9255517,move,318,313,.!frame.!button
demo_session_06,27,1786094415.9755516,move,332,310,.!frame.!button
demo_session_06,27,1786094416.0255516,move,310,306,.!frame.!button
demo_session_06,27,1786094416.0755515,move,329,315,.!frame.!button
demo_session_06,27,1786094416.1255515,move,343,307,.!frame.!button
demo_session_06,27,1786094416.1755514,move,345,304,.!frame.!button
demo_session_06,27,1786094416.2255514,move,345,312,.!frame.!button
demo_session_06,27,1786094416.2755513,move,345,305,.!frame.!button
demo_session_06,27,1786094416.3255513,move,342,316,.!frame.!button
demo_session_06,27,1786094416.3755512,move,351,310,.!frame.!button
demo_session_06,27,1786094416.4255512,move,352,330,.!frame.!button
demo_session_06,27,1786094416.4786088,click,354,324,.!frame.!button
demo_session_06,28,1786094416.4786088,move,347,379,.!frame.!entry
demo_session_06,28,1786094416.5286088,move,331,381,.!frame.!entry
demo_session_06,28,1786094416.5786088,move,342,363,.!frame.!entry
demo_session_06,28,1786094416.6286087,move,342,383,.!frame.!entry
demo_session_06,28,1786094416.6786087,move,332,376,.!frame.!entry
demo_session_06,28,1786094416.7286086,move,336,377,.!frame.!entry
demo_session_06,28,1786094416.7786086,move,319,377,.!frame.!entry
demo_session_06,28,1786094416.8286085,move,345,386,.!frame.!entry
demo_session_06,28,1786094416.8786085,move,327,371,.!frame.!entry
demo_session_06,28,1786094416.9286084,move,328,377,.!frame.!entry
demo_session_06,28,1786094416.9786084,move,325,378,.!frame.!entry
demo_session_06,28,1786094417.0286083,move,329,378,.!frame.!entry
demo_session_06,28,1786094417.0786083,move,334,375,.!frame.!entry
demo_session_06,28,1786094417.1286082,move,332,365,.!frame.!entry
demo_session_06,28,1786094417.1786082,move,346,367,.!frame.!entry
demo_session_06,28,1786094417.2286081,move,334,367,.!frame.!entry
demo_session_06,28,1786094417.278608,move,334,390,.!frame.!entry
demo_session_06,28,1786094417.328608,move,341,366,.!frame.!entry
demo_session_06,28,1786094417.378608,move,352,377,.!frame.!entry
demo_session_06,28,1786094417.428608,move,339,381,.!frame.!entry
demo_session_06,28,1786094417.478608,move,348,374,.!frame.!entry
demo_session_06,28,1786094417.5286078,move,331,370,.!frame.!entry
demo_session_06,28,1786094417.5786078,move,341,372,.!frame.!entry
demo_session_06,28,1786094417.6286077,move,328,369,.!frame.!entry
demo_session_06,28,1786094417.6786077,move,337,371,.!frame.!entry
demo_session_06,28,1786094417.7286077,move,339,372,.!frame.!entry
demo_session_06,28,1786094417.7786076,move,343,366,.!frame.!entry
demo_session_06,28,1786094417.8286076,move,333,363,.!frame.!entry
demo_session_06,28,1786094417.8786075,move,327,362,.!frame.!entry
demo_session_06,28,1786094417.9286075,move,335,363,.!frame.!entry
demo_session_06,28,1786094417.9786074,move,333,368,.!frame.!entry
demo_session_06,28,1786094418.0286074,move,345,353,.!frame.!entry
demo_session_06,28,1786094418.0786073,move,336,376,.!frame.!entry
demo_session_06,28,1786094418.1286073,move,342,368,.!frame.!entry
demo_session_06,28,1786094418.1786072,move,341,364,.!frame.!entry
demo_session_06,28,1786094418.2286072,move,352,362,.!frame.!entry
demo_session_06,28,1786094418.2786071,move,338,356,.!frame.!entry
demo_session_06,28,1786094418.328607,move,350,373,.!frame.!entry
demo_session_06,28,1786094418.378607,move,341,352,.!frame.!entry
demo_session_06,28,1786094418.428607,move,349,365,.!frame.!entry
demo_session_06,28,1786094418.478607,move,356,366,.!frame.!entry
demo_session_06,28,1786094418.528607,move,339,367,.!frame.!entry
demo_session_06,28,1786094418.5786068,move,336,357,.!frame.!entry
demo_session_06,28,1786094418.6286068,move,346,357,.!frame.!entry
demo_session_06,28,1786094418.6786067,move,343,372,.!frame.!entry
demo_session_06,28,1786094418.7286067,move,344,350,.!frame.!entry
demo_session_06,28,1786094418.7786067,move,335,350,.!frame.!entry
demo_session_06,28,1786094418.8286066,move,335,356,.!frame.!entry
demo_session_06,28,1786094418.8786066,move,341,356,.!frame.!entry
demo_session_06,28,1786094418.9286065,move,333,354,.!frame.!entry
demo_session_06,28,1786094418.9786065,move,332,349,.!frame.!entry
demo_session_06,28,1786094419.0286064,move,352,350,.!frame.!entry
demo_session_06,28,1786094419.0786064,move,346,351,.!frame.!entry
demo_session_06,28,1786094419.1286063,move,347,370,.!frame.!entry
demo_session_06,28,1786094419.1786063,move,338,354,.!frame.!entry
demo_session_06,28,1786094419.2286062,move,339,347,.!frame.!entry
demo_session_06,28,1786094419.2786062,move,354,349,.!frame.!entry
demo_session_06,28,1786094419.3286061,move,332,345,.!frame.!entry
demo_session_06,28,1786094419.378606,move,348,356,.!frame.!entry
demo_session_06,28,1786094419.428606,move,341,350,.!frame.!entry
demo_session_06,28,1786094419.478606,move,346,366,.!frame.!entry
demo_session_06,28,1786094419.528606,move,353,351,.!frame.!entry
demo_session_06,28,1786094419.578606,move,340,331,.!frame.!entry
demo_session_06,28,1786094419.6286058,move,342,352,.!frame.!entry
demo_session_06,28,1786094419.6786058,move,356,352,.!frame.!entry
demo_session_06,28,1786094419.7286057,move,338,357,.!frame.!entry
demo_session_06,28,1786094419.7786057,move,341,347,.!frame.!entry
demo_session_06,28,1786094419.8286057,move,344,351,.!frame.!entry
demo_session_06,28,1786094419.8786056,move,348,347,.!frame.!entry
demo_session_06,28,1786094419.9286056,move,338,329,.!frame.!entry
demo_session_06,28,1786094419.9786055,move,339,351,.!frame.!entry
demo_session_06,28,1786094420.0286055,move,345,343,.!frame.!entry
demo_session_06,28,1786094420.0786054,move,344,351,.!frame.!entry
demo_session_06,28,1786094420.1286054,move,333,348,.!frame.!entry
demo_session_06,28,1786094420.1786053,move,339,339,.!frame.!entry
demo_session_06,28,1786094420.2286053,move,350,351,.!frame.!entry
demo_session_06,28,1786094420.2786052,move,348,354,.!frame.!entry
demo_session_06,28,1786094420.3286052,move,350,338,.!frame.!entry
demo_session_06,28,1786094420.3786051,move,343,339,.!frame.!entry
demo_session_06,28,1786094420.428605,move,342,341,.!frame.!entry
demo_session_06,28,1786094420.478605,move,350,332,.!frame.!entry
demo_session_06,28,1786094420.528605,move,345,333,.!frame.!button
demo_session_06,28,1786094420.578605,move,344,344,.!frame.!button
demo_session_06,28,1786094420.628605,move,348,341,.!frame.!button
demo_session_06,28,1786094420.6786048,move,352,346,.!frame.!button
demo_session_06,28,1786094420.7286048,move,348,338,.!frame.!button
demo_session_06,28,1786094420.7786047,move,353,333,.!frame.!button
demo_session_06,28,1786094420.8286047,move,336,338,.!frame.!button
demo_session_06,28,1786094420.8786047,move,348,328,.!frame.!button
demo_session_06,28,1786094420.9286046,move,347,333,.!frame.!button
demo_session_06,28,1786094420.9786046,move,354,331,.!frame.!button
demo_session_06,28,1786094421.0286045,move,357,319,.!frame.!button
demo_session_06,28,1786094421.0786045,move,348,338,.!frame.!button
demo_session_06,28,1786094421.1286044,move,355,328,.!frame.!button
demo_session_06,28,1786094421.1786044,move,358,319,.!frame.!button
demo_session_06,28,1786094421.2286043,move,335,323,.!frame.!button
demo_session_06,28,1786094421.2786043,move,352,332,.!frame.!button
demo_session_06,28,1786094421.3286042,move,339,324,.!frame.!button
demo_session_06,28,1786094421.3786042,move,349,328,.!frame.!button
demo_session_06,28,1786094421.4286041,move,338,317,.!frame.!button
demo_session_06,28,1786094421.478604,move,357,322,.!frame.!button
demo_session_06,28,1786094421.528604,move,363,332,.!frame.!button
demo_session_06,28,1786094421.578604,move,340,319,.!frame.!button
demo_session_06,28,1786094421.628604,move,349,307,.!frame.!button
demo_session_06,28,1786094421.678604,move,350,329,.!frame.!button
demo_session_06,28,1786094421.7286038,move,346,314,.!frame.!button
demo_session_06,28,1786094421.7786038,move,353,320,.!frame.!button
demo_session_06,28,1786094421.8286037,move,355,317,.!frame.!button
demo_session_06,28,1786094421.8786037,move,356,335,.!frame.!button
demo_session_06,28,1786094421.9286036,move,353,320,.!frame.!button
demo_session_06,28,1786094421.9786036,move,364,325,.!frame.!button
demo_session_06,28,1786094422.0286036,move,334,313,.!frame.!button
demo_session_06,28,1786094422.0786035,move,334,323,.!frame.!button
demo_session_06,28,1786094422.1286035,move,342,323,.!frame.!button
demo_session_06,28,1786094422.1786034,move,349,323,.!frame.!button
demo_session_06,28,1786094422.2286034,move,343,323,.!frame.!button
demo_session_06,28,1786094422.325834,click,339,309,.!frame.!button
demo_session_06,29,1786094422.325834,move,262,126,.!frame.!entry
demo_session_06,29,1786094422.375834,move,249,134,.!frame.!entry
demo_session_06,29,1786094422.425834,move,274,140,.!frame.!entry
demo_session_06,29,1786094422.475834,move,266,105,.!frame.!entry
demo_session_06,29,1786094422.5258338,move,272,134,.!frame.!entry
demo_session_06,29,1786094422.5758338,move,261,136,.!frame.!entry
demo_session_06,29,1786094422.6258337,move,259,144,.!frame.!entry
demo_session_06,29,1786094422.6758337,move,262,143,.!frame.!entry
demo_session_06,29,1786094422.7258337,move,273,132,.!frame.!entry
demo_session_06,29,1786094422.7758336,move,255,145,.!frame.!entry
demo_session_06,29,1786094422.8258336,move,272,136,.!frame.!entry
demo_session_06,29,1786094422.8758335,move,275,136,.!frame.!entry
demo_session_06,29,1786094422.9258335,move,277,137,.!frame.!entry
demo_session_06,29,1786094422.9758334,move,270,158,.!frame.!entry
demo_session_06,29,1786094423.0258334,move,267,154,.!frame.!entry
demo_session_06,29,1786094423.0758333,move,272,158,.!frame.!entry
demo_session_06,29,1786094423.1258333,move,284,156,.!frame.!entry
demo_session_06,29,1786094423.1758332,move,293,158,.!frame.!entry
demo_session_06,29,1786094423.2258332,move,266,161,.!frame.!entry
demo_session_06,29,1786094423.2758331,move,268,165,.!frame.!entry
demo_session_06,29,1786094423.325833,move,269,146,.!frame.!entry
demo_session_06,29,1786094423.375833,move,293,163,.!frame.!entry
demo_session_06,29,1786094423.425833,move,274,157,.!frame.!entry
demo_session_06,29,1786094423.475833,move,292,176,.!frame.!entry
demo_session_06,29,1786094423.525833,move,286,155,.!frame.!entry
demo_session_06,29,1786094423.5758328,move,258,174,.!frame.!entry
demo_session_06,29,1786094423.6258328,move,273,153,.!frame.!entry
demo_session_06,29,1786094423.6758327,move,297,167,.!frame.!entry
demo_session_06,29,1786094423.7258327,move,297,172,.!frame.!entry
demo_session_06,29,1786094423.7758327,move,285,186,.!frame.!entry
demo_session_06,29,1786094423.8258326,move,284,174,.!frame.!entry
demo_session_06,29,1786094423.8758326,move,281,179,.!frame.!entry
demo_session_06,29,1786094423.9258325,move,282,191,.!frame.!entry
demo_session_06,29,1786094423.9758325,move,295,169,.!frame.!entry
demo_session_06,29,1786094424.0258324,move,291,194,.!frame.!entry
demo_session_06,29,1786094424.0758324,move,286,174,.!frame.!entry
demo_session_06,29,1786094424.1258323,move,294,181,.!frame.!entry
demo_session_06,29,1786094424.1758323,move,304,191,.!frame.!entry
demo_session_06,29,1786094424.2258322,move,274,181,.!frame.!entry
demo_session_06,29,1786094424.2758322,move,316,178,.!frame.!entry
demo_session_06,29,1786094424.3258321,move,301,192,.!frame.!entry
demo_session_06,29,1786094424.375832,move,297,200,.!frame.!entry
demo_session_06,29,1786094424.425832,move,299,199,.!frame.!entry
demo_session_06,29,1786094424.475832,move,284,218,.!frame.!entry
demo_session_06,29,1786094424.525832,move,298,201,.!frame.!entry
demo_session_06,29,1786094424.575832,move,307,216,.!frame.!entry
demo_session_06,29,1786094424.6258318,move,281,198,.!frame.!entry
demo_session_06,29,1786094424.6758318,move,305,224,.!frame.!entry
demo_session_06,29,1786094424.7258317,move,297,223,.!frame.!entry
demo_session_06,29,1786094424.7758317,move,320,195,.!frame.!entry
demo_session_06,29,1786094424.8258317,move,302,219,.!frame.!entry
demo_session_06,29,1786094424.8758316,move,307,215,.!frame.!entry
demo_session_06,29,1786094424.9258316,move,307,217,.!frame.!entry
demo_session_06,29,1786094424.9758315,move,291,234,.!frame.!entry
demo_session_06,29,1786094425.0258315,move,302,221,.!frame.!entry
demo_session_06,29,1786094425.0758314,move,313,220,.!frame.!entry
demo_session_06,29,1786094425.1258314,move,300,245,.!frame.!entry
demo_session_06,29,1786094425.1758313,move,307,221,.!frame.!entry
demo_session_06,29,1786094425.2258313,move,325,230,.!frame.!entry
demo_session_06,29,1786094425.2758312,move,320,223,.!frame.!entry
demo_session_06,29,1786094425.3258312,move,315,239,.!frame.!entry
demo_session_06,29,1786094425.3758311,move,315,251,.!frame.!entry
demo_session_06,29,1786094425.425831,move,320,248,.!frame.!entry
demo_session_06,29,1786094425.475831,move,297,228,.!frame.!entry
demo_session_06,29,1786094425.525831,move,318,254,.!frame.!entry
demo_session_06,29,1786094425.575831,move,307,245,.!frame.!entry
demo_session_06,29,1786094425.625831,move,320,241,.!frame.!entry
demo_session_06,29,1786094425.6758308,move,335,241,.!frame.!entry
demo_session_06,29,1786094425.7258308,move,311,257,.!frame.!entry
demo_session_06,29,1786094425.7758307,move,319,253,.!frame.!entry
demo_session_06,29,1786094425.8258307,move,316,257,.!frame.!entry
demo_session_06,29,1786094425.8758307,move,325,256,.!frame.!entry
demo_session_06,29,1786094425.9258306,move,326,257,.!frame.!entry
demo_session_06,29,1786094425.9758306,move,314,255,.!frame.!entry
demo_session_06,29,1786094426.0258305,move,330,248,.!frame.!button
demo_session_06,29,1786094426.0758305,move,325,257,.!frame.!button
demo_session_06,29,1786094426.1258304,move,308,265,.!frame.!button
demo_session_06,29,1786094426.1758304,move,309,270,.!frame.!button
demo_session_06,29,1786094426.2258303,move,337,264,.!frame.!button
demo_session_06,29,1786094426.2758303,move,326,268,.!frame.!button
demo_session_06,29,1786094426.3258302,move,324,266,.!frame.!button
demo_session_06,29,1786094426.3758302,move,330,262,.!frame.!button
demo_session_06,29,1786094426.4258301,move,337,278,.!frame.!button
demo_session_06,29,1786094426.47583,move,339,290,.!frame.!button
demo_session_06,29,1786094426.52583,move,336,271,.!frame.!button
demo_session_06,29,1786094426.57583,move,325,285,.!frame.!button
demo_session_06,29,1786094426.62583,move,323,284,.!frame.!button
demo_session_06,29,1786094426.67583,move,342,296,.!frame.!button
demo_session_06,29,1786094426.7258298,move,328,284,.!frame.!button
demo_session_06,29,1786094426.7758298,move,334,285,.!frame.!button
demo_session_06,29,1786094426.8258297,move,324,310,.!frame.!button
demo_session_06,29,1786094426.8758297,move,333,286,.!frame.!button
demo_session_06,29,1786094426.9258296,move,337,309,.!frame.!button
demo_session_06,29,1786094426.9758296,move,333,313,.!frame.!button
demo_session_06,29,1786094427.0258296,move,342,296,.!frame.!button
demo_session_06,29,1786094427.0758295,move,326,301,.!frame.!button
demo_session_06,29,1786094427.1258295,move,341,303,.!frame.!button
demo_session_06,29,1786094427.1758294,move,334,310,.!frame.!button
demo_session_06,29,1786094427.2258294,move,356,307,.!frame.!button
demo_session_06,29,1786094427.2758293,move,339,327,.!frame.!button
demo_session_06,29,1786094427.3258293,move,343,304,.!frame.!button
demo_session_06,29,1786094427.3758292,move,353,313,.!frame.!button
demo_session_06,29,1786094427.4258292,move,343,324,.!frame.!button
demo_session_06,29,1786094427.4758291,move,354,309,.!frame.!button
demo_session_06,29,1786094427.525829,move,357,322,.!frame.!button
demo_session_06,29,1786094427.575829,move,340,323,.!frame.!button
demo_session_06,29,1786094427.630858,click,338,308,.!frame.!button
demo_session_06,30,1786094427.630858,move,466,232,.!frame.!entry
demo_session_06,30,1786094427.680858,move,460,252,.!frame.!entry
demo_session_06,30,1786094427.7308578,move,454,251,.!frame.!entry
demo_session_06,30,1786094427.7808578,move,467,251,.!frame.!entry
demo_session_06,30,1786094427.8308578,move,460,235,.!frame.!entry
demo_session_06,30,1786094427.8808577,move,466,244,.!frame.!entry
demo_session_06,30,1786094427.9308577,move,447,239,.!frame.!entry
demo_session_06,30,1786094427.9808576,move,449,248,.!frame.!entry
demo_session_06,30,1786094428.0308576,move,466,241,.!frame.!entry
demo_session_06,30,1786094428.0808575,move,451,244,.!frame.!entry
demo_session_06,30,1786094428.1308575,move,453,247,.!frame.!entry
demo_session_06,30,1786094428.1808574,move,460,257,.!frame.!entry
demo_session_06,30,1786094428.2308574,move,449,242,.!frame.!entry
demo_session_06,30,1786094428.2808573,move,465,253,.!frame.!entry
demo_session_06,30,1786094428.3308573,move,440,259,.!frame.!entry
demo_session_06,30,1786094428.3808572,move,459,271,.!frame.!entry
demo_session_06,30,1786094428.4308572,move,445,244,.!frame.!entry
demo_session_06,30,1786094428.4808571,move,448,262,.!frame.!entry
demo_session_06,30,1786094428.530857,move,447,268,.!frame.!entry
demo_session_06,30,1786094428.580857,move,443,277,.!frame.!entry
demo_session_06,30,1786094428.630857,move,456,250,.!frame.!entry
demo_session_06,30,1786094428.680857,move,450,244,.!frame.!entry
demo_session_06,30,1786094428.730857,move,430,254,.!frame.!entry
demo_session_06,30,1786094428.7808568,move,427,266,.!frame.!entry
demo_session_06,30,1786094428.8308568,move,454,266,.!frame.!entry
demo_session_06,30,1786094428.8808568,move,434,261,.!frame.!entry
demo_session_06,30,1786094428.9308567,move,423,257,.!frame.!entry
demo_session_06,30,1786094428.9808567,move,444,275,.!frame.!entry
demo_session_06,30,1786094429.0308566,move,433,257,.!frame.!entry
demo_session_06,30,1786094429.0808566,move,440,253,.!frame.!entry
demo_session_06,30,1786094429.1308565,move,431,264,.!frame.!entry
demo_session_06,30,1786094429.1808565,move,428,289,.!frame.!entry
demo_session_06,30,1786094429.2308564,move,425,263,.!frame.!entry
demo_session_06,30,1786094429.2808564,move,420,252,.!frame.!entry
demo_session_06,30,1786094429.3308563,move,427,265,.!frame.!entry
demo_session_06,30,1786094429.3808563,move,411,257,.!frame.!entry
demo_session_06,30,1786094429.4308562,move,429,271,.!frame.!entry
demo_session_06,30,1786094429.4808562,move,421,258,.!frame.!entry
demo_session_06,30,1786094429.5308561,move,433,266,.!frame.!entry
demo_session_06,30,1786094429.580856,move,409,284,.!frame.!entry
demo_session_06,30,1786094429.630856,move,430,278,.!frame.!entry
demo_session_06,30,1786094429.680856,move,417,285,.!frame.!entry
demo_session_06,30,1786094429.730856,move,418,279,.!frame.!entry
demo_session_06,30,1786094429.780856,move,426,276,.!frame.!entry
demo_session_06,30,1786094429.8308558,move,410,274,.!frame.!entry
demo_session_06,30,1786094429.8808558,move,416,280,.!frame.!entry
demo_session_06,30,1786094429.9308558,move,422,292,.!frame.!entry
demo_session_06,30,1786094429.9808557,move,396,274,.!frame.!entry
demo_session_06,30,1786094430.0308557,move,424,289,.!frame.!entry
demo_session_06,30,1786094430.0808556,move,395,275,.!frame.!entry
demo_session_06,30,1786094430.1308556,move,415,304,.!frame.!entry
demo_session_06,30,1786094430.1808555,move,404,283,.!frame.!entry
demo_session_06,30,1786094430.2308555,move,397,284,.!frame.!entry
demo_session_06,30,1786094430.2808554,move,400,281,.!frame.!entry
demo_session_06,30,1786094430.3308554,move,402,289,.!frame.!entry
demo_session_06,30,1786094430.3808553,move,388,276,.!frame.!entry
demo_session_06,30,1786094430.4308553,move,408,291,.!frame.!entry
demo_session_06,30,1786094430.4808552,move,394,284,.!frame.!entry
demo_session_06,30,1786094430.5308552,move,387,296,.!frame.!entry
demo_session_06,30,1786094430.5808551,move,392,293,.!frame.!entry
demo_session_06,30,1786094430.630855,move,394,298,.!frame.!entry
demo_session_06,30,1786094430.680855,move,406,286,.!frame.!entry
demo_session_06,30,1786094430.730855,move,386,295,.!frame.!entry
demo_session_06,30,1786094430.780855,move,387,290,.!frame.!entry
demo_session_06,30,1786094430.830855,move,396,313,.!frame.!entry
demo_session_06,30,1786094430.8808548,move,389,272,.!frame.!entry
demo_session_06,30,1786094430.9308548,move,393,278,.!frame.!entry
demo_session_06,30,1786094430.9808547,move,386,294,.!frame.!entry
demo_session_06,30,1786094431.0308547,move,377,298,.!frame.!entry
demo_session_06,30,1786094431.0808547,move,382,295,.!frame.!button
demo_session_06,30,1786094431.1308546,move,401,307,.!frame.!button
demo_session_06,30,1786094431.1808546,move,388,302,.!frame.!button
demo_session_06,30,1786094431.2308545,move,377,297,.!frame.!button
demo_session_06,30,1786094431.2808545,move,377,295,.!frame.!button
demo_session_06,30,1786094431.3308544,move,373,289,.!frame.!button
demo_session_06,30,1786094431.3808544,move,376,307,.!frame.!button
demo_session_06,30,1786094431.4308543,move,369,295,.!frame.!button
demo_session_06,30,1786094431.4808543,move,369,307,.!frame.!button
demo_session_06,30,1786094431.5308542,move,362,288,.!frame.!button
demo_session_06,30,1786094431.5808542,move,374,301,.!frame.!button
demo_session_06,30,1786094431.6308541,move,370,304,.!frame.!button
demo_session_06,30,1786094431.680854,move,358,307,.!frame.!button
demo_session_06,30,1786094431.730854,move,379,299,.!frame.!button
demo_session_06,30,1786094431.780854,move,371,312,.!frame.!button
demo_session_06,30,1786094431.830854,move,365,317,.!frame.!button
demo_session_06,30,1786094431.880854,move,368,311,.!frame.!button
demo_session_06,30,1786094431.9308538,move,351,302,.!frame.!button
demo_session_06,30,1786094431.9808538,move,360,315,.!frame.!button
demo_session_06,30,1786094432.0308537,move,375,322,.!frame.!button
demo_session_06,30,1786094432.0808537,move,358,313,.!frame.!button
demo_session_06,30,1786094432.1308537,move,363,309,.!frame.!button
demo_session_06,30,1786094432.1808536,move,347,308,.!frame.!button
demo_session_06,30,1786094432.2308536,move,345,321,.!frame.!button
demo_session_06,30,1786094432.2808535,move,359,315,.!frame.!button
demo_session_06,30,1786094432.3308535,move,348,307,.!frame.!button
demo_session_06,30,1786094432.3808534,move,358,323,.!frame.!button
demo_session_06,30,1786094432.4308534,move,341,317,.!frame.!button
demo_session_06,30,1786094432.4808533,move,361,315,.!frame.!button
demo_session_06,30,1786094432.5308533,move,343,326,.!frame.!button
demo_session_06,30,1786094432.5869188,click,347,317,.!frame.!button
demo_session_06,31,1786094432.5869188,move,395,237,.!frame.!entry
demo_session_06,31,1786094432.6369188,move,398,236,.!frame.!entry
demo_session_06,31,1786094432.6869187,move,392,257,.!frame.!entry
demo_session_06,31,1786094432.7369187,move,402,234,.!frame.!entry
demo_session_06,31,1786094432.7869186,move,390,260,.!frame.!entry
demo_session_06,31,1786094432.8369186,move,397,251,.!frame.!entry
demo_session_06,31,1786094432.8869185,move,391,258,.!frame.!entry
demo_session_06,31,1786094432.9369185,move,389,258,.!frame.!entry
demo_session_06,31,1786094432.9869184,move,401,253,.!frame.!entry
demo_session_06,31,1786094433.0369184,move,396,262,.!frame.!entry
demo_session_06,31,1786094433.0869184,move,397,244,.!frame.!entry
demo_session_06,31,1786094433.1369183,move,403,260,.!frame.!entry
demo_session_06,31,1786094433.1869183,move,402,265,.!frame.!entry
demo_session_06,31,1786094433.2369182,move,399,264,.!frame.!entry
demo_session_06,31,1786094433.2869182,move,387,254,.!frame.!entry
demo_session_06,31,1786094433.336918,move,399,263,.!frame.!entry
demo_session_06,31,1786094433.386918,move,398,263,.!frame.!entry
demo_session_06,31,1786094433.436918,move,387,267,.!frame.!entry
demo_session_06,31,1786094433.486918,move,379,246,.!frame.!entry
demo_session_06,31,1786094433.536918,move,395,267,.!frame.!entry
demo_session_06,31,1786094433.5869179,move,387,265,.!frame.!entry
demo_session_06,31,1786094433.6369178,move,393,262,.!frame.!entry
demo_session_06,31,1786094433.6869178,move,382,261,.!frame.!entry
demo_session_06,31,1786094433.7369177,move,392,270,.!frame.!entry
demo_session_06,31,1786094433.7869177,move,395,266,.!frame.!entry
demo_session_06,31,1786094433.8369176,move,392,261,.!frame.!entry
demo_session_06,31,1786094433.8869176,move,383,260,.!frame.!entry
demo_session_06,31,1786094433.9369175,move,396,262,.!frame.!entry
demo_session_06,31,1786094433.9869175,move,388,261,.!frame.!entry
demo_session_06,31,1786094434.0369174,move,393,277,.!frame.!entry
demo_session_06,31,1786094434.0869174,move,377,262,.!frame.!entry
demo_session_06,31,1786094434.1369174,move,392,263,.!frame.!entry
demo_session_06,31,1786094434.1869173,move,382,270,.!frame.!entry
demo_session_06,31,1786094434.2369173,move,387,277,.!frame.!entry
demo_session_06,31,1786094434.2869172,move,393,270,.!frame.!entry
demo_session_06,31,1786094434.3369172,move,374,271,.!frame.!entry
demo_session_06,31,1786094434.386917,move,385,261,.!frame.!entry
demo_session_06,31,1786094434.436917,move,390,261,.!frame.!entry
demo_session_06,31,1786094434.486917,move,382,280,.!frame.!entry
demo_session_06,31,1786094434.536917,move,393,279,.!frame.!entry
demo_session_06,31,1786094434.586917,move,400,283,.!frame.!entry
demo_session_06,31,1786094434.6369169,move,387,279,.!frame.!entry
demo_session_06,31,1786094434.6869168,move,370,277,.!frame.!entry
demo_session_06,31,1786094434.7369168,move,378,265,.!frame.!entry
demo_session_06,31,1786094434.7869167,move,378,280,.!frame.!entry
demo_session_06,31,1786094434.8369167,move,387,286,.!frame.!entry
demo_session_06,31,1786094434.8869166,move,376,281,.!frame.!entry
demo_session_06,31,1786094434.9369166,move,381,285,.!frame.!entry
demo_session_06,31,1786094434.9869165,move,367,286,.!frame.!entry
demo_session_06,31,1786094435.0369165,move,385,277,.!frame.!entry
demo_session_06,31,1786094435.0869164,move,376,273,.!frame.!entry
demo_session_06,31,1786094435.1369164,move,390,272,.!frame.!entry
demo_session_06,31,1786094435.1869164,move,374,278,.!frame.!entry
demo_session_06,31,1786094435.2369163,move,369,281,.!frame.!entry
demo_session_06,31,1786094435.2869163,move,378,293,.!frame.!entry
demo_session_06,31,1786094435.3369162,move,387,289,.!frame.!entry
demo_session_06,31,1786094435.3869162,move,380,273,.!frame.!entry
demo_session_06,31,1786094435.436916,move,380,289,.!frame.!entry
demo_session_06,31,1786094435.486916,move,380,296,.!frame.!entry
demo_session_06,31,1786094435.536916,move,365,293,.!frame.!entry
demo_session_06,31,1786094435.586916,move,362,281,.!frame.!entry
demo_session_06,31,1786094435.636916,move,367,293,.!frame.!entry
demo_session_06,31,1786094435.6869159,move,365,278,.!frame.!entry
demo_session_06,31,1786094435.7369158,move,361,296,.!frame.!entry
demo_session_06,31,1786094435.7869158,move,365,284,.!frame.!entry
demo_session_06,31,1786094435.8369157,move,349,295,.!frame.!entry
demo_session_06,31,1786094435.8869157,move,375,296,.!frame.!entry
demo_session_06,31,1786094435.9369156,move,375,280,.!frame.!entry
demo_session_06,31,1786094435.9869156,move,363,299,.!frame.!entry
demo_session_06,31,1786094436.0369155,move,374,288,.!frame.!entry
demo_session_06,31,1786094436.0869155,move,365,296,.!frame.!entry
demo_session_06,31,1786094436.1369154,move,362,304,.!frame.!entry
demo_session_06,31,1786094436.1869154,move,374,302,.!frame.!entry
demo_session_06,31,1786094436.2369153,move,359,308,.!frame.!entry
demo_session_06,31,1786094436.2869153,move,375,299,.!frame.!entry
demo_session_06,31,1786094436.3369153,move,370,295,.!frame.!button
demo_session_06,31,1786094436.3869152,move,370,308,.!frame.!button
demo_session_06,31,1786094436.4369152,move,368,293,.!frame.!button
demo_session_06,31,1786094436.486915,move,355,287,.!frame.!button
demo_session_06,31,1786094436.536915,move,364,306,.!frame.!button
demo_session_06,31,1786094436.586915,move,363,308,.!frame.!button
demo_session_06,31,1786094436.636915,move,375,303,.!frame.!button
demo_session_06,31,1786094436.686915,move,365,305,.!frame.!button
demo_session_06,31,1786094436.7369149,move,357,310,.!frame.!button
demo_session_06,31,1786094436.7869148,move,363,310,.!frame.!button
demo_session_06,31,1786094436.8369148,move,372,316,.!frame.!button
demo_session_06,31,1786094436.8869147,move,352,300,.!frame.!button
demo_session_06,31,1786094436.9369147,move,376,299,.!frame.!button
demo_session_06,31,1786094436.9869146,move,341,315,.!frame.!button
demo_session_06,31,1786094437.0369146,move,352,305,.!frame.!button
demo_session_06,31,1786094437.0869145,move,350,316,.!frame.!button
demo_session_06,31,1786094437.1369145,move,356,310,.!frame.!button
demo_session_06,31,1786094437.1869144,move,347,305,.!frame.!button
demo_session_06,31,1786094437.2369144,move,363,308,.!frame.!button
demo_session_06,31,1786094437.2869143,move,353,327,.!frame.!button
demo_session_06,31,1786094437.3369143,move,347,319,.!frame.!button
demo_session_06,31,1786094437.3869143,move,368,325,.!frame.!button
demo_session_06,31,1786094437.4369142,move,339,328,.!frame.!button
demo_session_06,31,1786094437.4869142,move,361,326,.!frame.!button
demo_session_06,31,1786094437.536914,move,351,318,.!frame.!button
demo_session_06,31,1786094437.586914,move,362,305,.!frame.!button
demo_session_06,31,1786094437.636914,move,359,306,.!frame.!button
demo_session_06,31,1786094437.686914,move,339,331,.!frame.!button
demo_session_06,31,1786094437.736914,move,342,322,.!frame.!button
demo_session_06,31,1786094437.7869139,move,354,325,.!frame.!button
demo_session_06,31,1786094437.8369138,move,354,323,.!frame.!button
demo_session_06,31,1786094437.8869138,move,341,314,.!frame.!button
demo_session_06,31,1786094437.9585266,click,357,327,.!frame.!button
demo_session_06,32,1786094437.9585266,move,258,195,.!frame.!entry
demo_session_06,32,1786094438.0085266,move,238,170,.!frame.!entry
demo_session_06,32,1786094438.0585265,move,262,177,.!frame.!entry
demo_session_06,32,1786094438.1085265,move,241,185,.!frame.!entry
demo_session_06,32,1786094438.1585264,move,259,166,.!frame.!entry
demo_session_06,32,1786094438.2085264,move,261,176,.!frame.!entry
demo_session_06,32,1786094438.2585263,move,271,194,.!frame.!entry
demo_session_06,32,1786094438.3085263,move,251,156,.!frame.!entry
demo_session_06,32,1786094438.3585262,move,245,191,.!frame.!entry
demo_session_06,32,1786094438.4085262,move,263,187,.!frame.!entry
demo_session_06,32,1786094438.4585261,move,261,180,.!frame.!entry
demo_session_06,32,1786094438.508526,move,256,190,.!frame.!entry
demo_session_06,32,1786094438.558526,move,266,176,.!frame.!entry
demo_session_06,32,1786094438.608526,move,253,200,.!frame.!entry
demo_session_06,32,1786094438.658526,move,270,201,.!frame.!entry
demo_session_06,32,1786094438.708526,move,255,176,.!frame.!entry
demo_session_06,32,1786094438.7585258,move,267,182,.!frame.!entry
demo_session_06,32,1786094438.8085258,move,272,199,.!frame.!entry
demo_session_06,32,1786094438.8585258,move,271,198,.!frame.!entry
demo_session_06,32,1786094438.9085257,move,262,196,.!frame.!entry
demo_session_06,32,1786094438.9585257,move,250,192,.!frame.!entry
demo_session_06,32,1786094439.0085256,move,264,179,.!frame.!entry
demo_session_06,32,1786094439.0585256,move,277,203,.!frame.!entry
demo_session_06,32,1786094439.1085255,move,262,209,.!frame.!entry
demo_session_06,32,1786094439.1585255,move,270,219,.!frame.!entry
demo_session_06,32,1786094439.2085254,move,259,215,.!frame.!entry
demo_session_06,32,1786094439.2585254,move,281,207,.!frame.!entry
demo_session_06,32,1786094439.3085253,move,291,213,.!frame.!entry
demo_session_06,32,1786094439.3585253,move,284,204,.!frame.!entry
demo_session_06,32,1786094439.4085252,move,274,211,.!frame.!entry
demo_session_06,32,1786094439.4585252,move,285,211,.!frame.!entry
demo_session_06,32,1786094439.5085251,move,269,205,.!frame.!entry
demo_session_06,32,1786094439.558525,move,287,218,.!frame.!entry
demo_session_06,32,1786094439.608525,move,281,222,.!frame.!entry
demo_session_06,32,1786094439.658525,move,268,233,.!frame.!entry
demo_session_06,32,1786094439.708525,move,267,227,.!frame.!entry
demo_session_06,32,1786094439.758525,move,283,227,.!frame.!entry
demo_session_06,32,1786094439.8085248,move,275,211,.!frame.!entry
demo_session_06,32,1786094439.8585248,move,280,213,.!frame.!entry
demo_session_06,32,1786094439.9085248,move,272,220,.!frame.!entry
demo_session_06,32,1786094439.9585247,move,278,237,.!frame.!entry
demo_session_06,32,1786094440.0085247,move,291,213,.!frame.!entry
demo_session_06,32,1786094440.0585246,move,286,231,.!frame.!entry
demo_session_06,32,1786094440.1085246,move,292,228,.!frame.!entry
demo_session_06,32,1786094440.1585245,move,288,238,.!frame.!entry
demo_session_06,32,1786094440.2085245,move,289,224,.!frame.!entry
demo_session_06,32,1786094440.2585244,move,297,230,.!frame.!entry
demo_session_06,32,1786094440.3085244,move,297,229,.!frame.!entry
demo_session_06,32,1786094440.3585243,move,285,224,.!frame.!entry
demo_session_06,32,1786094440.4085243,move,282,235,.!frame.!entry
demo_session_06,32,1786094440.4585242,move,283,228,.!frame.!entry
demo_session_06,32,1786094440.5085242,move,299,238,.!frame.!entry
demo_session_06,32,1786094440.5585241,move,284,245,.!frame.!entry
demo_session_06,32,1786094440.608524,move,298,237,.!frame.!entry
demo_session_06,32,1786094440.658524,move,288,250,.!frame.!entry
demo_session_06,32,1786094440.708524,move,305,244,.!frame.!entry
demo_session_06,32,1786094440.758524,move,286,254,.!frame.!entry
demo_session_06,32,1786094440.808524,move,305,243,.!frame.!entry
demo_session_06,32,1786094440.8585238,move,284,237,.!frame.!entry
demo_session_06,32,1786094440.9085238,move,302,237,.!frame.!entry
demo_session_06,32,1786094440.9585238,move,294,237,.!frame.!entry
demo_session_06,32,1786094441.0085237,move,291,244,.!frame.!entry
demo_session_06,32,1786094441.0585237,move,296,248,.!frame.!entry
demo_session_06,32,1786094441.1085236,move,315,257,.!frame.!entry
demo_session_06,32,1786094441.1585236,move,300,263,.!frame.!entry
demo_session_06,32,1786094441.2085235,move,308,242,.!frame.!entry
demo_session_06,32,1786094441.2585235,move,301,252,.!frame.!entry
demo_session_06,32,1786094441.3085234,move,301,244,.!frame.!entry
demo_session_06,32,1786094441.3585234,move,298,250,.!frame.!entry
demo_session_06,32,1786094441.4085233,move,304,253,.!frame.!entry
demo_session_06,32,1786094441.4585233,move,305,264,.!frame.!entry
demo_session_06,32,1786094441.5085232,move,304,258,.!frame.!entry
demo_session_06,32,1786094441.5585232,move,312,257,.!frame.!entry
demo_session_06,32,1786094441.6085231,move,302,252,.!frame.!entry
demo_session_06,32,1786094441.658523,move,327,255,.!frame.!entry
demo_session_06,32,1786094441.708523,move,307,259,.!frame.!entry
demo_session_06,32,1786094441.758523,move,312,263,.!frame.!entry
demo_session_06,32,1786094441.808523,move,314,255,.!frame.!entry
demo_session_06,32,1786094441.858523,move,319,269,.!frame.!entry
demo_session_06,32,1786094441.9085228,move,318,266,.!frame.!entry
demo_session_06,32,1786094441.9585228,move,317,261,.!frame.!entry
demo_session_06,32,1786094442.0085227,move,312,276,.!frame.!entry
demo_session_06,32,1786094442.0585227,move,313,269,.!frame.!entry
demo_session_06,32,1786094442.1085227,move,333,262,.!frame.!entry
demo_session_06,32,1786094442.1585226,move,321,270,.!frame.!entry
demo_session_06,32,1786094442.2085226,move,337,271,.!frame.!entry
demo_session_06,32,1786094442.2585225,move,307,296,.!frame.!button
demo_session_06,32,1786094442.3085225,move,325,284,.!frame.!button
demo_session_06,32,1786094442.3585224,move,330,286,.!frame.!button
demo_session_06,32,1786094442.4085224,move,324,293,.!frame.!button
demo_session_06,32,1786094442.4585223,move,339,283,.!frame.!button
demo_session_06,32,1786094442.5085223,move,331,292,.!frame.!button
demo_session_06,32,1786094442.5585222,move,333,296,.!frame.!button
demo_session_06,32,1786094442.6085222,move,328,295,.!frame.!button
demo_session_06,32,1786094442.6585221,move,338,279,.!frame.!button
demo_session_06,32,1786094442.708522,move,322,279,.!frame.!button
demo_session_06,32,1786094442.758522,move,339,290,.!frame.!button
demo_session_06,32,1786094442.808522,move,334,295,.!frame.!button
demo_session_06,32,1786094442.858522,move,329,279,.!frame.!button
demo_session_06,32,1786094442.908522,move,329,277,.!frame.!button
demo_session_06,32,1786094442.9585218,move,322,302,.!frame.!button
demo_session_06,32,1786094443.0085218,move,333,298,.!frame.!button
demo_session_06,32,1786094443.0585217,move,334,304,.!frame.!button
demo_session_06,32,1786094443.1085217,move,331,298,.!frame.!button
demo_session_06,32,1786094443.1585217,move,353,289,.!frame.!button
demo_session_06,32,1786094443.2085216,move,343,302,.!frame.!button
demo_session_06,32,1786094443.2585216,move,324,301,.!frame.!button
demo_session_06,32,1786094443.3085215,move,349,285,.!frame.!button
demo_session_06,32,1786094443.3585215,move,341,300,.!frame.!button
demo_session_06,32,1786094443.4085214,move,345,310,.!frame.!button
demo_session_06,32,1786094443.4585214,move,338,307,.!frame.!button
demo_session_06,32,1786094443.5085213,move,342,313,.!frame.!button
demo_session_06,32,1786094443.5585213,move,334,313,.!frame.!button
demo_session_06,32,1786094443.6085212,move,345,307,.!frame.!button
demo_session_06,32,1786094443.6585212,move,355,305,.!frame.!button
demo_session_06,32,1786094443.7085211,move,336,314,.!frame.!button
demo_session_06,32,1786094443.758521,move,344,317,.!frame.!button
demo_session_06,32,1786094443.808521,move,356,305,.!frame.!button
demo_session_06,32,1786094443.858521,move,343,322,.!frame.!button
demo_session_06,32,1786094443.908521,move,339,308,.!frame.!button
demo_session_06,32,1786094443.958521,move,349,322,.!frame.!button
demo_session_06,32,1786094444.0085208,move,350,314,.!frame.!button
demo_session_06,32,1786094444.0585208,move,347,335,.!frame.!button
demo_session_06,32,1786094444.1181934,click,346,316,.!frame.!button
demo_session_06,33,1786094453.7588928,move,386,235,.!frame.!entry
demo_session_06,33,1786094453.8088927,move,379,240,.!frame.!entry
demo_session_06,33,1786094453.8588927,move,402,240,.!frame.!entry
demo_session_06,33,1786094453.9088926,move,394,249,.!frame.!entry
demo_session_06,33,1786094453.9588926,move,403,228,.!frame.!entry
demo_session_06,33,1786094454.0088925,move,403,236,.!frame.!entry
demo_session_06,33,1786094454.0588925,move,373,216,.!frame.!entry
demo_session_06,33,1786094454.1088924,move,382,224,.!frame.!entry
demo_session_06,33,1786094454.1588924,move,396,228,.!frame.!entry
demo_session_06,33,1786094454.2088923,move,387,228,.!frame.!entry
demo_session_06,33,1786094454.2588923,move,386,231,.!frame.!entry
demo_session_06,33,1786094454.3088923,move,403,241,.!frame.!entry
demo_session_06,33,1786094454.3588922,move,386,245,.!frame.!entry
demo_session_06,33,1786094454.4088922,move,405,238,.!frame.!entry
demo_session_06,33,1786094454.458892,move,387,224,.!frame.!entry
demo_session_06,33,1786094454.508892,move,371,228,.!frame.!entry
demo_session_06,33,1786094454.558892,move,385,241,.!frame.!entry
demo_session_06,33,1786094454.608892,move,413,254,.!frame.!entry
demo_session_06,33,1786094454.658892,move,388,235,.!frame.!entry
demo_session_06,33,1786094454.7088919,move,368,245,.!frame.!entry
demo_session_06,33,1786094454.7588918,move,395,241,.!frame.!entry
demo_session_06,33,1786094454.8088918,move,376,233,.!frame.!entry
demo_session_06,33,1786094454.8588917,move,378,255,.!frame.!entry
demo_session_06,33,1786094454.9088917,move,359,243,.!frame.!entry
demo_session_06,33,1786094454.9588916,move,382,259,.!frame.!entry
demo_session_06,33,1786094455.0088916,move,387,255,.!frame.!entry
demo_session_06,33,1786094455.0588915,move,372,252,.!frame.!entry
demo_session_06,33,1786094455.1088915,move,383,266,.!frame.!entry
demo_session_06,33,1786094455.1588914,move,384,273,.!frame.!entry
demo_session_06,33,1786094455.2088914,move,375,241,.!frame.!entry
demo_session_06,33,1786094455.2588913,move,386,236,.!frame.!entry
demo_session_06,33,1786094455.3088913,move,392,244,.!frame.!entry
demo_session_06,33,1786094455.3588912,move,380,259,.!frame.!entry
demo_session_06,33,1786094455.4088912,move,382,246,.!frame.!entry
demo_session_06,33,1786094455.4588912,move,384,255,.!frame.!entry
demo_session_06,33,1786094455.508891,move,390,257,.!frame.!entry
demo_session_06,33,1786094455.558891,move,376,288,.!frame.!entry
demo_session_06,33,1786094455.608891,move,390,249,.!frame.!entry
demo_session_06,33,1786094455.658891,move,380,278,.!frame.!entry
demo_session_06,33,1786094455.708891,move,392,243,.!frame.!entry
demo_session_06,33,1786094455.7588909,move,368,255,.!frame.!entry
demo_session_06,33,1786094455.8088908,move,372,259,.!frame.!entry
demo_session_06,33,1786094455.8588908,move,392,247,.!frame.!entry
demo_session_06,33,1786094455.9088907,move,385,276,.!frame.!entry
demo_session_06,33,1786094455.9588907,move,396,261,.!frame.!entry
demo_session_06,33,1786094456.0088906,move,374,255,.!frame.!entry
demo_session_06,33,1786094456.0588906,move,390,273,.!frame.!entry
demo_session_06,33,1786094456.1088905,move,391,264,.!frame.!entry
demo_session_06,33,1786094456.1588905,move,376,275,.!frame.!entry
demo_session_06,33,1786094456.2088904,move,388,266,.!frame.!entry
demo_session_06,33,1786094456.2588904,move,390,255,.!frame.!entry
demo_session_06,33,1786094456.3088903,move,353,266,.!frame.!entry
demo_session_06,33,1786094456.3588903,move,392,278,.!frame.!entry
demo_session_06,33,1786094456.4088902,move,370,263,.!frame.!entry
demo_session_06,33,1786094456.4588902,move,381,267,.!frame.!entry
demo_session_06,33,1786094456.5088902,move,368,271,.!frame.!entry
demo_session_06,33,1786094456.55889,move,382,266,.!frame.!entry
demo_session_06,33,1786094456.60889,move,372,279,.!frame.!entry
demo_session_06,33,1786094456.65889,move,387,258,.!frame.!entry
demo_session_06,33,1786094456.70889,move,380,270,.!frame.!entry
demo_session_06,33,1786094456.75889,move,364,287,.!frame.!entry
demo_session_06,33,1786094456.8088899,move,378,282,.!frame.!entry
demo_session_06,33,1786094456.8588898,move,371,262,.!frame.!entry
demo_session_06,33,1786094456.9088898,move,373,278,.!frame.!entry
demo_session_06,33,1786094456.9588897,move,379,270,.!frame.!entry
demo_session_06,33,1786094457.0088897,move,357,288,.!frame.!entry
demo_session_06,33,1786094457.0588896,move,366,290,.!frame.!entry
demo_session_06,33,1786094457.1088896,move,357,280,.!frame.!entry
demo_session_06,33,1786094457.1588895,move,357,296,.!frame.!entry
demo_session_06,33,1786094457.2088895,move,349,295,.!frame.!entry
demo_session_06,33,1786094457.2588894,move,358,281,.!frame.!entry
demo_session_06,33,1786094457.3088894,move,371,289,.!frame.!entry
demo_session_06,33,1786094457.3588893,move,383,273,.!frame.!entry
demo_session_06,33,1786094457.4088893,move,358,293,.!frame.!entry
demo_session_06,33,1786094457.4588892,move,385,294,.!frame.!entry
demo_session_06,33,1786094457.5088892,move,358,275,.!frame.!entry
demo_session_06,33,1786094457.5588892,move,367,302,.!frame.!entry
demo_session_06,33,1786094457.608889,move,364,297,.!frame.!entry
demo_session_06,33,1786094457.658889,move,364,291,.!frame.!entry
demo_session_06,33,1786094457.708889,move,369,279,.!frame.!entry
demo_session_06,33,1786094457.758889,move,361,299,.!frame.!entry
demo_session_06,33,1786094457.808889,move,355,296,.!frame.!entry
demo_session_06,33,1786094457.8588889,move,375,310,.!frame.!button
demo_session_06,33,1786094457.9088888,move,358,294,.!frame.!button
demo_session_06,33,1786094457.9588888,move,353,287,.!frame.!button
demo_session_06,33,1786094458.0088887,move,356,291,.!frame.!button
demo_session_06,33,1786094458.0588887,move,359,286,.!frame.!button
demo_session_06,33,1786094458.1088886,move,358,290,.!frame.!button
demo_session_06,33,1786094458.1588886,move,349,282,.!frame.!button
demo_session_06,33,1786094458.2088885,move,372,295,.!frame.!button
demo_session_06,33,1786094458.2588885,move,368,303,.!frame.!button
demo_session_06,33,1786094458.3088884,move,365,285,.!frame.!button
demo_session_06,33,1786094458.3588884,move,372,281,.!frame.!button
demo_session_06,33,1786094458.4088883,move,356,299,.!frame.!button
demo_session_06,33,1786094458.4588883,move,348,304,.!frame.!button
demo_session_06,33,1786094458.5088882,move,364,298,.!frame.!button
demo_session_06,33,1786094458.5588882,move,347,304,.!frame.!button
demo_session_06,33,1786094458.6088881,move,352,305,.!frame.!button
demo_session_06,33,1786094458.658888,move,350,303,.!frame.!button
demo_session_06,33,1786094458.708888,move,354,292,.!frame.!button
demo_session_06,33,1786094458.758888,move,362,306,.!frame.!button
demo_session_06,33,1786094458.808888,move,355,303,.!frame.!button
demo_session_06,33,1786094458.858888,move,352,291,.!frame.!button
demo_session_06,33,1786094458.9088879,move,345,308,.!frame.!button
demo_session_06,33,1786094458.9588878,move,354,298,.!frame.!button
demo_session_06,33,1786094459.0088878,move,356,320,.!frame.!button
demo_session_06,33,1786094459.0588877,move,359,322,.!frame.!button
demo_session_06,33,1786094459.1088877,move,353,319,.!frame.!button
demo_session_06,33,1786094459.1588876,move,368,323,.!frame.!button
demo_session_06,33,1786094459.2088876,move,349,309,.!frame.!button
demo_session_06,33,1786094459.2588875,move,365,333,.!frame.!button
demo_session_06,33,1786094459.3088875,move,357,317,.!frame.!button
demo_session_06,33,1786094459.3588874,move,357,325,.!frame.!button
demo_session_06,33,1786094459.4088874,move,351,310,.!frame.!button
demo_session_06,33,1786094459.4588873,move,354,314,.!frame.!button
demo_session_06,33,1786094459.5088873,move,361,316,.!frame.!button
demo_session_06,33,1786094459.5588872,move,349,320,.!frame.!button
demo_session_06,33,1786094459.6451178,click,360,330,.!frame.!button
demo_session_06,34,1786094459.6451178,move,211,210,.!frame.!entry
demo_session_06,34,1786094459.6951177,move,205,213,.!frame.!entry
demo_session_06,34,1786094459.7451177,move,212,230,.!frame.!entry
demo_session_06,34,1786094459.7951176,move,219,215,.!frame.!entry
demo_session_06,34,1786094459.8451176,move,213,221,.!frame.!entry
demo_session_06,34,1786094459.8951175,move,223,194,.!frame.!entry
demo_session_06,34,1786094459.9451175,move,225,211,.!frame.!entry
demo_session_06,34,1786094459.9951174,move,230,198,.!frame.!entry
demo_session_06,34,1786094460.0451174,move,210,223,.!frame.!entry
demo_session_06,34,1786094460.0951173,move,225,218,.!frame.!entry
demo_session_06,34,1786094460.1451173,move,215,228,.!frame.!entry
demo_session_06,34,1786094460.1951172,move,241,222,.!frame.!entry
demo_session_06,34,1786094460.2451172,move,240,228,.!frame.!entry
demo_session_06,34,1786094460.2951171,move,221,219,.!frame.!entry
demo_session_06,34,1786094460.345117,move,226,227,.!frame.!entry
demo_session_06,34,1786094460.395117,move,219,222,.!frame.!entry
demo_session_06,34,1786094460.445117,move,225,220,.!frame.!entry
demo_session_06,34,1786094460.495117,move,232,232,.!frame.!entry
demo_session_06,34,1786094460.545117,move,229,225,.!frame.!entry
demo_session_06,34,1786094460.5951169,move,236,241,.!frame.!entry
demo_session_06,34,1786094460.6451168,move,225,234,.!frame.!entry
demo_session_06,34,1786094460.6951168,move,241,233,.!frame.!entry
demo_session_06,34,1786094460.7451167,move,229,229,.!frame.!entry
demo_session_06,34,1786094460.7951167,move,249,232,.!frame.!entry
demo_session_06,34,1786094460.8451166,move,248,224,.!frame.!entry
demo_session_06,34,1786094460.8951166,move,254,242,.!frame.!entry
demo_session_06,34,1786094460.9451165,move,249,257,.!frame.!entry
demo_session_06,34,1786094460.9951165,move,242,227,.!frame.!entry
demo_session_06,34,1786094461.0451164,move,238,241,.!frame.!entry
demo_session_06,34,1786094461.0951164,move,247,235,.!frame.!entry
demo_session_06,34,1786094461.1451163,move,257,229,.!frame.!entry
demo_session_06,34,1786094461.1951163,move,256,250,.!frame.!entry
demo_session_06,34,1786094461.2451162,move,252,253,.!frame.!entry
demo_session_06,34,1786094461.2951162,move,245,255,.!frame.!entry
demo_session_06,34,1786094461.3451161,move,258,255,.!frame.!entry
demo_session_06,34,1786094461.395116,move,256,242,.!frame.!entry
demo_session_06,34,1786094461.445116,move,240,247,.!frame.!entry
demo_session_06,34,1786094461.495116,move,267,257,.!frame.!entry
demo_session_06,34,1786094461.545116,move,254,261,.!frame.!entry
demo_session_06,34,1786094461.595116,move,270,246,.!frame.!entry
demo_session_06,34,1786094461.6451159,move,266,263,.!frame.!entry
demo_session_06,34,1786094461.6951158,move,247,262,.!frame.!entry
demo_session_06,34,1786094461.7451158,move,261,252,.!frame.!entry
demo_session_06,34,1786094461.7951157,move,245,256,.!frame.!entry
demo_session_06,34,1786094461.8451157,move,262,260,.!frame.!entry
demo_session_06,34,1786094461.8951156,move,263,259,.!frame.!entry
demo_session_06,34,1786094461.9451156,move,258,259,.!frame.!entry
demo_session_06,34,1786094461.9951155,move,286,250,.!frame.!entry
demo_session_06,34,1786094462.0451155,move,274,269,.!frame.!entry
demo_session_06,34,1786094462.0951154,move,266,264,.!frame.!entry
demo_session_06,34,1786094462.1451154,move,284,263,.!frame.!entry
demo_session_06,34,1786094462.1951153,move,269,261,.!frame.!entry
demo_session_06,34,1786094462.2451153,move,271,252,.!frame.!entry
demo_session_06,34,1786094462.2951152,move,288,271,.!frame.!entry
demo_session_06,34,1786094462.3451152,move,281,269,.!frame.!entry
demo_session_06,34,1786094462.3951151,move,279,267,.!frame.!entry
demo_session_06,34,1786094462.445115,move,277,259,.!frame.!entry
demo_session_06,34,1786094462.495115,move,266,284,.!frame.!entry
demo_session_06,34,1786094462.545115,move,290,253,.!frame.!entry
demo_session_06,34,1786094462.595115,move,289,281,.!frame.!entry
demo_session_06,34,1786094462.645115,move,293,278,.!frame.!entry
demo_session_06,34,1786094462.6951149,move,292,268,.!frame.!entry
demo_session_06,34,1786094462.7451148,move,299,282,.!frame.!entry
demo_session_06,34,1786094462.7951148,move,298,276,.!frame.!entry
demo_session_06,34,1786094462.8451147,move,299,281,.!frame.!entry
demo_session_06,34,1786094462.8951147,move,284,277,.!frame.!entry
demo_session_06,34,1786094462.9451146,move,288,288,.!frame.!entry
demo_session_06,34,1786094462.9951146,move,289,282,.!frame.!entry
demo_session_06,34,1786094463.0451145,move,300,266,.!frame.!entry
demo_session_06,34,1786094463.0951145,move,297,283,.!frame.!entry
demo_session_06,34,1786094463.1451144,move,305,271,.!frame.!entry
demo_session_06,34,1786094463.1951144,move,312,283,.!frame.!entry
demo_session_06,34,1786094463.2451143,move,305,284,.!frame.!entry
demo_session_06,34,1786094463.2951143,move,306,279,.!frame.!entry
demo_session_06,34,1786094463.3451142,move,314,295,.!frame.!entry
demo_session_06,34,1786094463.3951142,move,304,285,.!frame.!entry
demo_session_06,34,1786094463.4451141,move,292,272,.!frame.!entry
demo_session_06,34,1786094463.495114,move,328,277,.!frame.!entry
demo_session_06,34,1786094463.545114,move,304,292,.!frame.!button
demo_session_06,34,1786094463.595114,move,313,279,.!frame.!button
demo_session_06,34,1786094463.645114,move,311,298,.!frame.!button
demo_session_06,34,1786094463.695114,move,319,292,.!frame.!button
demo_session_06,34,1786094463.7451138,move,303,283,.!frame.!button
demo_session_06,34,1786094463.7951138,move,311,309,.!frame.!button
demo_session_06,34,1786094463.8451138,move,304,287,.!frame.!button
demo_session_06,34,1786094463.8951137,move,300,302,.!frame.!button
demo_session_06,34,1786094463.9451137,move,332,298,.!frame.!button
demo_session_06,34,1786094463.9951136,move,302,296,.!frame.!button
demo_session_06,34,1786094464.0451136,move,315,289,.!frame.!button
demo_session_06,34,1786094464.0951135,move,321,305,.!frame.!button
demo_session_06,34,1786094464.1451135,move,327,313,.!frame.!button
demo_session_06,34,1786094464.1951134,move,323,314,.!frame.!button
demo_session_06,34,1786094464.2451134,move,325,283,.!frame.!button
demo_session_06,34,1786094464.2951133,move,328,302,.!frame.!button
demo_session_06,34,1786094464.3451133,move,330,300,.!frame.!button
demo_session_06,34,1786094464.3951132,move,336,309,.!frame.!button
demo_session_06,34,1786094464.4451132,move,335,320,.!frame.!button
demo_session_06,34,1786094464.4951131,move,339,300,.!frame.!button
demo_session_06,34,1786094464.545113,move,339,311,.!frame.!button
demo_session_06,34,1786094464.595113,move,339,299,.!frame.!button
demo_session_06,34,1786094464.645113,move,337,318,.!frame.!button
demo_session_06,34,1786094464.695113,move,339,318,.!frame.!button
demo_session_06,34,1786094464.745113,move,327,320,.!frame.!button
demo_session_06,34,1786094464.7951128,move,346,314,.!frame.!button
demo_session_06,34,1786094464.8451128,move,347,327,.!frame.!button
demo_session_06,34,1786094464.8951128,move,344,313,.!frame.!button
demo_session_06,34,1786094464.9451127,move,338,311,.!frame.!button
demo_session_06,34,1786094464.9951127,move,355,312,.!frame.!button
demo_session_06,34,1786094465.0451126,move,356,323,.!frame.!button
demo_session_06,34,1786094465.0951126,move,346,321,.!frame.!button
demo_session_06,34,1786094465.1451125,move,342,320,.!frame.!button
demo_session_06,34,1786094465.1951125,move,336,323,.!frame.!button
demo_session_06,34,1786094465.249279,click,355,325,.!frame.!button
demo_session_06,35,1786094465.249279,move,205,337,.!frame.!entry
demo_session_06,35,1786094465.299279,move,204,340,.!frame.!entry
demo_session_06,35,1786094465.349279,move,223,340,.!frame.!entry
demo_session_06,35,1786094465.3992789,move,206,346,.!frame.!entry
demo_session_06,35,1786094465.4492788,move,209,359,.!frame.!entry
demo_session_06,35,1786094465.4992788,move,201,341,.!frame.!entry
demo_session_06,35,1786094465.5492787,move,220,345,.!frame.!entry
demo_session_06,35,1786094465.5992787,move,215,334,.!frame.!entry
demo_session_06,35,1786094465.6492786,move,224,356,.!frame.!entry
demo_session_06,35,1786094465.6992786,move,205,356,.!frame.!entry
demo_session_06,35,1786094465.7492785,move,223,348,.!frame.!entry
demo_session_06,35,1786094465.7992785,move,222,339,.!frame.!entry
demo_session_06,35,1786094465.8492785,move,220,353,.!frame.!entry
demo_session_06,35,1786094465.8992784,move,208,344,.!frame.!entry
demo_session_06,35,1786094465.9492784,move,231,348,.!frame.!entry
demo_session_06,35,1786094465.9992783,move,226,348,.!frame.!entry
demo_session_06,35,1786094466.0492783,move,236,340,.!frame.!entry
demo_session_06,35,1786094466.0992782,move,228,336,.!frame.!entry
demo_session_06,35,1786094466.1492782,move,231,342,.!frame.!entry
demo_session_06,35,1786094466.199278,move,231,343,.!frame.!entry
demo_session_06,35,1786094466.249278,move,236,331,.!frame.!entry
demo_session_06,35,1786094466.299278,move,236,344,.!frame.!entry
demo_session_06,35,1786094466.349278,move,230,367,.!frame.!entry
demo_session_06,35,1786094466.399278,move,238,343,.!frame.!entry
demo_session_06,35,1786094466.4492779,move,220,368,.!frame.!entry
demo_session_06,35,1786094466.4992778,move,245,336,.!frame.!entry
demo_session_06,35,1786094466.5492778,move,234,324,.!frame.!entry
demo_session_06,35,1786094466.5992777,move,243,351,.!frame.!entry
demo_session_06,35,1786094466.6492777,move,234,335,.!frame.!entry
demo_session_06,35,1786094466.6992776,move,234,350,.!frame.!entry
demo_session_06,35,1786094466.7492776,move,247,353,.!frame.!entry
demo_session_06,35,1786094466.7992775,move,249,329,.!frame.!entry
demo_session_06,35,1786094466.8492775,move,239,352,.!frame.!entry
demo_session_06,35,1786094466.8992774,move,250,343,.!frame.!entry
demo_session_06,35,1786094466.9492774,move,257,349,.!frame.!entry
demo_session_06,35,1786094466.9992774,move,255,331,.!frame.!entry
demo_session_06,35,1786094467.0492773,move,243,327,.!frame.!entry
demo_session_06,35,1786094467.0992773,move,265,354,.!frame.!entry
demo_session_06,35,1786094467.1492772,move,278,346,.!frame.!entry
demo_session_06,35,1786094467.1992772,move,266,339,.!frame.!entry
demo_session_06,35,1786094467.249277,move,251,331,.!frame.!entry
demo_session_06,35,1786094467.299277,move,272,341,.!frame.!entry
demo_session_06,35,1786094467.349277,move,258,345,.!frame.!entry
demo_session_06,35,1786094467.399277,move,262,338,.!frame.!entry
demo_session_06,35,1786094467.449277,move,259,349,.!frame.!entry
demo_session_06,35,1786094467.4992769,move,269,322,.!frame.!entry
demo_session_06,35,1786094467.5492768,move,260,315,.!frame.!entry
demo_session_06,35,1786094467.5992768,move,258,343,.!frame.!entry
demo_session_06,35,1786094467.6492767,move,272,343,.!frame.!entry
demo_session_06,35,1786094467.6992767,move,261,351,.!frame.!entry
demo_session_06,35,1786094467.7492766,move,280,311,.!frame.!entry
demo_session_06,35,1786094467.7992766,move,270,332,.!frame.!entry
demo_session_06,35,1786094467.8492765,move,275,332,.!frame.!entry
demo_session_06,35,1786094467.8992765,move,273,343,.!frame.!entry
demo_session_06,35,1786094467.9492764,move,278,334,.!frame.!entry
demo_session_06,35,1786094467.9992764,move,281,328,.!frame.!entry
demo_session_06,35,1786094468.0492764,move,283,329,.!frame.!entry
demo_session_06,35,1786094468.0992763,move,281,335,.!frame.!entry
demo_session_06,35,1786094468.1492763,move,286,329,.!frame.!entry
demo_session_06,35,1786094468.1992762,move,280,328,.!frame.!entry
demo_session_06,35,1786094468.2492762,move,285,321,.!frame.!entry
demo_session_06,35,1786094468.299276,move,294,325,.!frame.!entry
demo_session_06,35,1786094468.349276,move,279,320,.!frame.!entry
demo_session_06,35,1786094468.399276,move,293,340,.!frame.!entry
demo_session_06,35,1786094468.449276,move,299,326,.!frame.!entry
demo_session_06,35,1786094468.499276,move,284,334,.!frame.!entry
demo_session_06,35,1786094468.5492759,move,290,333,.!frame.!entry
demo_session_06,35,1786094468.5992758,move,294,323,.!frame.!entry
demo_session_06,35,1786094468.6492758,move,308,334,.!frame.!entry
demo_session_06,35,1786094468.6992757,move,306,310,.!frame.!entry
demo_session_06,35,1786094468.7492757,move,310,324,.!frame.!entry
demo_session_06,35,1786094468.7992756,move,296,341,.!frame.!entry
demo_session_06,35,1786094468.8492756,move,303,338,.!frame.!entry
demo_session_06,35,1786094468.8992755,move,323,319,.!frame.!button
demo_session_06,35,1786094468.9492755,move,307,332,.!frame.!button
demo_session_06,35,1786094468.9992754,move,299,334,.!frame.!button
demo_session_06,35,1786094469.0492754,move,319,323,.!frame.!button
demo_session_06,35,1786094469.0992754,move,288,321,.!frame.!button
demo_session_06,35,1786094469.1492753,move,320,334,.!frame.!button
demo_session_06,35,1786094469.1992753,move,306,322,.!frame.!button
demo_session_06,35,1786094469.2492752,move,322,343,.!frame.!button
demo_session_06,35,1786094469.2992752,move,326,335,.!frame.!button
demo_session_06,35,1786094469.349275,move,343,323,.!frame.!button
demo_session_06,35,1786094469.399275,move,332,309,.!frame.!button
demo_session_06,35,1786094469.449275,move,335,337,.!frame.!button
demo_session_06,35,1786094469.499275,move,324,322,.!frame.!button
demo_session_06,35,1786094469.549275,move,330,334,.!frame.!button
demo_session_06,35,1786094469.5992749,move,318,323,.!frame.!button
demo_session_06,35,1786094469.6492748,move,321,324,.!frame.!button
demo_session_06,35,1786094469.6992748,move,316,328,.!frame.!button
demo_session_06,35,1786094469.7492747,move,334,324,.!frame.!button
demo_session_06,35,1786094469.7992747,move,348,338,.!frame.!button
demo_session_06,35,1786094469.8492746,move,325,331,.!frame.!button
demo_session_06,35,1786094469.8992746,move,341,311,.!frame.!button
demo_session_06,35,1786094469.9492745,move,347,340,.!frame.!button
demo_session_06,35,1786094469.9992745,move,328,331,.!frame.!button
demo_session_06,35,1786094470.0492744,move,345,318,.!frame.!button
demo_session_06,35,1786094470.0992744,move,352,308,.!frame.!button
demo_session_06,35,1786094470.1492743,move,340,318,.!frame.!button
demo_session_06,35,1786094470.1992743,move,352,308,.!frame.!button
demo_session_06,35,1786094470.2492743,move,345,308,.!frame.!button
demo_session_06,35,1786094470.2992742,move,341,311,.!frame.!button
demo_session_06,35,1786094470.3492742,move,351,313,.!frame.!button
demo_session_06,35,1786094470.399274,move,351,313,.!frame.!button
demo_session_06,35,1786094470.449274,move,349,318,.!frame.!button
demo_session_06,35,1786094470.5133414,click,359,329,.!frame.!button
demo_session_06,36,1786094476.2762249,move,545,195,.!frame.!entry
demo_session_06,36,1786094476.3262248,move,558,198,.!frame.!entry
demo_session_06,36,1786094476.3762248,move,526,195,.!frame.!entry
demo_session_06,36,1786094476.4262247,move,557,199,.!frame.!entry
demo_session_06,36,1786094476.4762247,move,549,208,.!frame.!entry
demo_session_06,36,1786094476.5262246,move,522,212,.!frame.!entry
demo_session_06,36,1786094476.5762246,move,529,199,.!frame.!entry
demo_session_06,36,1786094476.6262245,move,541,191,.!frame.!entry
demo_session_06,36,1786094476.6762245,move,527,215,.!frame.!entry
demo_session_06,36,1786094476.7262244,move,523,214,.!frame.!entry
demo_session_06,36,1786094476.7762244,move,513,203,.!frame.!entry
demo_session_06,36,1786094476.8262243,move,523,210,.!frame.!entry
demo_session_06,36,1786094476.8762243,move,535,226,.!frame.!entry
demo_session_06,36,1786094476.9262242,move,517,217,.!frame.!entry
demo_session_06,36,1786094476.9762242,move,497,193,.!frame.!entry
demo_session_06,36,1786094477.0262241,move,528,231,.!frame.!entry
demo_session_06,36,1786094477.076224,move,501,227,.!frame.!entry
demo_session_06,36,1786094477.126224,move,521,215,.!frame.!entry
demo_session_06,36,1786094477.176224,move,494,223,.!frame.!entry
demo_session_06,36,1786094477.226224,move,522,207,.!frame.!entry
demo_session_06,36,1786094477.276224,move,506,207,.!frame.!entry
demo_session_06,36,1786094477.3262239,move,490,202,.!frame.!entry
demo_session_06,36,1786094477.3762238,move,492,229,.!frame.!entry
demo_session_06,36,1786094477.4262238,move,496,241,.!frame.!entry
demo_session_06,36,1786094477.4762237,move,510,226,.!frame.!entry
demo_session_06,36,1786094477.5262237,move,488,223,.!frame.!entry
demo_session_06,36,1786094477.5762236,move,488,244,.!frame.!entry
demo_session_06,36,1786094477.6262236,move,505,233,.!frame.!entry
demo_session_06,36,1786094477.6762235,move,492,222,.!frame.!entry
demo_session_06,36,1786094477.7262235,move,495,227,.!frame.!entry
demo_session_06,36,1786094477.7762234,move,505,229,.!frame.!entry
demo_session_06,36,1786094477.8262234,move,481,236,.!frame.!entry
demo_session_06,36,1786094477.8762233,move,477,239,.!frame.!entry
demo_session_06,36,1786094477.9262233,move,505,226,.!frame.!entry
demo_session_06,36,1786094477.9762232,move,501,233,.!frame.!entry
demo_session_06,36,1786094478.0262232,move,491,210,.!frame.!entry
demo_session_06,36,1786094478.0762231,move,481,225,.!frame.!entry
demo_session_06,36,1786094478.126223,move,485,221,.!frame.!entry
demo_session_06,36,1786094478.176223,move,468,229,.!frame.!entry
demo_session_06,36,1786094478.226223,move,481,236,.!frame.!entry
demo_session_06,36,1786094478.276223,move,471,248,.!frame.!entry
demo_session_06,36,1786094478.326223,move,475,240,.!frame.!entry
demo_session_06,36,1786094478.3762228,move,471,238,.!frame.!entry
demo_session_06,36,1786094478.4262228,move,471,238,.!frame.!entry
demo_session_06,36,1786094478.4762228,move,472,238,.!frame.!entry
demo_session_06,36,1786094478.5262227,move,465,240,.!frame.!entry
demo_session_06,36,1786094478.5762227,move,462,258,.!frame.!entry
demo_session_06,36,1786094478.6262226,move,462,230,.!frame.!entry
demo_session_06,36,1786094478.6762226,move,454,237,.!frame.!entry
demo_session_06,36,1786094478.7262225,move,443,263,.!frame.!entry
demo_session_06,36,1786094478.7762225,move,438,252,.!frame.!entry
demo_session_06,36,1786094478.8262224,move,449,256,.!frame.!entry
demo_session_06,36,1786094478.8762224,move,468,259,.!frame.!entry
demo_session_06,36,1786094478.9262223,move,445,267,.!frame.!entry
demo_session_06,36,1786094478.9762223,move,447,249,.!frame.!entry
demo_session_06,36,1786094479.0262222,move,429,270,.!frame.!entry
demo_session_06,36,1786094479.0762222,move,430,249,.!frame.!entry
demo_session_06,36,1786094479.1262221,move,447,258,.!frame.!entry
demo_session_06,36,1786094479.176222,move,430,286,.!frame.!entry
demo_session_06,36,1786094479.226222,move,438,263,.!frame.!entry
demo_session_06,36,1786094479.276222,move,449,261,.!frame.!entry
demo_session_06,36,1786094479.326222,move,452,258,.!frame.!entry
demo_session_06,36,1786094479.376222,move,430,272,.!frame.!entry
demo_session_06,36,1786094479.4262218,move,442,258,.!frame.!entry
demo_session_06,36,1786094479.4762218,move,427,274,.!frame.!entry
demo_session_06,36,1786094479.5262218,move,422,272,.!frame.!entry
demo_session_06,36,1786094479.5762217,move,420,266,.!frame.!entry
demo_session_06,36,1786094479.6262217,move,440,255,.!frame.!entry
demo_session_06,36,1786094479.6762216,move,422,290,.!frame.!entry
demo_session_06,36,1786094479.7262216,move,422,267,.!frame.!entry
demo_session_06,36,1786094479.7762215,move,413,281,.!frame.!entry
demo_session_06,36,1786094479.8262215,move,426,261,.!frame.!entry
demo_session_06,36,1786094479.8762214,move,421,277,.!frame.!entry
demo_session_06,36,1786094479.9262214,move,419,275,.!frame.!entry
demo_session_06,36,1786094479.9762213,move,426,281,.!frame.!entry
demo_session_06,36,1786094480.0262213,move,422,290,.!frame.!entry
demo_session_06,36,1786094480.0762212,move,419,271,.!frame.!entry
demo_session_06,36,1786094480.1262212,move,428,287,.!frame.!entry
demo_session_06,36,1786094480.1762211,move,418,283,.!frame.!entry
demo_session_06,36,1786094480.226221,move,409,278,.!frame.!entry
demo_session_06,36,1786094480.276221,move,412,303,.!frame.!button
demo_session_06,36,1786094480.326221,move,390,287,.!frame.!button
demo_session_06,36,1786094480.376221,move,414,292,.!frame.!button
demo_session_06,36,1786094480.426221,move,405,263,.!frame.!button
demo_session_06,36,1786094480.4762208,move,416,292,.!frame.!button
demo_session_06,36,1786094480.5262208,move,410,298,.!frame.!button
demo_session_06,36,1786094480.5762208,move,403,273,.!frame.!button
demo_session_06,36,1786094480.6262207,move,379,290,.!frame.!button
demo_session_06,36,1786094480.6762207,move,409,277,.!frame.!button
demo_session_06,36,1786094480.7262206,move,381,293,.!frame.!button
demo_session_06,36,1786094480.7762206,move,372,286,.!frame.!button
demo_session_06,36,1786094480.8262205,move,377,278,.!frame.!button
demo_session_06,36,1786094480.8762205,move,402,301,.!frame.!button
demo_session_06,36,1786094480.9262204,move,395,293,.!frame.!button
demo_session_06,36,1786094480.9762204,move,378,299,.!frame.!button
demo_session_06,36,1786094481.0262203,move,389,306,.!frame.!button
demo_session_06,36,1786094481.0762203,move,379,310,.!frame.!button
demo_session_06,36,1786094481.1262202,move,372,315,.!frame.!button
demo_session_06,36,1786094481.1762202,move,367,307,.!frame.!button
demo_session_06,36,1786094481.2262201,move,404,314,.!frame.!button
demo_session_06,36,1786094481.27622,move,366,302,.!frame.!button
demo_session_06,36,1786094481.32622,move,380,325,.!frame.!button
demo_session_06,36,1786094481.37622,move,365,291,.!frame.!button
demo_session_06,36,1786094481.42622,move,371,333,.!frame.!button
demo_session_06,36,1786094481.47622,move,367,312,.!frame.!button
demo_session_06,36,1786094481.5262198,move,354,318,.!frame.!button
demo_session_06,36,1786094481.5762198,move,353,317,.!frame.!button
demo_session_06,36,1786094481.6262197,move,383,333,.!frame.!button
demo_session_06,36,1786094481.6762197,move,356,311,.!frame.!button
demo_session_06,36,1786094481.7262197,move,366,312,.!frame.!button
demo_session_06,36,1786094481.7762196,move,356,308,.!frame.!button
demo_session_06,36,1786094481.8262196,move,334,324,.!frame.!button
demo_session_06,36,1786094481.8762195,move,364,324,.!frame.!button
demo_session_06,36,1786094481.9262195,move,353,321,.!frame.!button
demo_session_06,36,1786094482.0215821,click,344,314,.!frame.!button
demo_session_06,37,1786094482.0215821,move,232,319,.!frame.!entry
demo_session_06,37,1786094482.071582,move,238,337,.!frame.!entry
demo_session_06,37,1786094482.121582,move,242,315,.!frame.!entry
demo_session_06,37,1786094482.171582,move,257,312,.!frame.!entry
demo_session_06,37,1786094482.221582,move,248,300,.!frame.!entry
demo_session_06,37,1786094482.271582,move,241,344,.!frame.!entry
demo_session_06,37,1786094482.3215818,move,268,315,.!frame.!entry
demo_session_06,37,1786094482.3715818,move,265,332,.!frame.!entry
demo_session_06,37,1786094482.4215817,move,245,314,.!frame.!entry
demo_session_06,37,1786094482.4715817,move,254,316,.!frame.!entry
demo_session_06,37,1786094482.5215816,move,249,329,.!frame.!entry
demo_session_06,37,1786094482.5715816,move,258,333,.!frame.!entry
demo_session_06,37,1786094482.6215816,move,231,327,.!frame.!entry
demo_session_06,37,1786094482.6715815,move,249,328,.!frame.!entry
demo_session_06,37,1786094482.7215815,move,253,329,.!frame.!entry
demo_session_06,37,1786094482.7715814,move,269,320,.!frame.!entry
demo_session_06,37,1786094482.8215814,move,236,308,.!frame.!entry
demo_session_06,37,1786094482.8715813,move,258,320,.!frame.!entry
demo_session_06,37,1786094482.9215813,move,254,324,.!frame.!entry
demo_session_06,37,1786094482.9715812,move,262,335,.!frame.!entry
demo_session_06,37,1786094483.0215812,move,242,310,.!frame.!entry
demo_session_06,37,1786094483.0715811,move,258,322,.!frame.!entry
demo_session_06,37,1786094483.121581,move,267,329,.!frame.!entry
demo_session_06,37,1786094483.171581,move,265,322,.!frame.!entry
demo_session_06,37,1786094483.221581,move,267,318,.!frame.!entry
demo_session_06,37,1786094483.271581,move,275,323,.!frame.!entry
demo_session_06,37,1786094483.321581,move,251,312,.!frame.!entry
demo_session_06,37,1786094483.3715808,move,260,338,.!frame.!entry
demo_session_06,37,1786094483.4215808,move,281,304,.!frame.!entry
demo_session_06,37,1786094483.4715807,move,272,315,.!frame.!entry
demo_session_06,37,1786094483.5215807,move,263,317,.!frame.!entry
demo_session_06,37,1786094483.5715806,move,261,330,.!frame.!entry
demo_session_06,37,1786094483.6215806,move,277,326,.!frame.!entry
demo_session_06,37,1786094483.6715806,move,274,319,.!frame.!entry
demo_session_06,37,1786094483.7215805,move,262,319,.!frame.!entry
demo_session_06,37,1786094483.7715805,move,282,311,.!frame.!entry
demo_session_06,37,1786094483.8215804,move,265,324,.!frame.!entry
demo_session_06,37,1786094483.8715804,move,270,326,.!frame.!entry
demo_session_06,37,1786094483.9215803,move,286,309,.!frame.!entry
demo_session_06,37,1786094483.9715803,move,258,343,.!frame.!entry
demo_session_06,37,1786094484.0215802,move,284,326,.!frame.!entry
demo_session_06,37,1786094484.0715802,move,295,304,.!frame.!entry
demo_session_06,37,1786094484.1215801,move,287,312,.!frame.!entry
demo_session_06,37,1786094484.17158,move,287,312,.!frame.!entry
demo_session_06,37,1786094484.22158,move,299,336,.!frame.!entry
demo_session_06,37,1786094484.27158,move,295,324,.!frame.!entry
demo_session_06,37,1786094484.32158,move,286,322,.!frame.!entry
demo_session_06,37,1786094484.37158,move,295,334,.!frame.!entry
demo_session_06,37,1786094484.4215798,move,285,325,.!frame.!entry
demo_session_06,37,1786094484.4715798,move,297,329,.!frame.!entry
demo_session_06,37,1786094484.5215797,move,299,325,.!frame.!entry
demo_session_06,37,1786094484.5715797,move,282,326,.!frame.!entry
demo_session_06,37,1786094484.6215796,move,303,317,.!frame.!entry
demo_session_06,37,1786094484.6715796,move,284,322,.!frame.!entry
demo_session_06,37,1786094484.7215796,move,296,335,.!frame.!entry
demo_session_06,37,1786094484.7715795,move,296,322,.!frame.!entry
demo_session_06,37,1786094484.8215795,move,295,313,.!frame.!entry
demo_session_06,37,1786094484.8715794,move,299,314,.!frame.!entry
demo_session_06,37,1786094484.9215794,move,300,318,.!frame.!entry
demo_session_06,37,1786094484.9715793,move,309,327,.!frame.!entry
demo_session_06,37,1786094485.0215793,move,292,329,.!frame.!entry
demo_session_06,37,1786094485.0715792,move,313,323,.!frame.!entry
demo_session_06,37,1786094485.1215792,move,307,331,.!frame.!entry
demo_session_06,37,1786094485.1715791,move,300,327,.!frame.!entry
demo_session_06,37,1786094485.221579,move,306,305,.!frame.!entry
demo_session_06,37,1786094485.271579,move,302,306,.!frame.!entry
demo_session_06,37,1786094485.321579,move,277,312,.!frame.!entry
demo_session_06,37,1786094485.371579,move,298,317,.!frame.!entry
demo_session_06,37,1786094485.421579,move,313,314,.!frame.!entry
demo_session_06,37,1786094485.4715788,move,315,315,.!frame.!entry
demo_session_06,37,1786094485.5215788,move,309,320,.!frame.!entry
demo_session_06,37,1786094485.5715787,move,310,330,.!frame.!entry
demo_session_06,37,1786094485.6215787,move,310,332,.!frame.!entry
demo_session_06,37,1786094485.6715786,move,302,333,.!frame.!entry
demo_session_06,37,1786094485.7215786,move,302,322,.!frame.!entry
demo_session_06,37,1786094485.7715786,move,310,308,.!frame.!entry
demo_session_06,37,1786094485.8215785,move,319,326,.!frame.!entry
demo_session_06,37,1786094485.8715785,move,326,314,.!frame.!entry
demo_session_06,37,1786094485.9215784,move,309,308,.!frame.!entry
demo_session_06,37,1786094485.9715784,move,303,305,.!frame.!button
demo_session_06,37,1786094486.0215783,move,303,323,.!frame.!button
demo_session_06,37,1786094486.0715783,move,317,323,.!frame.!button
demo_session_06,37,1786094486.1215782,move,317,320,.!frame.!button
demo_session_06,37,1786094486.1715782,move,326,318,.!frame.!button
demo_session_06,37,1786094486.2215781,move,326,332,.!frame.!button
demo_session_06,37,1786094486.271578,move,314,325,.!frame.!button
demo_session_06,37,1786094486.321578,move,328,332,.!frame.!button
demo_session_06,37,1786094486.371578,move,340,336,.!frame.!button
demo_session_06,37,1786094486.421578,move,314,317,.!frame.!button
demo_session_06,37,1786094486.471578,move,326,321,.!frame.!button
demo_session_06,37,1786094486.5215778,move,341,322,.!frame.!button
demo_session_06,37,1786094486.5715778,move,326,319,.!frame.!button
demo_session_06,37,1786094486.6215777,move,336,330,.!frame.!button
demo_session_06,37,1786094486.6715777,move,322,328,.!frame.!button
demo_session_06,37,1786094486.7215776,move,340,309,.!frame.!button
demo_session_06,37,1786094486.7715776,move,339,326,.!frame.!button
demo_session_06,37,1786094486.8215775,move,329,323,.!frame.!button
demo_session_06,37,1786094486.8715775,move,336,327,.!frame.!button
demo_session_06,37,1786094486.9215775,move,341,328,.!frame.!button
demo_session_06,37,1786094486.9715774,move,320,311,.!frame.!button
demo_session_06,37,1786094487.0215774,move,334,319,.!frame.!button
demo_session_06,37,1786094487.0715773,move,340,304,.!frame.!button
demo_session_06,37,1786094487.1215773,move,328,320,.!frame.!button
demo_session_06,37,1786094487.1715772,move,353,335,.!frame.!button
demo_session_06,37,1786094487.2215772,move,354,323,.!frame.!button
demo_session_06,37,1786094487.2715771,move,343,320,.!frame.!button
demo_session_06,37,1786094487.321577,move,354,324,.!frame.!button
demo_session_06,37,1786094487.371577,move,356,316,.!frame.!button
demo_session_06,37,1786094487.421577,move,355,314,.!frame.!button
demo_session_06,37,1786094487.471577,move,360,332,.!frame.!button
demo_session_06,37,1786094487.521577,move,351,308,.!frame.!button
demo_session_06,37,1786094487.5715768,move,342,318,.!frame.!button
demo_session_06,37,1786094487.6215768,move,354,329,.!frame.!button
demo_session_06,37,1786094487.7052708,click,351,321,.!frame.!button
demo_session_06,38,1786094496.2280517,move,522,370,.!frame.!entry
demo_session_06,38,1786094496.2780516,move,538,370,.!frame.!entry
demo_session_06,38,1786094496.3280516,move,528,381,.!frame.!entry
demo_session_06,38,1786094496.3780515,move,532,377,.!frame.!entry
demo_session_06,38,1786094496.4280515,move,523,398,.!frame.!entry
demo_session_06,38,1786094496.4780514,move,537,385,.!frame.!entry
demo_session_06,38,1786094496.5280514,move,510,379,.!frame.!entry
demo_session_06,38,1786094496.5780513,move,514,388,.!frame.!entry
demo_session_06,38,1786094496.6280513,move,530,388,.!frame.!entry
demo_session_06,38,1786094496.6780512,move,530,377,.!frame.!entry
demo_session_06,38,1786094496.7280512,move,508,374,.!frame.!entry
demo_session_06,38,1786094496.7780511,move,511,384,.!frame.!entry
demo_session_06,38,1786094496.828051,move,511,385,.!frame.!entry
demo_session_06,38,1786094496.878051,move,514,365,.!frame.!entry
demo_session_06,38,1786094496.928051,move,497,384,.!frame.!entry
demo_session_06,38,1786094496.978051,move,509,371,.!frame.!entry
demo_session_06,38,1786094497.028051,move,513,361,.!frame.!entry
demo_session_06,38,1786094497.0780509,move,495,359,.!frame.!entry
demo_session_06,38,1786094497.1280508,move,498,368,.!frame.!entry
demo_session_06,38,1786094497.1780508,move,488,368,.!frame.!entry
demo_session_06,38,1786094497.2280507,move,480,375,.!frame.!entry
demo_session_06,38,1786094497.2780507,move,497,371,.!frame.!entry
demo_session_06,38,1786094497.3280506,move,499,384,.!frame.!entry
demo_session_06,38,1786094497.3780506,move,478,374,.!frame.!entry
demo_session_06,38,1786094497.4280505,move,479,374,.!frame.!entry
demo_session_06,38,1786094497.4780505,move,480,376,.!frame.!entry
demo_session_06,38,1786094497.5280504,move,473,353,.!frame.!entry
demo_session_06,38,1786094497.5780504,move,484,372,.!frame.!entry
demo_session_06,38,1786094497.6280503,move,469,378,.!frame.!entry
demo_session_06,38,1786094497.6780503,move,493,378,.!frame.!entry
demo_session_06,38,1786094497.7280502,move,476,369,.!frame.!entry
demo_session_06,38,1786094497.7780502,move,466,360,.!frame.!entry
demo_session_06,38,1786094497.8280501,move,492,369,.!frame.!entry
demo_session_06,38,1786094497.87805,move,471,355,.!frame.!entry
demo_session_06,38,1786094497.92805,move,467,352,.!frame.!entry
demo_session_06,38,1786094497.97805,move,458,357,.!frame.!entry
demo_session_06,38,1786094498.02805,move,473,352,.!frame.!entry
demo_session_06,38,1786094498.07805,move,463,364,.!frame.!entry
demo_session_06,38,1786094498.1280499,move,463,374,.!frame.!entry
demo_session_06,38,1786094498.1780498,move,445,354,.!frame.!entry
demo_session_06,38,1786094498.2280498,move,464,348,.!frame.!entry
demo_session_06,38,1786094498.2780497,move,466,368,.!frame.!entry
demo_session_06,38,1786094498.3280497,move,444,356,.!frame.!entry
demo_session_06,38,1786094498.3780496,move,449,341,.!frame.!entry
demo_session_06,38,1786094498.4280496,move,461,376,.!frame.!entry
demo_session_06,38,1786094498.4780495,move,438,355,.!frame.!entry
demo_session_06,38,1786094498.5280495,move,447,347,.!frame.!entry
demo_session_06,38,1786094498.5780494,move,452,363,.!frame.!entry
demo_session_06,38,1786094498.6280494,move,445,331,.!frame.!entry
demo_session_06,38,1786094498.6780493,move,428,345,.!frame.!entry
demo_session_06,38,1786094498.7280493,move,453,358,.!frame.!entry
demo_session_06,38,1786094498.7780492,move,433,347,.!frame.!entry
demo_session_06,38,1786094498.8280492,move,437,344,.!frame.!entry
demo_session_06,38,1786094498.8780491,move,451,349,.!frame.!entry
demo_session_06,38,1786094498.928049,move,438,355,.!frame.!entry
demo_session_06,38,1786094498.978049,move,457,363,.!frame.!entry
demo_session_06,38,1786094499.028049,move,428,347,.!frame.!entry
demo_session_06,38,1786094499.078049,move,437,360,.!frame.!entry
demo_session_06,38,1786094499.128049,move,435,341,.!frame.!entry
demo_session_06,38,1786094499.1780488,move,424,356,.!frame.!entry
demo_session_06,38,1786094499.2280488,move,414,351,.!frame.!entry
demo_session_06,38,1786094499.2780488,move,415,356,.!frame.!entry
demo_session_06,38,1786094499.3280487,move,415,328,.!frame.!entry
demo_session_06,38,1786094499.3780487,move,408,346,.!frame.!entry
demo_session_06,38,1786094499.4280486,move,420,352,.!frame.!entry
demo_session_06,38,1786094499.4780486,move,417,357,.!frame.!entry
demo_session_06,38,1786094499.5280485,move,423,340,.!frame.!entry
demo_session_06,38,1786094499.5780485,move,403,350,.!frame.!entry
demo_session_06,38,1786094499.6280484,move,405,335,.!frame.!entry
demo_session_06,38,1786094499.6780484,move,409,348,.!frame.!entry
demo_session_06,38,1786094499.7280483,move,409,351,.!frame.!entry
demo_session_06,38,1786094499.7780483,move,398,338,.!frame.!entry
demo_session_06,38,1786094499.8280482,move,413,344,.!frame.!entry
demo_session_06,38,1786094499.8780482,move,397,340,.!frame.!button
demo_session_06,38,1786094499.9280481,move,397,336,.!frame.!button
demo_session_06,38,1786094499.978048,move,408,332,.!frame.!button
demo_session_06,38,1786094500.028048,move,398,348,.!frame.!button
demo_session_06,38,1786094500.078048,move,395,334,.!frame.!button
demo_session_06,38,1786094500.128048,move,390,337,.!frame.!button
demo_session_06,38,1786094500.178048,move,391,340,.!frame.!button
demo_session_06,38,1786094500.2280478,move,392,320,.!frame.!button
demo_session_06,38,1786094500.2780478,move,390,335,.!frame.!button
demo_session_06,38,1786094500.3280478,move,385,335,.!frame.!button
demo_session_06,38,1786094500.3780477,move,383,321,.!frame.!button
demo_session_06,38,1786094500.4280477,move,391,323,.!frame.!button
demo_session_06,38,1786094500.4780476,move,378,334,.!frame.!button
demo_session_06,38,1786094500.5280476,move,377,331,.!frame.!button
demo_session_06,38,1786094500.5780475,move,381,332,.!frame.!button
demo_session_06,38,1786094500.6280475,move,379,316,.!frame.!button
demo_session_06,38,1786094500.6780474,move,376,330,.!frame.!button
demo_session_06,38,1786094500.7280474,move,370,323,.!frame.!button
demo_session_06,38,1786094500.7780473,move,366,308,.!frame.!button
demo_session_06,38,1786094500.8280473,move,370,312,.!frame.!button
demo_session_06,38,1786094500.8780472,move,372,335,.!frame.!button
demo_session_06,38,1786094500.9280472,move,380,320,.!frame.!button
demo_session_06,38,1786094500.9780471,move,371,320,.!frame.!button
demo_session_06,38,1786094501.028047,move,356,330,.!frame.!button
demo_session_06,38,1786094501.078047,move,367,336,.!frame.!button
demo_session_06,38,1786094501.128047,move,351,335,.!frame.!button
demo_session_06,38,1786094501.178047,move,352,311,.!frame.!button
demo_session_06,38,1786094501.228047,move,346,322,.!frame.!button
demo_session_06,38,1786094501.2780468,move,339,313,.!frame.!button
demo_session_06,38,1786094501.3280468,move,350,337,.!frame.!button
demo_session_06,38,1786094501.3780468,move,358,320,.!frame.!button
demo_session_06,38,1786094501.4491026,click,357,327,.!frame.!button
demo_session_06,39,1786094501.4491026,move,253,344,.!frame.!entry
demo_session_06,39,1786094501.4991026,move,242,326,.!frame.!entry
demo_session_06,39,1786094501.5491025,move,255,344,.!frame.!entry
demo_session_06,39,1786094501.5991025,move,235,338,.!frame.!entry
demo_session_06,39,1786094501.6491024,move,260,346,.!frame.!entry
demo_session_06,39,1786094501.6991024,move,228,343,.!frame.!entry
demo_session_06,39,1786094501.7491024,move,253,331,.!frame.!entry
demo_session_06,39,1786094501.7991023,move,262,340,.!frame.!entry
demo_session_06,39,1786094501.8491023,move,256,337,.!frame.!entry
demo_session_06,39,1786094501.8991022,move,275,346,.!frame.!entry
demo_session_06,39,1786094501.9491022,move,237,335,.!frame.!entry
demo_session_06,39,1786094501.999102,move,262,327,.!frame.!entry
demo_session_06,39,1786094502.049102,move,261,321,.!frame.!entry
demo_session_06,39,1786094502.099102,move,253,320,.!frame.!entry
demo_session_06,39,1786094502.149102,move,243,347,.!frame.!entry
demo_session_06,39,1786094502.199102,move,251,342,.!frame.!entry
demo_session_06,39,1786094502.2491019,move,240,329,.!frame.!entry
demo_session_06,39,1786094502.2991018,move,243,333,.!frame.!entry
demo_session_06,39,1786094502.3491018,move,263,340,.!frame.!entry
demo_session_06,39,1786094502.3991017,move,267,337,.!frame.!entry
demo_session_06,39,1786094502.4491017,move,279,341,.!frame.!entry
demo_session_06,39,1786094502.4991016,move,259,315,.!frame.!entry
demo_session_06,39,1786094502.5491016,move,262,330,.!frame.!entry
demo_session_06,39,1786094502.5991015,move,255,325,.!frame.!entry
demo_session_06,39,1786094502.6491015,move,260,338,.!frame.!entry
demo_session_06,39,1786094502.6991014,move,262,353,.!frame.!entry
demo_session_06,39,1786094502.7491014,move,254,334,.!frame.!entry
demo_session_06,39,1786094502.7991014,move,273,343,.!frame.!entry
demo_session_06,39,1786094502.8491013,move,272,334,.!frame.!entry
demo_session_06,39,1786094502.8991013,move,268,320,.!frame.!entry
demo_session_06,39,1786094502.9491012,move,269,327,.!frame.!entry
demo_session_06,39,1786094502.9991012,move,276,339,.!frame.!entry
demo_session_06,39,1786094503.049101,move,252,338,.!frame.!entry
demo_session_06,39,1786094503.099101,move,291,330,.!frame.!entry
demo_session_06,39,1786094503.149101,move,260,335,.!frame.!entry
demo_session_06,39,1786094503.199101,move,263,329,.!frame.!entry
demo_session_06,39,1786094503.249101,move,266,330,.!frame.!entry
demo_session_06,39,1786094503.2991009,move,276,337,.!frame.!entry
demo_session_06,39,1786094503.3491008,move,285,349,.!frame.!entry
demo_session_06,39,1786094503.3991008,move,274,342,.!frame.!entry
demo_session_06,39,1786094503.4491007,move,280,332,.!frame.!entry
demo_session_06,39,1786094503.4991007,move,283,327,.!frame.!entry
demo_session_06,39,1786094503.5491006,move,281,330,.!frame.!entry
demo_session_06,39,1786094503.5991006,move,284,320,.!frame.!entry
demo_session_06,39,1786094503.6491005,move,275,325,.!frame.!entry
demo_session_06,39,1786094503.6991005,move,278,327,.!frame.!entry
demo_session_06,39,1786094503.7491004,move,264,331,.!frame.!entry
demo_session_06,39,1786094503.7991004,move,272,323,.!frame.!entry
demo_session_06,39,1786094503.8491004,move,285,329,.!frame.!entry
demo_session_06,39,1786094503.8991003,move,282,317,.!frame.!entry
demo_session_06,39,1786094503.9491003,move,282,335,.!frame.!entry
demo_session_06,39,1786094503.9991002,move,261,326,.!frame.!entry
demo_session_06,39,1786094504.0491002,move,295,336,.!frame.!entry
demo_session_06,39,1786094504.0991,move,265,338,.!frame.!entry
demo_session_06,39,1786094504.1491,move,292,331,.!frame.!entry
demo_session_06,39,1786094504.1991,move,291,333,.!frame.!entry
demo_session_06,39,1786094504.2491,move,298,330,.!frame.!entry
demo_session_06,39,1786094504.2991,move,294,324,.!frame.!entry
demo_session_06,39,1786094504.3490999,move,293,335,.!frame.!entry
demo_session_06,39,1786094504.3990998,move,291,328,.!frame.!entry
demo_session_06,39,1786094504.4490998,move,290,352,.!frame.!entry
demo_session_06,39,1786094504.4990997,move,294,349,.!frame.!entry
demo_session_06,39,1786094504.5490997,move,296,342,.!frame.!entry
demo_session_06,39,1786094504.5990996,move,289,323,.!frame.!entry
demo_session_06,39,1786094504.6490996,move,285,323,.!frame.!entry
demo_session_06,39,1786094504.6990995,move,291,338,.!frame.!entry
demo_session_06,39,1786094504.7490995,move,288,339,.!frame.!entry
demo_session_06,39,1786094504.7990994,move,294,321,.!frame.!entry
demo_session_06,39,1786094504.8490994,move,314,321,.!frame.!entry
demo_session_06,39,1786094504.8990993,move,297,338,.!frame.!entry
demo_session_06,39,1786094504.9490993,move,295,332,.!frame.!entry
demo_session_06,39,1786094504.9990993,move,308,326,.!frame.!entry
demo_session_06,39,1786094505.0490992,move,305,312,.!frame.!entry
demo_session_06,39,1786094505.0990992,move,298,321,.!frame.!entry
demo_session_06,39,1786094505.149099,move,308,326,.!frame.!entry
demo_session_06,39,1786094505.199099,move,309,341,.!frame.!entry
demo_session_06,39,1786094505.249099,move,293,326,.!frame.!entry
demo_session_06,39,1786094505.299099,move,304,315,.!frame.!entry
demo_session_06,39,1786094505.349099,move,315,324,.!frame.!entry
demo_session_06,39,1786094505.3990989,move,311,342,.!frame.!entry
demo_session_06,39,1786094505.4490988,move,298,335,.!frame.!entry
demo_session_06,39,1786094505.4990988,move,309,334,.!frame.!entry
demo_session_06,39,1786094505.5490987,move,292,332,.!frame.!entry
demo_session_06,39,1786094505.5990987,move,303,327,.!frame.!entry
demo_session_06,39,1786094505.6490986,move,314,328,.!frame.!entry
demo_session_06,39,1786094505.6990986,move,311,340,.!frame.!entry
demo_session_06,39,1786094505.7490985,move,305,328,.!frame.!entry
demo_session_06,39,1786094505.7990985,move,327,334,.!frame.!entry
demo_session_06,39,1786094505.8490984,move,296,325,.!frame.!entry
demo_session_06,39,1786094505.8990984,move,331,319,.!frame.!entry
demo_session_06,39,1786094505.9490983,move,299,308,.!frame.!entry
demo_session_06,39,1786094505.9990983,move,292,333,.!frame.!entry
demo_session_06,39,1786094506.0490983,move,316,331,.!frame.!entry
demo_session_06,39,1786094506.0990982,move,320,321,.!frame.!entry
demo_session_06,39,1786094506.1490982,move,325,329,.!frame.!entry
demo_session_06,39,1786094506.199098,move,315,319,.!frame.!entry
demo_session_06,39,1786094506.249098,move,298,311,.!frame.!button
demo_session_06,39,1786094506.299098,move,312,308,.!frame.!button
demo_session_06,39,1786094506.349098,move,331,332,.!frame.!button
demo_session_06,39,1786094506.399098,move,316,323,.!frame.!button
demo_session_06,39,1786094506.4490979,move,314,315,.!frame.!button
demo_session_06,39,1786094506.4990978,move,329,325,.!frame.!button
demo_session_06,39,1786094506.5490978,move,308,337,.!frame.!button
demo_session_06,39,1786094506.5990977,move,323,331,.!frame.!button
demo_session_06,39,1786094506.6490977,move,322,302,.!frame.!button
demo_session_06,39,1786094506.6990976,move,335,304,.!frame.!button
demo_session_06,39,1786094506.7490976,move,338,327,.!frame.!button
demo_session_06,39,1786094506.7990975,move,323,310,.!frame.!button
demo_session_06,39,1786094506.8490975,move,332,329,.!frame.!button
demo_session_06,39,1786094506.8990974,move,337,305,.!frame.!button
demo_session_06,39,1786094506.9490974,move,322,324,.!frame.!button
demo_session_06,39,1786094506.9990973,move,342,315,.!frame.!button
demo_session_06,39,1786094507.0490973,move,328,339,.!frame.!button
demo_session_06,39,1786094507.0990973,move,335,321,.!frame.!button
demo_session_06,39,1786094507.1490972,move,329,321,.!frame.!button
demo_session_06,39,1786094507.1990972,move,342,326,.!frame.!button
demo_session_06,39,1786094507.249097,move,342,328,.!frame.!button
demo_session_06,39,1786094507.299097,move,327,321,.!frame.!button
demo_session_06,39,1786094507.349097,move,332,320,.!frame.!button
demo_session_06,39,1786094507.399097,move,343,324,.!frame.!button
demo_session_06,39,1786094507.449097,move,341,309,.!frame.!button
demo_session_06,39,1786094507.4990969,move,332,335,.!frame.!button
demo_session_06,39,1786094507.5490968,move,350,329,.!frame.!button
demo_session_06,39,1786094507.5990968,move,334,324,.!frame.!button
demo_session_06,39,1786094507.6490967,move,347,321,.!frame.!button
demo_session_06,39,1786094507.6990967,move,355,327,.!frame.!button
demo_session_06,39,1786094507.7490966,move,325,326,.!frame.!button
demo_session_06,39,1786094507.7990966,move,337,335,.!frame.!button
demo_session_06,39,1786094507.8490965,move,339,320,.!frame.!button
demo_session_06,39,1786094507.8990965,move,336,319,.!frame.!button
demo_session_06,39,1786094507.9490964,move,333,319,.!frame.!button
demo_session_06,39,1786094507.9990964,move,332,322,.!frame.!button
demo_session_06,39,1786094508.0490963,move,357,319,.!frame.!button
demo_session_06,39,1786094508.0990963,move,354,322,.!frame.!button
demo_session_06,39,1786094508.1490963,move,347,319,.!frame.!button
demo_session_06,39,1786094508.1990962,move,359,328,.!frame.!button
demo_session_06,39,1786094508.2490962,move,362,334,.!frame.!button
demo_session_06,39,1786094508.3095083,click,341,311,.!frame.!button
demo_session_06,40,1786094520.8417716,move,331,303,.!frame.!entry
demo_session_06,40,1786094520.8917716,move,348,274,.!frame.!entry
demo_session_06,40,1786094520.9417715,move,313,294,.!frame.!entry
demo_session_06,40,1786094520.9917715,move,333,294,.!frame.!entry
demo_session_06,40,1786094521.0417714,move,345,303,.!frame.!entry
demo_session_06,40,1786094521.0917714,move,332,291,.!frame.!entry
demo_session_06,40,1786094521.1417713,move,338,287,.!frame.!entry
demo_session_06,40,1786094521.1917713,move,349,299,.!frame.!entry
demo_session_06,40,1786094521.2417712,move,335,302,.!frame.!entry
demo_session_06,40,1786094521.2917712,move,338,287,.!frame.!entry
demo_session_06,40,1786094521.3417711,move,342,322,.!frame.!entry
demo_session_06,40,1786094521.391771,move,330,296,.!frame.!entry
demo_session_06,40,1786094521.441771,move,332,293,.!frame.!entry
demo_session_06,40,1786094521.491771,move,351,298,.!frame.!entry
demo_session_06,40,1786094521.541771,move,321,295,.!frame.!entry
demo_session_06,40,1786094521.591771,move,324,319,.!frame.!entry
demo_session_06,40,1786094521.6417708,move,318,279,.!frame.!entry
demo_session_06,40,1786094521.6917708,move,341,295,.!frame.!entry
demo_session_06,40,1786094521.7417707,move,348,294,.!frame.!entry
demo_session_06,40,1786094521.7917707,move,326,293,.!frame.!entry
demo_session_06,40,1786094521.8417706,move,330,297,.!frame.!entry
demo_session_06,40,1786094521.8917706,move,328,301,.!frame.!entry
demo_session_06,40,1786094521.9417706,move,337,293,.!frame.!entry
demo_session_06,40,1786094521.9917705,move,340,289,.!frame.!entry
demo_session_06,40,1786094522.0417705,move,342,286,.!frame.!entry
demo_session_06,40,1786094522.0917704,move,341,301,.!frame.!entry
demo_session_06,40,1786094522.1417704,move,337,315,.!frame.!entry
demo_session_06,40,1786094522.1917703,move,356,298,.!frame.!entry
demo_session_06,40,1786094522.2417703,move,330,280,.!frame.!entry
demo_session_06,40,1786094522.2917702,move,346,290,.!frame.!entry
demo_session_06,40,1786094522.3417702,move,339,298,.!frame.!entry
demo_session_06,40,1786094522.3917701,move,355,297,.!frame.!entry
demo_session_06,40,1786094522.44177,move,321,300,.!frame.!entry
demo_session_06,40,1786094522.49177,move,330,296,.!frame.!entry
demo_session_06,40,1786094522.54177,move,322,294,.!frame.!entry
demo_session_06,40,1786094522.59177,move,333,300,.!frame.!entry
demo_session_06,40,1786094522.64177,move,347,293,.!frame.!entry
demo_session_06,40,1786094522.6917698,move,338,286,.!frame.!entry
demo_session_06,40,1786094522.7417698,move,321,292,.!frame.!entry
demo_session_06,40,1786094522.7917697,move,347,307,.!frame.!entry
demo_session_06,40,1786094522.8417697,move,347,298,.!frame.!entry
demo_session_06,40,1786094522.8917696,move,354,323,.!frame.!entry
demo_session_06,40,1786094522.9417696,move,341,301,.!frame.!entry
demo_session_06,40,1786094522.9917696,move,348,313,.!frame.!entry
demo_session_06,40,1786094523.0417695,move,364,285,.!frame.!entry
demo_session_06,40,1786094523.0917695,move,337,309,.!frame.!entry
demo_session_06,40,1786094523.1417694,move,344,300,.!frame.!entry
demo_session_06,40,1786094523.1917694,move,325,311,.!frame.!entry
demo_session_06,40,1786094523.2417693,move,332,290,.!frame.!entry
demo_session_06,40,1786094523.2917693,move,311,293,.!frame.!entry
demo_session_06,40,1786094523.3417692,move,348,315,.!frame.!entry
demo_session_06,40,1786094523.3917692,move,328,310,.!frame.!entry
demo_session_06,40,1786094523.4417691,move,333,304,.!frame.!entry
demo_session_06,40,1786094523.491769,move,331,331,.!frame.!entry
demo_session_06,40,1786094523.541769,move,351,298,.!frame.!entry
demo_session_06,40,1786094523.591769,move,331,307,.!frame.!entry
demo_session_06,40,1786094523.641769,move,336,292,.!frame.!entry
demo_session_06,40,1786094523.691769,move,341,302,.!frame.!entry
demo_session_06,40,1786094523.7417688,move,337,300,.!frame.!entry
demo_session_06,40,1786094523.7917688,move,335,303,.!frame.!entry
demo_session_06,40,1786094523.8417687,move,322,289,.!frame.!entry
demo_session_06,40,1786094523.8917687,move,341,309,.!frame.!entry
demo_session_06,40,1786094523.9417686,move,347,306,.!frame.!entry
demo_session_06,40,1786094523.9917686,move,355,314,.!frame.!entry
demo_session_06,40,1786094524.0417686,move,353,306,.!frame.!entry
demo_session_06,40,1786094524.0917685,move,357,298,.!frame.!entry
demo_session_06,40,1786094524.1417685,move,347,307,.!frame.!entry
demo_session_06,40,1786094524.1917684,move,326,297,.!frame.!entry
demo_session_06,40,1786094524.2417684,move,338,299,.!frame.!entry
demo_session_06,40,1786094524.2917683,move,335,311,.!frame.!entry
demo_session_06,40,1786094524.3417683,move,339,312,.!frame.!entry
demo_session_06,40,1786094524.3917682,move,356,305,.!frame.!entry
demo_session_06,40,1786094524.4417682,move,359,295,.!frame.!entry
demo_session_06,40,1786094524.4917681,move,347,303,.!frame.!entry
demo_session_06,40,1786094524.541768,move,333,306,.!frame.!entry
demo_session_06,40,1786094524.591768,move,343,307,.!frame.!entry
demo_session_06,40,1786094524.641768,move,352,324,.!frame.!entry
demo_session_06,40,1786094524.691768,move,362,290,.!frame.!entry
demo_session_06,40,1786094524.741768,move,321,324,.!frame.!entry
demo_session_06,40,1786094524.7917678,move,351,317,.!frame.!entry
demo_session_06,40,1786094524.8417678,move,326,311,.!frame.!entry
demo_session_06,40,1786094524.8917677,move,338,311,.!frame.!entry
demo_session_06,40,1786094524.9417677,move,332,311,.!frame.!entry
demo_session_06,40,1786094524.9917676,move,346,308,.!frame.!entry
demo_session_06,40,1786094525.0417676,move,350,339,.!frame.!entry
demo_session_06,40,1786094525.0917675,move,348,312,.!frame.!entry
demo_session_06,40,1786094525.1417675,move,345,316,.!frame.!entry
demo_session_06,40,1786094525.1917675,move,341,297,.!frame.!entry
demo_session_06,40,1786094525.2417674,move,325,307,.!frame.!entry
demo_session_06,40,1786094525.2917674,move,360,304,.!frame.!entry
demo_session_06,40,1786094525.3417673,move,316,327,.!frame.!entry
demo_session_06,40,1786094525.3917673,move,353,293,.!frame.!entry
demo_session_06,40,1786094525.4417672,move,340,317,.!frame.!button
demo_session_06,40,1786094525.4917672,move,363,314,.!frame.!button
demo_session_06,40,1786094525.5417671,move,333,307,.!frame.!button
demo_session_06,40,1786094525.591767,move,352,323,.!frame.!button
demo_session_06,40,1786094525.641767,move,343,314,.!frame.!button
demo_session_06,40,1786094525.691767,move,345,321,.!frame.!button
demo_session_06,40,1786094525.741767,move,347,317,.!frame.!button
demo_session_06,40,1786094525.791767,move,361,300,.!frame.!button
demo_session_06,40,1786094525.8417668,move,350,304,.!frame.!button
demo_session_06,40,1786094525.8917668,move,357,307,.!frame.!button
demo_session_06,40,1786094525.9417667,move,344,315,.!frame.!button
demo_session_06,40,1786094525.9917667,move,331,309,.!frame.!button
demo_session_06,40,1786094526.0417666,move,323,315,.!frame.!button
demo_session_06,40,1786094526.0917666,move,345,303,.!frame.!button
demo_session_06,40,1786094526.1417665,move,341,317,.!frame.!button
demo_session_06,40,1786094526.1917665,move,342,321,.!frame.!button
demo_session_06,40,1786094526.2417665,move,358,310,.!frame.!button
demo_session_06,40,1786094526.2917664,move,339,314,.!frame.!button
demo_session_06,40,1786094526.3417664,move,346,316,.!frame.!button
demo_session_06,40,1786094526.3917663,move,339,332,.!frame.!button
demo_session_06,40,1786094526.4417663,move,361,310,.!frame.!button
demo_session_06,40,1786094526.4917662,move,348,309,.!frame.!button
demo_session_06,40,1786094526.5417662,move,358,322,.!frame.!button
demo_session_06,40,1786094526.591766,move,365,343,.!frame.!button
demo_session_06,40,1786094526.641766,move,338,320,.!frame.!button
demo_session_06,40,1786094526.691766,move,354,298,.!frame.!button
demo_session_06,40,1786094526.741766,move,344,325,.!frame.!button
demo_session_06,40,1786094526.791766,move,374,321,.!frame.!button
demo_session_06,40,1786094526.8417659,move,355,331,.!frame.!button
demo_session_06,40,1786094526.8917658,move,348,314,.!frame.!button
demo_session_06,40,1786094526.9417658,move,342,330,.!frame.!button
demo_session_06,40,1786094526.9917657,move,362,319,.!frame.!button
demo_session_06,40,1786094527.0417657,move,336,312,.!frame.!button
demo_session_06,40,1786094527.0917656,move,335,320,.!frame.!button
demo_session_06,40,1786094527.1417656,move,363,324,.!frame.!button
demo_session_06,40,1786094527.1917655,move,360,307,.!frame.!button
demo_session_06,40,1786094527.2417655,move,343,313,.!frame.!button
demo_session_06,40,1786094527.2917655,move,347,330,.!frame.!button
demo_session_06,40,1786094527.3417654,move,341,315,.!frame.!button
demo_session_06,40,1786094527.3917654,move,348,323,.!frame.!button
demo_session_06,40,1786094527.452268,click,341,311,.!frame.!button
demo_session_06,41,1786094527.452268,move,484,330,.!frame.!entry
demo_session_06,41,1786094527.5022678,move,457,351,.!frame.!entry
demo_session_06,41,1786094527.5522678,move,463,339,.!frame.!entry
demo_session_06,41,1786094527.6022677,move,469,361,.!frame.!entry
demo_session_06,41,1786094527.6522677,move,450,340,.!frame.!entry
demo_session_06,41,1786094527.7022676,move,481,338,.!frame.!entry
demo_session_06,41,1786094527.7522676,move,439,342,.!frame.!entry
demo_session_06,41,1786094527.8022676,move,450,339,.!frame.!entry
demo_session_06,41,1786094527.8522675,move,470,345,.!frame.!entry
demo_session_06,41,1786094527.9022675,move,449,347,.!frame.!entry
demo_session_06,41,1786094527.9522674,move,450,334,.!frame.!entry
demo_session_06,41,1786094528.0022674,move,447,347,.!frame.!entry
demo_session_06,41,1786094528.0522673,move,458,335,.!frame.!entry
demo_session_06,41,1786094528.1022673,move,443,326,.!frame.!entry
demo_session_06,41,1786094528.1522672,move,457,345,.!frame.!entry
demo_session_06,41,1786094528.2022672,move,443,333,.!frame.!entry
demo_session_06,41,1786094528.2522671,move,448,324,.!frame.!entry
demo_session_06,41,1786094528.302267,move,456,337,.!frame.!entry
demo_session_06,41,1786094528.352267,move,460,319,.!frame.!entry
demo_session_06,41,1786094528.402267,move,440,341,.!frame.!entry
demo_session_06,41,1786094528.452267,move,445,357,.!frame.!entry
demo_session_06,41,1786094528.502267,move,427,323,.!frame.!entry
demo_session_06,41,1786094528.5522668,move,433,321,.!frame.!entry
demo_session_06,41,1786094528.6022668,move,451,328,.!frame.!entry
demo_session_06,41,1786094528.6522667,move,438,331,.!frame.!entry
demo_session_06,41,1786094528.7022667,move,436,341,.!frame.!entry
demo_session_06,41,1786094528.7522666,move,451,333,.!frame.!entry
demo_session_06,41,1786094528.8022666,move,441,357,.!frame.!entry
demo_session_06,41,1786094528.8522666,move,428,345,.!frame.!entry
demo_session_06,41,1786094528.9022665,move,448,333,.!frame.!entry
demo_session_06,41,1786094528.9522665,move,427,325,.!frame.!entry
demo_session_06,41,1786094529.0022664,move,437,352,.!frame.!entry
demo_session_06,41,1786094529.0522664,move,436,338,.!frame.!entry
demo_session_06,41,1786094529.1022663,move,429,339,.!frame.!entry
demo_session_06,41,1786094529.1522663,move,426,338,.!frame.!entry
demo_session_06,41,1786094529.2022662,move,441,329,.!frame.!entry
demo_session_06,41,1786094529.2522662,move,456,324,.!frame.!entry
demo_session_06,41,1786094529.3022661,move,449,347,.!frame.!entry
demo_session_06,41,1786094529.352266,move,431,368,.!frame.!entry
demo_session_06,41,1786094529.402266,move,423,337,.!frame.!entry
demo_session_06,41,1786094529.452266,move,437,343,.!frame.!entry
demo_session_06,41,1786094529.502266,move,413,323,.!frame.!entry
demo_session_06,41,1786094529.552266,move,422,328,.!frame.!entry
demo_session_06,41,1786094529.6022658,move,432,323,.!frame.!entry
demo_session_06,41,1786094529.6522658,move,432,340,.!frame.!entry
demo_session_06,41,1786094529.7022657,move,426,344,.!frame.!entry
demo_session_06,41,1786094529.7522657,move,424,339,.!frame.!entry
demo_session_06,41,1786094529.8022656,move,429,343,.!frame.!entry
demo_session_06,41,1786094529.8522656,move,424,345,.!frame.!entry
demo_session_06,41,1786094529.9022655,move,434,345,.!frame.!entry
demo_session_06,41,1786094529.9522655,move,428,329,.!frame.!entry
demo_session_06,41,1786094530.0022655,move,419,332,.!frame.!entry
demo_session_06,41,1786094530.0522654,move,425,326,.!frame.!entry
demo_session_06,41,1786094530.1022654,move,406,317,.!frame.!entry
demo_session_06,41,1786094530.1522653,move,416,332,.!frame.!entry
demo_session_06,41,1786094530.2022653,move,406,316,.!frame.!entry
demo_session_06,41,1786094530.2522652,move,399,330,.!frame.!entry
demo_session_06,41,1786094530.3022652,move,409,328,.!frame.!entry
demo_session_06,41,1786094530.3522651,move,433,337,.!frame.!entry
demo_session_06,41,1786094530.402265,move,415,335,.!frame.!entry
demo_session_06,41,1786094530.452265,move,418,343,.!frame.!entry
demo_session_06,41,1786094530.502265,move,406,319,.!frame.!entry
demo_session_06,41,1786094530.552265,move,433,347,.!frame.!entry
demo_session_06,41,1786094530.602265,move,410,320,.!frame.!entry
demo_session_06,41,1786094530.6522648,move,407,333,.!frame.!entry
demo_session_06,41,1786094530.7022648,move,389,332,.!frame.!entry
demo_session_06,41,1786094530.7522647,move,390,325,.!frame.!entry
demo_session_06,41,1786094530.8022647,move,406,332,.!frame.!entry
demo_session_06,41,1786094530.8522646,move,412,327,.!frame.!entry
demo_session_06,41,1786094530.9022646,move,411,325,.!frame.!entry
demo_session_06,41,1786094530.9522645,move,400,343,.!frame.!entry
demo_session_06,41,1786094531.0022645,move,420,349,.!frame.!entry
demo_session_06,41,1786094531.0522645,move,391,328,.!frame.!entry
demo_session_06,41,1786094531.1022644,move,392,337,.!frame.!entry
demo_session_06,41,1786094531.1522644,move,402,330,.!frame.!entry
demo_session_06,41,1786094531.2022643,move,409,333,.!frame.!entry
demo_session_06,41,1786094531.2522643,move,393,321,.!frame.!entry
demo_session_06,41,1786094531.3022642,move,381,334,.!frame.!entry
demo_session_06,41,1786094531.3522642,move,402,299,.!frame.!entry
demo_session_06,41,1786094531.402264,move,378,336,.!frame.!entry
demo_session_06,41,1786094531.452264,move,382,333,.!frame.!entry
demo_session_06,41,1786094531.502264,move,372,323,.!frame.!entry
demo_session_06,41,1786094531.552264,move,396,332,.!frame.!entry
demo_session_06,41,1786094531.602264,move,387,334,.!frame.!entry
demo_session_06,41,1786094531.6522639,move,388,327,.!frame.!entry
demo_session_06,41,1786094531.7022638,move,395,314,.!frame.!entry
demo_session_06,41,1786094531.7522638,move,418,342,.!frame.!entry
demo_session_06,41,1786094531.8022637,move,374,329,.!frame.!entry
demo_session_06,41,1786094531.8522637,move,390,325,.!frame.!entry
demo_session_06,41,1786094531.9022636,move,387,330,.!frame.!entry
demo_session_06,41,1786094531.9522636,move,384,342,.!frame.!entry
demo_session_06,41,1786094532.0022635,move,396,340,.!frame.!button
demo_session_06,41,1786094532.0522635,move,368,323,.!frame.!button
demo_session_06,41,1786094532.1022635,move,379,316,.!frame.!button
demo_session_06,41,1786094532.1522634,move,373,333,.!frame.!button
demo_session_06,41,1786094532.2022634,move,402,335,.!frame.!button
demo_session_06,41,1786094532.2522633,move,386,328,.!frame.!button
demo_session_06,41,1786094532.3022633,move,373,346,.!frame.!button
demo_session_06,41,1786094532.3522632,move,390,324,.!frame.!button
demo_session_06,41,1786094532.4022632,move,366,328,.!frame.!button
demo_session_06,41,1786094532.452263,move,368,323,.!frame.!button
demo_session_06,41,1786094532.502263,move,376,319,.!frame.!button
demo_session_06,41,1786094532.552263,move,370,335,.!frame.!button
demo_session_06,41,1786094532.602263,move,362,315,.!frame.!button
demo_session_06,41,1786094532.652263,move,339,342,.!frame.!button
demo_session_06,41,1786094532.7022629,move,384,320,.!frame.!button
demo_session_06,41,1786094532.7522628,move,359,317,.!frame.!button
demo_session_06,41,1786094532.8022628,move,367,316,.!frame.!button
demo_session_06,41,1786094532.8522627,move,372,322,.!frame.!button
demo_session_06,41,1786094532.9022627,move,378,320,.!frame.!button
demo_session_06,41,1786094532.9522626,move,364,325,.!frame.!button
demo_session_06,41,1786094533.0022626,move,354,332,.!frame.!button
demo_session_06,41,1786094533.0522625,move,369,318,.!frame.!button
demo_session_06,41,1786094533.1022625,move,372,327,.!frame.!button
demo_session_06,41,1786094533.1522624,move,381,305,.!frame.!button
demo_session_06,41,1786094533.2022624,move,361,335,.!frame.!button
demo_session_06,41,1786094533.2522624,move,366,321,.!frame.!button
demo_session_06,41,1786094533.3022623,move,358,316,.!frame.!button
demo_session_06,41,1786094533.3522623,move,337,326,.!frame.!button
demo_session_06,41,1786094533.4022622,move,376,324,.!frame.!button
demo_session_06,41,1786094533.4522622,move,364,318,.!frame.!button
demo_session_06,41,1786094533.502262,move,373,319,.!frame.!button
demo_session_06,41,1786094533.552262,move,350,332,.!frame.!button
demo_session_06,41,1786094533.602262,move,366,329,.!frame.!button
demo_session_06,41,1786094533.652262,move,352,332,.!frame.!button
demo_session_06,41,1786094533.702262,move,335,319,.!frame.!button
demo_session_06,41,1786094533.7522619,move,361,329,.!frame.!button
demo_session_06,41,1786094533.8022618,move,359,304,.!frame.!button
demo_session_06,41,1786094533.8522618,move,345,301,.!frame.!button
demo_session_06,41,1786094533.9022617,move,351,325,.!frame.!button
demo_session_06,41,1786094533.9661655,click,339,309,.!frame.!button
demo_session_06,42,1786094539.5832534,move,96,147,.!frame.!entry
demo_session_06,42,1786094539.6332533,move,89,138,.!frame.!entry
demo_session_06,42,1786094539.6832533,move,110,147,.!frame.!entry
demo_session_06,42,1786094539.7332532,move,132,138,.!frame.!entry
demo_session_06,42,1786094539.7832532,move,103,155,.!frame.!entry
demo_session_06,42,1786094539.8332531,move,121,132,.!frame.!entry
demo_session_06,42,1786094539.883253,move,85,168,.!frame.!entry
demo_session_06,42,1786094539.933253,move,124,159,.!frame.!entry
demo_session_06,42,1786094539.983253,move,134,161,.!frame.!entry
demo_session_06,42,1786094540.033253,move,127,176,.!frame.!entry
demo_session_06,42,1786094540.083253,move,116,166,.!frame.!entry
demo_session_06,42,1786094540.1332529,move,126,178,.!frame.!entry
demo_session_06,42,1786094540.1832528,move,120,172,.!frame.!entry
demo_session_06,42,1786094540.2332528,move,124,167,.!frame.!entry
demo_session_06,42,1786094540.2832527,move,123,152,.!frame.!entry
demo_session_06,42,1786094540.3332527,move,115,177,.!frame.!entry
demo_session_06,42,1786094540.3832526,move,137,174,.!frame.!entry
demo_session_06,42,1786094540.4332526,move,137,174,.!frame.!entry
demo_session_06,42,1786094540.4832525,move,145,172,.!frame.!entry
demo_session_06,42,1786094540.5332525,move,142,195,.!frame.!entry
demo_session_06,42,1786094540.5832524,move,164,181,.!frame.!entry
demo_session_06,42,1786094540.6332524,move,159,185,.!frame.!entry
demo_session_06,42,1786094540.6832523,move,125,177,.!frame.!entry
demo_session_06,42,1786094540.7332523,move,161,173,.!frame.!entry
demo_session_06,42,1786094540.7832522,move,151,177,.!frame.!entry
demo_session_06,42,1786094540.8332522,move,155,172,.!frame.!entry
demo_session_06,42,1786094540.8832521,move,156,185,.!frame.!entry
demo_session_06,42,1786094540.933252,move,158,187,.!frame.!entry
demo_session_06,42,1786094540.983252,move,159,187,.!frame.!entry
demo_session_06,42,1786094541.033252,move,175,171,.!frame.!entry
demo_session_06,42,1786094541.083252,move,159,204,.!frame.!entry
demo_session_06,42,1786094541.133252,move,166,184,.!frame.!entry
demo_session_06,42,1786094541.1832519,move,171,195,.!frame.!entry
demo_session_06,42,1786094541.2332518,move,164,181,.!frame.!entry
demo_session_06,42,1786094541.2832518,move,156,198,.!frame.!entry
demo_session_06,42,1786094541.3332517,move,157,189,.!frame.!entry
demo_session_06,42,1786094541.3832517,move,169,182,.!frame.!entry
demo_session_06,42,1786094541.4332516,move,198,196,.!frame.!entry
demo_session_06,42,1786094541.4832516,move,178,224,.!frame.!entry
demo_session_06,42,1786094541.5332515,move,180,215,.!frame.!entry
demo_session_06,42,1786094541.5832515,move,206,194,.!frame.!entry
demo_session_06,42,1786094541.6332514,move,196,200,.!frame.!entry
demo_session_06,42,1786094541.6832514,move,190,177,.!frame.!entry
demo_session_06,42,1786094541.7332513,move,183,213,.!frame.!entry
demo_session_06,42,1786094541.7832513,move,187,207,.!frame.!entry
demo_session_06,42,1786094541.8332512,move,196,212,.!frame.!entry
demo_session_06,42,1786094541.8832512,move,203,211,.!frame.!entry
demo_session_06,42,1786094541.9332511,move,231,219,.!frame.!entry
demo_session_06,42,1786094541.983251,move,214,237,.!frame.!entry
demo_session_06,42,1786094542.033251,move,204,228,.!frame.!entry
demo_session_06,42,1786094542.083251,move,217,221,.!frame.!entry
demo_session_06,42,1786094542.133251,move,202,228,.!frame.!entry
demo_session_06,42,1786094542.183251,move,230,221,.!frame.!entry
demo_session_06,42,1786094542.2332509,move,216,230,.!frame.!entry
demo_session_06,42,1786094542.2832508,move,219,232,.!frame.!entry
demo_session_06,42,1786094542.3332508,move,228,221,.!frame.!entry
demo_session_06,42,1786094542.3832507,move,211,239,.!frame.!entry
demo_session_06,42,1786094542.4332507,move,219,229,.!frame.!entry
demo_session_06,42,1786094542.4832506,move,226,246,.!frame.!entry
demo_session_06,42,1786094542.5332506,move,243,229,.!frame.!entry
demo_session_06,42,1786094542.5832505,move,230,224,.!frame.!entry
demo_session_06,42,1786094542.6332505,move,236,239,.!frame.!entry
demo_session_06,42,1786094542.6832504,move,227,225,.!frame.!entry
demo_session_06,42,1786094542.7332504,move,259,231,.!frame.!entry
demo_session_06,42,1786094542.7832503,move,252,237,.!frame.!entry
demo_session_06,42,1786094542.8332503,move,237,250,.!frame.!entry
demo_session_06,42,1786094542.8832502,move,258,249,.!frame.!entry
demo_session_06,42,1786094542.9332502,move,251,245,.!frame.!entry
demo_session_06,42,1786094542.9832501,move,242,256,.!frame.!entry
demo_session_06,42,1786094543.03325,move,239,248,.!frame.!entry
demo_session_06,42,1786094543.08325,move,241,245,.!frame.!entry
demo_session_06,42,1786094543.13325,move,279,249,.!frame.!entry
demo_session_06,42,1786094543.18325,move,255,257,.!frame.!entry
demo_session_06,42,1786094543.23325,move,273,260,.!frame.!entry
demo_session_06,42,1786094543.2832499,move,254,257,.!frame.!entry
demo_session_06,42,1786094543.3332498,move,277,257,.!frame.!entry
demo_session_06,42,1786094543.3832498,move,290,265,.!frame.!entry
demo_session_06,42,1786094543.4332497,move,255,279,.!frame.!entry
demo_session_06,42,1786094543.4832497,move,261,246,.!frame.!entry
demo_session_06,42,1786094543.5332496,move,276,274,.!frame.!entry
demo_session_06,42,1786094543.5832496,move,284,263,.!frame.!button
demo_session_06,42,1786094543.6332495,move,273,260,.!frame.!button
demo_session_06,42,1786094543.6832495,move,262,273,.!frame.!button
demo_session_06,42,1786094543.7332494,move,284,261,.!frame.!button
demo_session_06,42,1786094543.7832494,move,265,299,.!frame.!button
demo_session_06,42,1786094543.8332493,move,276,277,.!frame.!button
demo_session_06,42,1786094543.8832493,move,289,280,.!frame.!button
demo_session_06,42,1786094543.9332492,move,295,269,.!frame.!button
demo_session_06,42,1786094543.9832492,move,299,268,.!frame.!button
demo_session_06,42,1786094544.0332491,move,270,279,.!frame.!button
demo_session_06,42,1786094544.083249,move,299,261,.!frame.!button
demo_session_06,42,1786094544.133249,move,297,274,.!frame.!button
demo_session_06,42,1786094544.183249,move,286,286,.!frame.!button
demo_session_06,42,1786094544.233249,move,302,272,.!frame.!button
demo_session_06,42,1786094544.283249,move,312,285,.!frame.!button
demo_session_06,42,1786094544.3332489,move,310,282,.!frame.!button
demo_session_06,42,1786094544.3832488,move,303,287,.!frame.!button
demo_session_06,42,1786094544.4332488,move,315,300,.!frame.!button
demo_session_06,42,1786094544.4832487,move,299,314,.!frame.!button
demo_session_06,42,1786094544.5332487,move,327,299,.!frame.!button
demo_session_06,42,1786094544.5832486,move,332,301,.!frame.!button
demo_session_06,42,1786094544.6332486,move,326,305,.!frame.!button
demo_session_06,42,1786094544.6832485,move,341,305,.!frame.!button
demo_session_06,42,1786094544.7332485,move,320,300,.!frame.!button
demo_session_06,42,1786094544.7832484,move,331,303,.!frame.!button
demo_session_06,42,1786094544.8332484,move,330,318,.!frame.!button
demo_session_06,42,1786094544.8832483,move,329,292,.!frame.!button
demo_session_06,42,1786094544.9332483,move,343,302,.!frame.!button
demo_session_06,42,1786094544.9832482,move,337,322,.!frame.!button
demo_session_06,42,1786094545.0332482,move,364,309,.!frame.!button
demo_session_06,42,1786094545.0832481,move,340,307,.!frame.!button
demo_session_06,42,1786094545.133248,move,331,324,.!frame.!button
demo_session_06,42,1786094545.183248,move,329,321,.!frame.!button
demo_session_06,42,1786094545.233248,move,353,329,.!frame.!button
demo_session_06,42,1786094545.283248,move,338,327,.!frame.!button
demo_session_06,42,1786094545.372409,click,341,311,.!frame.!button
demo_session_06,43,1786094569.3214426,move,410,139,.!frame.!entry
demo_session_06,43,1786094569.3714426,move,381,137,.!frame.!entry
demo_session_06,43,1786094569.4214425,move,404,149,.!frame.!entry
demo_session_06,43,1786094569.4714425,move,407,143,.!frame.!entry
demo_session_06,43,1786094569.5214424,move,399,138,.!frame.!entry
demo_session_06,43,1786094569.5714424,move,406,155,.!frame.!entry
demo_session_06,43,1786094569.6214423,move,382,155,.!frame.!entry
demo_session_06,43,1786094569.6714423,move,390,142,.!frame.!entry
demo_session_06,43,1786094569.7214422,move,367,144,.!frame.!entry
demo_session_06,43,1786094569.7714422,move,382,158,.!frame.!entry
demo_session_06,43,1786094569.8214421,move,390,159,.!frame.!entry
demo_session_06,43,1786094569.871442,move,391,155,.!frame.!entry
demo_session_06,43,1786094569.921442,move,400,171,.!frame.!entry
demo_session_06,43,1786094569.971442,move,397,171,.!frame.!entry
demo_session_06,43,1786094570.021442,move,399,177,.!frame.!entry
demo_session_06,43,1786094570.071442,move,398,157,.!frame.!entry
demo_session_06,43,1786094570.1214418,move,379,165,.!frame.!entry
demo_session_06,43,1786094570.1714418,move,373,172,.!frame.!entry
demo_session_06,43,1786094570.2214417,move,411,170,.!frame.!entry
demo_session_06,43,1786094570.2714417,move,375,170,.!frame.!entry
demo_session_06,43,1786094570.3214417,move,376,167,.!frame.!entry
demo_session_06,43,1786094570.3714416,move,394,169,.!frame.!entry
demo_session_06,43,1786094570.4214416,move,379,164,.!frame.!entry
demo_session_06,43,1786094570.4714415,move,381,194,.!frame.!entry
demo_session_06,43,1786094570.5214415,move,382,188,.!frame.!entry
demo_session_06,43,1786094570.5714414,move,389,183,.!frame.!entry
demo_session_06,43,1786094570.6214414,move,381,167,.!frame.!entry
demo_session_06,43,1786094570.6714413,move,390,181,.!frame.!entry
demo_session_06,43,1786094570.7214413,move,391,182,.!frame.!entry
demo_session_06,43,1786094570.7714412,move,385,184,.!frame.!entry
demo_session_06,43,1786094570.8214412,move,378,192,.!frame.!entry
demo_session_06,43,1786094570.8714411,move,382,179,.!frame.!entry
demo_session_06,43,1786094570.921441,move,362,197,.!frame.!entry
demo_session_06,43,1786094570.971441,move,384,199,.!frame.!entry
demo_session_06,43,1786094571.021441,move,388,180,.!frame.!entry
demo_session_06,43,1786094571.071441,move,381,212,.!frame.!entry
demo_session_06,43,1786094571.121441,move,384,195,.!frame.!entry
demo_session_06,43,1786094571.1714408,move,365,197,.!frame.!entry
demo_session_06,43,1786094571.2214408,move,359,198,.!frame.!entry
demo_session_06,43,1786094571.2714407,move,377,209,.!frame.!entry
demo_session_06,43,1786094571.3214407,move,370,189,.!frame.!entry
demo_session_06,43,1786094571.3714406,move,388,199,.!frame.!entry
demo_session_06,43,1786094571.4214406,move,387,198,.!frame.!entry
demo_session_06,43,1786094571.4714406,move,357,199,.!frame.!entry
demo_session_06,43,1786094571.5214405,move,361,216,.!frame.!entry
demo_session_06,43,1786094571.5714405,move,379,208,.!frame.!entry
demo_session_06,43,1786094571.6214404,move,380,204,.!frame.!entry
demo_session_06,43,1786094571.6714404,move,372,217,.!frame.!entry
demo_session_06,43,1786094571.7214403,move,364,233,.!frame.!entry
demo_session_06,43,1786094571.7714403,move,377,207,.!frame.!entry
demo_session_06,43,1786094571.8214402,move,392,229,.!frame.!entry
demo_session_06,43,1786094571.8714402,move,357,223,.!frame.!entry
demo_session_06,43,1786094571.9214401,move,382,214,.!frame.!entry
demo_session_06,43,1786094571.97144,move,379,224,.!frame.!entry
demo_session_06,43,1786094572.02144,move,373,219,.!frame.!entry
demo_session_06,43,1786094572.07144,move,375,211,.!frame.!entry
demo_session_06,43,1786094572.12144,move,372,211,.!frame.!entry
demo_session_06,43,1786094572.17144,move,381,217,.!frame.!entry
demo_session_06,43,1786094572.2214398,move,377,220,.!frame.!entry
demo_session_06,43,1786094572.2714398,move,363,243,.!frame.!entry
demo_session_06,43,1786094572.3214397,move,386,233,.!frame.!entry
demo_session_06,43,1786094572.3714397,move,381,227,.!frame.!entry
demo_session_06,43,1786094572.4214396,move,380,236,.!frame.!entry
demo_session_06,43,1786094572.4714396,move,384,229,.!frame.!entry
demo_session_06,43,1786094572.5214396,move,378,237,.!frame.!entry
demo_session_06,43,1786094572.5714395,move,371,233,.!frame.!entry
demo_session_06,43,1786094572.6214395,move,357,235,.!frame.!entry
demo_session_06,43,1786094572.6714394,move,360,233,.!frame.!entry
demo_session_06,43,1786094572.7214394,move,374,238,.!frame.!entry
demo_session_06,43,1786094572.7714393,move,371,260,.!frame.!entry
demo_session_06,43,1786094572.8214393,move,366,247,.!frame.!entry
demo_session_06,43,1786094572.8714392,move,379,238,.!frame.!entry
demo_session_06,43,1786094572.9214392,move,352,248,.!frame.!entry
demo_session_06,43,1786094572.9714391,move,363,261,.!frame.!entry
demo_session_06,43,1786094573.021439,move,363,254,.!frame.!entry
demo_session_06,43,1786094573.071439,move,382,242,.!frame.!entry
demo_session_06,43,1786094573.121439,move,350,260,.!frame.!entry
demo_session_06,43,1786094573.171439,move,349,260,.!frame.!entry
demo_session_06,43,1786094573.221439,move,369,248,.!frame.!entry
demo_session_06,43,1786094573.2714388,move,353,260,.!frame.!entry
demo_session_06,43,1786094573.3214388,move,358,266,.!frame.!entry
demo_session_06,43,1786094573.3714387,move,359,247,.!frame.!entry
demo_session_06,43,1786094573.4214387,move,368,264,.!frame.!entry
demo_session_06,43,1786094573.4714386,move,362,263,.!frame.!entry
demo_session_06,43,1786094573.5214386,move,362,254,.!frame.!entry
demo_session_06,43,1786094573.5714386,move,370,256,.!frame.!entry
demo_session_06,43,1786094573.6214385,move,377,275,.!frame.!entry
demo_session_06,43,1786094573.6714385,move,379,266,.!frame.!button
demo_session_06,43,1786094573.7214384,move,360,254,.!frame.!button
demo_session_06,43,1786094573.7714384,move,347,277,.!frame.!button
demo_session_06,43,1786094573.8214383,move,358,275,.!frame.!button
demo_session_06,43,1786094573.8714383,move,353,280,.!frame.!button
demo_session_06,43,1786094573.9214382,move,366,272,.!frame.!button
demo_session_06,43,1786094573.9714382,move,352,270,.!frame.!button
demo_session_06,43,1786094574.0214381,move,381,275,.!frame.!button
demo_session_06,43,1786094574.071438,move,363,278,.!frame.!button
demo_session_06,43,1786094574.121438,move,369,292,.!frame.!button
demo_session_06,43,1786094574.171438,move,350,290,.!frame.!button
demo_session_06,43,1786094574.221438,move,365,302,.!frame.!button
demo_session_06,43,1786094574.271438,move,368,297,.!frame.!button
demo_session_06,43,1786094574.3214378,move,358,275,.!frame.!button
demo_session_06,43,1786094574.3714378,move,365,279,.!frame.!button
demo_session_06,43,1786094574.4214377,move,347,270,.!frame.!button
demo_session_06,43,1786094574.4714377,move,378,281,.!frame.!button
demo_session_06,43,1786094574.5214376,move,364,288,.!frame.!button
demo_session_06,43,1786094574.5714376,move,343,298,.!frame.!button
demo_session_06,43,1786094574.6214375,move,339,281,.!frame.!button
demo_session_06,43,1786094574.6714375,move,352,300,.!frame.!button
demo_session_06,43,1786094574.7214375,move,371,285,.!frame.!button
demo_session_06,43,1786094574.7714374,move,354,296,.!frame.!button
demo_session_06,43,1786094574.8214374,move,352,298,.!frame.!button
demo_session_06,43,1786094574.8714373,move,355,296,.!frame.!button
demo_session_06,43,1786094574.9214373,move,357,327,.!frame.!button
demo_session_06,43,1786094574.9714372,move,358,302,.!frame.!button
demo_session_06,43,1786094575.0214372,move,350,308,.!frame.!button
demo_session_06,43,1786094575.0714371,move,346,314,.!frame.!button
demo_session_06,43,1786094575.121437,move,355,292,.!frame.!button
demo_session_06,43,1786094575.171437,move,362,320,.!frame.!button
demo_session_06,43,1786094575.221437,move,358,313,.!frame.!button
demo_session_06,43,1786094575.271437,move,344,321,.!frame.!button
demo_session_06,43,1786094575.321437,move,349,326,.!frame.!button
demo_session_06,43,1786094575.3714368,move,351,319,.!frame.!button
demo_session_06,43,1786094575.4214368,move,351,335,.!frame.!button
demo_session_06,43,1786094575.4714367,move,344,326,.!frame.!button
demo_session_06,43,1786094575.5605772,click,362,332,.!frame.!button
demo_session_06,44,1786094575.5605772,move,194,148,.!frame.!entry
demo_session_06,44,1786094575.610577,move,218,170,.!frame.!entry
demo_session_06,44,1786094575.660577,move,209,164,.!frame.!entry
demo_session_06,44,1786094575.710577,move,215,168,.!frame.!entry
demo_session_06,44,1786094575.760577,move,201,156,.!frame.!entry
demo_session_06,44,1786094575.810577,move,228,166,.!frame.!entry
demo_session_06,44,1786094575.8605769,move,206,171,.!frame.!entry
demo_session_06,44,1786094575.9105768,move,209,161,.!frame.!entry
demo_session_06,44,1786094575.9605768,move,211,177,.!frame.!entry
demo_session_06,44,1786094576.0105767,move,203,167,.!frame.!entry
demo_session_06,44,1786094576.0605767,move,218,166,.!frame.!entry
demo_session_06,44,1786094576.1105766,move,218,174,.!frame.!entry
demo_session_06,44,1786094576.1605766,move,225,175,.!frame.!entry
demo_session_06,44,1786094576.2105765,move,225,174,.!frame.!entry
demo_session_06,44,1786094576.2605765,move,221,187,.!frame.!entry
demo_session_06,44,1786094576.3105764,move,240,195,.!frame.!entry
demo_session_06,44,1786094576.3605764,move,234,184,.!frame.!entry
demo_session_06,44,1786094576.4105763,move,226,174,.!frame.!entry
demo_session_06,44,1786094576.4605763,move,223,194,.!frame.!entry
demo_session_06,44,1786094576.5105762,move,221,178,.!frame.!entry
demo_session_06,44,1786094576.5605762,move,220,189,.!frame.!entry
demo_session_06,44,1786094576.6105762,move,211,191,.!frame.!entry
demo_session_06,44,1786094576.660576,move,197,187,.!frame.!entry
demo_session_06,44,1786094576.710576,move,235,194,.!frame.!entry
demo_session_06,44,1786094576.760576,move,246,174,.!frame.!entry
demo_session_06,44,1786094576.810576,move,242,194,.!frame.!entry
demo_session_06,44,1786094576.860576,move,228,187,.!frame.!entry
demo_session_06,44,1786094576.9105759,move,242,184,.!frame.!entry
demo_session_06,44,1786094576.9605758,move,230,200,.!frame.!entry
demo_session_06,44,1786094577.0105758,move,231,199,.!frame.!entry
demo_session_06,44,1786094577.0605757,move,253,196,.!frame.!entry
demo_session_06,44,1786094577.1105757,move,245,188,.!frame.!entry
demo_session_06,44,1786094577.1605756,move,230,211,.!frame.!entry
demo_session_06,44,1786094577.2105756,move,229,205,.!frame.!entry
demo_session_06,44,1786094577.2605755,move,248,197,.!frame.!entry
demo_session_06,44,1786094577.3105755,move,233,195,.!frame.!entry
demo_session_06,44,1786094577.3605754,move,232,198,.!frame.!entry
demo_session_06,44,1786094577.4105754,move,247,192,.!frame.!entry
demo_session_06,44,1786094577.4605753,move,257,206,.!frame.!entry
demo_session_06,44,1786094577.5105753,move,258,210,.!frame.!entry
demo_session_06,44,1786094577.5605752,move,251,203,.!frame.!entry
demo_session_06,44,1786094577.6105752,move,265,198,.!frame.!entry
demo_session_06,44,1786094577.6605752,move,260,217,.!frame.!entry
demo_session_06,44,1786094577.710575,move,238,206,.!frame.!entry
demo_session_06,44,1786094577.760575,move,259,201,.!frame.!entry
demo_session_06,44,1786094577.810575,move,254,229,.!frame.!entry
demo_session_06,44,1786094577.860575,move,246,214,.!frame.!entry
demo_session_06,44,1786094577.910575,move,260,200,.!frame.!entry
demo_session_06,44,1786094577.9605749,move,257,223,.!frame.!entry
demo_session_06,44,1786094578.0105748,move,261,217,.!frame.!entry
demo_session_06,44,1786094578.0605748,move,251,226,.!frame.!entry
demo_session_06,44,1786094578.1105747,move,265,214,.!frame.!entry
demo_session_06,44,1786094578.1605747,move,275,215,.!frame.!entry
demo_session_06,44,1786094578.2105746,move,269,219,.!frame.!entry
demo_session_06,44,1786094578.2605746,move,263,230,.!frame.!entry
demo_session_06,44,1786094578.3105745,move,268,224,.!frame.!entry
demo_session_06,44,1786094578.3605745,move,286,228,.!frame.!entry
demo_session_06,44,1786094578.4105744,move,283,228,.!frame.!entry
demo_session_06,44,1786094578.4605744,move,274,232,.!frame.!entry
demo_session_06,44,1786094578.5105743,move,275,238,.!frame.!entry
demo_session_06,44,1786094578.5605743,move,263,246,.!frame.!entry
demo_session_06,44,1786094578.6105742,move,285,244,.!frame.!entry
demo_session_06,44,1786094578.6605742,move,258,221,.!frame.!entry
demo_session_06,44,1786094578.7105742,move,266,241,.!frame.!entry
demo_session_06,44,1786094578.760574,move,280,218,.!frame.!entry
demo_session_06,44,1786094578.810574,move,287,258,.!frame.!entry
demo_session_06,44,1786094578.860574,move,291,248,.!frame.!entry
demo_session_06,44,1786094578.910574,move,293,259,.!frame.!entry
demo_session_06,44,1786094578.960574,move,281,243,.!frame.!entry
demo_session_06,44,1786094579.0105739,move,288,242,.!frame.!entry
demo_session_06,44,1786094579.0605738,move,283,263,.!frame.!entry
demo_session_06,44,1786094579.1105738,move,281,236,.!frame.!entry
demo_session_06,44,1786094579.1605737,move,288,235,.!frame.!entry
demo_session_06,44,1786094579.2105737,move,274,246,.!frame.!entry
demo_session_06,44,1786094579.2605736,move,279,248,.!frame.!entry
demo_session_06,44,1786094579.3105736,move,289,245,.!frame.!entry
demo_session_06,44,1786094579.3605735,move,283,238,.!frame.!entry
demo_session_06,44,1786094579.4105735,move,297,255,.!frame.!entry
demo_session_06,44,1786094579.4605734,move,285,248,.!frame.!entry
demo_session_06,44,1786094579.5105734,move,297,252,.!frame.!entry
demo_session_06,44,1786094579.5605733,move,292,248,.!frame.!entry
demo_session_06,44,1786094579.6105733,move,305,254,.!frame.!entry
demo_session_06,44,1786094579.6605732,move,306,266,.!frame.!entry
demo_session_06,44,1786094579.7105732,move,293,257,.!frame.!entry
demo_session_06,44,1786094579.7605731,move,314,249,.!frame.!entry
demo_session_06,44,1786094579.810573,move,302,259,.!frame.!entry
demo_session_06,44,1786094579.860573,move,308,267,.!frame.!entry
demo_session_06,44,1786094579.910573,move,287,268,.!frame.!entry
demo_session_06,44,1786094579.960573,move,314,267,.!frame.!entry
demo_session_06,44,1786094580.010573,move,299,260,.!frame.!entry
demo_session_06,44,1786094580.0605729,move,303,257,.!frame.!entry
demo_session_06,44,1786094580.1105728,move,305,280,.!frame.!button
demo_session_06,44,1786094580.1605728,move,309,275,.!frame.!button
demo_session_06,44,1786094580.2105727,move,309,278,.!frame.!button
demo_session_06,44,1786094580.2605727,move,306,272,.!frame.!button
demo_session_06,44,1786094580.3105726,move,313,288,.!frame.!button
demo_session_06,44,1786094580.3605726,move,299,257,.!frame.!button
demo_session_06,44,1786094580.4105725,move,307,270,.!frame.!button
demo_session_06,44,1786094580.4605725,move,310,288,.!frame.!button
demo_session_06,44,1786094580.5105724,move,327,291,.!frame.!button
demo_session_06,44,1786094580.5605724,move,320,274,.!frame.!button
demo_session_06,44,1786094580.6105723,move,311,301,.!frame.!button
demo_session_06,44,1786094580.6605723,move,319,275,.!frame.!button
demo_session_06,44,1786094580.7105722,move,331,296,.!frame.!button
demo_session_06,44,1786094580.7605722,move,330,302,.!frame.!button
demo_session_06,44,1786094580.8105721,move,306,289,.!frame.!button
demo_session_06,44,1786094580.860572,move,338,294,.!frame.!button
demo_session_06,44,1786094580.910572,move,324,287,.!frame.!button
demo_session_06,44,1786094580.960572,move,335,286,.!frame.!button
demo_session_06,44,1786094581.010572,move,324,295,.!frame.!button
demo_session_06,44,1786094581.060572,move,324,293,.!frame.!button
demo_session_06,44,1786094581.1105719,move,342,279,.!frame.!button
demo_session_06,44,1786094581.1605718,move,353,303,.!frame.!button
demo_session_06,44,1786094581.2105718,move,336,307,.!frame.!button
demo_session_06,44,1786094581.2605717,move,314,302,.!frame.!button
demo_session_06,44,1786094581.3105717,move,326,307,.!frame.!button
demo_session_06,44,1786094581.3605716,move,336,326,.!frame.!button
demo_session_06,44,1786094581.4105716,move,340,320,.!frame.!button
demo_session_06,44,1786094581.4605715,move,339,298,.!frame.!button
demo_session_06,44,1786094581.5105715,move,324,289,.!frame.!button
demo_session_06,44,1786094581.5605714,move,344,320,.!frame.!button
demo_session_06,44,1786094581.6105714,move,339,310,.!frame.!button
demo_session_06,44,1786094581.6605713,move,345,320,.!frame.!button
demo_session_06,44,1786094581.7105713,move,340,311,.!frame.!button
demo_session_06,44,1786094581.7605712,move,344,312,.!frame.!button
demo_session_06,44,1786094581.8105712,move,335,319,.!frame.!button
demo_session_06,44,1786094581.8605711,move,339,341,.!frame.!button
demo_session_06,44,1786094581.910571,move,336,326,.!frame.!button
demo_session_06,44,1786094581.960571,move,345,314,.!frame.!button
demo_session_06,44,1786094582.010571,move,352,325,.!frame.!button
demo_session_06,44,1786094582.1026382,click,347,317,.!frame.!button
demo_session_06,45,1786094582.1026382,move,125,384,.!frame.!entry
demo_session_06,45,1786094582.1526382,move,140,398,.!frame.!entry
demo_session_06,45,1786094582.2026381,move,133,398,.!frame.!entry
demo_session_06,45,1786094582.252638,move,138,393,.!frame.!entry
demo_session_06,45,1786094582.302638,move,129,388,.!frame.!entry
demo_session_06,45,1786094582.352638,move,128,380,.!frame.!entry
demo_session_06,45,1786094582.402638,move,147,386,.!frame.!entry
demo_session_06,45,1786094582.452638,move,113,394,.!frame.!entry
demo_session_06,45,1786094582.5026379,move,139,384,.!frame.!entry
demo_session_06,45,1786094582.5526378,move,128,376,.!frame.!entry
demo_session_06,45,1786094582.6026378,move,139,368,.!frame.!entry
demo_session_06,45,1786094582.6526377,move,125,384,.!frame.!entry
demo_session_06,45,1786094582.7026377,move,140,386,.!frame.!entry
demo_session_06,45,1786094582.7526376,move,125,384,.!frame.!entry
demo_session_06,45,1786094582.8026376,move,143,386,.!frame.!entry
demo_session_06,45,1786094582.8526375,move,156,392,.!frame.!entry
demo_session_06,45,1786094582.9026375,move,134,369,.!frame.!entry
demo_session_06,45,1786094582.9526374,move,148,375,.!frame.!entry
demo_session_06,45,1786094583.0026374,move,154,381,.!frame.!entry
demo_session_06,45,1786094583.0526373,move,159,368,.!frame.!entry
demo_session_06,45,1786094583.1026373,move,143,386,.!frame.!entry
demo_session_06,45,1786094583.1526372,move,142,384,.!frame.!entry
demo_session_06,45,1786094583.2026372,move,149,371,.!frame.!entry
demo_session_06,45,1786094583.2526371,move,149,379,.!frame.!entry
demo_session_06,45,1786094583.302637,move,161,385,.!frame.!entry
demo_session_06,45,1786094583.352637,move,159,396,.!frame.!entry
demo_session_06,45,1786094583.402637,move,146,377,.!frame.!entry
demo_session_06,45,1786094583.452637,move,160,388,.!frame.!entry
demo_session_06,45,1786094583.502637,move,154,371,.!frame.!entry
demo_session_06,45,1786094583.5526369,move,184,371,.!frame.!entry
demo_session_06,45,1786094583.6026368,move,164,352,.!frame.!entry
demo_session_06,45,1786094583.6526368,move,172,368,.!frame.!entry
demo_session_06,45,1786094583.7026367,move,173,374,.!frame.!entry
demo_session_06,45,1786094583.7526367,move,159,367,.!frame.!entry
demo_session_06,45,1786094583.8026366,move,189,363,.!frame.!entry
demo_session_06,45,1786094583.8526366,move,188,351,.!frame.!entry
demo_session_06,45,1786094583.9026365,move,183,359,.!frame.!entry
demo_session_06,45,1786094583.9526365,move,187,380,.!frame.!entry
demo_session_06,45,1786094584.0026364,move,190,363,.!frame.!entry
demo_session_06,45,1786094584.0526364,move,176,374,.!frame.!entry
demo_session_06,45,1786094584.1026363,move,195,355,.!frame.!entry
demo_session_06,45,1786094584.1526363,move,191,373,.!frame.!entry
demo_session_06,45,1786094584.2026362,move,183,369,.!frame.!entry
demo_session_06,45,1786094584.2526362,move,190,372,.!frame.!entry
demo_session_06,45,1786094584.3026361,move,180,359,.!frame.!entry
demo_session_06,45,1786094584.352636,move,187,380,.!frame.!entry
demo_session_06,45,1786094584.402636,move,214,369,.!frame.!entry
demo_session_06,45,1786094584.452636,move,203,380,.!frame.!entry
demo_session_06,45,1786094584.502636,move,214,362,.!frame.!entry
demo_session_06,45,1786094584.552636,move,182,361,.!frame.!entry
demo_session_06,45,1786094584.6026359,move,198,360,.!frame.!entry
demo_session_06,45,1786094584.6526358,move,212,347,.!frame.!entry
demo_session_06,45,1786094584.7026358,move,198,368,.!frame.!entry
demo_session_06,45,1786094584.7526357,move,207,352,.!frame.!entry
demo_session_06,45,1786094584.8026357,move,204,405,.!frame.!entry
demo_session_06,45,1786094584.8526356,move,200,358,.!frame.!entry
demo_session_06,45,1786094584.9026356,move,219,360,.!frame.!entry
demo_session_06,45,1786094584.9526355,move,205,365,.!frame.!entry
demo_session_06,45,1786094585.0026355,move,220,356,.!frame.!entry
demo_session_06,45,1786094585.0526354,move,204,346,.!frame.!entry
demo_session_06,45,1786094585.1026354,move,229,360,.!frame.!entry
demo_session_06,45,1786094585.1526353,move,199,346,.!frame.!entry
demo_session_06,45,1786094585.2026353,move,229,363,.!frame.!entry
demo_session_06,45,1786094585.2526352,move,205,348,.!frame.!entry
demo_session_06,45,1786094585.3026352,move,245,343,.!frame.!entry
demo_session_06,45,1786094585.3526351,move,226,346,.!frame.!entry
demo_session_06,45,1786094585.402635,move,229,354,.!frame.!entry
demo_session_06,45,1786094585.452635,move,229,362,.!frame.!entry
demo_session_06,45,1786094585.502635,move,253,372,.!frame.!entry
demo_session_06,45,1786094585.552635,move,239,342,.!frame.!entry
demo_session_06,45,1786094585.602635,move,229,349,.!frame.!entry
demo_session_06,45,1786094585.6526349,move,233,368,.!frame.!entry
demo_session_06,45,1786094585.7026348,move,215,356,.!frame.!entry
demo_session_06,45,1786094585.7526348,move,224,343,.!frame.!entry
demo_session_06,45,1786094585.8026347,move,228,380,.!frame.!entry
demo_session_06,45,1786094585.8526347,move,240,344,.!frame.!entry
demo_session_06,45,1786094585.9026346,move,267,369,.!frame.!entry
demo_session_06,45,1786094585.9526346,move,236,362,.!frame.!entry
demo_session_06,45,1786094586.0026345,move,229,369,.!frame.!entry
demo_session_06,45,1786094586.0526345,move,268,349,.!frame.!entry
demo_session_06,45,1786094586.1026344,move,240,371,.!frame.!entry
demo_session_06,45,1786094586.1526344,move,255,345,.!frame.!entry
demo_session_06,45,1786094586.2026343,move,270,362,.!frame.!entry
demo_session_06,45,1786094586.2526343,move,227,344,.!frame.!entry
demo_session_06,45,1786094586.3026342,move,269,338,.!frame.!entry
demo_session_06,45,1786094586.3526342,move,252,353,.!frame.!entry
demo_session_06,45,1786094586.4026341,move,272,335,.!frame.!entry
demo_session_06,45,1786094586.452634,move,275,344,.!frame.!entry
demo_session_06,45,1786094586.502634,move,246,340,.!frame.!entry
demo_session_06,45,1786094586.552634,move,266,340,.!frame.!entry
demo_session_06,45,1786094586.602634,move,275,348,.!frame.!entry
demo_session_06,45,1786094586.652634,move,266,323,.!frame.!entry
demo_session_06,45,1786094586.7026339,move,295,347,.!frame.!entry
demo_session_06,45,1786094586.7526338,move,282,356,.!frame.!entry
demo_session_06,45,1786094586.8026338,move,270,346,.!frame.!entry
demo_session_06,45,1786094586.8526337,move,293,315,.!frame.!entry
demo_session_06,45,1786094586.9026337,move,299,335,.!frame.!entry
demo_session_06,45,1786094586.9526336,move,283,337,.!frame.!button
demo_session_06,45,1786094587.0026336,move,298,334,.!frame.!button
demo_session_06,45,1786094587.0526335,move,295,358,.!frame.!button
demo_session_06,45,1786094587.1026335,move,257,326,.!frame.!button
demo_session_06,45,1786094587.1526334,move,275,344,.!frame.!button
demo_session_06,45,1786094587.2026334,move,293,334,.!frame.!button
demo_session_06,45,1786094587.2526333,move,299,337,.!frame.!button
demo_session_06,45,1786094587.3026333,move,296,342,.!frame.!button
demo_session_06,45,1786094587.3526332,move,307,326,.!frame.!button
demo_session_06,45,1786094587.4026332,move,299,323,.!frame.!button
demo_session_06,45,1786094587.4526331,move,301,326,.!frame.!button
demo_session_06,45,1786094587.502633,move,308,337,.!frame.!button
demo_session_06,45,1786094587.552633,move,286,332,.!frame.!button
demo_session_06,45,1786094587.602633,move,300,337,.!frame.!button
demo_session_06,45,1786094587.652633,move,301,344,.!frame.!button
demo_session_06,45,1786094587.702633,move,298,338,.!frame.!button
demo_session_06,45,1786094587.7526329,move,300,352,.!frame.!button
demo_session_06,45,1786094587.8026328,move,315,332,.!frame.!button
demo_session_06,45,1786094587.8526328,move,329,314,.!frame.!button
demo_session_06,45,1786094587.9026327,move,283,322,.!frame.!button
demo_session_06,45,1786094587.9526327,move,320,347,.!frame.!button
demo_session_06,45,1786094588.0026326,move,344,325,.!frame.!button
demo_session_06,45,1786094588.0526326,move,316,353,.!frame.!button
demo_session_06,45,1786094588.1026325,move,311,321,.!frame.!button
demo_session_06,45,1786094588.1526325,move,321,320,.!frame.!button
demo_session_06,45,1786094588.2026324,move,322,320,.!frame.!button
demo_session_06,45,1786094588.2526324,move,317,313,.!frame.!button
demo_session_06,45,1786094588.3026323,move,319,311,.!frame.!button
demo_session_06,45,1786094588.3526323,move,336,339,.!frame.!button
demo_session_06,45,1786094588.4026322,move,333,326,.!frame.!button
demo_session_06,45,1786094588.4526322,move,330,307,.!frame.!button
demo_session_06,45,1786094588.5026321,move,341,335,.!frame.!button
demo_session_06,45,1786094588.552632,move,343,309,.!frame.!button
demo_session_06,45,1786094588.602632,move,330,327,.!frame.!button
demo_session_06,45,1786094588.652632,move,331,332,.!frame.!button
demo_session_06,45,1786094588.702632,move,345,312,.!frame.!button
demo_session_06,45,1786094588.752632,move,337,335,.!frame.!button
demo_session_06,45,1786094588.8026319,move,330,332,.!frame.!button
demo_session_06,45,1786094588.8526318,move,362,334,.!frame.!button
demo_session_06,45,1786094588.9026318,move,352,327,.!frame.!button
demo_session_06,45,1786094588.9526317,move,333,319,.!frame.!button
demo_session_06,45,1786094589.0026317,move,334,312,.!frame.!button
demo_session_06,45,1786094589.088971,click,349,319,.!frame.!button
demo_session_06,46,1786094589.088971,move,207,347,.!frame.!entry
demo_session_06,46,1786094589.1389709,move,228,344,.!frame.!entry
demo_session_06,46,1786094589.1889708,move,223,321,.!frame.!entry
demo_session_06,46,1786094589.2389708,move,242,313,.!frame.!entry
demo_session_06,46,1786094589.2889707,move,227,328,.!frame.!entry
demo_session_06,46,1786094589.3389707,move,218,318,.!frame.!entry
demo_session_06,46,1786094589.3889706,move,203,321,.!frame.!entry
demo_session_06,46,1786094589.4389706,move,227,311,.!frame.!entry
demo_session_06,46,1786094589.4889705,move,227,309,.!frame.!entry
demo_session_06,46,1786094589.5389705,move,224,324,.!frame.!entry
demo_session_06,46,1786094589.5889704,move,230,322,.!frame.!entry
demo_session_06,46,1786094589.6389704,move,238,316,.!frame.!entry
demo_session_06,46,1786094589.6889703,move,224,327,.!frame.!entry
demo_session_06,46,1786094589.7389703,move,228,334,.!frame.!entry
demo_session_06,46,1786094589.7889702,move,228,364,.!frame.!entry
demo_session_06,46,1786094589.8389702,move,245,320,.!frame.!entry
demo_session_06,46,1786094589.8889701,move,237,320,.!frame.!entry
demo_session_06,46,1786094589.93897,move,232,333,.!frame.!entry
demo_session_06,46,1786094589.98897,move,248,333,.!frame.!entry
demo_session_06,46,1786094590.03897,move,246,341,.!frame.!entry
demo_session_06,46,1786094590.08897,move,247,328,.!frame.!entry
demo_session_06,46,1786094590.13897,move,237,337,.!frame.!entry
demo_session_06,46,1786094590.1889699,move,254,317,.!frame.!entry
demo_session_06,46,1786094590.2389698,move,252,321,.!frame.!entry
demo_session_06,46,1786094590.2889698,move,259,329,.!frame.!entry
demo_session_06,46,1786094590.3389697,move,247,321,.!frame.!entry
demo_session_06,46,1786094590.3889697,move,251,332,.!frame.!entry
demo_session_06,46,1786094590.4389696,move,250,322,.!frame.!entry
demo_session_06,46,1786094590.4889696,move,266,329,.!frame.!entry
demo_session_06,46,1786094590.5389695,move,234,321,.!frame.!entry
demo_session_06,46,1786094590.5889695,move,233,325,.!frame.!entry
demo_session_06,46,1786094590.6389694,move,251,328,.!frame.!entry
demo_session_06,46,1786094590.6889694,move,248,329,.!frame.!entry
demo_session_06,46,1786094590.7389693,move,256,335,.!frame.!entry
demo_session_06,46,1786094590.7889693,move,261,335,.!frame.!entry
demo_session_06,46,1786094590.8389692,move,243,318,.!frame.!entry
demo_session_06,46,1786094590.8889692,move,258,311,.!frame.!entry
demo_session_06,46,1786094590.9389691,move,269,313,.!frame.!entry
demo_session_06,46,1786094590.988969,move,265,317,.!frame.!entry
demo_session_06,46,1786094591.038969,move,258,335,.!frame.!entry
demo_session_06,46,1786094591.088969,move,271,333,.!frame.!entry
demo_session_06,46,1786094591.138969,move,272,326,.!frame.!entry
demo_session_06,46,1786094591.188969,move,272,340,.!frame.!entry
demo_session_06,46,1786094591.2389688,move,264,330,.!frame.!entry
demo_session_06,46,1786094591.2889688,move,267,330,.!frame.!entry
demo_session_06,46,1786094591.3389688,move,279,331,.!frame.!entry
demo_session_06,46,1786094591.3889687,move,257,334,.!frame.!entry
demo_session_06,46,1786094591.4389687,move,255,337,.!frame.!entry
demo_session_06,46,1786094591.4889686,move,272,322,.!frame.!entry
demo_session_06,46,1786094591.5389686,move,282,324,.!frame.!entry
demo_session_06,46,1786094591.5889685,move,266,335,.!frame.!entry
demo_session_06,46,1786094591.6389685,move,268,341,.!frame.!entry
demo_session_06,46,1786094591.6889684,move,260,325,.!frame.!entry
demo_session_06,46,1786094591.7389684,move,276,314,.!frame.!entry
demo_session_06,46,1786094591.7889683,move,257,305,.!frame.!entry
demo_session_06,46,1786094591.8389683,move,278,332,.!frame.!entry
demo_session_06,46,1786094591.8889682,move,274,331,.!frame.!entry
demo_session_06,46,1786094591.9389682,move,293,317,.!frame.!entry
demo_session_06,46,1786094591.9889681,move,286,329,.!frame.!entry
demo_session_06,46,1786094592.038968,move,272,327,.!frame.!entry
demo_session_06,46,1786094592.088968,move,286,313,.!frame.!entry
demo_session_06,46,1786094592.138968,move,278,301,.!frame.!entry
demo_session_06,46,1786094592.188968,move,295,315,.!frame.!entry
demo_session_06,46,1786094592.238968,move,291,320,.!frame.!entry
demo_session_06,46,1786094592.2889678,move,273,324,.!frame.!entry
demo_session_06,46,1786094592.3389678,move,283,312,.!frame.!entry
demo_session_06,46,1786094592.3889678,move,301,316,.!frame.!entry
demo_session_06,46,1786094592.4389677,move,291,321,.!frame.!entry
demo_session_06,46,1786094592.4889677,move,303,302,.!frame.!entry
demo_session_06,46,1786094592.5389676,move,275,318,.!frame.!entry
demo_session_06,46,1786094592.5889676,move,293,308,.!frame.!entry
demo_session_06,46,1786094592.6389675,move,301,344,.!frame.!entry
demo_session_06,46,1786094592.6889675,move,300,316,.!frame.!entry
demo_session_06,46,1786094592.7389674,move,296,331,.!frame.!entry
demo_session_06,46,1786094592.7889674,move,309,305,.!frame.!entry
demo_session_06,46,1786094592.8389673,move,308,323,.!frame.!entry
demo_session_06,46,1786094592.8889673,move,279,334,.!frame.!entry
demo_session_06,46,1786094592.9389672,move,304,332,.!frame.!entry
demo_session_06,46,1786094592.9889672,move,306,322,.!frame.!entry
demo_session_06,46,1786094593.0389671,move,317,317,.!frame.!entry
demo_session_06,46,1786094593.088967,move,309,327,.!frame.!entry
demo_session_06,46,1786094593.138967,move,270,327,.!frame.!entry
demo_session_06,46,1786094593.188967,move,301,319,.!frame.!entry
demo_session_06,46,1786094593.238967,move,294,324,.!frame.!entry
demo_session_06,46,1786094593.288967,move,312,311,.!frame.!entry
demo_session_06,46,1786094593.3389668,move,319,347,.!frame.!entry
demo_session_06,46,1786094593.3889668,move,299,344,.!frame.!entry
demo_session_06,46,1786094593.4389668,move,319,322,.!frame.!entry
demo_session_06,46,1786094593.4889667,move,305,340,.!frame.!entry
demo_session_06,46,1786094593.5389667,move,293,315,.!frame.!button
demo_session_06,46,1786094593.5889666,move,313,313,.!frame.!button
demo_session_06,46,1786094593.6389666,move,329,316,.!frame.!button
demo_session_06,46,1786094593.6889665,move,329,310,.!frame.!button
demo_session_06,46,1786094593.7389665,move,309,333,.!frame.!button
demo_session_06,46,1786094593.7889664,move,320,321,.!frame.!button
demo_session_06,46,1786094593.8389664,move,326,314,.!frame.!button
demo_session_06,46,1786094593.8889663,move,314,315,.!frame.!button
demo_session_06,46,1786094593.9389663,move,332,337,.!frame.!button
demo_session_06,46,1786094593.9889662,move,309,334,.!frame.!button
demo_session_06,46,1786094594.0389662,move,341,309,.!frame.!button
demo_session_06,46,1786094594.0889661,move,326,317,.!frame.!button
demo_session_06,46,1786094594.138966,move,322,331,.!frame.!button
demo_session_06,46,1786094594.188966,move,324,306,.!frame.!button
demo_session_06,46,1786094594.238966,move,300,343,.!frame.!button
demo_session_06,46,1786094594.288966,move,326,315,.!frame.!button
demo_session_06,46,1786094594.338966,move,284,332,.!frame.!button
demo_session_06,46,1786094594.3889658,move,329,328,.!frame.!button
demo_session_06,46,1786094594.4389658,move,348,313,.!frame.!button
demo_session_06,46,1786094594.4889657,move,337,318,.!frame.!button
demo_session_06,46,1786094594.5389657,move,315,319,.!frame.!button
demo_session_06,46,1786094594.5889657,move,322,301,.!frame.!button
demo_session_06,46,1786094594.6389656,move,310,314,.!frame.!button
demo_session_06,46,1786094594.6889656,move,327,320,.!frame.!button
demo_session_06,46,1786094594.7389655,move,334,323,.!frame.!button
demo_session_06,46,1786094594.7889655,move,334,351,.!frame.!button
demo_session_06,46,1786094594.8389654,move,331,309,.!frame.!button
demo_session_06,46,1786094594.8889654,move,343,337,.!frame.!button
demo_session_06,46,1786094594.9389653,move,342,321,.!frame.!button
demo_session_06,46,1786094594.9889653,move,345,309,.!frame.!button
demo_session_06,46,1786094595.0389652,move,326,305,.!frame.!button
demo_session_06,46,1786094595.0889652,move,329,334,.!frame.!button
demo_session_06,46,1786094595.1389651,move,341,313,.!frame.!button
demo_session_06,46,1786094595.188965,move,334,318,.!frame.!button
demo_session_06,46,1786094595.238965,move,364,318,.!frame.!button
demo_session_06,46,1786094595.288965,move,362,325,.!frame.!button
demo_session_06,46,1786094595.338965,move,344,329,.!frame.!button
demo_session_06,46,1786094595.388965,move,344,323,.!frame.!button
demo_session_06,46,1786094595.4722455,click,344,314,.!frame.!button
demo_session_06,47,1786094595.4722455,move,317,183,.!frame.!entry
demo_session_06,47,1786094595.5222454,move,314,190,.!frame.!entry
demo_session_06,47,1786094595.5722454,move,307,152,.!frame.!entry
demo_session_06,47,1786094595.6222453,move,295,182,.!frame.!entry
demo_session_06,47,1786094595.6722453,move,345,154,.!frame.!entry
demo_session_06,47,1786094595.7222452,move,314,163,.!frame.!entry
demo_session_06,47,1786094595.7722452,move,317,182,.!frame.!entry
demo_session_06,47,1786094595.8222451,move,308,161,.!frame.!entry
demo_session_06,47,1786094595.872245,move,325,181,.!frame.!entry
demo_session_06,47,1786094595.922245,move,323,185,.!frame.!entry
demo_session_06,47,1786094595.972245,move,315,175,.!frame.!entry
demo_session_06,47,1786094596.022245,move,297,184,.!frame.!entry
demo_session_06,47,1786094596.072245,move,320,180,.!frame.!entry
demo_session_06,47,1786094596.1222448,move,314,177,.!frame.!entry
demo_session_06,47,1786094596.1722448,move,302,178,.!frame.!entry
demo_session_06,47,1786094596.2222447,move,298,180,.!frame.!entry
demo_session_06,47,1786094596.2722447,move,308,182,.!frame.!entry
demo_session_06,47,1786094596.3222446,move,312,179,.!frame.!entry
demo_session_06,47,1786094596.3722446,move,308,203,.!frame.!entry
demo_session_06,47,1786094596.4222445,move,291,177,.!frame.!entry
demo_session_06,47,1786094596.4722445,move,318,190,.!frame.!entry
demo_session_06,47,1786094596.5222445,move,299,187,.!frame.!entry
demo_session_06,47,1786094596.5722444,move,320,188,.!frame.!entry
demo_session_06,47,1786094596.6222444,move,335,181,.!frame.!entry
demo_session_06,47,1786094596.6722443,move,311,193,.!frame.!entry
demo_session_06,47,1786094596.7222443,move,303,197,.!frame.!entry
demo_session_06,47,1786094596.7722442,move,313,187,.!frame.!entry
demo_session_06,47,1786094596.8222442,move,321,180,.!frame.!entry
demo_session_06,47,1786094596.8722441,move,327,203,.!frame.!entry
demo_session_06,47,1786094596.922244,move,323,202,.!frame.!entry
demo_session_06,47,1786094596.972244,move,317,198,.!frame.!entry
demo_session_06,47,1786094597.022244,move,310,211,.!frame.!entry
demo_session_06,47,1786094597.072244,move,313,177,.!frame.!entry
demo_session_06,47,1786094597.122244,move,338,177,.!frame.!entry
demo_session_06,47,1786094597.1722438,move,298,221,.!frame.!entry
demo_session_06,47,1786094597.2222438,move,317,220,.!frame.!entry
demo_session_06,47,1786094597.2722437,move,303,210,.!frame.!entry
demo_session_06,47,1786094597.3222437,move,335,201,.!frame.!entry
demo_session_06,47,1786094597.3722436,move,315,196,.!frame.!entry
demo_session_06,47,1786094597.4222436,move,309,193,.!frame.!entry
demo_session_06,47,1786094597.4722435,move,316,193,.!frame.!entry
demo_session_06,47,1786094597.5222435,move,321,207,.!frame.!entry
demo_session_06,47,1786094597.5722435,move,321,197,.!frame.!entry
demo_session_06,47,1786094597.6222434,move,318,219,.!frame.!entry
demo_session_06,47,1786094597.6722434,move,322,218,.!frame.!entry
demo_session_06,47,1786094597.7222433,move,313,204,.!frame.!entry
demo_session_06,47,1786094597.7722433,move,316,228,.!frame.!entry
demo_session_06,47,1786094597.8222432,move,335,192,.!frame.!entry
demo_session_06,47,1786094597.8722432,move,307,227,.!frame.!entry
demo_session_06,47,1786094597.922243,move,333,213,.!frame.!entry
demo_session_06,47,1786094597.972243,move,314,220,.!frame.!entry
demo_session_06,47,1786094598.022243,move,317,222,.!frame.!entry
demo_session_06,47,1786094598.072243,move,333,221,.!frame.!entry
demo_session_06,47,1786094598.122243,move,305,211,.!frame.!entry
demo_session_06,47,1786094598.1722429,move,327,233,.!frame.!entry
demo_session_06,47,1786094598.2222428,move,324,218,.!frame.!entry
demo_session_06,47,1786094598.2722428,move,321,216,.!frame.!entry
demo_session_06,47,1786094598.3222427,move,344,210,.!frame.!entry
demo_session_06,47,1786094598.3722427,move,350,239,.!frame.!entry
demo_session_06,47,1786094598.4222426,move,353,251,.!frame.!entry
demo_session_06,47,1786094598.4722426,move,324,219,.!frame.!entry
demo_session_06,47,1786094598.5222425,move,341,245,.!frame.!entry
demo_session_06,47,1786094598.5722425,move,344,231,.!frame.!entry
demo_session_06,47,1786094598.6222425,move,353,232,.!frame.!entry
demo_session_06,47,1786094598.6722424,move,325,222,.!frame.!entry
demo_session_06,47,1786094598.7222424,move,333,235,.!frame.!entry
demo_session_06,47,1786094598.7722423,move,322,248,.!frame.!entry
demo_session_06,47,1786094598.8222423,move,336,241,.!frame.!entry
demo_session_06,47,1786094598.8722422,move,334,247,.!frame.!entry
demo_session_06,47,1786094598.9222422,move,317,262,.!frame.!entry
demo_session_06,47,1786094598.972242,move,305,256,.!frame.!entry
demo_session_06,47,1786094599.022242,move,347,245,.!frame.!entry
demo_session_06,47,1786094599.072242,move,315,238,.!frame.!entry
demo_session_06,47,1786094599.122242,move,345,252,.!frame.!entry
demo_session_06,47,1786094599.172242,move,324,246,.!frame.!entry
demo_session_06,47,1786094599.2222419,move,319,252,.!frame.!entry
demo_session_06,47,1786094599.2722418,move,339,242,.!frame.!entry
demo_session_06,47,1786094599.3222418,move,327,261,.!frame.!entry
demo_session_06,47,1786094599.3722417,move,336,250,.!frame.!entry
demo_session_06,47,1786094599.4222417,move,347,254,.!frame.!entry
demo_session_06,47,1786094599.4722416,move,345,255,.!frame.!entry
demo_session_06,47,1786094599.5222416,move,342,252,.!frame.!entry
demo_session_06,47,1786094599.5722415,move,328,253,.!frame.!entry
demo_session_06,47,1786094599.6222415,move,352,266,.!frame.!entry
demo_session_06,47,1786094599.6722414,move,330,270,.!frame.!entry
demo_session_06,47,1786094599.7222414,move,345,253,.!frame.!entry
demo_session_06,47,1786094599.7722414,move,343,277,.!frame.!entry
demo_session_06,47,1786094599.8222413,move,333,288,.!frame.!entry
demo_session_06,47,1786094599.8722413,move,328,248,.!frame.!entry
demo_session_06,47,1786094599.9222412,move,340,288,.!frame.!entry
demo_session_06,47,1786094599.9722412,move,329,271,.!frame.!entry
demo_session_06,47,1786094600.022241,move,328,276,.!frame.!entry
demo_session_06,47,1786094600.072241,move,330,279,.!frame.!entry
demo_session_06,47,1786094600.122241,move,320,277,.!frame.!entry
demo_session_06,47,1786094600.172241,move,345,270,.!frame.!button
demo_session_06,47,1786094600.222241,move,357,269,.!frame.!button
demo_session_06,47,1786094600.2722409,move,318,283,.!frame.!button
demo_session_06,47,1786094600.3222408,move,313,279,.!frame.!button
demo_session_06,47,1786094600.3722408,move,351,277,.!frame.!button
demo_session_06,47,1786094600.4222407,move,335,295,.!frame.!button
demo_session_06,47,1786094600.4722407,move,339,262,.!frame.!button
demo_session_06,47,1786094600.5222406,move,349,289,.!frame.!button
demo_session_06,47,1786094600.5722406,move,319,283,.!frame.!button
demo_session_06,47,1786094600.6222405,move,324,278,.!frame.!button
demo_session_06,47,1786094600.6722405,move,355,271,.!frame.!button
demo_session_06,47,1786094600.7222404,move,346,269,.!frame.!button
demo_session_06,47,1786094600.7722404,move,348,296,.!frame.!button
demo_session_06,47,1786094600.8222404,move,348,277,.!frame.!button
demo_session_06,47,1786094600.8722403,move,348,296,.!frame.!button
demo_session_06,47,1786094600.9222403,move,323,308,.!frame.!button
demo_session_06,47,1786094600.9722402,move,325,307,.!frame.!button
demo_session_06,47,1786094601.0222402,move,342,296,.!frame.!button
demo_session_06,47,1786094601.07224,move,340,284,.!frame.!button
demo_session_06,47,1786094601.12224,move,344,289,.!frame.!button
demo_session_06,47,1786094601.17224,move,342,325,.!frame.!button
demo_session_06,47,1786094601.22224,move,352,306,.!frame.!button
demo_session_06,47,1786094601.27224,move,342,313,.!frame.!button
demo_session_06,47,1786094601.3222399,move,351,301,.!frame.!button
demo_session_06,47,1786094601.3722398,move,359,300,.!frame.!button
demo_session_06,47,1786094601.4222398,move,358,297,.!frame.!button
demo_session_06,47,1786094601.4722397,move,349,312,.!frame.!button
demo_session_06,47,1786094601.5222397,move,334,299,.!frame.!button
demo_session_06,47,1786094601.5722396,move,356,303,.!frame.!button
demo_session_06,47,1786094601.6222396,move,358,308,.!frame.!button
demo_session_06,47,1786094601.6722395,move,336,320,.!frame.!button
demo_session_06,47,1786094601.7222395,move,329,306,.!frame.!button
demo_session_06,47,1786094601.7722394,move,347,308,.!frame.!button
demo_session_06,47,1786094601.8222394,move,351,302,.!frame.!button
demo_session_06,47,1786094601.8722394,move,355,316,.!frame.!button
demo_session_06,47,1786094601.9222393,move,353,318,.!frame.!button
demo_session_06,47,1786094601.9722393,move,334,312,.!frame.!button
demo_session_06,47,1786094602.0222392,move,351,328,.!frame.!button
demo_session_06,47,1786094602.0722392,move,363,311,.!frame.!button
demo_session_06,47,1786094602.122239,move,346,316,.!frame.!button
demo_session_06,47,1786094602.2048523,click,345,315,.!frame.!button
demo_session_06,48,1786094602.2048523,move,492,344,.!frame.!entry
demo_session_06,48,1786094602.2548523,move,496,369,.!frame.!entry
demo_session_06,48,1786094602.3048522,move,472,365,.!frame.!entry
demo_session_06,48,1786094602.3548522,move,471,359,.!frame.!entry
demo_session_06,48,1786094602.4048522,move,485,364,.!frame.!entry
demo_session_06,48,1786094602.454852,move,486,360,.!frame.!entry
demo_session_06,48,1786094602.504852,move,489,370,.!frame.!entry
demo_session_06,48,1786094602.554852,move,479,370,.!frame.!entry
demo_session_06,48,1786094602.604852,move,478,366,.!frame.!entry
demo_session_06,48,1786094602.654852,move,497,350,.!frame.!entry
demo_session_06,48,1786094602.7048519,move,469,352,.!frame.!entry
demo_session_06,48,1786094602.7548518,move,465,362,.!frame.!entry
demo_session_06,48,1786094602.8048518,move,464,343,.!frame.!entry
demo_session_06,48,1786094602.8548517,move,465,353,.!frame.!entry
demo_session_06,48,1786094602.9048517,move,481,338,.!frame.!entry
demo_session_06,48,1786094602.9548516,move,481,346,.!frame.!entry
demo_session_06,48,1786094603.0048516,move,481,344,.!frame.!entry
demo_session_06,48,1786094603.0548515,move,494,357,.!frame.!entry
demo_session_06,48,1786094603.1048515,move,486,357,.!frame.!entry
demo_session_06,48,1786094603.1548514,move,476,363,.!frame.!entry
demo_session_06,48,1786094603.2048514,move,461,361,.!frame.!entry
demo_session_06,48,1786094603.2548513,move,483,360,.!frame.!entry
demo_session_06,48,1786094603.3048513,move,475,351,.!frame.!entry
demo_session_06,48,1786094603.3548512,move,459,346,.!frame.!entry
demo_session_06,48,1786094603.4048512,move,471,353,.!frame.!entry
demo_session_06,48,1786094603.4548512,move,463,353,.!frame.!entry
demo_session_06,48,1786094603.504851,move,485,323,.!frame.!entry
demo_session_06,48,1786094603.554851,move,497,359,.!frame.!entry
demo_session_06,48,1786094603.604851,move,466,340,.!frame.!entry
demo_session_06,48,1786094603.654851,move,457,352,.!frame.!entry
demo_session_06,48,1786094603.704851,move,482,351,.!frame.!entry
demo_session_06,48,1786094603.7548509,move,461,347,.!frame.!entry
demo_session_06,48,1786094603.8048508,move,444,367,.!frame.!entry
demo_session_06,48,1786094603.8548508,move,444,365,.!frame.!entry
demo_session_06,48,1786094603.9048507,move,445,358,.!frame.!entry
demo_session_06,48,1786094603.9548507,move,480,347,.!frame.!entry
demo_session_06,48,1786094604.0048506,move,451,376,.!frame.!entry
demo_session_06,48,1786094604.0548506,move,436,341,.!frame.!entry
demo_session_06,48,1786094604.1048505,move,461,345,.!frame.!entry
demo_session_06,48,1786094604.1548505,move,448,360,.!frame.!entry
demo_session_06,48,1786094604.2048504,move,455,339,.!frame.!entry
demo_session_06,48,1786094604.2548504,move,434,358,.!frame.!entry
demo_session_06,48,1786094604.3048503,move,447,348,.!frame.!entry
demo_session_06,48,1786094604.3548503,move,441,344,.!frame.!entry
demo_session_06,48,1786094604.4048502,move,449,351,.!frame.!entry
demo_session_06,48,1786094604.4548502,move,457,368,.!frame.!entry
demo_session_06,48,1786094604.5048501,move,441,355,.!frame.!entry
demo_session_06,48,1786094604.55485,move,453,352,.!frame.!entry
demo_session_06,48,1786094604.60485,move,425,359,.!frame.!entry
demo_session_06,48,1786094604.65485,move,437,330,.!frame.!entry
demo_session_06,48,1786094604.70485,move,438,345,.!frame.!entry
demo_session_06,48,1786094604.75485,move,427,340,.!frame.!entry
demo_session_06,48,1786094604.8048499,move,455,346,.!frame.!entry
demo_session_06,48,1786094604.8548498,move,433,347,.!frame.!entry
demo_session_06,48,1786094604.9048498,move,425,341,.!frame.!entry
demo_session_06,48,1786094604.9548497,move,425,317,.!frame.!entry
demo_session_06,48,1786094605.0048497,move,415,331,.!frame.!entry
demo_session_06,48,1786094605.0548496,move,429,360,.!frame.!entry
demo_session_06,48,1786094605.1048496,move,443,341,.!frame.!entry
demo_session_06,48,1786094605.1548495,move,423,358,.!frame.!entry
demo_session_06,48,1786094605.2048495,move,435,328,.!frame.!entry
demo_session_06,48,1786094605.2548494,move,431,312,.!frame.!entry
demo_session_06,48,1786094605.3048494,move,424,341,.!frame.!entry
demo_session_06,48,1786094605.3548493,move,426,340,.!frame.!entry
demo_session_06,48,1786094605.4048493,move,417,354,.!frame.!entry
demo_session_06,48,1786094605.4548492,move,436,342,.!frame.!entry
demo_session_06,48,1786094605.5048492,move,417,330,.!frame.!entry
demo_session_06,48,1786094605.5548491,move,429,335,.!frame.!entry
demo_session_06,48,1786094605.604849,move,398,348,.!frame.!entry
demo_session_06,48,1786094605.654849,move,407,326,.!frame.!entry
demo_session_06,48,1786094605.704849,move,421,332,.!frame.!entry
demo_session_06,48,1786094605.754849,move,397,330,.!frame.!entry
demo_session_06,48,1786094605.804849,move,414,342,.!frame.!entry
demo_session_06,48,1786094605.8548489,move,430,345,.!frame.!entry
demo_session_06,48,1786094605.9048488,move,419,330,.!frame.!entry
demo_session_06,48,1786094605.9548488,move,417,337,.!frame.!entry
demo_session_06,48,1786094606.0048487,move,413,337,.!frame.!entry
demo_session_06,48,1786094606.0548487,move,404,346,.!frame.!entry
demo_session_06,48,1786094606.1048486,move,428,341,.!frame.!entry
demo_session_06,48,1786094606.1548486,move,404,333,.!frame.!entry
demo_session_06,48,1786094606.2048485,move,415,345,.!frame.!entry
demo_session_06,48,1786094606.2548485,move,416,325,.!frame.!entry
demo_session_06,48,1786094606.3048484,move,426,324,.!frame.!entry
demo_session_06,48,1786094606.3548484,move,406,310,.!frame.!entry
demo_session_06,48,1786094606.4048483,move,412,304,.!frame.!entry
demo_session_06,48,1786094606.4548483,move,403,354,.!frame.!entry
demo_session_06,48,1786094606.5048482,move,394,322,.!frame.!entry
demo_session_06,48,1786094606.5548482,move,394,337,.!frame.!entry
demo_session_06,48,1786094606.6048481,move,368,354,.!frame.!entry
demo_session_06,48,1786094606.654848,move,401,320,.!frame.!entry
demo_session_06,48,1786094606.704848,move,393,343,.!frame.!entry
demo_session_06,48,1786094606.754848,move,402,331,.!frame.!entry
demo_session_06,48,1786094606.804848,move,390,355,.!frame.!entry
demo_session_06,48,1786094606.854848,move,398,332,.!frame.!entry
demo_session_06,48,1786094606.9048479,move,403,328,.!frame.!entry
demo_session_06,48,1786094606.9548478,move,394,318,.!frame.!entry
demo_session_06,48,1786094607.0048478,move,376,332,.!frame.!button
demo_session_06,48,1786094607.0548477,move,392,317,.!frame.!button
demo_session_06,48,1786094607.1048477,move,382,333,.!frame.!button
demo_session_06,48,1786094607.1548476,move,380,327,.!frame.!button
demo_session_06,48,1786094607.2048476,move,382,348,.!frame.!button
demo_session_06,48,1786094607.2548475,move,399,336,.!frame.!button
demo_session_06,48,1786094607.3048475,move,400,335,.!frame.!button
demo_session_06,48,1786094607.3548474,move,389,343,.!frame.!button
demo_session_06,48,1786094607.4048474,move,375,337,.!frame.!button
demo_session_06,48,1786094607.4548473,move,405,324,.!frame.!button
demo_session_06,48,1786094607.5048473,move,387,331,.!frame.!button
demo_session_06,48,1786094607.5548472,move,399,340,.!frame.!button
demo_session_06,48,1786094607.6048472,move,380,333,.!frame.!button
demo_session_06,48,1786094607.6548471,move,374,321,.!frame.!button
demo_session_06,48,1786094607.704847,move,390,340,.!frame.!button
demo_session_06,48,1786094607.754847,move,365,324,.!frame.!button
demo_session_06,48,1786094607.804847,move,380,323,.!frame.!button
demo_session_06,48,1786094607.854847,move,398,323,.!frame.!button
demo_session_06,48,1786094607.904847,move,376,327,.!frame.!button
demo_session_06,48,1786094607.9548469,move,377,329,.!frame.!button
demo_session_06,48,1786094608.0048468,move,378,315,.!frame.!button
demo_session_06,48,1786094608.0548468,move,371,334,.!frame.!button
demo_session_06,48,1786094608.1048467,move,366,316,.!frame.!button
demo_session_06,48,1786094608.1548467,move,365,316,.!frame.!button
demo_session_06,48,1786094608.2048466,move,369,316,.!frame.!button
demo_session_06,48,1786094608.2548466,move,366,306,.!frame.!button
demo_session_06,48,1786094608.3048465,move,380,332,.!frame.!button
demo_session_06,48,1786094608.3548465,move,401,344,.!frame.!button
demo_session_06,48,1786094608.4048464,move,362,320,.!frame.!button
demo_session_06,48,1786094608.4548464,move,367,341,.!frame.!button
demo_session_06,48,1786094608.5048463,move,367,338,.!frame.!button
demo_session_06,48,1786094608.5548463,move,358,315,.!frame.!button
demo_session_06,48,1786094608.6048462,move,367,336,.!frame.!button
demo_session_06,48,1786094608.6548462,move,364,308,.!frame.!button
demo_session_06,48,1786094608.7048461,move,337,311,.!frame.!button
demo_session_06,48,1786094608.754846,move,332,327,.!frame.!button
demo_session_06,48,1786094608.804846,move,379,333,.!frame.!button
demo_session_06,48,1786094608.854846,move,357,326,.!frame.!button
demo_session_06,48,1786094608.904846,move,350,321,.!frame.!button
demo_session_06,48,1786094608.954846,move,329,315,.!frame.!button
demo_session_06,48,1786094609.0048459,move,330,326,.!frame.!button
demo_session_06,48,1786094609.0548458,move,342,292,.!frame.!button
demo_session_06,48,1786094609.1427557,click,357,327,.!frame.!button
demo_session_06,49,1786094609.1427557,move,540,178,.!frame.!entry
demo_session_06,49,1786094609.1927557,move,553,220,.!frame.!entry
demo_session_06,49,1786094609.2427557,move,525,186,.!frame.!entry
demo_session_06,49,1786094609.2927556,move,545,202,.!frame.!entry
demo_session_06,49,1786094609.3427556,move,522,208,.!frame.!entry
demo_session_06,49,1786094609.3927555,move,560,182,.!frame.!entry
demo_session_06,49,1786094609.4427555,move,537,199,.!frame.!entry
demo_session_06,49,1786094609.4927554,move,541,194,.!frame.!entry
demo_session_06,49,1786094609.5427554,move,541,190,.!frame.!entry
demo_session_06,49,1786094609.5927553,move,532,208,.!frame.!entry
demo_session_06,49,1786094609.6427553,move,521,200,.!frame.!entry
demo_session_06,49,1786094609.6927552,move,539,201,.!frame.!entry
demo_session_06,49,1786094609.7427552,move,516,198,.!frame.!entry
demo_session_06,49,1786094609.7927551,move,513,188,.!frame.!entry
demo_session_06,49,1786094609.842755,move,505,210,.!frame.!entry
demo_session_06,49,1786094609.892755,move,509,203,.!frame.!entry
demo_session_06,49,1786094609.942755,move,548,199,.!frame.!entry
demo_session_06,49,1786094609.992755,move,533,224,.!frame.!entry
demo_session_06,49,1786094610.042755,move,524,230,.!frame.!entry
demo_session_06,49,1786094610.0927548,move,526,225,.!frame.!entry
demo_session_06,49,1786094610.1427548,move,501,216,.!frame.!entry
demo_session_06,49,1786094610.1927547,move,494,212,.!frame.!entry
demo_session_06,49,1786094610.2427547,move,502,223,.!frame.!entry
demo_session_06,49,1786094610.2927547,move,500,240,.!frame.!entry
demo_session_06,49,1786094610.3427546,move,506,222,.!frame.!entry
demo_session_06,49,1786094610.3927546,move,514,224,.!frame.!entry
demo_session_06,49,1786094610.4427545,move,502,230,.!frame.!entry
demo_session_06,49,1786094610.4927545,move,494,233,.!frame.!entry
demo_session_06,49,1786094610.5427544,move,500,217,.!frame.!entry
demo_session_06,49,1786094610.5927544,move,500,227,.!frame.!entry
demo_session_06,49,1786094610.6427543,move,504,223,.!frame.!entry
demo_session_06,49,1786094610.6927543,move,497,224,.!frame.!entry
demo_session_06,49,1786094610.7427542,move,497,219,.!frame.!entry
demo_session_06,49,1786094610.7927542,move,506,222,.!frame.!entry
demo_session_06,49,1786094610.8427541,move,503,238,.!frame.!entry
demo_session_06,49,1786094610.892754,move,514,226,.!frame.!entry
demo_session_06,49,1786094610.942754,move,513,226,.!frame.!entry
demo_session_06,49,1786094610.992754,move,484,243,.!frame.!entry
demo_session_06,49,1786094611.042754,move,498,225,.!frame.!entry
demo_session_06,49,1786094611.092754,move,483,241,.!frame.!entry
demo_session_06,49,1786094611.1427538,move,489,220,.!frame.!entry
demo_session_06,49,1786094611.1927538,move,475,226,.!frame.!entry
demo_session_06,49,1786094611.2427537,move,488,230,.!frame.!entry
demo_session_06,49,1786094611.2927537,move,484,252,.!frame.!entry
demo_session_06,49,1786094611.3427536,move,483,229,.!frame.!entry
demo_session_06,49,1786094611.3927536,move,486,264,.!frame.!entry
demo_session_06,49,1786094611.4427536,move,482,234,.!frame.!entry
demo_session_06,49,1786094611.4927535,move,478,234,.!frame.!entry
demo_session_06,49,1786094611.5427535,move,466,242,.!frame.!entry
demo_session_06,49,1786094611.5927534,move,458,247,.!frame.!entry
demo_session_06,49,1786094611.6427534,move,490,240,.!frame.!entry
demo_session_06,49,1786094611.6927533,move,470,244,.!frame.!entry
demo_session_06,49,1786094611.7427533,move,472,223,.!frame.!entry
demo_session_06,49,1786094611.7927532,move,448,240,.!frame.!entry
demo_session_06,49,1786094611.8427532,move,472,234,.!frame.!entry
demo_session_06,49,1786094611.8927531,move,448,249,.!frame.!entry
demo_session_06,49,1786094611.942753,move,453,252,.!frame.!entry
demo_session_06,49,1786094611.992753,move,467,259,.!frame.!entry
demo_session_06,49,1786094612.042753,move,461,243,.!frame.!entry
demo_session_06,49,1786094612.092753,move,452,251,.!frame.!entry
demo_session_06,49,1786094612.142753,move,447,260,.!frame.!entry
demo_session_06,49,1786094612.1927528,move,465,241,.!frame.!entry
demo_session_06,49,1786094612.2427528,move,446,229,.!frame.!entry
demo_session_06,49,1786094612.2927527,move,438,277,.!frame.!entry
demo_session_06,49,1786094612.3427527,move,453,253,.!frame.!entry
demo_session_06,49,1786094612.3927526,move,441,264,.!frame.!entry
demo_session_06,49,1786094612.4427526,move,440,280,.!frame.!entry
demo_session_06,49,1786094612.4927526,move,449,262,.!frame.!entry
demo_session_06,49,1786094612.5427525,move,446,270,.!frame.!entry
demo_session_06,49,1786094612.5927525,move,439,260,.!frame.!entry
demo_session_06,49,1786094612.6427524,move,441,259,.!frame.!entry
demo_session_06,49,1786094612.6927524,move,428,268,.!frame.!entry
demo_session_06,49,1786094612.7427523,move,445,243,.!frame.!entry
demo_session_06,49,1786094612.7927523,move,440,273,.!frame.!entry
demo_session_06,49,1786094612.8427522,move,424,259,.!frame.!entry
demo_session_06,49,1786094612.8927522,move,418,286,.!frame.!entry
demo_session_06,49,1786094612.9427521,move,428,266,.!frame.!entry
demo_session_06,49,1786094612.992752,move,440,272,.!frame.!entry
demo_session_06,49,1786094613.042752,move,409,279,.!frame.!entry
demo_session_06,49,1786094613.092752,move,416,289,.!frame.!entry
demo_session_06,49,1786094613.142752,move,435,275,.!frame.!entry
demo_session_06,49,1786094613.192752,move,420,274,.!frame.!entry
demo_session_06,49,1786094613.2427518,move,439,275,.!frame.!entry
demo_session_06,49,1786094613.2927518,move,432,272,.!frame.!entry
demo_session_06,49,1786094613.3427517,move,427,267,.!frame.!entry
demo_session_06,49,1786094613.3927517,move,387,277,.!frame.!entry
demo_session_06,49,1786094613.4427516,move,397,272,.!frame.!entry
demo_session_06,49,1786094613.4927516,move,416,279,.!frame.!entry
demo_session_06,49,1786094613.5427516,move,395,292,.!frame.!entry
demo_session_06,49,1786094613.5927515,move,418,286,.!frame.!entry
demo_session_06,49,1786094613.6427515,move,417,282,.!frame.!entry
demo_session_06,49,1786094613.6927514,move,398,276,.!frame.!button
demo_session_06,49,1786094613.7427514,move,394,291,.!frame.!button
demo_session_06,49,1786094613.7927513,move,412,289,.!frame.!button
demo_session_06,49,1786094613.8427513,move,393,282,.!frame.!button
demo_session_06,49,1786094613.8927512,move,400,279,.!frame.!button
demo_session_06,49,1786094613.9427512,move,391,276,.!frame.!button
demo_session_06,49,1786094613.9927511,move,379,284,.!frame.!button
demo_session_06,49,1786094614.042751,move,402,294,.!frame.!button
demo_session_06,49,1786094614.092751,move,383,284,.!frame.!button
demo_session_06,49,1786094614.142751,move,395,304,.!frame.!button
demo_session_06,49,1786094614.192751,move,399,292,.!frame.!button
demo_session_06,49,1786094614.242751,move,379,289,.!frame.!button
demo_session_06,49,1786094614.2927508,move,348,291,.!frame.!button
demo_session_06,49,1786094614.3427508,move,374,289,.!frame.!button
demo_session_06,49,1786094614.3927507,move,371,331,.!frame.!button
demo_session_06,49,1786094614.4427507,move,388,293,.!frame.!button
demo_session_06,49,1786094614.4927506,move,386,314,.!frame.!button
demo_session_06,49,1786094614.5427506,move,384,287,.!frame.!button
demo_session_06,49,1786094614.5927505,move,386,297,.!frame.!button
demo_session_06,49,1786094614.6427505,move,377,326,.!frame.!button
demo_session_06,49,1786094614.6927505,move,397,291,.!frame.!button
demo_session_06,49,1786094614.7427504,move,373,290,.!frame.!button
demo_session_06,49,1786094614.7927504,move,374,292,.!frame.!button
demo_session_06,49,1786094614.8427503,move,365,302,.!frame.!button
demo_session_06,49,1786094614.8927503,move,356,317,.!frame.!button
demo_session_06,49,1786094614.9427502,move,348,292,.!frame.!button
demo_session_06,49,1786094614.9927502,move,368,303,.!frame.!button
demo_session_06,49,1786094615.0427501,move,365,309,.!frame.!button
demo_session_06,49,1786094615.09275,move,377,325,.!frame.!button
demo_session_06,49,1786094615.14275,move,371,325,.!frame.!button
demo_session_06,49,1786094615.19275,move,366,330,.!frame.!button
demo_session_06,49,1786094615.24275,move,341,311,.!frame.!button
demo_session_06,49,1786094615.29275,move,361,311,.!frame.!button
demo_session_06,49,1786094615.3427498,move,356,315,.!frame.!button
demo_session_06,49,1786094615.3927498,move,368,310,.!frame.!button
demo_session_06,49,1786094615.4427497,move,343,315,.!frame.!button
demo_session_06,49,1786094615.4927497,move,355,304,.!frame.!button
demo_session_06,49,1786094615.5427496,move,351,308,.!frame.!button
demo_session_06,49,1786094615.5927496,move,357,311,.!frame.!button
demo_session_06,49,1786094615.6834145,click,341,311,.!frame.!button
demo_session_06,50,1786094615.6834145,move,227,192,.!frame.!entry
demo_session_06,50,1786094615.7334144,move,219,189,.!frame.!entry
demo_session_06,50,1786094615.7834144,move,215,199,.!frame.!entry
demo_session_06,50,1786094615.8334143,move,239,201,.!frame.!entry
demo_session_06,50,1786094615.8834143,move,229,183,.!frame.!entry
demo_session_06,50,1786094615.9334142,move,233,189,.!frame.!entry
demo_session_06,50,1786094615.9834142,move,221,221,.!frame.!entry
demo_session_06,50,1786094616.0334141,move,230,194,.!frame.!entry
demo_session_06,50,1786094616.083414,move,232,215,.!frame.!entry
demo_session_06,50,1786094616.133414,move,226,206,.!frame.!entry
demo_session_06,50,1786094616.183414,move,239,204,.!frame.!entry
demo_session_06,50,1786094616.233414,move,241,198,.!frame.!entry
demo_session_06,50,1786094616.283414,move,220,198,.!frame.!entry
demo_session_06,50,1786094616.3334138,move,242,218,.!frame.!entry
demo_session_06,50,1786094616.3834138,move,253,217,.!frame.!entry
demo_session_06,50,1786094616.4334137,move,226,244,.!frame.!entry
demo_session_06,50,1786094616.4834137,move,251,222,.!frame.!entry
demo_session_06,50,1786094616.5334136,move,249,217,.!frame.!entry
demo_session_06,50,1786094616.5834136,move,236,208,.!frame.!entry
demo_session_06,50,1786094616.6334136,move,251,210,.!frame.!entry
demo_session_06,50,1786094616.6834135,move,247,213,.!frame.!entry
demo_session_06,50,1786094616.7334135,move,236,227,.!frame.!entry
demo_session_06,50,1786094616.7834134,move,245,232,.!frame.!entry
demo_session_06,50,1786094616.8334134,move,262,222,.!frame.!entry
demo_session_06,50,1786094616.8834133,move,247,226,.!frame.!entry
demo_session_06,50,1786094616.9334133,move,268,224,.!frame.!entry
demo_session_06,50,1786094616.9834132,move,263,218,.!frame.!entry
demo_session_06,50,1786094617.0334132,move,260,223,.!frame.!entry
demo_session_06,50,1786094617.0834131,move,246,226,.!frame.!entry
demo_session_06,50,1786094617.133413,move,242,211,.!frame.!entry
demo_session_06,50,1786094617.183413,move,270,220,.!frame.!entry
demo_session_06,50,1786094617.233413,move,274,240,.!frame.!entry
demo_session_06,50,1786094617.283413,move,258,225,.!frame.!entry
demo_session_06,50,1786094617.333413,move,258,233,.!frame.!entry
demo_session_06,50,1786094617.3834128,move,251,227,.!frame.!entry
demo_session_06,50,1786094617.4334128,move,268,228,.!frame.!entry
demo_session_06,50,1786094617.4834127,move,272,216,.!frame.!entry
demo_session_06,50,1786094617.5334127,move,270,232,.!frame.!entry
demo_session_06,50,1786094617.5834126,move,259,234,.!frame.!entry
demo_session_06,50,1786094617.6334126,move,247,257,.!frame.!entry
demo_session_06,50,1786094617.6834126,move,287,224,.!frame.!entry
demo_session_06,50,1786094617.7334125,move,255,236,.!frame.!entry
demo_session_06,50,1786094617.7834125,move,236,244,.!frame.!entry
demo_session_06,50,1786094617.8334124,move,274,244,.!frame.!entry
demo_session_06,50,1786094617.8834124,move,248,237,.!frame.!entry
demo_session_06,50,1786094617.9334123,move,260,235,.!frame.!entry
demo_session_06,50,1786094617.9834123,move,271,240,.!frame.!entry
demo_session_06,50,1786094618.0334122,move,266,235,.!frame.!entry
demo_session_06,50,1786094618.0834122,move,287,260,.!frame.!entry
demo_session_06,50,1786094618.1334121,move,264,243,.!frame.!entry
demo_session_06,50,1786094618.183412,move,264,247,.!frame.!entry
demo_session_06,50,1786094618.233412,move,263,251,.!frame.!entry
demo_session_06,50,1786094618.283412,move,256,239,.!frame.!entry
demo_session_06,50,1786094618.333412,move,265,239,.!frame.!entry
demo_session_06,50,1786094618.383412,move,264,242,.!frame.!entry
demo_session_06,50,1786094618.4334118,move,280,251,.!frame.!entry
demo_session_06,50,1786094618.4834118,move,285,257,.!frame.!entry
demo_session_06,50,1786094618.5334117,move,274,260,.!frame.!entry
demo_session_06,50,1786094618.5834117,move,291,253,.!frame.!entry
demo_session_06,50,1786094618.6334116,move,282,252,.!frame.!entry
demo_session_06,50,1786094618.6834116,move,284,262,.!frame.!entry
demo_session_06,50,1786094618.7334116,move,289,253,.!frame.!entry
demo_session_06,50,1786094618.7834115,move,289,262,.!frame.!entry
demo_session_06,50,1786094618.8334115,move,289,255,.!frame.!entry
demo_session_06,50,1786094618.8834114,move,289,274,.!frame.!entry
demo_session_06,50,1786094618.9334114,move,310,271,.!frame.!entry
demo_session_06,50,1786094618.9834113,move,285,242,.!frame.!entry
demo_session_06,50,1786094619.0334113,move,286,273,.!frame.!entry
demo_session_06,50,1786094619.0834112,move,277,257,.!frame.!entry
demo_session_06,50,1786094619.1334112,move,300,282,.!frame.!entry
demo_session_06,50,1786094619.1834111,move,289,275,.!frame.!entry
demo_session_06,50,1786094619.233411,move,292,266,.!frame.!entry
demo_session_06,50,1786094619.283411,move,283,264,.!frame.!entry
demo_session_06,50,1786094619.333411,move,299,288,.!frame.!entry
demo_session_06,50,1786094619.383411,move,296,279,.!frame.!entry
demo_session_06,50,1786094619.433411,move,286,268,.!frame.!entry
demo_session_06,50,1786094619.4834108,move,296,278,.!frame.!entry
demo_session_06,50,1786094619.5334108,move,308,287,.!frame.!entry
demo_session_06,50,1786094619.5834107,move,318,264,.!frame.!entry
demo_session_06,50,1786094619.6334107,move,311,284,.!frame.!entry
demo_session_06,50,1786094619.6834106,move,299,296,.!frame.!entry
demo_session_06,50,1786094619.7334106,move,323,270,.!frame.!entry
demo_session_06,50,1786094619.7834105,move,320,287,.!frame.!entry
demo_session_06,50,1786094619.8334105,move,310,287,.!frame.!entry
demo_session_06,50,1786094619.8834105,move,305,262,.!frame.!entry
demo_session_06,50,1786094619.9334104,move,302,302,.!frame.!entry
demo_session_06,50,1786094619.9834104,move,313,272,.!frame.!entry
demo_session_06,50,1786094620.0334103,move,318,299,.!frame.!button
demo_session_06,50,1786094620.0834103,move,312,286,.!frame.!button
demo_session_06,50,1786094620.1334102,move,302,283,.!frame.!button
demo_session_06,50,1786094620.1834102,move,334,300,.!frame.!button
demo_session_06,50,1786094620.2334101,move,323,281,.!frame.!button
demo_session_06,50,1786094620.28341,move,329,302,.!frame.!button
demo_session_06,50,1786094620.33341,move,316,307,.!frame.!button
demo_session_06,50,1786094620.38341,move,354,299,.!frame.!button
demo_session_06,50,1786094620.43341,move,315,290,.!frame.!button
demo_session_06,50,1786094620.48341,move,296,288,.!frame.!button
demo_session_06,50,1786094620.5334098,move,332,287,.!frame.!button
demo_session_06,50,1786094620.5834098,move,340,282,.!frame.!button
demo_session_06,50,1786094620.6334097,move,350,298,.!frame.!button
demo_session_06,50,1786094620.6834097,move,316,288,.!frame.!button
demo_session_06,50,1786094620.7334096,move,316,316,.!frame.!button
demo_session_06,50,1786094620.7834096,move,323,300,.!frame.!button
demo_session_06,50,1786094620.8334095,move,330,298,.!frame.!button
demo_session_06,50,1786094620.8834095,move,340,306,.!frame.!button
demo_session_06,50,1786094620.9334095,move,328,298,.!frame.!button
demo_session_06,50,1786094620.9834094,move,337,295,.!frame.!button
demo_session_06,50,1786094621.0334094,move,329,306,.!frame.!button
demo_session_06,50,1786094621.0834093,move,325,288,.!frame.!button
demo_session_06,50,1786094621.1334093,move,356,290,.!frame.!button
demo_session_06,50,1786094621.1834092,move,326,297,.!frame.!button
demo_session_06,50,1786094621.2334092,move,350,300,.!frame.!button
demo_session_06,50,1786094621.283409,move,341,306,.!frame.!button
demo_session_06,50,1786094621.333409,move,353,300,.!frame.!button
demo_session_06,50,1786094621.383409,move,326,299,.!frame.!button
demo_session_06,50,1786094621.433409,move,320,306,.!frame.!button
demo_session_06,50,1786094621.483409,move,329,297,.!frame.!button
demo_session_06,50,1786094621.5334089,move,351,319,.!frame.!button
demo_session_06,50,1786094621.5834088,move,334,330,.!frame.!button
demo_session_06,50,1786094621.6334088,move,352,314,.!frame.!button
demo_session_06,50,1786094621.6834087,move,345,323,.!frame.!button
demo_session_06,50,1786094621.7334087,move,340,319,.!frame.!button
demo_session_06,50,1786094621.7834086,move,352,330,.!frame.!button
demo_session_06,50,1786094621.8334086,move,357,311,.!frame.!button
demo_session_06,50,1786094621.8834085,move,325,331,.!frame.!button
demo_session_06,50,1786094621.9757297,click,360,330,.!frame.!button
