session_id,question_index,timestamp,event_type,x,y,target_element
demo_session_05,1,1786094205.5081608,move,379,153,.!frame.!entry
demo_session_05,1,1786094205.5581608,move,387,163,.!frame.!entry
demo_session_05,1,1786094205.6081607,move,386,167,.!frame.!entry
demo_session_05,1,1786094205.6581607,move,383,159,.!frame.!entry
demo_session_05,1,1786094205.7081606,move,375,171,.!frame.!entry
demo_session_05,1,1786094205.7581606,move,378,168,.!frame.!entry
demo_session_05,1,1786094205.8081605,move,379,176,.!frame.!entry
demo_session_05,1,1786094205.8581605,move,388,167,.!frame.!entry
demo_session_05,1,1786094205.9081604,move,383,167,.!frame.!entry
demo_session_05,1,1786094205.9581604,move,377,175,.!frame.!entry
demo_session_05,1,1786094206.0081604,move,378,187,.!frame.!entry
demo_session_05,1,1786094206.0581603,move,381,178,.!frame.!entry
demo_session_05,1,1786094206.1081603,move,384,180,.!frame.!entry
demo_session_05,1,1786094206.1581602,move,378,176,.!frame.!entry
demo_session_05,1,1786094206.2081602,move,387,180,.!frame.!entry
demo_session_05,1,1786094206.25816,move,378,182,.!frame.!entry
demo_session_05,1,1786094206.30816,move,378,178,.!frame.!entry
demo_session_05,1,1786094206.35816,move,376,194,.!frame.!entry
demo_session_05,1,1786094206.40816,move,376,191,.!frame.!entry
demo_session_05,1,1786094206.45816,move,377,188,.!frame.!entry
demo_session_05,1,1786094206.5081599,move,366,194,.!frame.!entry
demo_session_05,1,1786094206.5581598,move,368,195,.!frame.!entry
demo_session_05,1,1786094206.6081598,move,373,196,.!frame.!entry
demo_session_05,1,1786094206.6581597,move,369,204,.!frame.!entry
demo_session_05,1,1786094206.7081597,move,383,206,.!frame.!entry
demo_session_05,1,1786094206.7581596,move,371,213,.!frame.!entry
demo_session_05,1,1786094206.8081596,move,366,202,.!frame.!entry
demo_session_05,1,1786094206.8581595,move,370,209,.!frame.!entry
demo_session_05,1,1786094206.9081595,move,376,208,.!frame.!entry
demo_session_05,1,1786094206.9581594,move,376,214,.!frame.!entry
demo_session_05,1,1786094207.0081594,move,374,212,.!frame.!entry
demo_session_05,1,1786094207.0581594,move,376,211,.!frame.!entry
demo_session_05,1,1786094207.1081593,move,376,212,.!frame.!entry
demo_session_05,1,1786094207.1581593,move,370,221,.!frame.!entry
demo_session_05,1,1786094207.2081592,move,371,223,.!frame.!entry
demo_session_05,1,1786094207.2581592,move,373,216,.!frame.!entry
demo_session_05,1,1786094207.308159,move,375,228,.!frame.!entry
demo_session_05,1,1786094207.358159,move,372,222,.!frame.!entry
demo_session_05,1,1786094207.408159,move,369,226,.!frame.!entry
demo_session_05,1,1786094207.458159,move,378,230,.!frame.!entry
demo_session_05,1,1786094207.508159,move,381,231,.!frame.!entry
demo_session_05,1,1786094207.5581589,move,369,227,.!frame.!entry
demo_session_05,1,1786094207.6081588,move,370,233,.!frame.!entry
demo_session_05,1,1786094207.6581588,move,364,230,.!frame.!entry
demo_session_05,1,1786094207.7081587,move,368,231,.!frame.!entry
demo_session_05,1,1786094207.7581587,move,362,235,.!frame.!entry
demo_session_05,1,1786094207.8081586,move,364,239,.!frame.!entry
demo_session_05,1,1786094207.8581586,move,369,240,.!frame.!entry
demo_session_05,1,1786094207.9081585,move,370,242,.!frame.!entry
demo_session_05,1,1786094207.9581585,move,365,242,.!frame.!entry
demo_session_05,1,1786094208.0081584,move,367,240,.!frame.!entry
demo_session_05,1,1786094208.0581584,move,367,248,.!frame.!entry
demo_session_05,1,1786094208.1081583,move,361,253,.!frame.!entry
demo_session_05,1,1786094208.1581583,move,357,253,.!frame.!entry
demo_session_05,1,1786094208.2081583,move,370,252,.!frame.!entry
demo_session_05,1,1786094208.2581582,move,360,250,.!frame.!entry
demo_session_05,1,1786094208.3081582,move,362,261,.!frame.!entry
demo_session_05,1,1786094208.358158,move,363,256,.!frame.!entry
demo_session_05,1,1786094208.408158,move,360,262,.!frame.!entry
demo_session_05,1,1786094208.458158,move,360,261,.!frame.!entry
demo_session_05,1,1786094208.508158,move,365,274,.!frame.!entry
demo_session_05,1,1786094208.558158,move,369,270,.!frame.!entry
demo_session_05,1,1786094208.6081579,move,370,265,.!frame.!entry
demo_session_05,1,1786094208.6581578,move,367,274,.!frame.!entry
demo_session_05,1,1786094208.7081578,move,360,268,.!frame.!entry
demo_session_05,1,1786094208.7581577,move,361,272,.!frame.!entry
demo_session_05,1,1786094208.8081577,move,368,272,.!frame.!button
demo_session_05,1,1786094208.8581576,move,358,271,.!frame.!button
demo_session_05,1,1786094208.9081576,move,358,275,.!frame.!button
demo_session_05,1,1786094208.9581575,move,363,282,.!frame.!button
demo_session_05,1,1786094209.0081575,move,360,286,.!frame.!button
demo_session_05,1,1786094209.0581574,move,355,271,.!frame.!button
demo_session_05,1,1786094209.1081574,move,356,285,.!frame.!button
demo_session_05,1,1786094209.1581573,move,348,291,.!frame.!button
demo_session_05,1,1786094209.2081573,move,358,285,.!frame.!button
demo_session_05,1,1786094209.2581573,move,360,288,.!frame.!button
demo_session_05,1,1786094209.3081572,move,359,292,.!frame.!button
demo_session_05,1,1786094209.3581572,move,355,287,.!frame.!button
demo_session_05,1,1786094209.408157,move,348,292,.!frame.!button
demo_session_05,1,1786094209.458157,move,345,296,.!frame.!button
demo_session_05,1,1786094209.508157,move,353,289,.!frame.!button
demo_session_05,1,1786094209.558157,move,361,296,.!frame.!button
demo_session_05,1,1786094209.608157,move,353,301,.!frame.!button
demo_session_05,1,1786094209.6581569,move,355,298,.!frame.!button
demo_session_05,1,1786094209.7081568,move,354,301,.!frame.!button
demo_session_05,1,1786094209.7581568,move,352,311,.!frame.!button
demo_session_05,1,1786094209.8081567,move,355,310,.!frame.!button
demo_session_05,1,1786094209.8581567,move,349,307,.!frame.!button
demo_session_05,1,1786094209.9081566,move,351,323,.!frame.!button
demo_session_05,1,1786094209.9581566,move,349,318,.!frame.!button
demo_session_05,1,1786094210.0081565,move,346,316,.!frame.!button
demo_session_05,1,1786094210.0581565,move,348,323,.!frame.!button
demo_session_05,1,1786094210.1081564,move,346,319,.!frame.!button
demo_session_05,1,1786094210.1581564,move,346,321,.!frame.!button
demo_session_05,1,1786094210.2245843,click,351,321,.!frame.!button
demo_session_05,2,1786094210.2245843,move,264,91,.!frame.!entry
demo_session_05,2,1786094210.2745843,move,267,105,.!frame.!entry
demo_session_05,2,1786094210.3245842,move,269,107,.!frame.!entry
demo_session_05,2,1786094210.3745842,move,264,114,.!frame.!entry
demo_session_05,2,1786094210.4245842,move,264,115,.!frame.!entry
demo_session_05,2,1786094210.474584,move,268,114,.!frame.!entry
demo_session_05,2,1786094210.524584,move,275,118,.!frame.!entry
demo_session_05,2,1786094210.574584,move,270,125,.!frame.!entry
demo_session_05,2,1786094210.624584,move,266,130,.!frame.!entry
demo_session_05,2,1786094210.674584,move,278,134,.!frame.!entry
demo_session_05,2,1786094210.7245839,move,275,137,.!frame.!entry
demo_session_05,2,1786094210.7745838,move,281,136,.!frame.!entry
demo_session_05,2,1786094210.8245838,move,273,138,.!frame.!entry
demo_session_05,2,1786094210.8745837,move,285,141,.!frame.!entry
demo_session_05,2,1786094210.9245837,move,277,140,.!frame.!entry
demo_session_05,2,1786094210.9745836,move,278,151,.!frame.!entry
demo_session_05,2,1786094211.0245836,move,283,153,.!frame.!entry
demo_session_05,2,1786094211.0745835,move,281,152,.!frame.!entry
demo_session_05,2,1786094211.1245835,move,293,162,.!frame.!entry
demo_session_05,2,1786094211.1745834,move,286,164,.!frame.!entry
demo_session_05,2,1786094211.2245834,move,284,156,.!frame.!entry
demo_session_05,2,1786094211.2745833,move,295,159,.!frame.!entry
demo_session_05,2,1786094211.3245833,move,299,173,.!frame.!entry
demo_session_05,2,1786094211.3745832,move,288,167,.!frame.!entry
demo_session_05,2,1786094211.4245832,move,291,173,.!frame.!entry
demo_session_05,2,1786094211.4745831,move,290,171,.!frame.!entry
demo_session_05,2,1786094211.524583,move,288,177,.!frame.!entry
demo_session_05,2,1786094211.574583,move,296,182,.!frame.!entry
demo_session_05,2,1786094211.624583,move,294,191,.!frame.!entry
demo_session_05,2,1786094211.674583,move,301,195,.!frame.!entry
demo_session_05,2,1786094211.724583,move,302,192,.!frame.!entry
demo_session_05,2,1786094211.7745829,move,297,188,.!frame.!entry
demo_session_05,2,1786094211.8245828,move,300,200,.!frame.!entry
demo_session_05,2,1786094211.8745828,move,300,198,.!frame.!entry
demo_session_05,2,1786094211.9245827,move,306,212,.!frame.!entry
demo_session_05,2,1786094211.9745827,move,300,215,.!frame.!entry
demo_session_05,2,1786094212.0245826,move,305,216,.!frame.!entry
demo_session_05,2,1786094212.0745826,move,299,201,.!frame.!entry
demo_session_05,2,1786094212.1245825,move,309,221,.!frame.!entry
demo_session_05,2,1786094212.1745825,move,306,215,.!frame.!entry
demo_session_05,2,1786094212.2245824,move,305,221,.!frame.!entry
demo_session_05,2,1786094212.2745824,move,314,219,.!frame.!entry
demo_session_05,2,1786094212.3245823,move,308,227,.!frame.!entry
demo_session_05,2,1786094212.3745823,move,310,225,.!frame.!entry
demo_session_05,2,1786094212.4245822,move,315,236,.!frame.!entry
demo_session_05,2,1786094212.4745822,move,318,224,.!frame.!entry
demo_session_05,2,1786094212.5245821,move,320,244,.!frame.!entry
demo_session_05,2,1786094212.574582,move,316,243,.!frame.!entry
demo_session_05,2,1786094212.624582,move,319,247,.!frame.!entry
demo_session_05,2,1786094212.674582,move,320,242,.!frame.!entry
demo_session_05,2,1786094212.724582,move,327,250,.!frame.!entry
demo_session_05,2,1786094212.774582,move,322,262,.!frame.!entry
demo_session_05,2,1786094212.8245819,move,327,254,.!frame.!button
demo_session_05,2,1786094212.8745818,move,322,262,.!frame.!button
demo_session_05,2,1786094212.9245818,move,331,258,.!frame.!button
demo_session_05,2,1786094212.9745817,move,330,262,.!frame.!button
demo_session_05,2,1786094213.0245817,move,331,273,.!frame.!button
demo_session_05,2,1786094213.0745816,move,333,268,.!frame.!button
demo_session_05,2,1786094213.1245816,move,331,269,.!frame.!button
demo_session_05,2,1786094213.1745815,move,328,285,.!frame.!button
demo_session_05,2,1786094213.2245815,move,339,283,.!frame.!button
demo_session_05,2,1786094213.2745814,move,342,286,.!frame.!button
demo_session_05,2,1786094213.3245814,move,343,284,.!frame.!button
demo_session_05,2,1786094213.3745813,move,337,288,.!frame.!button
demo_session_05,2,1786094213.4245813,move,340,289,.!frame.!button
demo_session_05,2,1786094213.4745812,move,343,293,.!frame.!button
demo_session_05,2,1786094213.5245812,move,339,294,.!frame.!button
demo_session_05,2,1786094213.5745811,move,340,299,.!frame.!button
demo_session_05,2,1786094213.624581,move,354,308,.!frame.!button
demo_session_05,2,1786094213.674581,move,344,305,.!frame.!button
demo_session_05,2,1786094213.724581,move,346,310,.!frame.!button
demo_session_05,2,1786094213.774581,move,347,317,.!frame.!button
demo_session_05,2,1786094213.824581,move,350,317,.!frame.!button
demo_session_05,2,1786094213.8745809,move,353,321,.!frame.!button
demo_session_05,2,1786094213.972787,click,350,320,.!frame.!button
demo_session_05,3,1786094213.972787,move,476,100,.!frame.!entry
demo_session_05,3,1786094214.0227869,move,470,108,.!frame.!entry
demo_session_05,3,1786094214.0727868,move,461,109,.!frame.!entry
demo_session_05,3,1786094214.1227868,move,468,113,.!frame.!entry
demo_session_05,3,1786094214.1727867,move,472,112,.!frame.!entry
demo_session_05,3,1786094214.2227867,move,463,117,.!frame.!entry
demo_session_05,3,1786094214.2727866,move,466,113,.!frame.!entry
demo_session_05,3,1786094214.3227866,move,463,124,.!frame.!entry
demo_session_05,3,1786094214.3727865,move,456,125,.!frame.!entry
demo_session_05,3,1786094214.4227865,move,459,123,.!frame.!entry
demo_session_05,3,1786094214.4727864,move,465,131,.!frame.!entry
demo_session_05,3,1786094214.5227864,move,462,127,.!frame.!entry
demo_session_05,3,1786094214.5727863,move,452,120,.!frame.!entry
demo_session_05,3,1786094214.6227863,move,452,133,.!frame.!entry
demo_session_05,3,1786094214.6727862,move,458,141,.!frame.!entry
demo_session_05,3,1786094214.7227862,move,452,142,.!frame.!entry
demo_session_05,3,1786094214.7727861,move,444,144,.!frame.!entry
demo_session_05,3,1786094214.822786,move,449,147,.!frame.!entry
demo_session_05,3,1786094214.872786,move,447,141,.!frame.!entry
demo_session_05,3,1786094214.922786,move,440,155,.!frame.!entry
demo_session_05,3,1786094214.972786,move,442,153,.!frame.!entry
demo_session_05,3,1786094215.022786,move,446,154,.!frame.!entry
demo_session_05,3,1786094215.0727859,move,443,164,.!frame.!entry
demo_session_05,3,1786094215.1227858,move,444,164,.!frame.!entry
demo_session_05,3,1786094215.1727858,move,437,157,.!frame.!entry
demo_session_05,3,1786094215.2227857,move,436,168,.!frame.!entry
demo_session_05,3,1786094215.2727857,move,430,167,.!frame.!entry
demo_session_05,3,1786094215.3227856,move,438,174,.!frame.!entry
demo_session_05,3,1786094215.3727856,move,422,177,.!frame.!entry
demo_session_05,3,1786094215.4227855,move,426,176,.!frame.!entry
demo_session_05,3,1786094215.4727855,move,431,177,.!frame.!entry
demo_session_05,3,1786094215.5227854,move,428,179,.!frame.!entry
demo_session_05,3,1786094215.5727854,move,426,184,.!frame.!entry
demo_session_05,3,1786094215.6227853,move,423,187,.!frame.!entry
demo_session_05,3,1786094215.6727853,move,426,186,.!frame.!entry
demo_session_05,3,1786094215.7227852,move,419,187,.!frame.!entry
demo_session_05,3,1786094215.7727852,move,428,193,.!frame.!entry
demo_session_05,3,1786094215.8227851,move,423,193,.!frame.!entry
demo_session_05,3,1786094215.872785,move,418,207,.!frame.!entry
demo_session_05,3,1786094215.922785,move,416,207,.!frame.!entry
demo_session_05,3,1786094215.972785,move,423,203,.!frame.!entry
demo_session_05,3,1786094216.022785,move,411,214,.!frame.!entry
demo_session_05,3,1786094216.072785,move,415,208,.!frame.!entry
demo_session_05,3,1786094216.1227849,move,411,214,.!frame.!entry
demo_session_05,3,1786094216.1727848,move,409,210,.!frame.!entry
demo_session_05,3,1786094216.2227848,move,404,221,.!frame.!entry
demo_session_05,3,1786094216.2727847,move,396,217,.!frame.!entry
demo_session_05,3,1786094216.3227847,move,404,217,.!frame.!entry
demo_session_05,3,1786094216.3727846,move,404,230,.!frame.!entry
demo_session_05,3,1786094216.4227846,move,404,224,.!frame.!entry
demo_session_05,3,1786094216.4727845,move,401,231,.!frame.!entry
demo_session_05,3,1786094216.5227845,move,400,228,.!frame.!entry
demo_session_05,3,1786094216.5727844,move,393,237,.!frame.!entry
demo_session_05,3,1786094216.6227844,move,397,239,.!frame.!entry
demo_session_05,3,1786094216.6727843,move,396,238,.!frame.!entry
demo_session_05,3,1786094216.7227843,move,392,245,.!frame.!entry
demo_session_05,3,1786094216.7727842,move,391,247,.!frame.!entry
demo_session_05,3,1786094216.8227842,move,390,247,.!frame.!entry
demo_session_05,3,1786094216.8727841,move,383,248,.!frame.!entry
demo_session_05,3,1786094216.922784,move,388,260,.!frame.!entry
demo_session_05,3,1786094216.972784,move,392,256,.!frame.!button
demo_session_05,3,1786094217.022784,move,375,257,.!frame.!button
demo_session_05,3,1786094217.072784,move,385,263,.!frame.!button
demo_session_05,3,1786094217.122784,move,381,263,.!frame.!button
demo_session_05,3,1786094217.1727839,move,386,269,.!frame.!button
demo_session_05,3,1786094217.2227838,move,378,262,.!frame.!button
demo_session_05,3,1786094217.2727838,move,377,271,.!frame.!button
demo_session_05,3,1786094217.3227837,move,374,277,.!frame.!button
demo_session_05,3,1786094217.3727837,move,375,276,.!frame.!button
demo_session_05,3,1786094217.4227836,move,374,281,.!frame.!button
demo_session_05,3,1786094217.4727836,move,371,281,.!frame.!button
demo_session_05,3,1786094217.5227835,move,371,284,.!frame.!button
demo_session_05,3,1786094217.5727835,move,369,297,.!frame.!button
demo_session_05,3,1786094217.6227834,move,363,287,.!frame.!button
demo_session_05,3,1786094217.6727834,move,368,287,.!frame.!button
demo_session_05,3,1786094217.7227833,move,361,301,.!frame.!button
demo_session_05,3,1786094217.7727833,move,366,294,.!frame.!button
demo_session_05,3,1786094217.8227832,move,361,297,.!frame.!button
demo_session_05,3,1786094217.8727832,move,364,309,.!frame.!button
demo_session_05,3,1786094217.9227831,move,359,308,.!frame.!button
demo_session_05,3,1786094217.972783,move,354,298,.!frame.!button
demo_session_05,3,1786094218.022783,move,356,312,.!frame.!button
demo_session_05,3,1786094218.072783,move,345,309,.!frame.!button
demo_session_05,3,1786094218.122783,move,356,314,.!frame.!button
demo_session_05,3,1786094218.172783,move,354,324,.!frame.!button
demo_session_05,3,1786094218.2227829,move,347,325,.!frame.!button
demo_session_05,3,1786094218.3106725,click,347,317,.!frame.!button
demo_session_05,4,1786094218.3106725,move,142,246,.!frame.!entry
demo_session_05,4,1786094218.3606725,move,149,259,.!frame.!entry
demo_session_05,4,1786094218.4106724,move,155,255,.!frame.!entry
demo_session_05,4,1786094218.4606724,move,153,257,.!frame.!entry
demo_session_05,4,1786094218.5106723,move,157,262,.!frame.!entry
demo_session_05,4,1786094218.5606723,move,163,258,.!frame.!entry
demo_session_05,4,1786094218.6106722,move,174,261,.!frame.!entry
demo_session_05,4,1786094218.6606722,move,174,257,.!frame.!entry
demo_session_05,4,1786094218.7106721,move,174,266,.!frame.!entry
demo_session_05,4,1786094218.760672,move,172,266,.!frame.!entry
demo_session_05,4,1786094218.810672,move,177,264,.!frame.!entry
demo_session_05,4,1786094218.860672,move,182,267,.!frame.!entry
demo_session_05,4,1786094218.910672,move,182,270,.!frame.!entry
demo_session_05,4,1786094218.960672,move,196,263,.!frame.!entry
demo_session_05,4,1786094219.0106719,move,187,270,.!frame.!entry
demo_session_05,4,1786094219.0606718,move,197,268,.!frame.!entry
demo_session_05,4,1786094219.1106718,move,200,269,.!frame.!entry
demo_session_05,4,1786094219.1606717,move,206,273,.!frame.!entry
demo_session_05,4,1786094219.2106717,move,200,276,.!frame.!entry
demo_session_05,4,1786094219.2606716,move,204,273,.!frame.!entry
demo_session_05,4,1786094219.3106716,move,220,271,.!frame.!entry
demo_session_05,4,1786094219.3606715,move,219,272,.!frame.!entry
demo_session_05,4,1786094219.4106715,move,219,268,.!frame.!entry
demo_session_05,4,1786094219.4606714,move,219,270,.!frame.!entry
demo_session_05,4,1786094219.5106714,move,227,273,.!frame.!entry
demo_session_05,4,1786094219.5606713,move,231,280,.!frame.!entry
demo_session_05,4,1786094219.6106713,move,233,288,.!frame.!entry
demo_session_05,4,1786094219.6606712,move,238,284,.!frame.!entry
demo_session_05,4,1786094219.7106712,move,241,285,.!frame.!entry
demo_session_05,4,1786094219.7606711,move,242,286,.!frame.!entry
demo_session_05,4,1786094219.810671,move,243,292,.!frame.!entry
demo_session_05,4,1786094219.860671,move,248,280,.!frame.!entry
demo_session_05,4,1786094219.910671,move,256,289,.!frame.!entry
demo_session_05,4,1786094219.960671,move,252,291,.!frame.!entry
demo_session_05,4,1786094220.010671,move,261,293,.!frame.!entry
demo_session_05,4,1786094220.0606709,move,262,288,.!frame.!entry
demo_session_05,4,1786094220.1106708,move,258,295,.!frame.!entry
demo_session_05,4,1786094220.1606708,move,272,293,.!frame.!entry
demo_session_05,4,1786094220.2106707,move,270,289,.!frame.!entry
demo_session_05,4,1786094220.2606707,move,282,293,.!frame.!entry
demo_session_05,4,1786094220.3106706,move,276,291,.!frame.!entry
demo_session_05,4,1786094220.3606706,move,277,293,.!frame.!entry
demo_session_05,4,1786094220.4106705,move,285,299,.!frame.!entry
demo_session_05,4,1786094220.4606705,move,286,301,.!frame.!entry
demo_session_05,4,1786094220.5106704,move,285,298,.!frame.!button
demo_session_05,4,1786094220.5606704,move,289,303,.!frame.!button
demo_session_05,4,1786094220.6106703,move,302,303,.!frame.!button
demo_session_05,4,1786094220.6606703,move,301,304,.!frame.!button
demo_session_05,4,1786094220.7106702,move,302,305,.!frame.!button
demo_session_05,4,1786094220.7606702,move,307,308,.!frame.!button
demo_session_05,4,1786094220.8106701,move,311,305,.!frame.!button
demo_session_05,4,1786094220.86067,move,312,302,.!frame.!button
demo_session_05,4,1786094220.91067,move,314,310,.!frame.!button
demo_session_05,4,1786094220.96067,move,317,309,.!frame.!button
demo_session_05,4,1786094221.01067,move,322,310,.!frame.!button
demo_session_05,4,1786094221.06067,move,323,316,.!frame.!button
demo_session_05,4,1786094221.1106699,move,327,316,.!frame.!button
demo_session_05,4,1786094221.1606698,move,331,310,.!frame.!button
demo_session_05,4,1786094221.2106698,move,334,315,.!frame.!button
demo_session_05,4,1786094221.2606697,move,343,318,.!frame.!button
demo_session_05,4,1786094221.3106697,move,345,310,.!frame.!button
demo_session_05,4,1786094221.3606696,move,350,321,.!frame.!button
demo_session_05,4,1786094221.4106696,move,353,319,.!frame.!button
demo_session_05,4,1786094221.4659016,click,352,322,.!frame.!button
demo_session_05,5,1786094221.4659016,move,532,335,.!frame.!entry
demo_session_05,5,1786094221.5159016,move,529,340,.!frame.!entry
demo_session_05,5,1786094221.5659015,move,532,341,.!frame.!entry
demo_session_05,5,1786094221.6159015,move,530,342,.!frame.!entry
demo_session_05,5,1786094221.6659014,move,530,340,.!frame.!entry
demo_session_05,5,1786094221.7159014,move,523,339,.!frame.!entry
demo_session_05,5,1786094221.7659013,move,523,337,.!frame.!entry
demo_session_05,5,1786094221.8159013,move,514,338,.!frame.!entry
demo_session_05,5,1786094221.8659012,move,514,337,.!frame.!entry
demo_session_05,5,1786094221.9159012,move,517,341,.!frame.!entry
demo_session_05,5,1786094221.9659011,move,514,341,.!frame.!entry
demo_session_05,5,1786094222.015901,move,508,344,.!frame.!entry
demo_session_05,5,1786094222.065901,move,510,340,.!frame.!entry
demo_session_05,5,1786094222.115901,move,504,336,.!frame.!entry
demo_session_05,5,1786094222.165901,move,500,339,.!frame.!entry
demo_session_05,5,1786094222.215901,move,501,346,.!frame.!entry
demo_session_05,5,1786094222.2659009,move,501,330,.!frame.!entry
demo_session_05,5,1786094222.3159008,move,496,344,.!frame.!entry
demo_session_05,5,1786094222.3659008,move,496,336,.!frame.!entry
demo_session_05,5,1786094222.4159007,move,494,337,.!frame.!entry
demo_session_05,5,1786094222.4659007,move,490,332,.!frame.!entry
demo_session_05,5,1786094222.5159006,move,490,336,.!frame.!entry
demo_session_05,5,1786094222.5659006,move,496,338,.!frame.!entry
demo_session_05,5,1786094222.6159005,move,487,341,.!frame.!entry
demo_session_05,5,1786094222.6659005,move,489,338,.!frame.!entry
demo_session_05,5,1786094222.7159004,move,489,337,.!frame.!entry
demo_session_05,5,1786094222.7659004,move,468,331,.!frame.!entry
demo_session_05,5,1786094222.8159003,move,475,333,.!frame.!entry
demo_session_05,5,1786094222.8659003,move,477,335,.!frame.!entry
demo_session_05,5,1786094222.9159002,move,476,336,.!frame.!entry
demo_session_05,5,1786094222.9659002,move,474,326,.!frame.!entry
demo_session_05,5,1786094223.0159001,move,471,338,.!frame.!entry
demo_session_05,5,1786094223.0659,move,461,339,.!frame.!entry
demo_session_05,5,1786094223.1159,move,464,325,.!frame.!entry
demo_session_05,5,1786094223.1659,move,464,339,.!frame.!entry
demo_session_05,5,1786094223.2159,move,462,331,.!frame.!entry
demo_session_05,5,1786094223.2659,move,453,336,.!frame.!entry
demo_session_05,5,1786094223.3158998,move,461,335,.!frame.!entry
demo_session_05,5,1786094223.3658998,move,457,331,.!frame.!entry
demo_session_05,5,1786094223.4158998,move,447,322,.!frame.!entry
demo_session_05,5,1786094223.4658997,move,456,331,.!frame.!entry
demo_session_05,5,1786094223.5158997,move,442,323,.!frame.!entry
demo_session_05,5,1786094223.5658996,move,446,325,.!frame.!entry
demo_session_05,5,1786094223.6158996,move,447,334,.!frame.!entry
demo_session_05,5,1786094223.6658995,move,436,331,.!frame.!entry
demo_session_05,5,1786094223.7158995,move,440,330,.!frame.!entry
demo_session_05,5,1786094223.7658994,move,442,332,.!frame.!entry
demo_session_05,5,1786094223.8158994,move,439,331,.!frame.!entry
demo_session_05,5,1786094223.8658993,move,430,322,.!frame.!entry
demo_session_05,5,1786094223.9158993,move,428,327,.!frame.!entry
demo_session_05,5,1786094223.9658992,move,425,325,.!frame.!entry
demo_session_05,5,1786094224.0158992,move,425,332,.!frame.!entry
demo_session_05,5,1786094224.0658991,move,425,326,.!frame.!entry
demo_session_05,5,1786094224.115899,move,434,330,.!frame.!entry
demo_session_05,5,1786094224.165899,move,433,336,.!frame.!entry
demo_session_05,5,1786094224.215899,move,421,327,.!frame.!entry
demo_session_05,5,1786094224.265899,move,423,331,.!frame.!entry
demo_session_05,5,1786094224.315899,move,421,319,.!frame.!entry
demo_session_05,5,1786094224.3658988,move,414,330,.!frame.!entry
demo_session_05,5,1786094224.4158988,move,410,326,.!frame.!entry
demo_session_05,5,1786094224.4658988,move,407,334,.!frame.!entry
demo_session_05,5,1786094224.5158987,move,413,326,.!frame.!entry
demo_session_05,5,1786094224.5658987,move,416,329,.!frame.!entry
demo_session_05,5,1786094224.6158986,move,405,325,.!frame.!button
demo_session_05,5,1786094224.6658986,move,404,327,.!frame.!button
demo_session_05,5,1786094224.7158985,move,396,331,.!frame.!button
demo_session_05,5,1786094224.7658985,move,392,323,.!frame.!button
demo_session_05,5,1786094224.8158984,move,396,331,.!frame.!button
demo_session_05,5,1786094224.8658984,move,404,331,.!frame.!button
demo_session_05,5,1786094224.9158983,move,390,318,.!frame.!button
demo_session_05,5,1786094224.9658983,move,393,319,.!frame.!button
demo_session_05,5,1786094225.0158982,move,389,326,.!frame.!button
demo_session_05,5,1786094225.0658982,move,388,319,.!frame.!button
demo_session_05,5,1786094225.1158981,move,379,329,.!frame.!button
demo_session_05,5,1786094225.165898,move,384,322,.!frame.!button
demo_session_05,5,1786094225.215898,move,387,321,.!frame.!button
demo_session_05,5,1786094225.265898,move,381,322,.!frame.!button
demo_session_05,5,1786094225.315898,move,380,325,.!frame.!button
demo_session_05,5,1786094225.365898,move,379,324,.!frame.!button
demo_session_05,5,1786094225.4158978,move,375,320,.!frame.!button
demo_session_05,5,1786094225.4658978,move,377,325,.!frame.!button
demo_session_05,5,1786094225.5158978,move,370,316,.!frame.!button
demo_session_05,5,1786094225.5658977,move,367,325,.!frame.!button
demo_session_05,5,1786094225.6158977,move,370,322,.!frame.!button
demo_session_05,5,1786094225.6658976,move,374,321,.!frame.!button
demo_session_05,5,1786094225.7158976,move,362,319,.!frame.!button
demo_session_05,5,1786094225.7658975,move,363,325,.!frame.!button
demo_session_05,5,1786094225.8158975,move,355,317,.!frame.!button
demo_session_05,5,1786094225.8658974,move,360,317,.!frame.!button
demo_session_05,5,1786094225.9158974,move,350,320,.!frame.!button
demo_session_05,5,1786094225.9658973,move,343,318,.!frame.!button
demo_session_05,5,1786094226.060016,click,350,320,.!frame.!button
demo_session_05,6,1786094226.060016,move,471,285,.!frame.!entry
demo_session_05,6,1786094226.1100159,move,462,300,.!frame.!entry
demo_session_05,6,1786094226.1600158,move,458,299,.!frame.!entry
demo_session_05,6,1786094226.2100158,move,475,297,.!frame.!entry
demo_session_05,6,1786094226.2600157,move,456,296,.!frame.!entry
demo_session_05,6,1786094226.3100157,move,467,290,.!frame.!entry
demo_session_05,6,1786094226.3600156,move,463,289,.!frame.!entry
demo_session_05,6,1786094226.4100156,move,466,295,.!frame.!entry
demo_session_05,6,1786094226.4600155,move,467,289,.!frame.!entry
demo_session_05,6,1786094226.5100155,move,464,278,.!frame.!entry
demo_session_05,6,1786094226.5600154,move,461,287,.!frame.!entry
demo_session_05,6,1786094226.6100154,move,460,294,.!frame.!entry
demo_session_05,6,1786094226.6600153,move,458,291,.!frame.!entry
demo_session_05,6,1786094226.7100153,move,453,289,.!frame.!entry
demo_session_05,6,1786094226.7600152,move,460,293,.!frame.!entry
demo_session_05,6,1786094226.8100152,move,452,305,.!frame.!entry
demo_session_05,6,1786094226.8600152,move,448,290,.!frame.!entry
demo_session_05,6,1786094226.910015,move,444,301,.!frame.!entry
demo_session_05,6,1786094226.960015,move,443,294,.!frame.!entry
demo_session_05,6,1786094227.010015,move,447,297,.!frame.!entry
demo_session_05,6,1786094227.060015,move,443,293,.!frame.!entry
demo_session_05,6,1786094227.110015,move,448,295,.!frame.!entry
demo_session_05,6,1786094227.1600149,move,446,293,.!frame.!entry
demo_session_05,6,1786094227.2100148,move,434,295,.!frame.!entry
demo_session_05,6,1786094227.2600148,move,428,296,.!frame.!entry
demo_session_05,6,1786094227.3100147,move,423,301,.!frame.!entry
demo_session_05,6,1786094227.3600147,move,434,294,.!frame.!entry
demo_session_05,6,1786094227.4100146,move,429,301,.!frame.!entry
demo_session_05,6,1786094227.4600146,move,425,303,.!frame.!entry
demo_session_05,6,1786094227.5100145,move,444,301,.!frame.!entry
demo_session_05,6,1786094227.5600145,move,416,296,.!frame.!entry
demo_session_05,6,1786094227.6100144,move,426,306,.!frame.!entry
demo_session_05,6,1786094227.6600144,move,422,298,.!frame.!entry
demo_session_05,6,1786094227.7100143,move,420,308,.!frame.!entry
demo_session_05,6,1786094227.7600143,move,419,314,.!frame.!entry
demo_session_05,6,1786094227.8100142,move,419,307,.!frame.!entry
demo_session_05,6,1786094227.8600142,move,416,297,.!frame.!entry
demo_session_05,6,1786094227.9100142,move,415,297,.!frame.!entry
demo_session_05,6,1786094227.960014,move,417,307,.!frame.!entry
demo_session_05,6,1786094228.010014,move,422,298,.!frame.!entry
demo_session_05,6,1786094228.060014,move,415,299,.!frame.!entry
demo_session_05,6,1786094228.110014,move,415,303,.!frame.!entry
demo_session_05,6,1786094228.160014,move,411,308,.!frame.!entry
demo_session_05,6,1786094228.2100139,move,407,306,.!frame.!entry
demo_session_05,6,1786094228.2600138,move,408,319,.!frame.!entry
demo_session_05,6,1786094228.3100138,move,408,312,.!frame.!entry
demo_session_05,6,1786094228.3600137,move,407,301,.!frame.!entry
demo_session_05,6,1786094228.4100137,move,402,309,.!frame.!entry
demo_session_05,6,1786094228.4600136,move,387,312,.!frame.!entry
demo_session_05,6,1786094228.5100136,move,400,309,.!frame.!entry
demo_session_05,6,1786094228.5600135,move,401,317,.!frame.!entry
demo_session_05,6,1786094228.6100135,move,403,301,.!frame.!entry
demo_session_05,6,1786094228.6600134,move,393,309,.!frame.!entry
demo_session_05,6,1786094228.7100134,move,394,316,.!frame.!entry
demo_session_05,6,1786094228.7600133,move,390,303,.!frame.!entry
demo_session_05,6,1786094228.8100133,move,389,310,.!frame.!entry
demo_session_05,6,1786094228.8600132,move,387,299,.!frame.!entry
demo_session_05,6,1786094228.9100132,move,389,310,.!frame.!button
demo_session_05,6,1786094228.9600132,move,387,312,.!frame.!button
demo_session_05,6,1786094229.010013,move,382,309,.!frame.!button
demo_session_05,6,1786094229.060013,move,385,314,.!frame.!button
demo_session_05,6,1786094229.110013,move,380,313,.!frame.!button
demo_session_05,6,1786094229.160013,move,381,307,.!frame.!button
demo_session_05,6,1786094229.210013,move,384,313,.!frame.!button
demo_session_05,6,1786094229.2600129,move,370,328,.!frame.!button
demo_session_05,6,1786094229.3100128,move,370,315,.!frame.!button
demo_session_05,6,1786094229.3600128,move,372,314,.!frame.!button
demo_session_05,6,1786094229.4100127,move,367,318,.!frame.!button
demo_session_05,6,1786094229.4600127,move,366,320,.!frame.!button
demo_session_05,6,1786094229.5100126,move,374,326,.!frame.!button
demo_session_05,6,1786094229.5600126,move,373,317,.!frame.!button
demo_session_05,6,1786094229.6100125,move,361,325,.!frame.!button
demo_session_05,6,1786094229.6600125,move,363,323,.!frame.!button
demo_session_05,6,1786094229.7100124,move,363,321,.!frame.!button
demo_session_05,6,1786094229.7600124,move,367,318,.!frame.!button
demo_session_05,6,1786094229.8100123,move,361,320,.!frame.!button
demo_session_05,6,1786094229.8600123,move,352,314,.!frame.!button
demo_session_05,6,1786094229.9100122,move,358,317,.!frame.!button
demo_session_05,6,1786094229.9600122,move,352,316,.!frame.!button
demo_session_05,6,1786094230.0100121,move,343,317,.!frame.!button
demo_session_05,6,1786094230.060012,move,353,315,.!frame.!button
demo_session_05,6,1786094230.110012,move,349,318,.!frame.!button
demo_session_05,6,1786094230.208644,click,348,318,.!frame.!button
demo_session_05,7,1786094230.208644,move,521,331,.!frame.!entry
demo_session_05,7,1786094230.2586439,move,524,339,.!frame.!entry
demo_session_05,7,1786094230.3086438,move,525,340,.!frame.!entry
demo_session_05,7,1786094230.3586438,move,519,334,.!frame.!entry
demo_session_05,7,1786094230.4086437,move,527,337,.!frame.!entry
demo_session_05,7,1786094230.4586437,move,509,346,.!frame.!entry
demo_session_05,7,1786094230.5086436,move,512,344,.!frame.!entry
demo_session_05,7,1786094230.5586436,move,515,346,.!frame.!entry
demo_session_05,7,1786094230.6086435,move,516,340,.!frame.!entry
demo_session_05,7,1786094230.6586435,move,516,338,.!frame.!entry
demo_session_05,7,1786094230.7086434,move,512,338,.!frame.!entry
demo_session_05,7,1786094230.7586434,move,512,337,.!frame.!entry
demo_session_05,7,1786094230.8086433,move,500,342,.!frame.!entry
demo_session_05,7,1786094230.8586433,move,503,328,.!frame.!entry
demo_session_05,7,1786094230.9086432,move,509,340,.!frame.!entry
demo_session_05,7,1786094230.9586432,move,503,341,.!frame.!entry
demo_session_05,7,1786094231.0086432,move,506,340,.!frame.!entry
demo_session_05,7,1786094231.058643,move,506,342,.!frame.!entry
demo_session_05,7,1786094231.108643,move,502,339,.!frame.!entry
demo_session_05,7,1786094231.158643,move,503,336,.!frame.!entry
demo_session_05,7,1786094231.208643,move,504,333,.!frame.!entry
demo_session_05,7,1786094231.258643,move,496,339,.!frame.!entry
demo_session_05,7,1786094231.3086429,move,492,334,.!frame.!entry
demo_session_05,7,1786094231.3586428,move,492,327,.!frame.!entry
demo_session_05,7,1786094231.4086428,move,492,331,.!frame.!entry
demo_session_05,7,1786094231.4586427,move,488,324,.!frame.!entry
demo_session_05,7,1786094231.5086427,move,491,334,.!frame.!entry
demo_session_05,7,1786094231.5586426,move,486,338,.!frame.!entry
demo_session_05,7,1786094231.6086426,move,488,331,.!frame.!entry
demo_session_05,7,1786094231.6586425,move,481,329,.!frame.!entry
demo_session_05,7,1786094231.7086425,move,477,332,.!frame.!entry
demo_session_05,7,1786094231.7586424,move,494,322,.!frame.!entry
demo_session_05,7,1786094231.8086424,move,472,336,.!frame.!entry
demo_session_05,7,1786094231.8586423,move,489,340,.!frame.!entry
demo_session_05,7,1786094231.9086423,move,472,345,.!frame.!entry
demo_session_05,7,1786094231.9586422,move,480,333,.!frame.!entry
demo_session_05,7,1786094232.0086422,move,475,335,.!frame.!entry
demo_session_05,7,1786094232.0586421,move,473,340,.!frame.!entry
demo_session_05,7,1786094232.108642,move,473,327,.!frame.!entry
demo_session_05,7,1786094232.158642,move,478,345,.!frame.!entry
demo_session_05,7,1786094232.208642,move,472,331,.!frame.!entry
demo_session_05,7,1786094232.258642,move,464,324,.!frame.!entry
demo_session_05,7,1786094232.308642,move,468,334,.!frame.!entry
demo_session_05,7,1786094232.3586419,move,468,329,.!frame.!entry
demo_session_05,7,1786094232.4086418,move,462,326,.!frame.!entry
demo_session_05,7,1786094232.4586418,move,464,339,.!frame.!entry
demo_session_05,7,1786094232.5086417,move,454,328,.!frame.!entry
demo_session_05,7,1786094232.5586417,move,459,336,.!frame.!entry
demo_session_05,7,1786094232.6086416,move,454,334,.!frame.!entry
demo_session_05,7,1786094232.6586416,move,466,335,.!frame.!entry
demo_session_05,7,1786094232.7086415,move,452,335,.!frame.!entry
demo_session_05,7,1786094232.7586415,move,456,336,.!frame.!entry
demo_session_05,7,1786094232.8086414,move,449,337,.!frame.!entry
demo_session_05,7,1786094232.8586414,move,456,327,.!frame.!entry
demo_session_05,7,1786094232.9086413,move,455,328,.!frame.!entry
demo_session_05,7,1786094232.9586413,move,441,335,.!frame.!entry
demo_session_05,7,1786094233.0086412,move,443,330,.!frame.!entry
demo_session_05,7,1786094233.0586412,move,442,326,.!frame.!entry
demo_session_05,7,1786094233.1086411,move,436,328,.!frame.!entry
demo_session_05,7,1786094233.158641,move,451,328,.!frame.!entry
demo_session_05,7,1786094233.208641,move,444,328,.!frame.!entry
demo_session_05,7,1786094233.258641,move,439,333,.!frame.!entry
demo_session_05,7,1786094233.308641,move,435,325,.!frame.!entry
demo_session_05,7,1786094233.358641,move,435,331,.!frame.!entry
demo_session_05,7,1786094233.4086409,move,446,326,.!frame.!entry
demo_session_05,7,1786094233.4586408,move,431,333,.!frame.!entry
demo_session_05,7,1786094233.5086408,move,442,324,.!frame.!entry
demo_session_05,7,1786094233.5586407,move,433,324,.!frame.!entry
demo_session_05,7,1786094233.6086407,move,437,334,.!frame.!entry
demo_session_05,7,1786094233.6586406,move,430,326,.!frame.!entry
demo_session_05,7,1786094233.7086406,move,424,337,.!frame.!entry
demo_session_05,7,1786094233.7586405,move,431,325,.!frame.!entry
demo_session_05,7,1786094233.8086405,move,428,332,.!frame.!entry
demo_session_05,7,1786094233.8586404,move,431,329,.!frame.!entry
demo_session_05,7,1786094233.9086404,move,421,329,.!frame.!entry
demo_session_05,7,1786094233.9586403,move,419,329,.!frame.!entry
demo_session_05,7,1786094234.0086403,move,410,328,.!frame.!entry
demo_session_05,7,1786094234.0586402,move,420,324,.!frame.!entry
demo_session_05,7,1786094234.1086402,move,417,328,.!frame.!entry
demo_session_05,7,1786094234.1586401,move,421,316,.!frame.!entry
demo_session_05,7,1786094234.20864,move,408,325,.!frame.!entry
demo_session_05,7,1786094234.25864,move,412,318,.!frame.!entry
demo_session_05,7,1786094234.30864,move,416,329,.!frame.!entry
demo_session_05,7,1786094234.35864,move,415,321,.!frame.!entry
demo_session_05,7,1786094234.40864,move,409,325,.!frame.!entry
demo_session_05,7,1786094234.4586399,move,398,327,.!frame.!entry
demo_session_05,7,1786094234.5086398,move,404,330,.!frame.!entry
demo_session_05,7,1786094234.5586398,move,408,324,.!frame.!entry
demo_session_05,7,1786094234.6086397,move,406,323,.!frame.!entry
demo_session_05,7,1786094234.6586397,move,406,325,.!frame.!entry
demo_session_05,7,1786094234.7086396,move,399,326,.!frame.!button
demo_session_05,7,1786094234.7586396,move,400,326,.!frame.!button
demo_session_05,7,1786094234.8086395,move,395,331,.!frame.!button
demo_session_05,7,1786094234.8586395,move,403,324,.!frame.!button
demo_session_05,7,1786094234.9086394,move,405,328,.!frame.!button
demo_session_05,7,1786094234.9586394,move,396,323,.!frame.!button
demo_session_05,7,1786094235.0086393,move,391,321,.!frame.!button
demo_session_05,7,1786094235.0586393,move,394,322,.!frame.!button
demo_session_05,7,1786094235.1086392,move,386,330,.!frame.!button
demo_session_05,7,1786094235.1586392,move,387,319,.!frame.!button
demo_session_05,7,1786094235.2086391,move,389,322,.!frame.!button
demo_session_05,7,1786094235.258639,move,381,332,.!frame.!button
demo_session_05,7,1786094235.308639,move,388,333,.!frame.!button
demo_session_05,7,1786094235.358639,move,394,327,.!frame.!button
demo_session_05,7,1786094235.408639,move,387,326,.!frame.!button
demo_session_05,7,1786094235.458639,move,379,313,.!frame.!button
demo_session_05,7,1786094235.5086389,move,380,321,.!frame.!button
demo_session_05,7,1786094235.5586388,move,376,322,.!frame.!button
demo_session_05,7,1786094235.6086388,move,376,321,.!frame.!button
demo_session_05,7,1786094235.6586387,move,390,331,.!frame.!button
demo_session_05,7,1786094235.7086387,move,379,326,.!frame.!button
demo_session_05,7,1786094235.7586386,move,367,327,.!frame.!button
demo_session_05,7,1786094235.8086386,move,376,330,.!frame.!button
demo_session_05,7,1786094235.8586385,move,365,316,.!frame.!button
demo_session_05,7,1786094235.9086385,move,370,321,.!frame.!button
demo_session_05,7,1786094235.9586384,move,357,328,.!frame.!button
demo_session_05,7,1786094236.0086384,move,358,321,.!frame.!button
demo_session_05,7,1786094236.0586383,move,361,325,.!frame.!button
demo_session_05,7,1786094236.1086383,move,368,322,.!frame.!button
demo_session_05,7,1786094236.1586382,move,372,325,.!frame.!button
demo_session_05,7,1786094236.2086382,move,361,326,.!frame.!button
demo_session_05,7,1786094236.2586381,move,352,318,.!frame.!button
demo_session_05,7,1786094236.308638,move,369,316,.!frame.!button
demo_session_05,7,1786094236.358638,move,362,328,.!frame.!button
demo_session_05,7,1786094236.408638,move,353,323,.!frame.!button
demo_session_05,7,1786094236.458638,move,355,316,.!frame.!button
demo_session_05,7,1786094236.508638,move,354,317,.!frame.!button
demo_session_05,7,1786094236.5586379,move,353,317,.!frame.!button
demo_session_05,7,1786094236.6086378,move,344,329,.!frame.!button
demo_session_05,7,1786094236.6618915,click,353,323,.!frame.!button
demo_session_05,8,1786094236.6618915,move,430,166,.!frame.!entry
demo_session_05,8,1786094236.7118914,move,434,178,.!frame.!entry
demo_session_05,8,1786094236.7618914,move,420,174,.!frame.!entry
demo_session_05,8,1786094236.8118913,move,427,164,.!frame.!entry
demo_session_05,8,1786094236.8618913,move,415,192,.!frame.!entry
demo_session_05,8,1786094236.9118912,move,424,184,.!frame.!entry
demo_session_05,8,1786094236.9618912,move,419,186,.!frame.!entry
demo_session_05,8,1786094237.0118911,move,431,181,.!frame.!entry
demo_session_05,8,1786094237.061891,move,404,188,.!frame.!entry
demo_session_05,8,1786094237.111891,move,416,188,.!frame.!entry
demo_session_05,8,1786094237.161891,move,417,187,.!frame.!entry
demo_session_05,8,1786094237.211891,move,416,193,.!frame.!entry
demo_session_05,8,1786094237.261891,move,410,181,.!frame.!entry
demo_session_05,8,1786094237.3118908,move,424,187,.!frame.!entry
demo_session_05,8,1786094237.3618908,move,416,198,.!frame.!entry
demo_session_05,8,1786094237.4118907,move,409,203,.!frame.!entry
demo_session_05,8,1786094237.4618907,move,419,209,.!frame.!entry
demo_session_05,8,1786094237.5118906,move,420,202,.!frame.!entry
demo_session_05,8,1786094237.5618906,move,414,206,.!frame.!entry
demo_session_05,8,1786094237.6118906,move,411,216,.!frame.!entry
demo_session_05,8,1786094237.6618905,move,410,206,.!frame.!entry
demo_session_05,8,1786094237.7118905,move,417,205,.!frame.!entry
demo_session_05,8,1786094237.7618904,move,397,220,.!frame.!entry
demo_session_05,8,1786094237.8118904,move,414,221,.!frame.!entry
demo_session_05,8,1786094237.8618903,move,393,211,.!frame.!entry
demo_session_05,8,1786094237.9118903,move,397,216,.!frame.!entry
demo_session_05,8,1786094237.9618902,move,409,228,.!frame.!entry
demo_session_05,8,1786094238.0118902,move,410,223,.!frame.!entry
demo_session_05,8,1786094238.0618901,move,405,228,.!frame.!entry
demo_session_05,8,1786094238.11189,move,404,222,.!frame.!entry
demo_session_05,8,1786094238.16189,move,407,223,.!frame.!entry
demo_session_05,8,1786094238.21189,move,401,240,.!frame.!entry
demo_session_05,8,1786094238.26189,move,390,229,.!frame.!entry
demo_session_05,8,1786094238.31189,move,400,224,.!frame.!entry
demo_session_05,8,1786094238.3618898,move,403,232,.!frame.!entry
demo_session_05,8,1786094238.4118898,move,400,231,.!frame.!entry
demo_session_05,8,1786094238.4618897,move,384,227,.!frame.!entry
demo_session_05,8,1786094238.5118897,move,390,239,.!frame.!entry
demo_session_05,8,1786094238.5618896,move,384,237,.!frame.!entry
demo_session_05,8,1786094238.6118896,move,386,238,.!frame.!entry
demo_session_05,8,1786094238.6618896,move,387,241,.!frame.!entry
demo_session_05,8,1786094238.7118895,move,394,246,.!frame.!entry
demo_session_05,8,1786094238.7618895,move,386,242,.!frame.!entry
demo_session_05,8,1786094238.8118894,move,394,247,.!frame.!entry
demo_session_05,8,1786094238.8618894,move,386,242,.!frame.!entry
demo_session_05,8,1786094238.9118893,move,389,257,.!frame.!entry
demo_session_05,8,1786094238.9618893,move,395,258,.!frame.!entry
demo_session_05,8,1786094239.0118892,move,396,253,.!frame.!entry
demo_session_05,8,1786094239.0618892,move,385,266,.!frame.!entry
demo_session_05,8,1786094239.1118891,move,384,260,.!frame.!entry
demo_session_05,8,1786094239.161889,move,394,266,.!frame.!entry
demo_session_05,8,1786094239.211889,move,383,271,.!frame.!entry
demo_session_05,8,1786094239.261889,move,377,257,.!frame.!entry
demo_session_05,8,1786094239.311889,move,384,264,.!frame.!entry
demo_session_05,8,1786094239.361889,move,384,276,.!frame.!entry
demo_session_05,8,1786094239.4118888,move,372,265,.!frame.!entry
demo_session_05,8,1786094239.4618888,move,373,274,.!frame.!entry
demo_session_05,8,1786094239.5118887,move,378,283,.!frame.!entry
demo_session_05,8,1786094239.5618887,move,372,275,.!frame.!entry
demo_session_05,8,1786094239.6118886,move,371,276,.!frame.!button
demo_session_05,8,1786094239.6618886,move,371,276,.!frame.!button
demo_session_05,8,1786094239.7118886,move,368,281,.!frame.!button
demo_session_05,8,1786094239.7618885,move,368,266,.!frame.!button
demo_session_05,8,1786094239.8118885,move,374,285,.!frame.!button
demo_session_05,8,1786094239.8618884,move,355,299,.!frame.!button
demo_session_05,8,1786094239.9118884,move,369,287,.!frame.!button
demo_session_05,8,1786094239.9618883,move,367,282,.!frame.!button
demo_session_05,8,1786094240.0118883,move,369,299,.!frame.!button
demo_session_05,8,1786094240.0618882,move,361,288,.!frame.!button
demo_session_05,8,1786094240.1118882,move,367,295,.!frame.!button
demo_session_05,8,1786094240.1618881,move,361,292,.!frame.!button
demo_session_05,8,1786094240.211888,move,358,287,.!frame.!button
demo_session_05,8,1786094240.261888,move,373,299,.!frame.!button
demo_session_05,8,1786094240.311888,move,357,296,.!frame.!button
demo_session_05,8,1786094240.361888,move,349,292,.!frame.!button
demo_session_05,8,1786094240.411888,move,352,305,.!frame.!button
demo_session_05,8,1786094240.4618878,move,366,303,.!frame.!button
demo_session_05,8,1786094240.5118878,move,348,303,.!frame.!button
demo_session_05,8,1786094240.5618877,move,349,312,.!frame.!button
demo_session_05,8,1786094240.6118877,move,351,313,.!frame.!button
demo_session_05,8,1786094240.6618876,move,352,307,.!frame.!button
demo_session_05,8,1786094240.7118876,move,344,320,.!frame.!button
demo_session_05,8,1786094240.7618876,move,345,311,.!frame.!button
demo_session_05,8,1786094240.8118875,move,348,314,.!frame.!button
demo_session_05,8,1786094240.8618875,move,350,320,.!frame.!button
demo_session_05,8,1786094240.9212084,click,349,319,.!frame.!button
demo_session_05,9,1786094247.9501662,move,121,108,.!frame.!entry
demo_session_05,9,1786094248.0001662,move,124,118,.!frame.!entry
demo_session_05,9,1786094248.0501661,move,116,116,.!frame.!entry
demo_session_05,9,1786094248.100166,move,139,105,.!frame.!entry
demo_session_05,9,1786094248.150166,move,128,124,.!frame.!entry
demo_session_05,9,1786094248.200166,move,123,117,.!frame.!entry
demo_session_05,9,1786094248.250166,move,126,134,.!frame.!entry
demo_session_05,9,1786094248.300166,move,129,126,.!frame.!entry
demo_session_05,9,1786094248.3501658,move,139,130,.!frame.!entry
demo_session_05,9,1786094248.4001658,move,117,133,.!frame.!entry
demo_session_05,9,1786094248.4501657,move,135,116,.!frame.!entry
demo_session_05,9,1786094248.5001657,move,143,130,.!frame.!entry
demo_session_05,9,1786094248.5501657,move,144,130,.!frame.!entry
demo_session_05,9,1786094248.6001656,move,149,141,.!frame.!entry
demo_session_05,9,1786094248.6501656,move,152,134,.!frame.!entry
demo_session_05,9,1786094248.7001655,move,149,143,.!frame.!entry
demo_session_05,9,1786094248.7501655,move,151,142,.!frame.!entry
demo_session_05,9,1786094248.8001654,move,159,147,.!frame.!entry
demo_session_05,9,1786094248.8501654,move,153,146,.!frame.!entry
demo_session_05,9,1786094248.9001653,move,151,149,.!frame.!entry
demo_session_05,9,1786094248.9501653,move,168,143,.!frame.!entry
demo_session_05,9,1786094249.0001652,move,161,150,.!frame.!entry
demo_session_05,9,1786094249.0501652,move,163,146,.!frame.!entry
demo_session_05,9,1786094249.1001651,move,157,154,.!frame.!entry
demo_session_05,9,1786094249.150165,move,165,159,.!frame.!entry
demo_session_05,9,1786094249.200165,move,169,166,.!frame.!entry
demo_session_05,9,1786094249.250165,move,176,164,.!frame.!entry
demo_session_05,9,1786094249.300165,move,163,175,.!frame.!entry
demo_session_05,9,1786094249.350165,move,158,156,.!frame.!entry
demo_session_05,9,1786094249.4001648,move,187,162,.!frame.!entry
demo_session_05,9,1786094249.4501648,move,175,172,.!frame.!entry
demo_session_05,9,1786094249.5001647,move,177,166,.!frame.!entry
demo_session_05,9,1786094249.5501647,move,184,169,.!frame.!entry
demo_session_05,9,1786094249.6001647,move,174,183,.!frame.!entry
demo_session_05,9,1786094249.6501646,move,194,174,.!frame.!entry
demo_session_05,9,1786094249.7001646,move,184,183,.!frame.!entry
demo_session_05,9,1786094249.7501645,move,194,184,.!frame.!entry
demo_session_05,9,1786094249.8001645,move,192,184,.!frame.!entry
demo_session_05,9,1786094249.8501644,move,195,181,.!frame.!entry
demo_session_05,9,1786094249.9001644,move,200,184,.!frame.!entry
demo_session_05,9,1786094249.9501643,move,193,191,.!frame.!entry
demo_session_05,9,1786094250.0001643,move,196,190,.!frame.!entry
demo_session_05,9,1786094250.0501642,move,204,199,.!frame.!entry
demo_session_05,9,1786094250.1001642,move,216,188,.!frame.!entry
demo_session_05,9,1786094250.1501641,move,216,191,.!frame.!entry
demo_session_05,9,1786094250.200164,move,214,194,.!frame.!entry
demo_session_05,9,1786094250.250164,move,203,202,.!frame.!entry
demo_session_05,9,1786094250.300164,move,219,196,.!frame.!entry
demo_session_05,9,1786094250.350164,move,205,196,.!frame.!entry
demo_session_05,9,1786094250.400164,move,218,210,.!frame.!entry
demo_session_05,9,1786094250.4501638,move,235,199,.!frame.!entry
demo_session_05,9,1786094250.5001638,move,234,215,.!frame.!entry
demo_session_05,9,1786094250.5501637,move,217,201,.!frame.!entry
demo_session_05,9,1786094250.6001637,move,231,206,.!frame.!entry
demo_session_05,9,1786094250.6501637,move,237,210,.!frame.!entry
demo_session_05,9,1786094250.7001636,move,234,215,.!frame.!entry
demo_session_05,9,1786094250.7501636,move,233,211,.!frame.!entry
demo_session_05,9,1786094250.8001635,move,237,209,.!frame.!entry
demo_session_05,9,1786094250.8501635,move,233,222,.!frame.!entry
demo_session_05,9,1786094250.9001634,move,230,224,.!frame.!entry
demo_session_05,9,1786094250.9501634,move,239,213,.!frame.!entry
demo_session_05,9,1786094251.0001633,move,255,230,.!frame.!entry
demo_session_05,9,1786094251.0501633,move,248,226,.!frame.!entry
demo_session_05,9,1786094251.1001632,move,246,233,.!frame.!entry
demo_session_05,9,1786094251.1501632,move,251,231,.!frame.!entry
demo_session_05,9,1786094251.2001631,move,250,227,.!frame.!entry
demo_session_05,9,1786094251.250163,move,258,237,.!frame.!entry
demo_session_05,9,1786094251.300163,move,244,234,.!frame.!entry
demo_session_05,9,1786094251.350163,move,258,246,.!frame.!entry
demo_session_05,9,1786094251.400163,move,263,238,.!frame.!entry
demo_session_05,9,1786094251.450163,move,262,243,.!frame.!entry
demo_session_05,9,1786094251.5001628,move,261,256,.!frame.!entry
demo_session_05,9,1786094251.5501628,move,261,254,.!frame.!entry
demo_session_05,9,1786094251.6001627,move,261,251,.!frame.!entry
demo_session_05,9,1786094251.6501627,move,272,244,.!frame.!entry
demo_session_05,9,1786094251.7001626,move,271,253,.!frame.!entry
demo_session_05,9,1786094251.7501626,move,262,253,.!frame.!entry
demo_session_05,9,1786094251.8001626,move,268,258,.!frame.!entry
demo_session_05,9,1786094251.8501625,move,272,260,.!frame.!entry
demo_session_05,9,1786094251.9001625,move,280,270,.!frame.!entry
demo_session_05,9,1786094251.9501624,move,281,256,.!frame.!button
demo_session_05,9,1786094252.0001624,move,278,256,.!frame.!button
demo_session_05,9,1786094252.0501623,move,290,266,.!frame.!button
demo_session_05,9,1786094252.1001623,move,291,270,.!frame.!button
demo_session_05,9,1786094252.1501622,move,294,267,.!frame.!button
demo_session_05,9,1786094252.2001622,move,296,268,.!frame.!button
demo_session_05,9,1786094252.2501621,move,291,265,.!frame.!button
demo_session_05,9,1786094252.300162,move,297,286,.!frame.!button
demo_session_05,9,1786094252.350162,move,289,274,.!frame.!button
demo_session_05,9,1786094252.400162,move,316,270,.!frame.!button
demo_session_05,9,1786094252.450162,move,304,278,.!frame.!button
demo_session_05,9,1786094252.500162,move,299,271,.!frame.!button
demo_session_05,9,1786094252.5501618,move,303,275,.!frame.!button
demo_session_05,9,1786094252.6001618,move,306,282,.!frame.!button
demo_session_05,9,1786094252.6501617,move,299,280,.!frame.!button
demo_session_05,9,1786094252.7001617,move,317,288,.!frame.!button
demo_session_05,9,1786094252.7501616,move,314,287,.!frame.!button
demo_session_05,9,1786094252.8001616,move,313,292,.!frame.!button
demo_session_05,9,1786094252.8501616,move,312,293,.!frame.!button
demo_session_05,9,1786094252.9001615,move,319,297,.!frame.!button
demo_session_05,9,1786094252.9501615,move,322,288,.!frame.!button
demo_session_05,9,1786094253.0001614,move,320,290,.!frame.!button
demo_session_05,9,1786094253.0501614,move,323,296,.!frame.!button
demo_session_05,9,1786094253.1001613,move,334,311,.!frame.!button
demo_session_05,9,1786094253.1501613,move,336,312,.!frame.!button
demo_session_05,9,1786094253.2001612,move,338,305,.!frame.!button
demo_session_05,9,1786094253.2501612,move,327,311,.!frame.!button
demo_session_05,9,1786094253.3001611,move,334,312,.!frame.!button
demo_session_05,9,1786094253.350161,move,339,321,.!frame.!button
demo_session_05,9,1786094253.400161,move,338,323,.!frame.!button
demo_session_05,9,1786094253.450161,move,350,306,.!frame.!button
demo_session_05,9,1786094253.500161,move,341,321,.!frame.!button
demo_session_05,9,1786094253.550161,move,350,316,.!frame.!button
demo_session_05,9,1786094253.6001608,move,348,325,.!frame.!button
demo_session_05,9,1786094253.6830149,click,343,313,.!frame.!button
demo_session_05,10,1786094253.6830149,move,118,243,.!frame.!entry
demo_session_05,10,1786094253.7330148,move,128,247,.!frame.!entry
demo_session_05,10,1786094253.7830148,move,130,243,.!frame.!entry
demo_session_05,10,1786094253.8330147,move,127,243,.!frame.!entry
demo_session_05,10,1786094253.8830147,move,138,236,.!frame.!entry
demo_session_05,10,1786094253.9330146,move,137,229,.!frame.!entry
demo_session_05,10,1786094253.9830146,move,132,247,.!frame.!entry
demo_session_05,10,1786094254.0330145,move,129,249,.!frame.!entry
demo_session_05,10,1786094254.0830145,move,140,238,.!frame.!entry
demo_session_05,10,1786094254.1330144,move,144,244,.!frame.!entry
demo_session_05,10,1786094254.1830144,move,144,230,.!frame.!entry
demo_session_05,10,1786094254.2330143,move,135,245,.!frame.!entry
demo_session_05,10,1786094254.2830143,move,148,235,.!frame.!entry
demo_session_05,10,1786094254.3330142,move,149,244,.!frame.!entry
demo_session_05,10,1786094254.3830142,move,137,247,.!frame.!entry
demo_session_05,10,1786094254.4330142,move,141,245,.!frame.!entry
demo_session_05,10,1786094254.483014,move,138,240,.!frame.!entry
demo_session_05,10,1786094254.533014,move,147,252,.!frame.!entry
demo_session_05,10,1786094254.583014,move,152,245,.!frame.!entry
demo_session_05,10,1786094254.633014,move,158,250,.!frame.!entry
demo_session_05,10,1786094254.683014,move,162,249,.!frame.!entry
demo_session_05,10,1786094254.7330139,move,160,245,.!frame.!entry
demo_session_05,10,1786094254.7830138,move,160,251,.!frame.!entry
demo_session_05,10,1786094254.8330138,move,170,255,.!frame.!entry
demo_session_05,10,1786094254.8830137,move,167,254,.!frame.!entry
demo_session_05,10,1786094254.9330137,move,173,264,.!frame.!entry
demo_session_05,10,1786094254.9830136,move,167,255,.!frame.!entry
demo_session_05,10,1786094255.0330136,move,185,250,.!frame.!entry
demo_session_05,10,1786094255.0830135,move,171,256,.!frame.!entry
demo_session_05,10,1786094255.1330135,move,177,265,.!frame.!entry
demo_session_05,10,1786094255.1830134,move,177,254,.!frame.!entry
demo_session_05,10,1786094255.2330134,move,179,254,.!frame.!entry
demo_session_05,10,1786094255.2830133,move,174,260,.!frame.!entry
demo_session_05,10,1786094255.3330133,move,177,258,.!frame.!entry
demo_session_05,10,1786094255.3830132,move,180,253,.!frame.!entry
demo_session_05,10,1786094255.4330132,move,189,255,.!frame.!entry
demo_session_05,10,1786094255.4830132,move,195,260,.!frame.!entry
demo_session_05,10,1786094255.533013,move,197,257,.!frame.!entry
demo_session_05,10,1786094255.583013,move,185,253,.!frame.!entry
demo_session_05,10,1786094255.633013,move,193,267,.!frame.!entry
demo_session_05,10,1786094255.683013,move,190,259,.!frame.!entry
demo_session_05,10,1786094255.733013,move,208,269,.!frame.!entry
demo_session_05,10,1786094255.7830129,move,195,259,.!frame.!entry
demo_session_05,10,1786094255.8330128,move,198,269,.!frame.!entry
demo_session_05,10,1786094255.8830128,move,188,264,.!frame.!entry
demo_session_05,10,1786094255.9330127,move,209,261,.!frame.!entry
demo_session_05,10,1786094255.9830127,move,211,269,.!frame.!entry
demo_session_05,10,1786094256.0330126,move,199,276,.!frame.!entry
demo_session_05,10,1786094256.0830126,move,208,269,.!frame.!entry
demo_session_05,10,1786094256.1330125,move,213,281,.!frame.!entry
demo_session_05,10,1786094256.1830125,move,217,268,.!frame.!entry
demo_session_05,10,1786094256.2330124,move,221,275,.!frame.!entry
demo_session_05,10,1786094256.2830124,move,216,281,.!frame.!entry
demo_session_05,10,1786094256.3330123,move,215,278,.!frame.!entry
demo_session_05,10,1786094256.3830123,move,229,276,.!frame.!entry
demo_session_05,10,1786094256.4330122,move,219,274,.!frame.!entry
demo_session_05,10,1786094256.4830122,move,213,269,.!frame.!entry
demo_session_05,10,1786094256.5330122,move,229,279,.!frame.!entry
demo_session_05,10,1786094256.583012,move,221,269,.!frame.!entry
demo_session_05,10,1786094256.633012,move,231,266,.!frame.!entry
demo_session_05,10,1786094256.683012,move,223,275,.!frame.!entry
demo_session_05,10,1786094256.733012,move,235,283,.!frame.!entry
demo_session_05,10,1786094256.783012,move,247,282,.!frame.!entry
demo_session_05,10,1786094256.8330119,move,242,271,.!frame.!entry
demo_session_05,10,1786094256.8830118,move,248,290,.!frame.!entry
demo_session_05,10,1786094256.9330118,move,236,284,.!frame.!entry
demo_session_05,10,1786094256.9830117,move,232,286,.!frame.!entry
demo_session_05,10,1786094257.0330117,move,248,291,.!frame.!entry
demo_session_05,10,1786094257.0830116,move,248,281,.!frame.!entry
demo_session_05,10,1786094257.1330116,move,239,280,.!frame.!entry
demo_session_05,10,1786094257.1830115,move,255,274,.!frame.!entry
demo_session_05,10,1786094257.2330115,move,257,274,.!frame.!entry
demo_session_05,10,1786094257.2830114,move,249,291,.!frame.!entry
demo_session_05,10,1786094257.3330114,move,254,285,.!frame.!entry
demo_session_05,10,1786094257.3830113,move,256,283,.!frame.!entry
demo_session_05,10,1786094257.4330113,move,260,278,.!frame.!entry
demo_session_05,10,1786094257.4830112,move,268,283,.!frame.!entry
demo_session_05,10,1786094257.5330112,move,262,295,.!frame.!entry
demo_session_05,10,1786094257.5830112,move,270,285,.!frame.!entry
demo_session_05,10,1786094257.633011,move,276,283,.!frame.!entry
demo_session_05,10,1786094257.683011,move,274,294,.!frame.!entry
demo_session_05,10,1786094257.733011,move,275,285,.!frame.!entry
demo_session_05,10,1786094257.783011,move,267,289,.!frame.!entry
demo_session_05,10,1786094257.833011,move,276,284,.!frame.!entry
demo_session_05,10,1786094257.8830109,move,275,292,.!frame.!entry
demo_session_05,10,1786094257.9330108,move,277,285,.!frame.!entry
demo_session_05,10,1786094257.9830108,move,285,295,.!frame.!entry
demo_session_05,10,1786094258.0330107,move,280,302,.!frame.!button
demo_session_05,10,1786094258.0830107,move,280,298,.!frame.!button
demo_session_05,10,1786094258.1330106,move,290,286,.!frame.!button
demo_session_05,10,1786094258.1830106,move,280,291,.!frame.!button
demo_session_05,10,1786094258.2330105,move,286,307,.!frame.!button
demo_session_05,10,1786094258.2830105,move,285,303,.!frame.!button
demo_session_05,10,1786094258.3330104,move,297,299,.!frame.!button
demo_session_05,10,1786094258.3830104,move,299,297,.!frame.!button
demo_session_05,10,1786094258.4330103,move,301,297,.!frame.!button
demo_session_05,10,1786094258.4830103,move,296,301,.!frame.!button
demo_session_05,10,1786094258.5330102,move,302,302,.!frame.!button
demo_session_05,10,1786094258.5830102,move,304,304,.!frame.!button
demo_session_05,10,1786094258.6330101,move,310,301,.!frame.!button
demo_session_05,10,1786094258.68301,move,308,304,.!frame.!button
demo_session_05,10,1786094258.73301,move,315,308,.!frame.!button
demo_session_05,10,1786094258.78301,move,316,300,.!frame.!button
demo_session_05,10,1786094258.83301,move,313,304,.!frame.!button
demo_session_05,10,1786094258.88301,move,313,301,.!frame.!button
demo_session_05,10,1786094258.9330099,move,306,309,.!frame.!button
demo_session_05,10,1786094258.9830098,move,320,309,.!frame.!button
demo_session_05,10,1786094259.0330098,move,325,319,.!frame.!button
demo_session_05,10,1786094259.0830097,move,318,314,.!frame.!button
demo_session_05,10,1786094259.1330097,move,325,319,.!frame.!button
demo_session_05,10,1786094259.1830096,move,324,311,.!frame.!button
demo_session_05,10,1786094259.2330096,move,326,307,.!frame.!button
demo_session_05,10,1786094259.2830095,move,336,322,.!frame.!button
demo_session_05,10,1786094259.3330095,move,331,313,.!frame.!button
demo_session_05,10,1786094259.3830094,move,332,313,.!frame.!button
demo_session_05,10,1786094259.4330094,move,341,314,.!frame.!button
demo_session_05,10,1786094259.4830093,move,350,309,.!frame.!button
demo_session_05,10,1786094259.5330093,move,330,312,.!frame.!button
demo_session_05,10,1786094259.5830092,move,340,307,.!frame.!button
demo_session_05,10,1786094259.6330092,move,344,320,.!frame.!button
demo_session_05,10,1786094259.6830091,move,347,315,.!frame.!button
demo_session_05,10,1786094259.733009,move,349,315,.!frame.!button
demo_session_05,10,1786094259.783009,move,343,321,.!frame.!button
demo_session_05,10,1786094259.833009,move,350,310,.!frame.!button
demo_session_05,10,1786094259.9095993,click,353,323,.!frame.!button
demo_session_05,11,1786094259.9095993,move,328,119,.!frame.!entry
demo_session_05,11,1786094259.9595993,move,333,130,.!frame.!entry
demo_session_05,11,1786094260.0095992,move,323,124,.!frame.!entry
demo_session_05,11,1786094260.0595992,move,321,136,.!frame.!entry
demo_session_05,11,1786094260.109599,move,320,131,.!frame.!entry
demo_session_05,11,1786094260.159599,move,327,125,.!frame.!entry
demo_session_05,11,1786094260.209599,move,318,140,.!frame.!entry
demo_session_05,11,1786094260.259599,move,330,134,.!frame.!entry
demo_session_05,11,1786094260.309599,move,324,135,.!frame.!entry
demo_session_05,11,1786094260.3595989,move,325,146,.!frame.!entry
demo_session_05,11,1786094260.4095988,move,325,143,.!frame.!entry
demo_session_05,11,1786094260.4595988,move,331,145,.!frame.!entry
demo_session_05,11,1786094260.5095987,move,335,150,.!frame.!entry
demo_session_05,11,1786094260.5595987,move,327,151,.!frame.!entry
demo_session_05,11,1786094260.6095986,move,323,147,.!frame.!entry
demo_session_05,11,1786094260.6595986,move,337,157,.!frame.!entry
demo_session_05,11,1786094260.7095985,move,332,158,.!frame.!entry
demo_session_05,11,1786094260.7595985,move,332,160,.!frame.!entry
demo_session_05,11,1786094260.8095984,move,330,157,.!frame.!entry
demo_session_05,11,1786094260.8595984,move,329,164,.!frame.!entry
demo_session_05,11,1786094260.9095984,move,339,160,.!frame.!entry
demo_session_05,11,1786094260.9595983,move,328,170,.!frame.!entry
demo_session_05,11,1786094261.0095983,move,330,172,.!frame.!entry
demo_session_05,11,1786094261.0595982,move,335,169,.!frame.!entry
demo_session_05,11,1786094261.1095982,move,331,174,.!frame.!entry
demo_session_05,11,1786094261.159598,move,329,175,.!frame.!entry
demo_session_05,11,1786094261.209598,move,337,173,.!frame.!entry
demo_session_05,11,1786094261.259598,move,333,174,.!frame.!entry
demo_session_05,11,1786094261.309598,move,336,192,.!frame.!entry
demo_session_05,11,1786094261.359598,move,337,186,.!frame.!entry
demo_session_05,11,1786094261.4095979,move,329,192,.!frame.!entry
demo_session_05,11,1786094261.4595978,move,333,185,.!frame.!entry
demo_session_05,11,1786094261.5095978,move,327,184,.!frame.!entry
demo_session_05,11,1786094261.5595977,move,332,186,.!frame.!entry
demo_session_05,11,1786094261.6095977,move,334,199,.!frame.!entry
demo_session_05,11,1786094261.6595976,move,331,199,.!frame.!entry
demo_session_05,11,1786094261.7095976,move,338,195,.!frame.!entry
demo_session_05,11,1786094261.7595975,move,329,200,.!frame.!entry
demo_session_05,11,1786094261.8095975,move,330,202,.!frame.!entry
demo_session_05,11,1786094261.8595974,move,342,210,.!frame.!entry
demo_session_05,11,1786094261.9095974,move,329,208,.!frame.!entry
demo_session_05,11,1786094261.9595973,move,332,208,.!frame.!entry
demo_session_05,11,1786094262.0095973,move,339,212,.!frame.!entry
demo_session_05,11,1786094262.0595973,move,333,206,.!frame.!entry
demo_session_05,11,1786094262.1095972,move,335,208,.!frame.!entry
demo_session_05,11,1786094262.1595972,move,340,217,.!frame.!entry
demo_session_05,11,1786094262.209597,move,335,221,.!frame.!entry
demo_session_05,11,1786094262.259597,move,343,227,.!frame.!entry
demo_session_05,11,1786094262.309597,move,337,225,.!frame.!entry
demo_session_05,11,1786094262.359597,move,332,221,.!frame.!entry
demo_session_05,11,1786094262.409597,move,339,225,.!frame.!entry
demo_session_05,11,1786094262.4595969,move,344,228,.!frame.!entry
demo_session_05,11,1786094262.5095968,move,337,233,.!frame.!entry
demo_session_05,11,1786094262.5595968,move,338,234,.!frame.!entry
demo_session_05,11,1786094262.6095967,move,340,242,.!frame.!entry
demo_session_05,11,1786094262.6595967,move,338,239,.!frame.!entry
demo_session_05,11,1786094262.7095966,move,341,234,.!frame.!entry
demo_session_05,11,1786094262.7595966,move,334,240,.!frame.!entry
demo_session_05,11,1786094262.8095965,move,344,243,.!frame.!entry
demo_session_05,11,1786094262.8595965,move,346,237,.!frame.!entry
demo_session_05,11,1786094262.9095964,move,339,244,.!frame.!entry
demo_session_05,11,1786094262.9595964,move,338,254,.!frame.!entry
demo_session_05,11,1786094263.0095963,move,345,245,.!frame.!entry
demo_session_05,11,1786094263.0595963,move,342,257,.!frame.!entry
demo_session_05,11,1786094263.1095963,move,340,255,.!frame.!entry
demo_session_05,11,1786094263.1595962,move,333,247,.!frame.!entry
demo_session_05,11,1786094263.2095962,move,339,263,.!frame.!entry
demo_session_05,11,1786094263.259596,move,341,247,.!frame.!entry
demo_session_05,11,1786094263.309596,move,342,257,.!frame.!button
demo_session_05,11,1786094263.359596,move,344,271,.!frame.!button
demo_session_05,11,1786094263.409596,move,344,262,.!frame.!button
demo_session_05,11,1786094263.459596,move,342,275,.!frame.!button
demo_session_05,11,1786094263.5095959,move,345,268,.!frame.!button
demo_session_05,11,1786094263.5595958,move,341,269,.!frame.!button
demo_session_05,11,1786094263.6095958,move,351,273,.!frame.!button
demo_session_05,11,1786094263.6595957,move,342,276,.!frame.!button
demo_session_05,11,1786094263.7095957,move,341,286,.!frame.!button
demo_session_05,11,1786094263.7595956,move,345,280,.!frame.!button
demo_session_05,11,1786094263.8095956,move,340,276,.!frame.!button
demo_session_05,11,1786094263.8595955,move,346,281,.!frame.!button
demo_session_05,11,1786094263.9095955,move,338,284,.!frame.!button
demo_session_05,11,1786094263.9595954,move,351,293,.!frame.!button
demo_session_05,11,1786094264.0095954,move,351,294,.!frame.!button
demo_session_05,11,1786094264.0595953,move,348,290,.!frame.!button
demo_session_05,11,1786094264.1095953,move,349,292,.!frame.!button
demo_session_05,11,1786094264.1595953,move,346,296,.!frame.!button
demo_session_05,11,1786094264.2095952,move,350,305,.!frame.!button
demo_session_05,11,1786094264.2595952,move,348,303,.!frame.!button
demo_session_05,11,1786094264.309595,move,347,309,.!frame.!button
demo_session_05,11,1786094264.359595,move,338,305,.!frame.!button
demo_session_05,11,1786094264.409595,move,346,314,.!frame.!button
demo_session_05,11,1786094264.459595,move,353,315,.!frame.!button
demo_session_05,11,1786094264.509595,move,353,314,.!frame.!button
demo_session_05,11,1786094264.5595949,move,357,321,.!frame.!button
demo_session_05,11,1786094264.6095948,move,350,317,.!frame.!button
demo_session_05,11,1786094264.6595948,move,345,311,.!frame.!button
demo_session_05,11,1786094264.7095947,move,354,316,.!frame.!button
demo_session_05,11,1786094264.7631826,click,346,316,.!frame.!button
demo_session_05,12,1786094264.7631826,move,399,371,.!frame.!entry
demo_session_05,12,1786094264.8131826,move,398,371,.!frame.!entry
demo_session_05,12,1786094264.8631825,move,406,352,.!frame.!entry
demo_session_05,12,1786094264.9131825,move,406,354,.!frame.!entry
demo_session_05,12,1786094264.9631824,move,401,356,.!frame.!entry
demo_session_05,12,1786094265.0131824,move,405,359,.!frame.!entry
demo_session_05,12,1786094265.0631824,move,404,352,.!frame.!entry
demo_session_05,12,1786094265.1131823,move,396,354,.!frame.!entry
demo_session_05,12,1786094265.1631823,move,404,363,.!frame.!entry
demo_session_05,12,1786094265.2131822,move,395,364,.!frame.!entry
demo_session_05,12,1786094265.2631822,move,397,360,.!frame.!entry
demo_session_05,12,1786094265.313182,move,399,362,.!frame.!entry
demo_session_05,12,1786094265.363182,move,400,358,.!frame.!entry
demo_session_05,12,1786094265.413182,move,400,362,.!frame.!entry
demo_session_05,12,1786094265.463182,move,394,360,.!frame.!entry
demo_session_05,12,1786094265.513182,move,398,360,.!frame.!entry
demo_session_05,12,1786094265.5631819,move,399,354,.!frame.!entry
demo_session_05,12,1786094265.6131818,move,389,347,.!frame.!entry
demo_session_05,12,1786094265.6631818,move,395,348,.!frame.!entry
demo_session_05,12,1786094265.7131817,move,393,349,.!frame.!entry
demo_session_05,12,1786094265.7631817,move,390,359,.!frame.!entry
demo_session_05,12,1786094265.8131816,move,392,356,.!frame.!entry
demo_session_05,12,1786094265.8631816,move,395,348,.!frame.!entry
demo_session_05,12,1786094265.9131815,move,395,358,.!frame.!entry
demo_session_05,12,1786094265.9631815,move,384,352,.!frame.!entry
demo_session_05,12,1786094266.0131814,move,389,347,.!frame.!entry
demo_session_05,12,1786094266.0631814,move,391,349,.!frame.!entry
demo_session_05,12,1786094266.1131814,move,380,360,.!frame.!entry
demo_session_05,12,1786094266.1631813,move,389,356,.!frame.!entry
demo_session_05,12,1786094266.2131813,move,391,351,.!frame.!entry
demo_session_05,12,1786094266.2631812,move,385,355,.!frame.!entry
demo_session_05,12,1786094266.3131812,move,395,341,.!frame.!entry
demo_session_05,12,1786094266.363181,move,390,345,.!frame.!entry
demo_session_05,12,1786094266.413181,move,389,345,.!frame.!entry
demo_session_05,12,1786094266.463181,move,386,347,.!frame.!entry
demo_session_05,12,1786094266.513181,move,388,347,.!frame.!entry
demo_session_05,12,1786094266.563181,move,386,346,.!frame.!entry
demo_session_05,12,1786094266.6131809,move,386,344,.!frame.!entry
demo_session_05,12,1786094266.6631808,move,382,342,.!frame.!entry
demo_session_05,12,1786094266.7131808,move,383,347,.!frame.!entry
demo_session_05,12,1786094266.7631807,move,382,348,.!frame.!entry
demo_session_05,12,1786094266.8131807,move,377,342,.!frame.!entry
demo_session_05,12,1786094266.8631806,move,383,343,.!frame.!entry
demo_session_05,12,1786094266.9131806,move,364,340,.!frame.!entry
demo_session_05,12,1786094266.9631805,move,369,333,.!frame.!entry
demo_session_05,12,1786094267.0131805,move,370,338,.!frame.!entry
demo_session_05,12,1786094267.0631804,move,381,340,.!frame.!entry
demo_session_05,12,1786094267.1131804,move,378,343,.!frame.!entry
demo_session_05,12,1786094267.1631804,move,393,347,.!frame.!entry
demo_session_05,12,1786094267.2131803,move,379,339,.!frame.!entry
demo_session_05,12,1786094267.2631803,move,384,341,.!frame.!entry
demo_session_05,12,1786094267.3131802,move,371,339,.!frame.!entry
demo_session_05,12,1786094267.3631802,move,373,337,.!frame.!entry
demo_session_05,12,1786094267.41318,move,374,332,.!frame.!entry
demo_session_05,12,1786094267.46318,move,369,338,.!frame.!entry
demo_session_05,12,1786094267.51318,move,367,330,.!frame.!entry
demo_session_05,12,1786094267.56318,move,376,328,.!frame.!entry
demo_session_05,12,1786094267.61318,move,369,328,.!frame.!entry
demo_session_05,12,1786094267.6631799,move,366,339,.!frame.!entry
demo_session_05,12,1786094267.7131798,move,370,334,.!frame.!entry
demo_session_05,12,1786094267.7631798,move,362,334,.!frame.!entry
demo_session_05,12,1786094267.8131797,move,362,322,.!frame.!entry
demo_session_05,12,1786094267.8631797,move,366,337,.!frame.!entry
demo_session_05,12,1786094267.9131796,move,364,337,.!frame.!button
demo_session_05,12,1786094267.9631796,move,369,326,.!frame.!button
demo_session_05,12,1786094268.0131795,move,359,329,.!frame.!button
demo_session_05,12,1786094268.0631795,move,351,323,.!frame.!button
demo_session_05,12,1786094268.1131794,move,359,334,.!frame.!button
demo_session_05,12,1786094268.1631794,move,358,327,.!frame.!button
demo_session_05,12,1786094268.2131793,move,362,332,.!frame.!button
demo_session_05,12,1786094268.2631793,move,368,324,.!frame.!button
demo_session_05,12,1786094268.3131793,move,359,329,.!frame.!button
demo_session_05,12,1786094268.3631792,move,368,326,.!frame.!button
demo_session_05,12,1786094268.4131792,move,361,329,.!frame.!button
demo_session_05,12,1786094268.463179,move,356,322,.!frame.!button
demo_session_05,12,1786094268.513179,move,357,336,.!frame.!button
demo_session_05,12,1786094268.563179,move,352,320,.!frame.!button
demo_session_05,12,1786094268.613179,move,354,327,.!frame.!button
demo_session_05,12,1786094268.663179,move,359,327,.!frame.!button
demo_session_05,12,1786094268.7131789,move,352,328,.!frame.!button
demo_session_05,12,1786094268.7631788,move,351,322,.!frame.!button
demo_session_05,12,1786094268.8131788,move,356,315,.!frame.!button
demo_session_05,12,1786094268.8631787,move,361,316,.!frame.!button
demo_session_05,12,1786094268.9131787,move,356,322,.!frame.!button
demo_session_05,12,1786094268.9631786,move,352,325,.!frame.!button
demo_session_05,12,1786094269.0131786,move,350,320,.!frame.!button
demo_session_05,12,1786094269.0631785,move,348,321,.!frame.!button
demo_session_05,12,1786094269.1131785,move,355,309,.!frame.!button
demo_session_05,12,1786094269.1631784,move,352,321,.!frame.!button
demo_session_05,12,1786094269.2131784,move,355,320,.!frame.!button
demo_session_05,12,1786094269.2810593,click,351,321,.!frame.!button
demo_session_05,13,1786094289.7474284,move,464,149,.!frame.!entry
demo_session_05,13,1786094289.7974284,move,465,153,.!frame.!entry
demo_session_05,13,1786094289.8474283,move,449,163,.!frame.!entry
demo_session_05,13,1786094289.8974283,move,455,162,.!frame.!entry
demo_session_05,13,1786094289.9474282,move,452,169,.!frame.!entry
demo_session_05,13,1786094289.9974282,move,470,172,.!frame.!entry
demo_session_05,13,1786094290.0474281,move,445,175,.!frame.!entry
demo_session_05,13,1786094290.097428,move,458,172,.!frame.!entry
demo_session_05,13,1786094290.147428,move,463,171,.!frame.!entry
demo_session_05,13,1786094290.197428,move,454,173,.!frame.!entry
demo_session_05,13,1786094290.247428,move,457,166,.!frame.!entry
demo_session_05,13,1786094290.297428,move,459,174,.!frame.!entry
demo_session_05,13,1786094290.3474278,move,448,182,.!frame.!entry
demo_session_05,13,1786094290.3974278,move,453,169,.!frame.!entry
demo_session_05,13,1786094290.4474277,move,437,181,.!frame.!entry
demo_session_05,13,1786094290.4974277,move,438,179,.!frame.!entry
demo_session_05,13,1786094290.5474277,move,456,173,.!frame.!entry
demo_session_05,13,1786094290.5974276,move,442,175,.!frame.!entry
demo_session_05,13,1786094290.6474276,move,441,189,.!frame.!entry
demo_session_05,13,1786094290.6974275,move,430,194,.!frame.!entry
demo_session_05,13,1786094290.7474275,move,445,189,.!frame.!entry
demo_session_05,13,1786094290.7974274,move,445,187,.!frame.!entry
demo_session_05,13,1786094290.8474274,move,449,190,.!frame.!entry
demo_session_05,13,1786094290.8974273,move,444,190,.!frame.!entry
demo_session_05,13,1786094290.9474273,move,446,201,.!frame.!entry
demo_session_05,13,1786094290.9974272,move,432,189,.!frame.!entry
demo_session_05,13,1786094291.0474272,move,435,205,.!frame.!entry
demo_session_05,13,1786094291.0974271,move,437,202,.!frame.!entry
demo_session_05,13,1786094291.147427,move,425,203,.!frame.!entry
demo_session_05,13,1786094291.197427,move,428,207,.!frame.!entry
demo_session_05,13,1786094291.247427,move,422,200,.!frame.!entry
demo_session_05,13,1786094291.297427,move,436,197,.!frame.!entry
demo_session_05,13,1786094291.347427,move,425,208,.!frame.!entry
demo_session_05,13,1786094291.3974268,move,430,207,.!frame.!entry
demo_session_05,13,1786094291.4474268,move,425,205,.!frame.!entry
demo_session_05,13,1786094291.4974267,move,422,208,.!frame.!entry
demo_session_05,13,1786094291.5474267,move,428,218,.!frame.!entry
demo_session_05,13,1786094291.5974267,move,427,214,.!frame.!entry
demo_session_05,13,1786094291.6474266,move,423,215,.!frame.!entry
demo_session_05,13,1786094291.6974266,move,427,219,.!frame.!entry
demo_session_05,13,1786094291.7474265,move,415,220,.!frame.!entry
demo_session_05,13,1786094291.7974265,move,417,222,.!frame.!entry
demo_session_05,13,1786094291.8474264,move,421,216,.!frame.!entry
demo_session_05,13,1786094291.8974264,move,414,223,.!frame.!entry
demo_session_05,13,1786094291.9474263,move,416,230,.!frame.!entry
demo_session_05,13,1786094291.9974263,move,427,224,.!frame.!entry
demo_session_05,13,1786094292.0474262,move,417,223,.!frame.!entry
demo_session_05,13,1786094292.0974262,move,414,238,.!frame.!entry
demo_session_05,13,1786094292.1474261,move,413,226,.!frame.!entry
demo_session_05,13,1786094292.197426,move,407,230,.!frame.!entry
demo_session_05,13,1786094292.247426,move,416,233,.!frame.!entry
demo_session_05,13,1786094292.297426,move,409,239,.!frame.!entry
demo_session_05,13,1786094292.347426,move,398,231,.!frame.!entry
demo_session_05,13,1786094292.397426,move,416,237,.!frame.!entry
demo_session_05,13,1786094292.4474258,move,416,230,.!frame.!entry
demo_session_05,13,1786094292.4974258,move,399,250,.!frame.!entry
demo_session_05,13,1786094292.5474257,move,409,251,.!frame.!entry
demo_session_05,13,1786094292.5974257,move,403,223,.!frame.!entry
demo_session_05,13,1786094292.6474257,move,409,244,.!frame.!entry
demo_session_05,13,1786094292.6974256,move,408,244,.!frame.!entry
demo_session_05,13,1786094292.7474256,move,392,251,.!frame.!entry
demo_session_05,13,1786094292.7974255,move,396,249,.!frame.!entry
demo_session_05,13,1786094292.8474255,move,394,252,.!frame.!entry
demo_session_05,13,1786094292.8974254,move,394,257,.!frame.!entry
demo_session_05,13,1786094292.9474254,move,396,262,.!frame.!entry
demo_session_05,13,1786094292.9974253,move,385,261,.!frame.!entry
demo_session_05,13,1786094293.0474253,move,393,264,.!frame.!entry
demo_session_05,13,1786094293.0974252,move,395,260,.!frame.!entry
demo_session_05,13,1786094293.1474252,move,382,261,.!frame.!entry
demo_session_05,13,1786094293.1974251,move,391,268,.!frame.!entry
demo_session_05,13,1786094293.247425,move,388,262,.!frame.!entry
demo_session_05,13,1786094293.297425,move,390,261,.!frame.!entry
demo_session_05,13,1786094293.347425,move,393,272,.!frame.!entry
demo_session_05,13,1786094293.397425,move,393,274,.!frame.!entry
demo_session_05,13,1786094293.447425,move,374,272,.!frame.!entry
demo_session_05,13,1786094293.4974248,move,377,269,.!frame.!button
demo_session_05,13,1786094293.5474248,move,382,276,.!frame.!button
demo_session_05,13,1786094293.5974247,move,387,276,.!frame.!button
demo_session_05,13,1786094293.6474247,move,379,279,.!frame.!button
demo_session_05,13,1786094293.6974247,move,376,275,.!frame.!button
demo_session_05,13,1786094293.7474246,move,373,280,.!frame.!button
demo_session_05,13,1786094293.7974246,move,381,285,.!frame.!button
demo_session_05,13,1786094293.8474245,move,391,283,.!frame.!button
demo_session_05,13,1786094293.8974245,move,382,287,.!frame.!button
demo_session_05,13,1786094293.9474244,move,373,279,.!frame.!button
demo_session_05,13,1786094293.9974244,move,368,285,.!frame.!button
demo_session_05,13,1786094294.0474243,move,379,291,.!frame.!button
demo_session_05,13,1786094294.0974243,move,366,296,.!frame.!button
demo_session_05,13,1786094294.1474242,move,376,287,.!frame.!button
demo_session_05,13,1786094294.1974242,move,367,300,.!frame.!button
demo_session_05,13,1786094294.2474241,move,369,294,.!frame.!button
demo_session_05,13,1786094294.297424,move,352,294,.!frame.!button
demo_session_05,13,1786094294.347424,move,367,296,.!frame.!button
demo_session_05,13,1786094294.397424,move,363,296,.!frame.!button
demo_session_05,13,1786094294.447424,move,361,299,.!frame.!button
demo_session_05,13,1786094294.497424,move,369,310,.!frame.!button
demo_session_05,13,1786094294.5474238,move,364,307,.!frame.!button
demo_session_05,13,1786094294.5974238,move,358,300,.!frame.!button
demo_session_05,13,1786094294.6474237,move,358,313,.!frame.!button
demo_session_05,13,1786094294.6974237,move,354,304,.!frame.!button
demo_session_05,13,1786094294.7474236,move,360,313,.!frame.!button
demo_session_05,13,1786094294.7974236,move,352,309,.!frame.!button
demo_session_05,13,1786094294.8474236,move,350,315,.!frame.!button
demo_session_05,13,1786094294.8974235,move,356,314,.!frame.!button
demo_session_05,13,1786094294.9474235,move,358,309,.!frame.!button
demo_session_05,13,1786094294.9974234,move,342,311,.!frame.!button
demo_session_05,13,1786094295.0474234,move,356,333,.!frame.!button
demo_session_05,13,1786094295.107519,click,351,321,.!frame.!button
demo_session_05,14,1786094304.018823,move,542,329,.!frame.!entry
demo_session_05,14,1786094304.0688229,move,543,328,.!frame.!entry
demo_session_05,14,1786094304.1188228,move,536,326,.!frame.!entry
demo_session_05,14,1786094304.1688228,move,533,325,.!frame.!entry
demo_session_05,14,1786094304.2188227,move,535,333,.!frame.!entry
demo_session_05,14,1786094304.2688227,move,528,322,.!frame.!entry
demo_session_05,14,1786094304.3188226,move,534,322,.!frame.!entry
demo_session_05,14,1786094304.3688226,move,519,335,.!frame.!entry
demo_session_05,14,1786094304.4188225,move,523,336,.!frame.!entry
demo_session_05,14,1786094304.4688225,move,524,332,.!frame.!entry
demo_session_05,14,1786094304.5188224,move,526,336,.!frame.!entry
demo_session_05,14,1786094304.5688224,move,524,331,.!frame.!entry
demo_session_05,14,1786094304.6188223,move,524,329,.!frame.!entry
demo_session_05,14,1786094304.6688223,move,524,323,.!frame.!entry
demo_session_05,14,1786094304.7188222,move,521,328,.!frame.!entry
demo_session_05,14,1786094304.7688222,move,519,321,.!frame.!entry
demo_session_05,14,1786094304.8188221,move,513,328,.!frame.!entry
demo_session_05,14,1786094304.868822,move,521,333,.!frame.!entry
demo_session_05,14,1786094304.918822,move,511,329,.!frame.!entry
demo_session_05,14,1786094304.968822,move,512,318,.!frame.!entry
demo_session_05,14,1786094305.018822,move,515,332,.!frame.!entry
demo_session_05,14,1786094305.068822,move,505,338,.!frame.!entry
demo_session_05,14,1786094305.1188219,move,505,332,.!frame.!entry
demo_session_05,14,1786094305.1688218,move,501,315,.!frame.!entry
demo_session_05,14,1786094305.2188218,move,510,316,.!frame.!entry
demo_session_05,14,1786094305.2688217,move,495,323,.!frame.!entry
demo_session_05,14,1786094305.3188217,move,501,331,.!frame.!entry
demo_session_05,14,1786094305.3688216,move,501,342,.!frame.!entry
demo_session_05,14,1786094305.4188216,move,492,316,.!frame.!entry
demo_session_05,14,1786094305.4688215,move,500,320,.!frame.!entry
demo_session_05,14,1786094305.5188215,move,496,326,.!frame.!entry
demo_session_05,14,1786094305.5688214,move,497,326,.!frame.!entry
demo_session_05,14,1786094305.6188214,move,496,326,.!frame.!entry
demo_session_05,14,1786094305.6688213,move,493,328,.!frame.!entry
demo_session_05,14,1786094305.7188213,move,494,333,.!frame.!entry
demo_session_05,14,1786094305.7688212,move,497,317,.!frame.!entry
demo_session_05,14,1786094305.8188212,move,497,330,.!frame.!entry
demo_session_05,14,1786094305.8688211,move,488,325,.!frame.!entry
demo_session_05,14,1786094305.918821,move,493,341,.!frame.!entry
demo_session_05,14,1786094305.968821,move,491,337,.!frame.!entry
demo_session_05,14,1786094306.018821,move,483,322,.!frame.!entry
demo_session_05,14,1786094306.068821,move,489,320,.!frame.!entry
demo_session_05,14,1786094306.118821,move,475,326,.!frame.!entry
demo_session_05,14,1786094306.1688209,move,474,322,.!frame.!entry
demo_session_05,14,1786094306.2188208,move,483,321,.!frame.!entry
demo_session_05,14,1786094306.2688208,move,474,329,.!frame.!entry
demo_session_05,14,1786094306.3188207,move,469,325,.!frame.!entry
demo_session_05,14,1786094306.3688207,move,479,327,.!frame.!entry
demo_session_05,14,1786094306.4188206,move,473,341,.!frame.!entry
demo_session_05,14,1786094306.4688206,move,464,323,.!frame.!entry
demo_session_05,14,1786094306.5188205,move,480,323,.!frame.!entry
demo_session_05,14,1786094306.5688205,move,466,317,.!frame.!entry
demo_session_05,14,1786094306.6188204,move,459,330,.!frame.!entry
demo_session_05,14,1786094306.6688204,move,456,322,.!frame.!entry
demo_session_05,14,1786094306.7188203,move,473,326,.!frame.!entry
demo_session_05,14,1786094306.7688203,move,466,326,.!frame.!entry
demo_session_05,14,1786094306.8188202,move,457,327,.!frame.!entry
demo_session_05,14,1786094306.8688202,move,469,322,.!frame.!entry
demo_session_05,14,1786094306.9188201,move,459,324,.!frame.!entry
demo_session_05,14,1786094306.96882,move,455,328,.!frame.!entry
demo_session_05,14,1786094307.01882,move,449,328,.!frame.!entry
demo_session_05,14,1786094307.06882,move,452,325,.!frame.!entry
demo_session_05,14,1786094307.11882,move,446,319,.!frame.!entry
demo_session_05,14,1786094307.16882,move,459,315,.!frame.!entry
demo_session_05,14,1786094307.2188199,move,455,324,.!frame.!entry
demo_session_05,14,1786094307.2688198,move,452,339,.!frame.!entry
demo_session_05,14,1786094307.3188198,move,452,329,.!frame.!entry
demo_session_05,14,1786094307.3688197,move,441,322,.!frame.!entry
demo_session_05,14,1786094307.4188197,move,448,309,.!frame.!entry
demo_session_05,14,1786094307.4688196,move,436,325,.!frame.!entry
demo_session_05,14,1786094307.5188196,move,443,328,.!frame.!entry
demo_session_05,14,1786094307.5688195,move,434,318,.!frame.!entry
demo_session_05,14,1786094307.6188195,move,432,320,.!frame.!entry
demo_session_05,14,1786094307.6688194,move,438,324,.!frame.!entry
demo_session_05,14,1786094307.7188194,move,438,327,.!frame.!entry
demo_session_05,14,1786094307.7688193,move,435,321,.!frame.!entry
demo_session_05,14,1786094307.8188193,move,424,335,.!frame.!entry
demo_session_05,14,1786094307.8688192,move,434,336,.!frame.!entry
demo_session_05,14,1786094307.9188192,move,422,324,.!frame.!entry
demo_session_05,14,1786094307.9688191,move,425,320,.!frame.!entry
demo_session_05,14,1786094308.018819,move,422,323,.!frame.!entry
demo_session_05,14,1786094308.068819,move,423,326,.!frame.!entry
demo_session_05,14,1786094308.118819,move,422,319,.!frame.!entry
demo_session_05,14,1786094308.168819,move,418,321,.!frame.!entry
demo_session_05,14,1786094308.218819,move,418,319,.!frame.!entry
demo_session_05,14,1786094308.2688189,move,428,311,.!frame.!entry
demo_session_05,14,1786094308.3188188,move,423,318,.!frame.!entry
demo_session_05,14,1786094308.3688188,move,413,325,.!frame.!entry
demo_session_05,14,1786094308.4188187,move,422,320,.!frame.!entry
demo_session_05,14,1786094308.4688187,move,407,316,.!frame.!entry
demo_session_05,14,1786094308.5188186,move,421,322,.!frame.!entry
demo_session_05,14,1786094308.5688186,move,407,317,.!frame.!entry
demo_session_05,14,1786094308.6188185,move,416,319,.!frame.!entry
demo_session_05,14,1786094308.6688185,move,412,323,.!frame.!entry
demo_session_05,14,1786094308.7188184,move,407,326,.!frame.!entry
demo_session_05,14,1786094308.7688184,move,399,332,.!frame.!button
demo_session_05,14,1786094308.8188183,move,402,319,.!frame.!button
demo_session_05,14,1786094308.8688183,move,409,326,.!frame.!button
demo_session_05,14,1786094308.9188182,move,402,316,.!frame.!button
demo_session_05,14,1786094308.9688182,move,405,312,.!frame.!button
demo_session_05,14,1786094309.0188181,move,402,320,.!frame.!button
demo_session_05,14,1786094309.068818,move,391,321,.!frame.!button
demo_session_05,14,1786094309.118818,move,407,320,.!frame.!button
demo_session_05,14,1786094309.168818,move,403,318,.!frame.!button
demo_session_05,14,1786094309.218818,move,394,320,.!frame.!button
demo_session_05,14,1786094309.268818,move,386,316,.!frame.!button
demo_session_05,14,1786094309.3188179,move,395,322,.!frame.!button
demo_session_05,14,1786094309.3688178,move,384,324,.!frame.!button
demo_session_05,14,1786094309.4188178,move,384,329,.!frame.!button
demo_session_05,14,1786094309.4688177,move,389,317,.!frame.!button
demo_session_05,14,1786094309.5188177,move,382,317,.!frame.!button
demo_session_05,14,1786094309.5688176,move,374,319,.!frame.!button
demo_session_05,14,1786094309.6188176,move,379,324,.!frame.!button
demo_session_05,14,1786094309.6688175,move,381,321,.!frame.!button
demo_session_05,14,1786094309.7188175,move,375,326,.!frame.!button
demo_session_05,14,1786094309.7688174,move,386,328,.!frame.!button
demo_session_05,14,1786094309.8188174,move,380,314,.!frame.!button
demo_session_05,14,1786094309.8688173,move,379,328,.!frame.!button
demo_session_05,14,1786094309.9188173,move,384,311,.!frame.!button
demo_session_05,14,1786094309.9688172,move,379,317,.!frame.!button
demo_session_05,14,1786094310.0188172,move,371,318,.!frame.!button
demo_session_05,14,1786094310.0688171,move,356,327,.!frame.!button
demo_session_05,14,1786094310.118817,move,372,320,.!frame.!button
demo_session_05,14,1786094310.168817,move,373,327,.!frame.!button
demo_session_05,14,1786094310.218817,move,362,308,.!frame.!button
demo_session_05,14,1786094310.268817,move,356,313,.!frame.!button
demo_session_05,14,1786094310.318817,move,351,317,.!frame.!button
demo_session_05,14,1786094310.3688169,move,370,325,.!frame.!button
demo_session_05,14,1786094310.4188168,move,355,313,.!frame.!button
demo_session_05,14,1786094310.4688168,move,347,329,.!frame.!button
demo_session_05,14,1786094310.5188167,move,359,329,.!frame.!button
demo_session_05,14,1786094310.5688167,move,358,322,.!frame.!button
demo_session_05,14,1786094310.6188166,move,355,322,.!frame.!button
demo_session_05,14,1786094310.6688166,move,353,314,.!frame.!button
demo_session_05,14,1786094310.7188165,move,362,315,.!frame.!button
demo_session_05,14,1786094310.7688165,move,349,316,.!frame.!button
demo_session_05,14,1786094310.8621938,click,343,313,.!frame.!button
demo_session_05,15,1786094310.8621938,move,133,223,.!frame.!entry
demo_session_05,15,1786094310.9121938,move,125,233,.!frame.!entry
demo_session_05,15,1786094310.9621937,move,144,230,.!frame.!entry
demo_session_05,15,1786094311.0121937,move,146,236,.!frame.!entry
demo_session_05,15,1786094311.0621936,move,139,222,.!frame.!entry
demo_session_05,15,1786094311.1121936,move,145,229,.!frame.!entry
demo_session_05,15,1786094311.1621935,move,133,236,.!frame.!entry
demo_session_05,15,1786094311.2121935,move,148,224,.!frame.!entry
demo_session_05,15,1786094311.2621934,move,155,240,.!frame.!entry
demo_session_05,15,1786094311.3121934,move,152,243,.!frame.!entry
demo_session_05,15,1786094311.3621933,move,170,227,.!frame.!entry
demo_session_05,15,1786094311.4121933,move,151,247,.!frame.!entry
demo_session_05,15,1786094311.4621933,move,166,248,.!frame.!entry
demo_session_05,15,1786094311.5121932,move,160,238,.!frame.!entry
demo_session_05,15,1786094311.5621932,move,166,232,.!frame.!entry
demo_session_05,15,1786094311.612193,move,174,249,.!frame.!entry
demo_session_05,15,1786094311.662193,move,174,244,.!frame.!entry
demo_session_05,15,1786094311.712193,move,173,236,.!frame.!entry
demo_session_05,15,1786094311.762193,move,164,244,.!frame.!entry
demo_session_05,15,1786094311.812193,move,176,236,.!frame.!entry
demo_session_05,15,1786094311.8621929,move,186,259,.!frame.!entry
demo_session_05,15,1786094311.9121928,move,181,260,.!frame.!entry
demo_session_05,15,1786094311.9621928,move,196,244,.!frame.!entry
demo_session_05,15,1786094312.0121927,move,195,262,.!frame.!entry
demo_session_05,15,1786094312.0621927,move,194,260,.!frame.!entry
demo_session_05,15,1786094312.1121926,move,198,249,.!frame.!entry
demo_session_05,15,1786094312.1621926,move,198,259,.!frame.!entry
demo_session_05,15,1786094312.2121925,move,196,260,.!frame.!entry
demo_session_05,15,1786094312.2621925,move,208,268,.!frame.!entry
demo_session_05,15,1786094312.3121924,move,202,261,.!frame.!entry
demo_session_05,15,1786094312.3621924,move,205,264,.!frame.!entry
demo_session_05,15,1786094312.4121923,move,199,256,.!frame.!entry
demo_session_05,15,1786094312.4621923,move,223,247,.!frame.!entry
demo_session_05,15,1786094312.5121922,move,217,267,.!frame.!entry
demo_session_05,15,1786094312.5621922,move,218,264,.!frame.!entry
demo_session_05,15,1786094312.6121922,move,224,271,.!frame.!entry
demo_session_05,15,1786094312.662192,move,223,266,.!frame.!entry
demo_session_05,15,1786094312.712192,move,231,271,.!frame.!entry
demo_session_05,15,1786094312.762192,move,234,275,.!frame.!entry
demo_session_05,15,1786094312.812192,move,229,274,.!frame.!entry
demo_session_05,15,1786094312.862192,move,245,272,.!frame.!entry
demo_session_05,15,1786094312.9121919,move,236,279,.!frame.!entry
demo_session_05,15,1786094312.9621918,move,240,273,.!frame.!entry
demo_session_05,15,1786094313.0121918,move,255,286,.!frame.!entry
demo_session_05,15,1786094313.0621917,move,248,285,.!frame.!entry
demo_session_05,15,1786094313.1121917,move,251,283,.!frame.!entry
demo_session_05,15,1786094313.1621916,move,250,274,.!frame.!entry
demo_session_05,15,1786094313.2121916,move,251,270,.!frame.!entry
demo_session_05,15,1786094313.2621915,move,258,277,.!frame.!entry
demo_session_05,15,1786094313.3121915,move,265,272,.!frame.!entry
demo_session_05,15,1786094313.3621914,move,257,288,.!frame.!entry
demo_session_05,15,1786094313.4121914,move,265,280,.!frame.!entry
demo_session_05,15,1786094313.4621913,move,274,288,.!frame.!entry
demo_session_05,15,1786094313.5121913,move,263,294,.!frame.!entry
demo_session_05,15,1786094313.5621912,move,275,285,.!frame.!entry
demo_session_05,15,1786094313.6121912,move,275,290,.!frame.!entry
demo_session_05,15,1786094313.6621912,move,277,293,.!frame.!entry
demo_session_05,15,1786094313.712191,move,284,296,.!frame.!entry
demo_session_05,15,1786094313.762191,move,282,287,.!frame.!entry
demo_session_05,15,1786094313.812191,move,291,291,.!frame.!button
demo_session_05,15,1786094313.862191,move,295,292,.!frame.!button
demo_session_05,15,1786094313.912191,move,295,295,.!frame.!button
demo_session_05,15,1786094313.9621909,move,292,294,.!frame.!button
demo_session_05,15,1786094314.0121908,move,301,300,.!frame.!button
demo_session_05,15,1786094314.0621908,move,294,290,.!frame.!button
demo_session_05,15,1786094314.1121907,move,296,301,.!frame.!button
demo_session_05,15,1786094314.1621907,move,307,305,.!frame.!button
demo_session_05,15,1786094314.2121906,move,307,314,.!frame.!button
demo_session_05,15,1786094314.2621906,move,307,295,.!frame.!button
demo_session_05,15,1786094314.3121905,move,326,298,.!frame.!button
demo_session_05,15,1786094314.3621905,move,318,294,.!frame.!button
demo_session_05,15,1786094314.4121904,move,316,297,.!frame.!button
demo_session_05,15,1786094314.4621904,move,315,316,.!frame.!button
demo_session_05,15,1786094314.5121903,move,326,301,.!frame.!button
demo_session_05,15,1786094314.5621903,move,328,310,.!frame.!button
demo_session_05,15,1786094314.6121902,move,331,302,.!frame.!button
demo_session_05,15,1786094314.6621902,move,328,305,.!frame.!button
demo_session_05,15,1786094314.7121902,move,331,314,.!frame.!button
demo_session_05,15,1786094314.76219,move,343,309,.!frame.!button
demo_session_05,15,1786094314.81219,move,332,320,.!frame.!button
demo_session_05,15,1786094314.86219,move,332,315,.!frame.!button
demo_session_05,15,1786094314.91219,move,348,315,.!frame.!button
demo_session_05,15,1786094314.96219,move,336,318,.!frame.!button
demo_session_05,15,1786094315.0121899,move,345,312,.!frame.!button
demo_session_05,15,1786094315.0621898,move,333,318,.!frame.!button
demo_session_05,15,1786094315.1472828,click,344,314,.!frame.!button
demo_session_05,16,1786094315.1472828,move,347,162,.!frame.!entry
demo_session_05,16,1786094315.1972828,move,358,158,.!frame.!entry
demo_session_05,16,1786094315.2472827,move,347,153,.!frame.!entry
demo_session_05,16,1786094315.2972827,move,345,162,.!frame.!entry
demo_session_05,16,1786094315.3472826,move,361,161,.!frame.!entry
demo_session_05,16,1786094315.3972826,move,356,172,.!frame.!entry
demo_session_05,16,1786094315.4472826,move,358,156,.!frame.!entry
demo_session_05,16,1786094315.4972825,move,345,174,.!frame.!entry
demo_session_05,16,1786094315.5472825,move,356,174,.!frame.!entry
demo_session_05,16,1786094315.5972824,move,355,163,.!frame.!entry
demo_session_05,16,1786094315.6472824,move,361,176,.!frame.!entry
demo_session_05,16,1786094315.6972823,move,355,189,.!frame.!entry
demo_session_05,16,1786094315.7472823,move,362,170,.!frame.!entry
demo_session_05,16,1786094315.7972822,move,354,178,.!frame.!entry
demo_session_05,16,1786094315.8472822,move,338,184,.!frame.!entry
demo_session_05,16,1786094315.8972821,move,351,177,.!frame.!entry
demo_session_05,16,1786094315.947282,move,361,186,.!frame.!entry
demo_session_05,16,1786094315.997282,move,352,180,.!frame.!entry
demo_session_05,16,1786094316.047282,move,369,182,.!frame.!entry
demo_session_05,16,1786094316.097282,move,350,185,.!frame.!entry
demo_session_05,16,1786094316.147282,move,373,191,.!frame.!entry
demo_session_05,16,1786094316.1972818,move,362,194,.!frame.!entry
demo_session_05,16,1786094316.2472818,move,360,188,.!frame.!entry
demo_session_05,16,1786094316.2972817,move,343,189,.!frame.!entry
demo_session_05,16,1786094316.3472817,move,355,176,.!frame.!entry
demo_session_05,16,1786094316.3972816,move,352,201,.!frame.!entry
demo_session_05,16,1786094316.4472816,move,360,207,.!frame.!entry
demo_session_05,16,1786094316.4972816,move,348,194,.!frame.!entry
demo_session_05,16,1786094316.5472815,move,344,198,.!frame.!entry
demo_session_05,16,1786094316.5972815,move,360,211,.!frame.!entry
demo_session_05,16,1786094316.6472814,move,359,198,.!frame.!entry
demo_session_05,16,1786094316.6972814,move,350,198,.!frame.!entry
demo_session_05,16,1786094316.7472813,move,362,208,.!frame.!entry
demo_session_05,16,1786094316.7972813,move,361,218,.!frame.!entry
demo_session_05,16,1786094316.8472812,move,353,197,.!frame.!entry
demo_session_05,16,1786094316.8972812,move,358,206,.!frame.!entry
demo_session_05,16,1786094316.9472811,move,339,212,.!frame.!entry
demo_session_05,16,1786094316.997281,move,358,217,.!frame.!entry
demo_session_05,16,1786094317.047281,move,350,220,.!frame.!entry
demo_session_05,16,1786094317.097281,move,365,220,.!frame.!entry
demo_session_05,16,1786094317.147281,move,358,209,.!frame.!entry
demo_session_05,16,1786094317.197281,move,349,211,.!frame.!entry
demo_session_05,16,1786094317.2472808,move,359,223,.!frame.!entry
demo_session_05,16,1786094317.2972808,move,350,216,.!frame.!entry
demo_session_05,16,1786094317.3472807,move,349,222,.!frame.!entry
demo_session_05,16,1786094317.3972807,move,354,231,.!frame.!entry
demo_session_05,16,1786094317.4472806,move,347,216,.!frame.!entry
demo_session_05,16,1786094317.4972806,move,354,229,.!frame.!entry
demo_session_05,16,1786094317.5472806,move,345,224,.!frame.!entry
demo_session_05,16,1786094317.5972805,move,359,231,.!frame.!entry
demo_session_05,16,1786094317.6472805,move,362,221,.!frame.!entry
demo_session_05,16,1786094317.6972804,move,344,233,.!frame.!entry
demo_session_05,16,1786094317.7472804,move,362,241,.!frame.!entry
demo_session_05,16,1786094317.7972803,move,353,242,.!frame.!entry
demo_session_05,16,1786094317.8472803,move,344,240,.!frame.!entry
demo_session_05,16,1786094317.8972802,move,355,246,.!frame.!entry
demo_session_05,16,1786094317.9472802,move,356,239,.!frame.!entry
demo_session_05,16,1786094317.9972801,move,362,233,.!frame.!entry
demo_session_05,16,1786094318.04728,move,346,252,.!frame.!entry
demo_session_05,16,1786094318.09728,move,361,253,.!frame.!entry
demo_session_05,16,1786094318.14728,move,348,241,.!frame.!entry
demo_session_05,16,1786094318.19728,move,361,239,.!frame.!entry
demo_session_05,16,1786094318.24728,move,359,241,.!frame.!entry
demo_session_05,16,1786094318.2972798,move,358,264,.!frame.!entry
demo_session_05,16,1786094318.3472798,move,366,244,.!frame.!entry
demo_session_05,16,1786094318.3972797,move,353,249,.!frame.!entry
demo_session_05,16,1786094318.4472797,move,361,263,.!frame.!entry
demo_session_05,16,1786094318.4972796,move,343,248,.!frame.!entry
demo_session_05,16,1786094318.5472796,move,356,246,.!frame.!entry
demo_session_05,16,1786094318.5972795,move,343,258,.!frame.!entry
demo_session_05,16,1786094318.6472795,move,352,264,.!frame.!entry
demo_session_05,16,1786094318.6972795,move,346,260,.!frame.!entry
demo_session_05,16,1786094318.7472794,move,358,259,.!frame.!entry
demo_session_05,16,1786094318.7972794,move,348,268,.!frame.!entry
demo_session_05,16,1786094318.8472793,move,357,260,.!frame.!entry
demo_session_05,16,1786094318.8972793,move,360,264,.!frame.!entry
demo_session_05,16,1786094318.9472792,move,361,274,.!frame.!entry
demo_session_05,16,1786094318.9972792,move,360,266,.!frame.!button
demo_session_05,16,1786094319.0472791,move,365,274,.!frame.!button
demo_session_05,16,1786094319.097279,move,343,268,.!frame.!button
demo_session_05,16,1786094319.147279,move,350,263,.!frame.!button
demo_session_05,16,1786094319.197279,move,361,278,.!frame.!button
demo_session_05,16,1786094319.247279,move,348,287,.!frame.!button
demo_session_05,16,1786094319.297279,move,346,282,.!frame.!button
demo_session_05,16,1786094319.3472788,move,352,280,.!frame.!button
demo_session_05,16,1786094319.3972788,move,354,286,.!frame.!button
demo_session_05,16,1786094319.4472787,move,349,284,.!frame.!button
demo_session_05,16,1786094319.4972787,move,331,282,.!frame.!button
demo_session_05,16,1786094319.5472786,move,357,286,.!frame.!button
demo_session_05,16,1786094319.5972786,move,351,294,.!frame.!button
demo_session_05,16,1786094319.6472785,move,366,295,.!frame.!button
demo_session_05,16,1786094319.6972785,move,337,283,.!frame.!button
demo_session_05,16,1786094319.7472785,move,355,280,.!frame.!button
demo_session_05,16,1786094319.7972784,move,342,296,.!frame.!button
demo_session_05,16,1786094319.8472784,move,337,306,.!frame.!button
demo_session_05,16,1786094319.8972783,move,358,305,.!frame.!button
demo_session_05,16,1786094319.9472783,move,357,311,.!frame.!button
demo_session_05,16,1786094319.9972782,move,348,285,.!frame.!button
demo_session_05,16,1786094320.0472782,move,362,300,.!frame.!button
demo_session_05,16,1786094320.097278,move,335,301,.!frame.!button
demo_session_05,16,1786094320.147278,move,357,308,.!frame.!button
demo_session_05,16,1786094320.197278,move,364,307,.!frame.!button
demo_session_05,16,1786094320.247278,move,354,303,.!frame.!button
demo_session_05,16,1786094320.297278,move,346,302,.!frame.!button
demo_session_05,16,1786094320.3472779,move,340,306,.!frame.!button
demo_session_05,16,1786094320.3972778,move,349,310,.!frame.!button
demo_session_05,16,1786094320.4472778,move,364,322,.!frame.!button
demo_session_05,16,1786094320.4972777,move,353,331,.!frame.!button
demo_session_05,16,1786094320.5472777,move,352,328,.!frame.!button
demo_session_05,16,1786094320.5972776,move,356,318,.!frame.!button
demo_session_05,16,1786094320.6472776,move,350,321,.!frame.!button
demo_session_05,16,1786094320.7243068,click,347,317,.!frame.!button
demo_session_05,17,1786094333.0567567,move,427,381,.!frame.!entry
demo_session_05,17,1786094333.1067567,move,430,392,.!frame.!entry
demo_session_05,17,1786094333.1567566,move,430,393,.!frame.!entry
demo_session_05,17,1786094333.2067566,move,417,367,.!frame.!entry
demo_session_05,17,1786094333.2567565,move,434,386,.!frame.!entry
demo_session_05,17,1786094333.3067565,move,429,382,.!frame.!entry
demo_session_05,17,1786094333.3567564,move,424,369,.!frame.!entry
demo_session_05,17,1786094333.4067564,move,420,382,.!frame.!entry
demo_session_05,17,1786094333.4567564,move,420,370,.!frame.!entry
demo_session_05,17,1786094333.5067563,move,423,364,.!frame.!entry
demo_session_05,17,1786094333.5567563,move,423,373,.!frame.!entry
demo_session_05,17,1786094333.6067562,move,420,374,.!frame.!entry
demo_session_05,17,1786094333.6567562,move,420,370,.!frame.!entry
demo_session_05,17,1786094333.706756,move,420,378,.!frame.!entry
demo_session_05,17,1786094333.756756,move,439,380,.!frame.!entry
demo_session_05,17,1786094333.806756,move,426,367,.!frame.!entry
demo_session_05,17,1786094333.856756,move,423,361,.!frame.!entry
demo_session_05,17,1786094333.906756,move,430,371,.!frame.!entry
demo_session_05,17,1786094333.9567559,move,415,369,.!frame.!entry
demo_session_05,17,1786094334.0067558,move,402,360,.!frame.!entry
demo_session_05,17,1786094334.0567558,move,415,367,.!frame.!entry
demo_session_05,17,1786094334.1067557,move,418,370,.!frame.!entry
demo_session_05,17,1786094334.1567557,move,417,365,.!frame.!entry
demo_session_05,17,1786094334.2067556,move,422,378,.!frame.!entry
demo_session_05,17,1786094334.2567556,move,414,361,.!frame.!entry
demo_session_05,17,1786094334.3067555,move,415,371,.!frame.!entry
demo_session_05,17,1786094334.3567555,move,405,369,.!frame.!entry
demo_session_05,17,1786094334.4067554,move,407,382,.!frame.!entry
demo_session_05,17,1786094334.4567554,move,420,363,.!frame.!entry
demo_session_05,17,1786094334.5067554,move,403,372,.!frame.!entry
demo_session_05,17,1786094334.5567553,move,412,366,.!frame.!entry
demo_session_05,17,1786094334.6067553,move,416,364,.!frame.!entry
demo_session_05,17,1786094334.6567552,move,408,364,.!frame.!entry
demo_session_05,17,1786094334.7067552,move,407,361,.!frame.!entry
demo_session_05,17,1786094334.756755,move,401,343,.!frame.!entry
demo_session_05,17,1786094334.806755,move,417,352,.!frame.!entry
demo_session_05,17,1786094334.856755,move,398,358,.!frame.!entry
demo_session_05,17,1786094334.906755,move,398,365,.!frame.!entry
demo_session_05,17,1786094334.956755,move,403,349,.!frame.!entry
demo_session_05,17,1786094335.0067549,move,400,354,.!frame.!entry
demo_session_05,17,1786094335.0567548,move,403,357,.!frame.!entry
demo_session_05,17,1786094335.1067548,move,400,358,.!frame.!entry
demo_session_05,17,1786094335.1567547,move,399,362,.!frame.!entry
demo_session_05,17,1786094335.2067547,move,402,366,.!frame.!entry
demo_session_05,17,1786094335.2567546,move,412,359,.!frame.!entry
demo_session_05,17,1786094335.3067546,move,399,370,.!frame.!entry
demo_session_05,17,1786094335.3567545,move,392,365,.!frame.!entry
demo_session_05,17,1786094335.4067545,move,390,352,.!frame.!entry
demo_session_05,17,1786094335.4567544,move,391,366,.!frame.!entry
demo_session_05,17,1786094335.5067544,move,398,362,.!frame.!entry
demo_session_05,17,1786094335.5567544,move,392,366,.!frame.!entry
demo_session_05,17,1786094335.6067543,move,403,349,.!frame.!entry
demo_session_05,17,1786094335.6567543,move,385,350,.!frame.!entry
demo_session_05,17,1786094335.7067542,move,397,359,.!frame.!entry
demo_session_05,17,1786094335.7567542,move,393,360,.!frame.!entry
demo_session_05,17,1786094335.806754,move,381,338,.!frame.!entry
demo_session_05,17,1786094335.856754,move,390,342,.!frame.!entry
demo_session_05,17,1786094335.906754,move,384,351,.!frame.!entry
demo_session_05,17,1786094335.956754,move,391,339,.!frame.!entry
demo_session_05,17,1786094336.006754,move,380,340,.!frame.!entry
demo_session_05,17,1786094336.0567539,move,382,340,.!frame.!entry
demo_session_05,17,1786094336.1067538,move,391,355,.!frame.!entry
demo_session_05,17,1786094336.1567538,move,379,338,.!frame.!entry
demo_session_05,17,1786094336.2067537,move,391,340,.!frame.!entry
demo_session_05,17,1786094336.2567537,move,384,338,.!frame.!entry
demo_session_05,17,1786094336.3067536,move,396,346,.!frame.!entry
demo_session_05,17,1786094336.3567536,move,378,346,.!frame.!entry
demo_session_05,17,1786094336.4067535,move,375,348,.!frame.!entry
demo_session_05,17,1786094336.4567535,move,384,337,.!frame.!entry
demo_session_05,17,1786094336.5067534,move,382,351,.!frame.!entry
demo_session_05,17,1786094336.5567534,move,377,335,.!frame.!entry
demo_session_05,17,1786094336.6067533,move,377,335,.!frame.!entry
demo_session_05,17,1786094336.6567533,move,380,346,.!frame.!entry
demo_session_05,17,1786094336.7067533,move,379,351,.!frame.!entry
demo_session_05,17,1786094336.7567532,move,382,335,.!frame.!entry
demo_session_05,17,1786094336.8067532,move,372,342,.!frame.!entry
demo_session_05,17,1786094336.856753,move,382,324,.!frame.!button
demo_session_05,17,1786094336.906753,move,361,344,.!frame.!button
demo_session_05,17,1786094336.956753,move,381,330,.!frame.!button
demo_session_05,17,1786094337.006753,move,370,357,.!frame.!button
demo_session_05,17,1786094337.056753,move,372,340,.!frame.!button
demo_session_05,17,1786094337.1067529,move,361,335,.!frame.!button
demo_session_05,17,1786094337.1567528,move,382,338,.!frame.!button
demo_session_05,17,1786094337.2067528,move,364,335,.!frame.!button
demo_session_05,17,1786094337.2567527,move,347,334,.!frame.!button
demo_session_05,17,1786094337.3067527,move,364,332,.!frame.!button
demo_session_05,17,1786094337.3567526,move,365,331,.!frame.!button
demo_session_05,17,1786094337.4067526,move,361,325,.!frame.!button
demo_session_05,17,1786094337.4567525,move,360,323,.!frame.!button
demo_session_05,17,1786094337.5067525,move,365,333,.!frame.!button
demo_session_05,17,1786094337.5567524,move,366,338,.!frame.!button
demo_session_05,17,1786094337.6067524,move,373,325,.!frame.!button
demo_session_05,17,1786094337.6567523,move,369,317,.!frame.!button
demo_session_05,17,1786094337.7067523,move,364,325,.!frame.!button
demo_session_05,17,1786094337.7567523,move,373,334,.!frame.!button
demo_session_05,17,1786094337.8067522,move,357,323,.!frame.!button
demo_session_05,17,1786094337.8567522,move,374,328,.!frame.!button
demo_session_05,17,1786094337.906752,move,358,326,.!frame.!button
demo_session_05,17,1786094337.956752,move,354,321,.!frame.!button
demo_session_05,17,1786094338.006752,move,357,321,.!frame.!button
demo_session_05,17,1786094338.056752,move,349,321,.!frame.!button
demo_session_05,17,1786094338.106752,move,354,327,.!frame.!button
demo_session_05,17,1786094338.1567519,move,335,320,.!frame.!button
demo_session_05,17,1786094338.2067518,move,357,311,.!frame.!button
demo_session_05,17,1786094338.2567518,move,347,323,.!frame.!button
demo_session_05,17,1786094338.3067517,move,356,313,.!frame.!button
demo_session_05,17,1786094338.3567517,move,355,327,.!frame.!button
demo_session_05,17,1786094338.4067516,move,352,315,.!frame.!button
demo_session_05,17,1786094338.4567516,move,347,325,.!frame.!button
demo_session_05,17,1786094338.5239303,click,351,321,.!frame.!button
demo_session_05,18,1786094338.5239303,move,324,350,.!frame.!entry
demo_session_05,18,1786094338.5739303,move,317,340,.!frame.!entry
demo_session_05,18,1786094338.6239302,move,325,348,.!frame.!entry
demo_session_05,18,1786094338.6739302,move,310,334,.!frame.!entry
demo_session_05,18,1786094338.7239301,move,314,346,.!frame.!entry
demo_session_05,18,1786094338.77393,move,326,346,.!frame.!entry
demo_session_05,18,1786094338.82393,move,328,342,.!frame.!entry
demo_session_05,18,1786094338.87393,move,329,339,.!frame.!entry
demo_session_05,18,1786094338.92393,move,321,345,.!frame.!entry
demo_session_05,18,1786094338.97393,move,307,348,.!frame.!entry
demo_session_05,18,1786094339.0239298,move,326,350,.!frame.!entry
demo_session_05,18,1786094339.0739298,move,317,351,.!frame.!entry
demo_session_05,18,1786094339.1239297,move,315,334,.!frame.!entry
demo_session_05,18,1786094339.1739297,move,330,341,.!frame.!entry
demo_session_05,18,1786094339.2239296,move,326,346,.!frame.!entry
demo_session_05,18,1786094339.2739296,move,322,344,.!frame.!entry
demo_session_05,18,1786094339.3239295,move,338,343,.!frame.!entry
demo_session_05,18,1786094339.3739295,move,309,351,.!frame.!entry
demo_session_05,18,1786094339.4239295,move,324,352,.!frame.!entry
demo_session_05,18,1786094339.4739294,move,314,346,.!frame.!entry
demo_session_05,18,1786094339.5239294,move,318,343,.!frame.!entry
demo_session_05,18,1786094339.5739293,move,334,341,.!frame.!entry
demo_session_05,18,1786094339.6239293,move,327,343,.!frame.!entry
demo_session_05,18,1786094339.6739292,move,323,342,.!frame.!entry
demo_session_05,18,1786094339.7239292,move,327,327,.!frame.!entry
demo_session_05,18,1786094339.773929,move,336,338,.!frame.!entry
demo_session_05,18,1786094339.823929,move,329,340,.!frame.!entry
demo_session_05,18,1786094339.873929,move,325,339,.!frame.!entry
demo_session_05,18,1786094339.923929,move,328,333,.!frame.!entry
demo_session_05,18,1786094339.973929,move,328,333,.!frame.!entry
demo_session_05,18,1786094340.0239289,move,331,330,.!frame.!entry
demo_session_05,18,1786094340.0739288,move,328,345,.!frame.!entry
demo_session_05,18,1786094340.1239288,move,330,345,.!frame.!entry
demo_session_05,18,1786094340.1739287,move,324,339,.!frame.!entry
demo_session_05,18,1786094340.2239287,move,334,329,.!frame.!entry
demo_session_05,18,1786094340.2739286,move,336,351,.!frame.!entry
demo_session_05,18,1786094340.3239286,move,335,340,.!frame.!entry
demo_session_05,18,1786094340.3739285,move,322,325,.!frame.!entry
demo_session_05,18,1786094340.4239285,move,337,345,.!frame.!entry
demo_session_05,18,1786094340.4739285,move,334,342,.!frame.!entry
demo_session_05,18,1786094340.5239284,move,332,353,.!frame.!entry
demo_session_05,18,1786094340.5739284,move,334,343,.!frame.!entry
demo_session_05,18,1786094340.6239283,move,336,340,.!frame.!entry
demo_session_05,18,1786094340.6739283,move,336,317,.!frame.!entry
demo_session_05,18,1786094340.7239282,move,341,326,.!frame.!entry
demo_session_05,18,1786094340.7739282,move,342,333,.!frame.!entry
demo_session_05,18,1786094340.823928,move,340,330,.!frame.!entry
demo_session_05,18,1786094340.873928,move,337,332,.!frame.!entry
demo_session_05,18,1786094340.923928,move,341,325,.!frame.!entry
demo_session_05,18,1786094340.973928,move,337,327,.!frame.!entry
demo_session_05,18,1786094341.023928,move,332,330,.!frame.!entry
demo_session_05,18,1786094341.0739279,move,332,324,.!frame.!entry
demo_session_05,18,1786094341.1239278,move,338,331,.!frame.!entry
demo_session_05,18,1786094341.1739278,move,332,320,.!frame.!entry
demo_session_05,18,1786094341.2239277,move,333,329,.!frame.!entry
demo_session_05,18,1786094341.2739277,move,337,329,.!frame.!entry
demo_session_05,18,1786094341.3239276,move,351,331,.!frame.!entry
demo_session_05,18,1786094341.3739276,move,338,331,.!frame.!entry
demo_session_05,18,1786094341.4239275,move,345,323,.!frame.!entry
demo_session_05,18,1786094341.4739275,move,353,329,.!frame.!entry
demo_session_05,18,1786094341.5239275,move,338,337,.!frame.!entry
demo_session_05,18,1786094341.5739274,move,335,320,.!frame.!entry
demo_session_05,18,1786094341.6239274,move,348,330,.!frame.!entry
demo_session_05,18,1786094341.6739273,move,328,326,.!frame.!button
demo_session_05,18,1786094341.7239273,move,340,326,.!frame.!button
demo_session_05,18,1786094341.7739272,move,352,325,.!frame.!button
demo_session_05,18,1786094341.8239272,move,341,322,.!frame.!button
demo_session_05,18,1786094341.873927,move,354,329,.!frame.!button
demo_session_05,18,1786094341.923927,move,349,315,.!frame.!button
demo_session_05,18,1786094341.973927,move,337,332,.!frame.!button
demo_session_05,18,1786094342.023927,move,338,329,.!frame.!button
demo_session_05,18,1786094342.073927,move,346,326,.!frame.!button
demo_session_05,18,1786094342.1239269,move,352,329,.!frame.!button
demo_session_05,18,1786094342.1739268,move,345,330,.!frame.!button
demo_session_05,18,1786094342.2239268,move,343,319,.!frame.!button
demo_session_05,18,1786094342.2739267,move,342,329,.!frame.!button
demo_session_05,18,1786094342.3239267,move,346,327,.!frame.!button
demo_session_05,18,1786094342.3739266,move,347,317,.!frame.!button
demo_session_05,18,1786094342.4239266,move,347,341,.!frame.!button
demo_session_05,18,1786094342.4739265,move,345,329,.!frame.!button
demo_session_05,18,1786094342.5239265,move,343,327,.!frame.!button
demo_session_05,18,1786094342.5739264,move,339,321,.!frame.!button
demo_session_05,18,1786094342.6239264,move,342,323,.!frame.!button
demo_session_05,18,1786094342.6739264,move,346,331,.!frame.!button
demo_session_05,18,1786094342.7239263,move,344,310,.!frame.!button
demo_session_05,18,1786094342.7739263,move,345,318,.!frame.!button
demo_session_05,18,1786094342.8239262,move,349,320,.!frame.!button
demo_session_05,18,1786094342.8739262,move,344,326,.!frame.!button
demo_session_05,18,1786094342.923926,move,362,325,.!frame.!button
demo_session_05,18,1786094342.973926,move,349,315,.!frame.!button
demo_session_05,18,1786094343.0436268,click,358,328,.!frame.!button
demo_session_05,19,1786094367.5751092,move,354,181,.!frame.!entry
demo_session_05,19,1786094367.6251092,move,351,175,.!frame.!entry
demo_session_05,19,1786094367.6751091,move,344,170,.!frame.!entry
demo_session_05,19,1786094367.725109,move,364,189,.!frame.!entry
demo_session_05,19,1786094367.775109,move,349,166,.!frame.!entry
demo_session_05,19,1786094367.825109,move,358,181,.!frame.!entry
demo_session_05,19,1786094367.875109,move,352,180,.!frame.!entry
demo_session_05,19,1786094367.925109,move,345,173,.!frame.!entry
demo_session_05,19,1786094367.9751089,move,350,179,.!frame.!entry
demo_session_05,19,1786094368.0251088,move,350,184,.!frame.!entry
demo_session_05,19,1786094368.0751088,move,357,192,.!frame.!entry
demo_session_05,19,1786094368.1251087,move,357,190,.!frame.!entry
demo_session_05,19,1786094368.1751087,move,343,195,.!frame.!entry
demo_session_05,19,1786094368.2251086,move,350,201,.!frame.!entry
demo_session_05,19,1786094368.2751086,move,349,190,.!frame.!entry
demo_session_05,19,1786094368.3251085,move,349,195,.!frame.!entry
demo_session_05,19,1786094368.3751085,move,358,208,.!frame.!entry
demo_session_05,19,1786094368.4251084,move,349,196,.!frame.!entry
demo_session_05,19,1786094368.4751084,move,349,190,.!frame.!entry
demo_session_05,19,1786094368.5251083,move,357,191,.!frame.!entry
demo_session_05,19,1786094368.5751083,move,344,192,.!frame.!entry
demo_session_05,19,1786094368.6251082,move,347,195,.!frame.!entry
demo_session_05,19,1786094368.6751082,move,357,204,.!frame.!entry
demo_session_05,19,1786094368.7251081,move,359,206,.!frame.!entry
demo_session_05,19,1786094368.775108,move,350,201,.!frame.!entry
demo_session_05,19,1786094368.825108,move,361,202,.!frame.!entry
demo_session_05,19,1786094368.875108,move,349,210,.!frame.!entry
demo_session_05,19,1786094368.925108,move,359,202,.!frame.!entry
demo_session_05,19,1786094368.975108,move,347,203,.!frame.!entry
demo_session_05,19,1786094369.0251079,move,351,228,.!frame.!entry
demo_session_05,19,1786094369.0751078,move,358,216,.!frame.!entry
demo_session_05,19,1786094369.1251078,move,345,208,.!frame.!entry
demo_session_05,19,1786094369.1751077,move,344,221,.!frame.!entry
demo_session_05,19,1786094369.2251077,move,348,217,.!frame.!entry
demo_session_05,19,1786094369.2751076,move,350,217,.!frame.!entry
demo_session_05,19,1786094369.3251076,move,355,215,.!frame.!entry
demo_session_05,19,1786094369.3751075,move,360,217,.!frame.!entry
demo_session_05,19,1786094369.4251075,move,364,228,.!frame.!entry
demo_session_05,19,1786094369.4751074,move,349,232,.!frame.!entry
demo_session_05,19,1786094369.5251074,move,353,222,.!frame.!entry
demo_session_05,19,1786094369.5751073,move,352,242,.!frame.!entry
demo_session_05,19,1786094369.6251073,move,349,233,.!frame.!entry
demo_session_05,19,1786094369.6751072,move,351,226,.!frame.!entry
demo_session_05,19,1786094369.7251072,move,348,225,.!frame.!entry
demo_session_05,19,1786094369.7751071,move,343,240,.!frame.!entry
demo_session_05,19,1786094369.825107,move,366,240,.!frame.!entry
demo_session_05,19,1786094369.875107,move,367,242,.!frame.!entry
demo_session_05,19,1786094369.925107,move,360,242,.!frame.!entry
demo_session_05,19,1786094369.975107,move,350,233,.!frame.!entry
demo_session_05,19,1786094370.025107,move,356,240,.!frame.!entry
demo_session_05,19,1786094370.0751069,move,369,240,.!frame.!entry
demo_session_05,19,1786094370.1251068,move,347,242,.!frame.!entry
demo_session_05,19,1786094370.1751068,move,345,226,.!frame.!entry
demo_session_05,19,1786094370.2251067,move,357,249,.!frame.!entry
demo_session_05,19,1786094370.2751067,move,350,244,.!frame.!entry
demo_session_05,19,1786094370.3251066,move,350,247,.!frame.!entry
demo_session_05,19,1786094370.3751066,move,355,253,.!frame.!entry
demo_session_05,19,1786094370.4251065,move,349,253,.!frame.!entry
demo_session_05,19,1786094370.4751065,move,341,252,.!frame.!entry
demo_session_05,19,1786094370.5251064,move,349,261,.!frame.!entry
demo_session_05,19,1786094370.5751064,move,353,258,.!frame.!entry
demo_session_05,19,1786094370.6251063,move,351,264,.!frame.!entry
demo_session_05,19,1786094370.6751063,move,344,272,.!frame.!entry
demo_session_05,19,1786094370.7251062,move,344,262,.!frame.!entry
demo_session_05,19,1786094370.7751062,move,361,275,.!frame.!entry
demo_session_05,19,1786094370.8251061,move,338,268,.!frame.!entry
demo_session_05,19,1786094370.875106,move,359,269,.!frame.!entry
demo_session_05,19,1786094370.925106,move,357,271,.!frame.!entry
demo_session_05,19,1786094370.975106,move,344,269,.!frame.!entry
demo_session_05,19,1786094371.025106,move,347,267,.!frame.!entry
demo_session_05,19,1786094371.075106,move,351,280,.!frame.!entry
demo_session_05,19,1786094371.1251059,move,353,268,.!frame.!entry
demo_session_05,19,1786094371.1751058,move,346,266,.!frame.!entry
demo_session_05,19,1786094371.2251058,move,353,285,.!frame.!entry
demo_session_05,19,1786094371.2751057,move,343,279,.!frame.!entry
demo_session_05,19,1786094371.3251057,move,347,269,.!frame.!button
demo_session_05,19,1786094371.3751056,move,348,281,.!frame.!button
demo_session_05,19,1786094371.4251056,move,346,288,.!frame.!button
demo_session_05,19,1786094371.4751055,move,340,288,.!frame.!button
demo_session_05,19,1786094371.5251055,move,358,288,.!frame.!button
demo_session_05,19,1786094371.5751054,move,344,284,.!frame.!button
demo_session_05,19,1786094371.6251054,move,355,278,.!frame.!button
demo_session_05,19,1786094371.6751053,move,351,290,.!frame.!button
demo_session_05,19,1786094371.7251053,move,362,286,.!frame.!button
demo_session_05,19,1786094371.7751052,move,347,293,.!frame.!button
demo_session_05,19,1786094371.8251052,move,357,284,.!frame.!button
demo_session_05,19,1786094371.8751051,move,348,292,.!frame.!button
demo_session_05,19,1786094371.925105,move,355,289,.!frame.!button
demo_session_05,19,1786094371.975105,move,354,297,.!frame.!button
demo_session_05,19,1786094372.025105,move,359,300,.!frame.!button
demo_session_05,19,1786094372.075105,move,355,301,.!frame.!button
demo_session_05,19,1786094372.125105,move,359,299,.!frame.!button
demo_session_05,19,1786094372.1751049,move,350,297,.!frame.!button
demo_session_05,19,1786094372.2251048,move,352,302,.!frame.!button
demo_session_05,19,1786094372.2751048,move,357,304,.!frame.!button
demo_session_05,19,1786094372.3251047,move,360,310,.!frame.!button
demo_session_05,19,1786094372.3751047,move,355,298,.!frame.!button
demo_session_05,19,1786094372.4251046,move,351,309,.!frame.!button
demo_session_05,19,1786094372.4751046,move,355,305,.!frame.!button
demo_session_05,19,1786094372.5251045,move,360,299,.!frame.!button
demo_session_05,19,1786094372.5751045,move,350,312,.!frame.!button
demo_session_05,19,1786094372.6251044,move,348,307,.!frame.!button
demo_session_05,19,1786094372.6751044,move,344,322,.!frame.!button
demo_session_05,19,1786094372.7251043,move,337,321,.!frame.!button
demo_session_05,19,1786094372.7751043,move,349,316,.!frame.!button
demo_session_05,19,1786094372.8251042,move,347,316,.!frame.!button
demo_session_05,19,1786094372.8751042,move,344,320,.!frame.!button
demo_session_05,19,1786094372.9324489,click,352,322,.!frame.!button
demo_session_05,20,1786094372.9324489,move,421,222,.!frame.!entry
demo_session_05,20,1786094372.9824488,move,410,215,.!frame.!entry
demo_session_05,20,1786094373.0324488,move,403,225,.!frame.!entry
demo_session_05,20,1786094373.0824487,move,409,216,.!frame.!entry
demo_session_05,20,1786094373.1324487,move,410,221,.!frame.!entry
demo_session_05,20,1786094373.1824486,move,405,234,.!frame.!entry
demo_session_05,20,1786094373.2324486,move,419,227,.!frame.!entry
demo_session_05,20,1786094373.2824485,move,408,229,.!frame.!entry
demo_session_05,20,1786094373.3324485,move,405,238,.!frame.!entry
demo_session_05,20,1786094373.3824484,move,402,235,.!frame.!entry
demo_session_05,20,1786094373.4324484,move,408,237,.!frame.!entry
demo_session_05,20,1786094373.4824483,move,404,241,.!frame.!entry
demo_session_05,20,1786094373.5324483,move,404,237,.!frame.!entry
demo_session_05,20,1786094373.5824482,move,409,229,.!frame.!entry
demo_session_05,20,1786094373.6324482,move,399,233,.!frame.!entry
demo_session_05,20,1786094373.6824481,move,402,231,.!frame.!entry
demo_session_05,20,1786094373.732448,move,413,241,.!frame.!entry
demo_session_05,20,1786094373.782448,move,414,235,.!frame.!entry
demo_session_05,20,1786094373.832448,move,392,241,.!frame.!entry
demo_session_05,20,1786094373.882448,move,396,242,.!frame.!entry
demo_session_05,20,1786094373.932448,move,400,246,.!frame.!entry
demo_session_05,20,1786094373.9824479,move,396,241,.!frame.!entry
demo_session_05,20,1786094374.0324478,move,394,251,.!frame.!entry
demo_session_05,20,1786094374.0824478,move,394,245,.!frame.!entry
demo_session_05,20,1786094374.1324477,move,398,245,.!frame.!entry
demo_session_05,20,1786094374.1824477,move,399,248,.!frame.!entry
demo_session_05,20,1786094374.2324476,move,400,244,.!frame.!entry
demo_session_05,20,1786094374.2824476,move,400,248,.!frame.!entry
demo_session_05,20,1786094374.3324475,move,391,234,.!frame.!entry
demo_session_05,20,1786094374.3824475,move,397,268,.!frame.!entry
demo_session_05,20,1786094374.4324474,move,390,249,.!frame.!entry
demo_session_05,20,1786094374.4824474,move,403,258,.!frame.!entry
demo_session_05,20,1786094374.5324473,move,400,257,.!frame.!entry
demo_session_05,20,1786094374.5824473,move,388,253,.!frame.!entry
demo_session_05,20,1786094374.6324472,move,388,249,.!frame.!entry
demo_session_05,20,1786094374.6824472,move,398,247,.!frame.!entry
demo_session_05,20,1786094374.7324471,move,386,258,.!frame.!entry
demo_session_05,20,1786094374.782447,move,391,253,.!frame.!entry
demo_session_05,20,1786094374.832447,move,395,261,.!frame.!entry
demo_session_05,20,1786094374.882447,move,391,259,.!frame.!entry
demo_session_05,20,1786094374.932447,move,384,253,.!frame.!entry
demo_session_05,20,1786094374.982447,move,393,263,.!frame.!entry
demo_session_05,20,1786094375.0324469,move,390,237,.!frame.!entry
demo_session_05,20,1786094375.0824468,move,392,253,.!frame.!entry
demo_session_05,20,1786094375.1324468,move,392,269,.!frame.!entry
demo_session_05,20,1786094375.1824467,move,391,260,.!frame.!entry
demo_session_05,20,1786094375.2324467,move,376,260,.!frame.!entry
demo_session_05,20,1786094375.2824466,move,381,260,.!frame.!entry
demo_session_05,20,1786094375.3324466,move,398,265,.!frame.!entry
demo_session_05,20,1786094375.3824465,move,374,255,.!frame.!entry
demo_session_05,20,1786094375.4324465,move,383,272,.!frame.!entry
demo_session_05,20,1786094375.4824464,move,385,269,.!frame.!entry
demo_session_05,20,1786094375.5324464,move,382,278,.!frame.!entry
demo_session_05,20,1786094375.5824463,move,380,269,.!frame.!entry
demo_session_05,20,1786094375.6324463,move,372,260,.!frame.!entry
demo_session_05,20,1786094375.6824462,move,386,267,.!frame.!entry
demo_session_05,20,1786094375.7324462,move,376,272,.!frame.!entry
demo_session_05,20,1786094375.7824461,move,380,281,.!frame.!entry
demo_session_05,20,1786094375.832446,move,373,275,.!frame.!entry
demo_session_05,20,1786094375.882446,move,385,270,.!frame.!entry
demo_session_05,20,1786094375.932446,move,378,274,.!frame.!entry
demo_session_05,20,1786094375.982446,move,375,272,.!frame.!entry
demo_session_05,20,1786094376.032446,move,376,279,.!frame.!entry
demo_session_05,20,1786094376.0824459,move,382,283,.!frame.!entry
demo_session_05,20,1786094376.1324458,move,378,292,.!frame.!entry
demo_session_05,20,1786094376.1824458,move,375,279,.!frame.!entry
demo_session_05,20,1786094376.2324457,move,378,284,.!frame.!entry
demo_session_05,20,1786094376.2824457,move,378,268,.!frame.!entry
demo_session_05,20,1786094376.3324456,move,381,287,.!frame.!entry
demo_session_05,20,1786094376.3824456,move,373,287,.!frame.!entry
demo_session_05,20,1786094376.4324455,move,368,278,.!frame.!entry
demo_session_05,20,1786094376.4824455,move,376,291,.!frame.!entry
demo_session_05,20,1786094376.5324454,move,373,277,.!frame.!entry
demo_session_05,20,1786094376.5824454,move,380,289,.!frame.!entry
demo_session_05,20,1786094376.6324453,move,386,279,.!frame.!entry
demo_session_05,20,1786094376.6824453,move,360,287,.!frame.!entry
demo_session_05,20,1786094376.7324452,move,363,284,.!frame.!entry
demo_session_05,20,1786094376.7824452,move,380,294,.!frame.!entry
demo_session_05,20,1786094376.8324451,move,378,292,.!frame.!entry
demo_session_05,20,1786094376.882445,move,371,286,.!frame.!entry
demo_session_05,20,1786094376.932445,move,364,295,.!frame.!entry
demo_session_05,20,1786094376.982445,move,365,290,.!frame.!button
demo_session_05,20,1786094377.032445,move,378,293,.!frame.!button
demo_session_05,20,1786094377.082445,move,361,292,.!frame.!button
demo_session_05,20,1786094377.1324449,move,370,296,.!frame.!button
demo_session_05,20,1786094377.1824448,move,348,294,.!frame.!button
demo_session_05,20,1786094377.2324448,move,371,298,.!frame.!button
demo_session_05,20,1786094377.2824447,move,355,292,.!frame.!button
demo_session_05,20,1786094377.3324447,move,367,298,.!frame.!button
demo_session_05,20,1786094377.3824446,move,366,294,.!frame.!button
demo_session_05,20,1786094377.4324446,move,369,293,.!frame.!button
demo_session_05,20,1786094377.4824445,move,359,303,.!frame.!button
demo_session_05,20,1786094377.5324445,move,360,300,.!frame.!button
demo_session_05,20,1786094377.5824444,move,369,295,.!frame.!button
demo_session_05,20,1786094377.6324444,move,362,306,.!frame.!button
demo_session_05,20,1786094377.6824443,move,362,310,.!frame.!button
demo_session_05,20,1786094377.7324443,move,354,309,.!frame.!button
demo_session_05,20,1786094377.7824442,move,357,307,.!frame.!button
demo_session_05,20,1786094377.8324442,move,368,308,.!frame.!button
demo_session_05,20,1786094377.8824441,move,369,311,.!frame.!button
demo_session_05,20,1786094377.932444,move,355,302,.!frame.!button
demo_session_05,20,1786094377.982444,move,372,306,.!frame.!button
demo_session_05,20,1786094378.032444,move,361,314,.!frame.!button
demo_session_05,20,1786094378.082444,move,349,306,.!frame.!button
demo_session_05,20,1786094378.132444,move,352,305,.!frame.!button
demo_session_05,20,1786094378.1824439,move,364,314,.!frame.!button
demo_session_05,20,1786094378.2324438,move,351,317,.!frame.!button
demo_session_05,20,1786094378.2824438,move,364,304,.!frame.!button
demo_session_05,20,1786094378.3324437,move,359,319,.!frame.!button
demo_session_05,20,1786094378.3824437,move,344,307,.!frame.!button
demo_session_05,20,1786094378.4324436,move,342,315,.!frame.!button
demo_session_05,20,1786094378.4824436,move,340,308,.!frame.!button
demo_session_05,20,1786094378.5324435,move,359,320,.!frame.!button
demo_session_05,20,1786094378.5824435,move,359,319,.!frame.!button
demo_session_05,20,1786094378.6324434,move,350,317,.!frame.!button
demo_session_05,20,1786094378.6824434,move,350,321,.!frame.!button
demo_session_05,20,1786094378.777912,click,352,322,.!frame.!button
demo_session_05,21,1786094378.777912,move,286,128,.!frame.!entry
demo_session_05,21,1786094378.8279119,move,296,153,.!frame.!entry
demo_session_05,21,1786094378.8779118,move,286,148,.!frame.!entry
demo_session_05,21,1786094378.9279118,move,282,138,.!frame.!entry
demo_session_05,21,1786094378.9779117,move,304,142,.!frame.!entry
demo_session_05,21,1786094379.0279117,move,287,133,.!frame.!entry
demo_session_05,21,1786094379.0779116,move,288,138,.!frame.!entry
demo_session_05,21,1786094379.1279116,move,299,147,.!frame.!entry
demo_session_05,21,1786094379.1779115,move,306,149,.!frame.!entry
demo_session_05,21,1786094379.2279115,move,306,146,.!frame.!entry
demo_session_05,21,1786094379.2779114,move,296,150,.!frame.!entry
demo_session_05,21,1786094379.3279114,move,306,157,.!frame.!entry
demo_session_05,21,1786094379.3779113,move,305,160,.!frame.!entry
demo_session_05,21,1786094379.4279113,move,315,166,.!frame.!entry
demo_session_05,21,1786094379.4779112,move,303,159,.!frame.!entry
demo_session_05,21,1786094379.5279112,move,298,166,.!frame.!entry
demo_session_05,21,1786094379.5779111,move,306,175,.!frame.!entry
demo_session_05,21,1786094379.627911,move,302,174,.!frame.!entry
demo_session_05,21,1786094379.677911,move,308,160,.!frame.!entry
demo_session_05,21,1786094379.727911,move,293,160,.!frame.!entry
demo_session_05,21,1786094379.777911,move,309,168,.!frame.!entry
demo_session_05,21,1786094379.827911,move,304,167,.!frame.!entry
demo_session_05,21,1786094379.8779109,move,298,181,.!frame.!entry
demo_session_05,21,1786094379.9279108,move,319,181,.!frame.!entry
demo_session_05,21,1786094379.9779108,move,322,187,.!frame.!entry
demo_session_05,21,1786094380.0279107,move,315,169,.!frame.!entry
demo_session_05,21,1786094380.0779107,move,302,168,.!frame.!entry
demo_session_05,21,1786094380.1279106,move,306,172,.!frame.!entry
demo_session_05,21,1786094380.1779106,move,312,203,.!frame.!entry
demo_session_05,21,1786094380.2279105,move,299,191,.!frame.!entry
demo_session_05,21,1786094380.2779105,move,304,192,.!frame.!entry
demo_session_05,21,1786094380.3279104,move,307,196,.!frame.!entry
demo_session_05,21,1786094380.3779104,move,315,195,.!frame.!entry
demo_session_05,21,1786094380.4279103,move,311,205,.!frame.!entry
demo_session_05,21,1786094380.4779103,move,314,214,.!frame.!entry
demo_session_05,21,1786094380.5279102,move,323,201,.!frame.!entry
demo_session_05,21,1786094380.5779102,move,313,199,.!frame.!entry
demo_session_05,21,1786094380.6279101,move,320,204,.!frame.!entry
demo_session_05,21,1786094380.67791,move,318,205,.!frame.!entry
demo_session_05,21,1786094380.72791,move,316,212,.!frame.!entry
demo_session_05,21,1786094380.77791,move,328,209,.!frame.!entry
demo_session_05,21,1786094380.82791,move,316,206,.!frame.!entry
demo_session_05,21,1786094380.87791,move,316,217,.!frame.!entry
demo_session_05,21,1786094380.9279099,move,322,215,.!frame.!entry
demo_session_05,21,1786094380.9779098,move,308,205,.!frame.!entry
demo_session_05,21,1786094381.0279098,move,316,212,.!frame.!entry
demo_session_05,21,1786094381.0779097,move,325,225,.!frame.!entry
demo_session_05,21,1786094381.1279097,move,325,219,.!frame.!entry
demo_session_05,21,1786094381.1779096,move,329,234,.!frame.!entry
demo_session_05,21,1786094381.2279096,move,322,232,.!frame.!entry
demo_session_05,21,1786094381.2779095,move,329,226,.!frame.!entry
demo_session_05,21,1786094381.3279095,move,334,238,.!frame.!entry
demo_session_05,21,1786094381.3779094,move,333,232,.!frame.!entry
demo_session_05,21,1786094381.4279094,move,337,229,.!frame.!entry
demo_session_05,21,1786094381.4779093,move,334,245,.!frame.!entry
demo_session_05,21,1786094381.5279093,move,319,242,.!frame.!entry
demo_session_05,21,1786094381.5779092,move,329,240,.!frame.!entry
demo_session_05,21,1786094381.6279092,move,323,250,.!frame.!entry
demo_session_05,21,1786094381.6779091,move,311,245,.!frame.!entry
demo_session_05,21,1786094381.727909,move,320,248,.!frame.!entry
demo_session_05,21,1786094381.777909,move,321,246,.!frame.!entry
demo_session_05,21,1786094381.827909,move,340,252,.!frame.!entry
demo_session_05,21,1786094381.877909,move,331,246,.!frame.!entry
demo_session_05,21,1786094381.927909,move,328,249,.!frame.!entry
demo_session_05,21,1786094381.9779088,move,339,249,.!frame.!entry
demo_session_05,21,1786094382.0279088,move,329,258,.!frame.!entry
demo_session_05,21,1786094382.0779088,move,335,257,.!frame.!entry
demo_session_05,21,1786094382.1279087,move,327,261,.!frame.!entry
demo_session_05,21,1786094382.1779087,move,336,257,.!frame.!entry
demo_session_05,21,1786094382.2279086,move,353,258,.!frame.!button
demo_session_05,21,1786094382.2779086,move,335,268,.!frame.!button
demo_session_05,21,1786094382.3279085,move,325,267,.!frame.!button
demo_session_05,21,1786094382.3779085,move,344,271,.!frame.!button
demo_session_05,21,1786094382.4279084,move,319,278,.!frame.!button
demo_session_05,21,1786094382.4779084,move,346,272,.!frame.!button
demo_session_05,21,1786094382.5279083,move,347,268,.!frame.!button
demo_session_05,21,1786094382.5779083,move,336,287,.!frame.!button
demo_session_05,21,1786094382.6279082,move,333,271,.!frame.!button
demo_session_05,21,1786094382.6779082,move,335,285,.!frame.!button
demo_session_05,21,1786094382.7279081,move,337,288,.!frame.!button
demo_session_05,21,1786094382.777908,move,344,290,.!frame.!button
demo_session_05,21,1786094382.827908,move,346,276,.!frame.!button
demo_session_05,21,1786094382.877908,move,343,285,.!frame.!button
demo_session_05,21,1786094382.927908,move,348,289,.!frame.!button
demo_session_05,21,1786094382.977908,move,327,302,.!frame.!button
demo_session_05,21,1786094383.0279078,move,342,290,.!frame.!button
demo_session_05,21,1786094383.0779078,move,336,291,.!frame.!button
demo_session_05,21,1786094383.1279078,move,345,295,.!frame.!button
demo_session_05,21,1786094383.1779077,move,357,305,.!frame.!button
demo_session_05,21,1786094383.2279077,move,353,312,.!frame.!button
demo_session_05,21,1786094383.2779076,move,351,300,.!frame.!button
demo_session_05,21,1786094383.3279076,move,345,317,.!frame.!button
demo_session_05,21,1786094383.3779075,move,351,304,.!frame.!button
demo_session_05,21,1786094383.4279075,move,342,315,.!frame.!button
demo_session_05,21,1786094383.4779074,move,346,314,.!frame.!button
demo_session_05,21,1786094383.5279074,move,332,315,.!frame.!button
demo_session_05,21,1786094383.5779073,move,342,314,.!frame.!button
demo_session_05,21,1786094383.6279073,move,352,322,.!frame.!button
demo_session_05,21,1786094383.6779072,move,346,329,.!frame.!button
demo_session_05,21,1786094383.740983,click,350,320,.!frame.!button
demo_session_05,22,1786094383.740983,move,252,320,.!frame.!entry
demo_session_05,22,1786094383.790983,move,246,325,.!frame.!entry
demo_session_05,22,1786094383.840983,move,250,316,.!frame.!entry
demo_session_05,22,1786094383.8909829,move,249,345,.!frame.!entry
demo_session_05,22,1786094383.9409828,move,240,345,.!frame.!entry
demo_session_05,22,1786094383.9909828,move,250,340,.!frame.!entry
demo_session_05,22,1786094384.0409827,move,270,330,.!frame.!entry
demo_session_05,22,1786094384.0909827,move,255,328,.!frame.!entry
demo_session_05,22,1786094384.1409826,move,268,320,.!frame.!entry
demo_session_05,22,1786094384.1909826,move,249,332,.!frame.!entry
demo_session_05,22,1786094384.2409825,move,255,335,.!frame.!entry
demo_session_05,22,1786094384.2909825,move,248,326,.!frame.!entry
demo_session_05,22,1786094384.3409824,move,267,330,.!frame.!entry
demo_session_05,22,1786094384.3909824,move,268,314,.!frame.!entry
demo_session_05,22,1786094384.4409823,move,268,331,.!frame.!entry
demo_session_05,22,1786094384.4909823,move,252,325,.!frame.!entry
demo_session_05,22,1786094384.5409822,move,248,320,.!frame.!entry
demo_session_05,22,1786094384.5909822,move,270,328,.!frame.!entry
demo_session_05,22,1786094384.6409822,move,276,326,.!frame.!entry
demo_session_05,22,1786094384.690982,move,270,313,.!frame.!entry
demo_session_05,22,1786094384.740982,move,276,336,.!frame.!entry
demo_session_05,22,1786094384.790982,move,264,347,.!frame.!entry
demo_session_05,22,1786094384.840982,move,274,324,.!frame.!entry
demo_session_05,22,1786094384.890982,move,252,312,.!frame.!entry
demo_session_05,22,1786094384.9409819,move,276,326,.!frame.!entry
demo_session_05,22,1786094384.9909818,move,270,314,.!frame.!entry
demo_session_05,22,1786094385.0409818,move,259,326,.!frame.!entry
demo_session_05,22,1786094385.0909817,move,284,324,.!frame.!entry
demo_session_05,22,1786094385.1409817,move,260,323,.!frame.!entry
demo_session_05,22,1786094385.1909816,move,268,340,.!frame.!entry
demo_session_05,22,1786094385.2409816,move,266,337,.!frame.!entry
demo_session_05,22,1786094385.2909815,move,265,330,.!frame.!entry
demo_session_05,22,1786094385.3409815,move,274,323,.!frame.!entry
demo_session_05,22,1786094385.3909814,move,280,329,.!frame.!entry
demo_session_05,22,1786094385.4409814,move,272,334,.!frame.!entry
demo_session_05,22,1786094385.4909813,move,272,336,.!frame.!entry
demo_session_05,22,1786094385.5409813,move,275,322,.!frame.!entry
demo_session_05,22,1786094385.5909812,move,271,317,.!frame.!entry
demo_session_05,22,1786094385.6409812,move,278,326,.!frame.!entry
demo_session_05,22,1786094385.6909811,move,286,332,.!frame.!entry
demo_session_05,22,1786094385.740981,move,272,329,.!frame.!entry
demo_session_05,22,1786094385.790981,move,285,326,.!frame.!entry
demo_session_05,22,1786094385.840981,move,289,330,.!frame.!entry
demo_session_05,22,1786094385.890981,move,276,320,.!frame.!entry
demo_session_05,22,1786094385.940981,move,298,328,.!frame.!entry
demo_session_05,22,1786094385.9909809,move,272,333,.!frame.!entry
demo_session_05,22,1786094386.0409808,move,281,328,.!frame.!entry
demo_session_05,22,1786094386.0909808,move,299,321,.!frame.!entry
demo_session_05,22,1786094386.1409807,move,291,312,.!frame.!entry
demo_session_05,22,1786094386.1909807,move,283,324,.!frame.!entry
demo_session_05,22,1786094386.2409806,move,296,318,.!frame.!entry
demo_session_05,22,1786094386.2909806,move,301,317,.!frame.!entry
demo_session_05,22,1786094386.3409805,move,296,324,.!frame.!entry
demo_session_05,22,1786094386.3909805,move,292,333,.!frame.!entry
demo_session_05,22,1786094386.4409804,move,306,322,.!frame.!entry
demo_session_05,22,1786094386.4909804,move,305,328,.!frame.!entry
demo_session_05,22,1786094386.5409803,move,290,339,.!frame.!entry
demo_session_05,22,1786094386.5909803,move,292,318,.!frame.!entry
demo_session_05,22,1786094386.6409802,move,301,339,.!frame.!entry
demo_session_05,22,1786094386.6909802,move,305,324,.!frame.!entry
demo_session_05,22,1786094386.7409801,move,288,333,.!frame.!entry
demo_session_05,22,1786094386.79098,move,312,327,.!frame.!entry
demo_session_05,22,1786094386.84098,move,295,331,.!frame.!entry
demo_session_05,22,1786094386.89098,move,302,336,.!frame.!entry
demo_session_05,22,1786094386.94098,move,306,328,.!frame.!entry
demo_session_05,22,1786094386.99098,move,287,319,.!frame.!entry
demo_session_05,22,1786094387.0409799,move,315,324,.!frame.!entry
demo_session_05,22,1786094387.0909798,move,309,321,.!frame.!entry
demo_session_05,22,1786094387.1409798,move,289,318,.!frame.!entry
demo_session_05,22,1786094387.1909797,move,297,322,.!frame.!entry
demo_session_05,22,1786094387.2409797,move,316,322,.!frame.!entry
demo_session_05,22,1786094387.2909796,move,303,343,.!frame.!entry
demo_session_05,22,1786094387.3409796,move,306,315,.!frame.!entry
demo_session_05,22,1786094387.3909795,move,297,339,.!frame.!entry
demo_session_05,22,1786094387.4409795,move,304,316,.!frame.!entry
demo_session_05,22,1786094387.4909794,move,318,336,.!frame.!entry
demo_session_05,22,1786094387.5409794,move,306,338,.!frame.!entry
demo_session_05,22,1786094387.5909793,move,321,329,.!frame.!entry
demo_session_05,22,1786094387.6409793,move,310,325,.!frame.!entry
demo_session_05,22,1786094387.6909792,move,321,310,.!frame.!entry
demo_session_05,22,1786094387.7409792,move,314,324,.!frame.!button
demo_session_05,22,1786094387.7909791,move,329,311,.!frame.!button
demo_session_05,22,1786094387.840979,move,326,323,.!frame.!button
demo_session_05,22,1786094387.890979,move,323,335,.!frame.!button
demo_session_05,22,1786094387.940979,move,335,306,.!frame.!button
demo_session_05,22,1786094387.990979,move,323,318,.!frame.!button
demo_session_05,22,1786094388.040979,move,321,314,.!frame.!button
demo_session_05,22,1786094388.0909789,move,314,323,.!frame.!button
demo_session_05,22,1786094388.1409788,move,331,321,.!frame.!button
demo_session_05,22,1786094388.1909788,move,310,333,.!frame.!button
demo_session_05,22,1786094388.2409787,move,319,314,.!frame.!button
demo_session_05,22,1786094388.2909787,move,317,329,.!frame.!button
demo_session_05,22,1786094388.3409786,move,345,318,.!frame.!button
demo_session_05,22,1786094388.3909786,move,331,315,.!frame.!button
demo_session_05,22,1786094388.4409785,move,326,320,.!frame.!button
demo_session_05,22,1786094388.4909785,move,327,338,.!frame.!button
demo_session_05,22,1786094388.5409784,move,330,334,.!frame.!button
demo_session_05,22,1786094388.5909784,move,334,346,.!frame.!button
demo_session_05,22,1786094388.6409783,move,336,312,.!frame.!button
demo_session_05,22,1786094388.6909783,move,341,330,.!frame.!button
demo_session_05,22,1786094388.7409782,move,342,329,.!frame.!button
demo_session_05,22,1786094388.7909782,move,342,310,.!frame.!button
demo_session_05,22,1786094388.8409781,move,328,325,.!frame.!button
demo_session_05,22,1786094388.890978,move,342,316,.!frame.!button
demo_session_05,22,1786094388.940978,move,332,311,.!frame.!button
demo_session_05,22,1786094388.990978,move,336,317,.!frame.!button
demo_session_05,22,1786094389.040978,move,340,307,.!frame.!button
demo_session_05,22,1786094389.090978,move,343,314,.!frame.!button
demo_session_05,22,1786094389.1409779,move,347,316,.!frame.!button
demo_session_05,22,1786094389.1909778,move,364,338,.!frame.!button
demo_session_05,22,1786094389.2409778,move,353,331,.!frame.!button
demo_session_05,22,1786094389.2909777,move,348,319,.!frame.!button
demo_session_05,22,1786094389.3409777,move,339,322,.!frame.!button
demo_session_05,22,1786094389.3909776,move,353,324,.!frame.!button
demo_session_05,22,1786094389.4409776,move,349,325,.!frame.!button
demo_session_05,22,1786094389.5183394,click,350,320,.!frame.!button
demo_session_05,23,1786094389.5183394,move,298,364,.!frame.!entry
demo_session_05,23,1786094389.5683393,move,302,355,.!frame.!entry
demo_session_05,23,1786094389.6183393,move,314,356,.!frame.!entry
demo_session_05,23,1786094389.6683393,move,306,360,.!frame.!entry
demo_session_05,23,1786094389.7183392,move,300,374,.!frame.!entry
demo_session_05,23,1786094389.7683392,move,298,356,.!frame.!entry
demo_session_05,23,1786094389.818339,move,311,364,.!frame.!entry
demo_session_05,23,1786094389.868339,move,313,348,.!frame.!entry
demo_session_05,23,1786094389.918339,move,296,366,.!frame.!entry
demo_session_05,23,1786094389.968339,move,307,362,.!frame.!entry
demo_session_05,23,1786094390.018339,move,313,366,.!frame.!entry
demo_session_05,23,1786094390.0683389,move,309,380,.!frame.!entry
demo_session_05,23,1786094390.1183388,move,311,358,.!frame.!entry
demo_session_05,23,1786094390.1683388,move,308,359,.!frame.!entry
demo_session_05,23,1786094390.2183387,move,305,356,.!frame.!entry
demo_session_05,23,1786094390.2683387,move,308,364,.!frame.!entry
demo_session_05,23,1786094390.3183386,move,300,348,.!frame.!entry
demo_session_05,23,1786094390.3683386,move,318,360,.!frame.!entry
demo_session_05,23,1786094390.4183385,move,310,364,.!frame.!entry
demo_session_05,23,1786094390.4683385,move,300,366,.!frame.!entry
demo_session_05,23,1786094390.5183384,move,302,351,.!frame.!entry
demo_session_05,23,1786094390.5683384,move,317,364,.!frame.!entry
demo_session_05,23,1786094390.6183383,move,307,356,.!frame.!entry
demo_session_05,23,1786094390.6683383,move,307,351,.!frame.!entry
demo_session_05,23,1786094390.7183383,move,322,367,.!frame.!entry
demo_session_05,23,1786094390.7683382,move,311,356,.!frame.!entry
demo_session_05,23,1786094390.8183382,move,306,353,.!frame.!entry
demo_session_05,23,1786094390.868338,move,316,358,.!frame.!entry
demo_session_05,23,1786094390.918338,move,301,342,.!frame.!entry
demo_session_05,23,1786094390.968338,move,307,350,.!frame.!entry
demo_session_05,23,1786094391.018338,move,308,346,.!frame.!entry
demo_session_05,23,1786094391.068338,move,317,347,.!frame.!entry
demo_session_05,23,1786094391.1183379,move,315,348,.!frame.!entry
demo_session_05,23,1786094391.1683378,move,313,344,.!frame.!entry
demo_session_05,23,1786094391.2183378,move,321,343,.!frame.!entry
demo_session_05,23,1786094391.2683377,move,312,353,.!frame.!entry
demo_session_05,23,1786094391.3183377,move,310,356,.!frame.!entry
demo_session_05,23,1786094391.3683376,move,319,348,.!frame.!entry
demo_session_05,23,1786094391.4183376,move,317,346,.!frame.!entry
demo_session_05,23,1786094391.4683375,move,307,350,.!frame.!entry
demo_session_05,23,1786094391.5183375,move,323,357,.!frame.!entry
demo_session_05,23,1786094391.5683374,move,325,338,.!frame.!entry
demo_session_05,23,1786094391.6183374,move,303,348,.!frame.!entry
demo_session_05,23,1786094391.6683373,move,322,336,.!frame.!entry
demo_session_05,23,1786094391.7183373,move,303,353,.!frame.!entry
demo_session_05,23,1786094391.7683372,move,333,361,.!frame.!entry
demo_session_05,23,1786094391.8183372,move,320,347,.!frame.!entry
demo_session_05,23,1786094391.8683372,move,306,349,.!frame.!entry
demo_session_05,23,1786094391.918337,move,326,338,.!frame.!entry
demo_session_05,23,1786094391.968337,move,328,336,.!frame.!entry
demo_session_05,23,1786094392.018337,move,323,340,.!frame.!entry
demo_session_05,23,1786094392.068337,move,323,336,.!frame.!entry
demo_session_05,23,1786094392.118337,move,324,340,.!frame.!entry
demo_session_05,23,1786094392.1683369,move,324,340,.!frame.!entry
demo_session_05,23,1786094392.2183368,move,338,349,.!frame.!entry
demo_session_05,23,1786094392.2683368,move,348,328,.!frame.!entry
demo_session_05,23,1786094392.3183367,move,324,334,.!frame.!entry
demo_session_05,23,1786094392.3683367,move,341,333,.!frame.!entry
demo_session_05,23,1786094392.4183366,move,329,344,.!frame.!entry
demo_session_05,23,1786094392.4683366,move,326,337,.!frame.!entry
demo_session_05,23,1786094392.5183365,move,324,344,.!frame.!entry
demo_session_05,23,1786094392.5683365,move,339,337,.!frame.!entry
demo_session_05,23,1786094392.6183364,move,327,351,.!frame.!entry
demo_session_05,23,1786094392.6683364,move,326,337,.!frame.!entry
demo_session_05,23,1786094392.7183363,move,332,341,.!frame.!entry
demo_session_05,23,1786094392.7683363,move,324,333,.!frame.!entry
demo_session_05,23,1786094392.8183362,move,327,339,.!frame.!entry
demo_session_05,23,1786094392.8683362,move,330,333,.!frame.!entry
demo_session_05,23,1786094392.9183362,move,332,342,.!frame.!entry
demo_session_05,23,1786094392.968336,move,334,333,.!frame.!entry
demo_session_05,23,1786094393.018336,move,344,331,.!frame.!button
demo_session_05,23,1786094393.068336,move,343,324,.!frame.!button
demo_session_05,23,1786094393.118336,move,339,334,.!frame.!button
demo_session_05,23,1786094393.168336,move,342,313,.!frame.!button
demo_session_05,23,1786094393.2183359,move,329,337,.!frame.!button
demo_session_05,23,1786094393.2683358,move,335,334,.!frame.!button
demo_session_05,23,1786094393.3183358,move,341,326,.!frame.!button
demo_session_05,23,1786094393.3683357,move,323,339,.!frame.!button
demo_session_05,23,1786094393.4183357,move,343,326,.!frame.!button
demo_session_05,23,1786094393.4683356,move,342,339,.!frame.!button
demo_session_05,23,1786094393.5183356,move,343,336,.!frame.!button
demo_session_05,23,1786094393.5683355,move,344,349,.!frame.!button
demo_session_05,23,1786094393.6183355,move,338,332,.!frame.!button
demo_session_05,23,1786094393.6683354,move,351,327,.!frame.!button
demo_session_05,23,1786094393.7183354,move,339,312,.!frame.!button
demo_session_05,23,1786094393.7683353,move,340,333,.!frame.!button
demo_session_05,23,1786094393.8183353,move,335,344,.!frame.!button
demo_session_05,23,1786094393.8683352,move,347,329,.!frame.!button
demo_session_05,23,1786094393.9183352,move,351,329,.!frame.!button
demo_session_05,23,1786094393.9683352,move,343,317,.!frame.!button
demo_session_05,23,1786094394.018335,move,355,326,.!frame.!button
demo_session_05,23,1786094394.068335,move,330,328,.!frame.!button
demo_session_05,23,1786094394.118335,move,342,332,.!frame.!button
demo_session_05,23,1786094394.168335,move,345,312,.!frame.!button
demo_session_05,23,1786094394.218335,move,354,318,.!frame.!button
demo_session_05,23,1786094394.2683349,move,341,323,.!frame.!button
demo_session_05,23,1786094394.3183348,move,344,335,.!frame.!button
demo_session_05,23,1786094394.3683348,move,343,325,.!frame.!button
demo_session_05,23,1786094394.4183347,move,344,320,.!frame.!button
demo_session_05,23,1786094394.4683347,move,360,325,.!frame.!button
demo_session_05,23,1786094394.5183346,move,345,312,.!frame.!button
demo_session_05,23,1786094394.612906,click,351,321,.!frame.!button
demo_session_05,24,1786094394.612906,move,248,344,.!frame.!entry
demo_session_05,24,1786094394.662906,move,231,351,.!frame.!entry
demo_session_05,24,1786094394.712906,move,237,348,.!frame.!entry
demo_session_05,24,1786094394.7629058,move,228,350,.!frame.!entry
demo_session_05,24,1786094394.8129058,move,246,348,.!frame.!entry
demo_session_05,24,1786094394.8629057,move,242,350,.!frame.!entry
demo_session_05,24,1786094394.9129057,move,239,346,.!frame.!entry
demo_session_05,24,1786094394.9629056,move,253,339,.!frame.!entry
demo_session_05,24,1786094395.0129056,move,238,347,.!frame.!entry
demo_session_05,24,1786094395.0629056,move,247,348,.!frame.!entry
demo_session_05,24,1786094395.1129055,move,250,345,.!frame.!entry
demo_session_05,24,1786094395.1629055,move,246,341,.!frame.!entry
demo_session_05,24,1786094395.2129054,move,254,347,.!frame.!entry
demo_session_05,24,1786094395.2629054,move,242,344,.!frame.!entry
demo_session_05,24,1786094395.3129053,move,248,336,.!frame.!entry
demo_session_05,24,1786094395.3629053,move,262,341,.!frame.!entry
demo_session_05,24,1786094395.4129052,move,237,341,.!frame.!entry
demo_session_05,24,1786094395.4629052,move,259,334,.!frame.!entry
demo_session_05,24,1786094395.5129051,move,255,335,.!frame.!entry
demo_session_05,24,1786094395.562905,move,267,339,.!frame.!entry
demo_session_05,24,1786094395.612905,move,263,352,.!frame.!entry
demo_session_05,24,1786094395.662905,move,261,345,.!frame.!entry
demo_session_05,24,1786094395.712905,move,261,334,.!frame.!entry
demo_session_05,24,1786094395.762905,move,281,334,.!frame.!entry
demo_session_05,24,1786094395.8129048,move,269,338,.!frame.!entry
demo_session_05,24,1786094395.8629048,move,270,349,.!frame.!entry
demo_session_05,24,1786094395.9129047,move,279,343,.!frame.!entry
demo_session_05,24,1786094395.9629047,move,275,331,.!frame.!entry
demo_session_05,24,1786094396.0129046,move,272,345,.!frame.!entry
demo_session_05,24,1786094396.0629046,move,270,331,.!frame.!entry
demo_session_05,24,1786094396.1129045,move,262,331,.!frame.!entry
demo_session_05,24,1786094396.1629045,move,271,345,.!frame.!entry
demo_session_05,24,1786094396.2129045,move,272,339,.!frame.!entry
demo_session_05,24,1786094396.2629044,move,275,339,.!frame.!entry
demo_session_05,24,1786094396.3129044,move,270,339,.!frame.!entry
demo_session_05,24,1786094396.3629043,move,281,334,.!frame.!entry
demo_session_05,24,1786094396.4129043,move,283,339,.!frame.!entry
demo_session_05,24,1786094396.4629042,move,275,350,.!frame.!entry
demo_session_05,24,1786094396.5129042,move,285,337,.!frame.!entry
demo_session_05,24,1786094396.5629041,move,279,332,.!frame.!entry
demo_session_05,24,1786094396.612904,move,289,343,.!frame.!entry
demo_session_05,24,1786094396.662904,move,289,337,.!frame.!entry
demo_session_05,24,1786094396.712904,move,289,342,.!frame.!entry
demo_session_05,24,1786094396.762904,move,288,347,.!frame.!entry
demo_session_05,24,1786094396.812904,move,294,332,.!frame.!entry
demo_session_05,24,1786094396.8629038,move,286,328,.!frame.!entry
demo_session_05,24,1786094396.9129038,move,291,346,.!frame.!entry
demo_session_05,24,1786094396.9629037,move,295,335,.!frame.!entry
demo_session_05,24,1786094397.0129037,move,292,317,.!frame.!entry
demo_session_05,24,1786094397.0629036,move,288,331,.!frame.!entry
demo_session_05,24,1786094397.1129036,move,307,331,.!frame.!entry
demo_session_05,24,1786094397.1629035,move,285,330,.!frame.!entry
demo_session_05,24,1786094397.2129035,move,300,338,.!frame.!entry
demo_session_05,24,1786094397.2629035,move,285,321,.!frame.!entry
demo_session_05,24,1786094397.3129034,move,300,338,.!frame.!entry
demo_session_05,24,1786094397.3629034,move,306,329,.!frame.!entry
demo_session_05,24,1786094397.4129033,move,297,333,.!frame.!entry
demo_session_05,24,1786094397.4629033,move,301,338,.!frame.!entry
demo_session_05,24,1786094397.5129032,move,300,334,.!frame.!entry
demo_session_05,24,1786094397.5629032,move,296,337,.!frame.!entry
demo_session_05,24,1786094397.612903,move,304,319,.!frame.!entry
demo_session_05,24,1786094397.662903,move,305,338,.!frame.!entry
demo_session_05,24,1786094397.712903,move,300,335,.!frame.!entry
demo_session_05,24,1786094397.762903,move,303,337,.!frame.!entry
demo_session_05,24,1786094397.812903,move,309,321,.!frame.!entry
demo_session_05,24,1786094397.8629029,move,310,333,.!frame.!entry
demo_session_05,24,1786094397.9129028,move,303,319,.!frame.!entry
demo_session_05,24,1786094397.9629028,move,305,338,.!frame.!entry
demo_session_05,24,1786094398.0129027,move,316,328,.!frame.!entry
demo_session_05,24,1786094398.0629027,move,318,326,.!frame.!entry
demo_session_05,24,1786094398.1129026,move,320,322,.!frame.!button
demo_session_05,24,1786094398.1629026,move,326,322,.!frame.!button
demo_session_05,24,1786094398.2129025,move,321,331,.!frame.!button
demo_session_05,24,1786094398.2629025,move,326,323,.!frame.!button
demo_session_05,24,1786094398.3129025,move,324,323,.!frame.!button
demo_session_05,24,1786094398.3629024,move,318,320,.!frame.!button
demo_session_05,24,1786094398.4129024,move,322,325,.!frame.!button
demo_session_05,24,1786094398.4629023,move,327,328,.!frame.!button
demo_session_05,24,1786094398.5129023,move,325,330,.!frame.!button
demo_session_05,24,1786094398.5629022,move,322,314,.!frame.!button
demo_session_05,24,1786094398.6129022,move,329,337,.!frame.!button
demo_session_05,24,1786094398.662902,move,327,309,.!frame.!button
demo_session_05,24,1786094398.712902,move,332,316,.!frame.!button
demo_session_05,24,1786094398.762902,move,327,335,.!frame.!button
demo_session_05,24,1786094398.812902,move,342,327,.!frame.!button
demo_session_05,24,1786094398.862902,move,333,318,.!frame.!button
demo_session_05,24,1786094398.9129019,move,335,336,.!frame.!button
demo_session_05,24,1786094398.9629018,move,322,325,.!frame.!button
demo_session_05,24,1786094399.0129018,move,338,331,.!frame.!button
demo_session_05,24,1786094399.0629017,move,338,317,.!frame.!button
demo_session_05,24,1786094399.1129017,move,352,331,.!frame.!button
demo_session_05,24,1786094399.1629016,move,341,322,.!frame.!button
demo_session_05,24,1786094399.2129016,move,337,307,.!frame.!button
demo_session_05,24,1786094399.2629015,move,347,320,.!frame.!button
demo_session_05,24,1786094399.3129015,move,344,316,.!frame.!button
demo_session_05,24,1786094399.3629014,move,349,318,.!frame.!button
demo_session_05,24,1786094399.4129014,move,353,306,.!frame.!button
demo_session_05,24,1786094399.4629014,move,360,312,.!frame.!button
demo_session_05,24,1786094399.5129013,move,336,311,.!frame.!button
demo_session_05,24,1786094399.5629013,move,346,316,.!frame.!button
demo_session_05,24,1786094399.6557217,click,361,331,.!frame.!button
demo_session_05,25,1786094399.6557217,move,608,238,.!frame.!entry
demo_session_05,25,1786094399.7057216,move,596,232,.!frame.!entry
demo_session_05,25,1786094399.7557216,move,603,237,.!frame.!entry
demo_session_05,25,1786094399.8057215,move,599,236,.!frame.!entry
demo_session_05,25,1786094399.8557215,move,583,241,.!frame.!entry
demo_session_05,25,1786094399.9057214,move,587,244,.!frame.!entry
demo_session_05,25,1786094399.9557214,move,579,244,.!frame.!entry
demo_session_05,25,1786094400.0057213,move,584,238,.!frame.!entry
demo_session_05,25,1786094400.0557213,move,559,231,.!frame.!entry
demo_session_05,25,1786094400.1057212,move,580,247,.!frame.!entry
demo_session_05,25,1786094400.1557212,move,563,249,.!frame.!entry
demo_session_05,25,1786094400.2057211,move,569,239,.!frame.!entry
demo_session_05,25,1786094400.255721,move,562,240,.!frame.!entry
demo_session_05,25,1786094400.305721,move,558,244,.!frame.!entry
demo_session_05,25,1786094400.355721,move,578,251,.!frame.!entry
demo_session_05,25,1786094400.405721,move,565,263,.!frame.!entry
demo_session_05,25,1786094400.455721,move,563,243,.!frame.!entry
demo_session_05,25,1786094400.5057209,move,549,239,.!frame.!entry
demo_session_05,25,1786094400.5557208,move,562,250,.!frame.!entry
demo_session_05,25,1786094400.6057208,move,548,252,.!frame.!entry
demo_session_05,25,1786094400.6557207,move,548,262,.!frame.!entry
demo_session_05,25,1786094400.7057207,move,545,254,.!frame.!entry
demo_session_05,25,1786094400.7557206,move,529,270,.!frame.!entry
demo_session_05,25,1786094400.8057206,move,534,235,.!frame.!entry
demo_session_05,25,1786094400.8557205,move,539,261,.!frame.!entry
demo_session_05,25,1786094400.9057205,move,519,258,.!frame.!entry
demo_session_05,25,1786094400.9557204,move,522,260,.!frame.!entry
demo_session_05,25,1786094401.0057204,move,531,263,.!frame.!entry
demo_session_05,25,1786094401.0557203,move,538,261,.!frame.!entry
demo_session_05,25,1786094401.1057203,move,523,247,.!frame.!entry
demo_session_05,25,1786094401.1557202,move,528,276,.!frame.!entry
demo_session_05,25,1786094401.2057202,move,515,260,.!frame.!entry
demo_session_05,25,1786094401.2557201,move,518,251,.!frame.!entry
demo_session_05,25,1786094401.30572,move,509,262,.!frame.!entry
demo_session_05,25,1786094401.35572,move,496,259,.!frame.!entry
demo_session_05,25,1786094401.40572,move,505,280,.!frame.!entry
demo_session_05,25,1786094401.45572,move,500,265,.!frame.!entry
demo_session_05,25,1786094401.50572,move,499,282,.!frame.!entry
demo_session_05,25,1786094401.5557199,move,500,259,.!frame.!entry
demo_session_05,25,1786094401.6057198,move,491,272,.!frame.!entry
demo_session_05,25,1786094401.6557198,move,479,262,.!frame.!entry
demo_session_05,25,1786094401.7057197,move,485,258,.!frame.!entry
demo_session_05,25,1786094401.7557197,move,499,274,.!frame.!entry
demo_session_05,25,1786094401.8057196,move,486,271,.!frame.!entry
demo_session_05,25,1786094401.8557196,move,489,275,.!frame.!entry
demo_session_05,25,1786094401.9057195,move,486,271,.!frame.!entry
demo_session_05,25,1786094401.9557195,move,481,288,.!frame.!entry
demo_session_05,25,1786094402.0057194,move,470,267,.!frame.!entry
demo_session_05,25,1786094402.0557194,move,476,273,.!frame.!entry
demo_session_05,25,1786094402.1057193,move,466,286,.!frame.!entry
demo_session_05,25,1786094402.1557193,move,461,290,.!frame.!entry
demo_session_05,25,1786094402.2057192,move,461,266,.!frame.!entry
demo_session_05,25,1786094402.2557192,move,453,284,.!frame.!entry
demo_session_05,25,1786094402.3057191,move,458,270,.!frame.!entry
demo_session_05,25,1786094402.355719,move,462,281,.!frame.!entry
demo_session_05,25,1786094402.405719,move,449,296,.!frame.!entry
demo_session_05,25,1786094402.455719,move,443,273,.!frame.!entry
demo_session_05,25,1786094402.505719,move,458,281,.!frame.!entry
demo_session_05,25,1786094402.555719,move,439,287,.!frame.!entry
demo_session_05,25,1786094402.6057189,move,426,300,.!frame.!entry
demo_session_05,25,1786094402.6557188,move,424,279,.!frame.!entry
demo_session_05,25,1786094402.7057188,move,435,305,.!frame.!entry
demo_session_05,25,1786094402.7557187,move,433,286,.!frame.!entry
demo_session_05,25,1786094402.8057187,move,427,272,.!frame.!entry
demo_session_05,25,1786094402.8557186,move,435,306,.!frame.!entry
demo_session_05,25,1786094402.9057186,move,429,298,.!frame.!entry
demo_session_05,25,1786094402.9557185,move,417,294,.!frame.!button
demo_session_05,25,1786094403.0057185,move,425,303,.!frame.!button
demo_session_05,25,1786094403.0557184,move,418,293,.!frame.!button
demo_session_05,25,1786094403.1057184,move,416,299,.!frame.!button
demo_session_05,25,1786094403.1557183,move,414,297,.!frame.!button
demo_session_05,25,1786094403.2057183,move,409,300,.!frame.!button
demo_session_05,25,1786094403.2557182,move,414,307,.!frame.!button
demo_session_05,25,1786094403.3057182,move,400,302,.!frame.!button
demo_session_05,25,1786094403.3557181,move,401,306,.!frame.!button
demo_session_05,25,1786094403.405718,move,405,308,.!frame.!button
demo_session_05,25,1786094403.455718,move,396,300,.!frame.!button
demo_session_05,25,1786094403.505718,move,389,301,.!frame.!button
demo_session_05,25,1786094403.555718,move,382,297,.!frame.!button
demo_session_05,25,1786094403.605718,move,410,301,.!frame.!button
demo_session_05,25,1786094403.6557178,move,400,311,.!frame.!button
demo_session_05,25,1786094403.7057178,move,389,313,.!frame.!button
demo_session_05,25,1786094403.7557178,move,380,315,.!frame.!button
demo_session_05,25,1786094403.8057177,move,370,307,.!frame.!button
demo_session_05,25,1786094403.8557177,move,377,304,.!frame.!button
demo_session_05,25,1786094403.9057176,move,386,304,.!frame.!button
demo_session_05,25,1786094403.9557176,move,364,326,.!frame.!button
demo_session_05,25,1786094404.0057175,move,370,316,.!frame.!button
demo_session_05,25,1786094404.0557175,move,370,318,.!frame.!button
demo_session_05,25,1786094404.1057174,move,371,318,.!frame.!button
demo_session_05,25,1786094404.1557174,move,355,317,.!frame.!button
demo_session_05,25,1786094404.2057173,move,370,314,.!frame.!button
demo_session_05,25,1786094404.2557173,move,352,314,.!frame.!button
demo_session_05,25,1786094404.3057172,move,357,325,.!frame.!button
demo_session_05,25,1786094404.3557172,move,348,327,.!frame.!button
demo_session_05,25,1786094404.417677,click,340,310,.!frame.!button
demo_session_05,26,1786094404.417677,move,231,289,.!frame.!entry
demo_session_05,26,1786094404.4676769,move,239,287,.!frame.!entry
demo_session_05,26,1786094404.5176768,move,227,290,.!frame.!entry
demo_session_05,26,1786094404.5676768,move,230,288,.!frame.!entry
demo_session_05,26,1786094404.6176767,move,248,304,.!frame.!entry
demo_session_05,26,1786094404.6676767,move,244,294,.!frame.!entry
demo_session_05,26,1786094404.7176766,move,241,280,.!frame.!entry
demo_session_05,26,1786094404.7676766,move,234,296,.!frame.!entry
demo_session_05,26,1786094404.8176765,move,245,290,.!frame.!entry
demo_session_05,26,1786094404.8676765,move,244,298,.!frame.!entry
demo_session_05,26,1786094404.9176764,move,244,300,.!frame.!entry
demo_session_05,26,1786094404.9676764,move,265,288,.!frame.!entry
demo_session_05,26,1786094405.0176764,move,244,295,.!frame.!entry
demo_session_05,26,1786094405.0676763,move,234,285,.!frame.!entry
demo_session_05,26,1786094405.1176763,move,250,280,.!frame.!entry
demo_session_05,26,1786094405.1676762,move,236,280,.!frame.!entry
demo_session_05,26,1786094405.2176762,move,250,293,.!frame.!entry
demo_session_05,26,1786094405.267676,move,264,287,.!frame.!entry
demo_session_05,26,1786094405.317676,move,248,297,.!frame.!entry
demo_session_05,26,1786094405.367676,move,263,300,.!frame.!entry
demo_session_05,26,1786094405.417676,move,261,288,.!frame.!entry
demo_session_05,26,1786094405.467676,move,265,292,.!frame.!entry
demo_session_05,26,1786094405.5176759,move,262,299,.!frame.!entry
demo_session_05,26,1786094405.5676758,move,264,285,.!frame.!entry
demo_session_05,26,1786094405.6176758,move,254,293,.!frame.!entry
demo_session_05,26,1786094405.6676757,move,258,290,.!frame.!entry
demo_session_05,26,1786094405.7176757,move,266,288,.!frame.!entry
demo_session_05,26,1786094405.7676756,move,254,299,.!frame.!entry
demo_session_05,26,1786094405.8176756,move,265,297,.!frame.!entry
demo_session_05,26,1786094405.8676755,move,267,297,.!frame.!entry
demo_session_05,26,1786094405.9176755,move,259,297,.!frame.!entry
demo_session_05,26,1786094405.9676754,move,270,291,.!frame.!entry
demo_session_05,26,1786094406.0176754,move,272,307,.!frame.!entry
demo_session_05,26,1786094406.0676754,move,249,302,.!frame.!entry
demo_session_05,26,1786094406.1176753,move,260,299,.!frame.!entry
demo_session_05,26,1786094406.1676753,move,287,299,.!frame.!entry
demo_session_05,26,1786094406.2176752,move,265,293,.!frame.!entry
demo_session_05,26,1786094406.2676752,move,279,314,.!frame.!entry
demo_session_05,26,1786094406.317675,move,267,296,.!frame.!entry
demo_session_05,26,1786094406.367675,move,277,285,.!frame.!entry
demo_session_05,26,1786094406.417675,move,267,288,.!frame.!entry
demo_session_05,26,1786094406.467675,move,278,299,.!frame.!entry
demo_session_05,26,1786094406.517675,move,284,297,.!frame.!entry
demo_session_05,26,1786094406.5676749,move,282,309,.!frame.!entry
demo_session_05,26,1786094406.6176748,move,287,304,.!frame.!entry
demo_session_05,26,1786094406.6676748,move,276,305,.!frame.!entry
demo_session_05,26,1786094406.7176747,move,279,296,.!frame.!entry
demo_session_05,26,1786094406.7676747,move,285,301,.!frame.!entry
demo_session_05,26,1786094406.8176746,move,288,308,.!frame.!entry
demo_session_05,26,1786094406.8676746,move,276,286,.!frame.!entry
demo_session_05,26,1786094406.9176745,move,277,287,.!frame.!entry
demo_session_05,26,1786094406.9676745,move,281,302,.!frame.!entry
demo_session_05,26,1786094407.0176744,move,289,298,.!frame.!entry
demo_session_05,26,1786094407.0676744,move,291,290,.!frame.!entry
demo_session_05,26,1786094407.1176744,move,296,302,.!frame.!entry
demo_session_05,26,1786094407.1676743,move,296,316,.!frame.!entry
demo_session_05,26,1786094407.2176743,move,288,312,.!frame.!entry
demo_session_05,26,1786094407.2676742,move,294,299,.!frame.!entry
demo_session_05,26,1786094407.3176742,move,280,306,.!frame.!entry
demo_session_05,26,1786094407.367674,move,292,301,.!frame.!entry
demo_session_05,26,1786094407.417674,move,298,306,.!frame.!entry
demo_session_05,26,1786094407.467674,move,314,296,.!frame.!entry
demo_session_05,26,1786094407.517674,move,289,292,.!frame.!entry
demo_session_05,26,1786094407.567674,move,304,312,.!frame.!entry
demo_session_05,26,1786094407.6176739,move,315,306,.!frame.!entry
demo_session_05,26,1786094407.6676738,move,294,295,.!frame.!entry
demo_session_05,26,1786094407.7176738,move,296,298,.!frame.!entry
demo_session_05,26,1786094407.7676737,move,298,307,.!frame.!entry
demo_session_05,26,1786094407.8176737,move,306,319,.!frame.!entry
demo_session_05,26,1786094407.8676736,move,312,311,.!frame.!entry
demo_session_05,26,1786094407.9176736,move,304,304,.!frame.!entry
demo_session_05,26,1786094407.9676735,move,315,308,.!frame.!entry
demo_session_05,26,1786094408.0176735,move,298,308,.!frame.!entry
demo_session_05,26,1786094408.0676734,move,304,299,.!frame.!entry
demo_session_05,26,1786094408.1176734,move,297,309,.!frame.!entry
demo_session_05,26,1786094408.1676733,move,315,307,.!frame.!entry
demo_session_05,26,1786094408.2176733,move,313,297,.!frame.!entry
demo_session_05,26,1786094408.2676733,move,297,303,.!frame.!entry
demo_session_05,26,1786094408.3176732,move,306,310,.!frame.!entry
demo_session_05,26,1786094408.3676732,move,315,321,.!frame.!entry
demo_session_05,26,1786094408.417673,move,312,315,.!frame.!entry
demo_session_05,26,1786094408.467673,move,316,312,.!frame.!entry
demo_session_05,26,1786094408.517673,move,310,300,.!frame.!button
demo_session_05,26,1786094408.567673,move,318,320,.!frame.!button
demo_session_05,26,1786094408.617673,move,310,301,.!frame.!button
demo_session_05,26,1786094408.6676729,move,316,314,.!frame.!button
demo_session_05,26,1786094408.7176728,move,317,310,.!frame.!button
demo_session_05,26,1786094408.7676728,move,323,309,.!frame.!button
demo_session_05,26,1786094408.8176727,move,328,309,.!frame.!button
demo_session_05,26,1786094408.8676727,move,313,314,.!frame.!button
demo_session_05,26,1786094408.9176726,move,319,312,.!frame.!button
demo_session_05,26,1786094408.9676726,move,326,315,.!frame.!button
demo_session_05,26,1786094409.0176725,move,327,314,.!frame.!button
demo_session_05,26,1786094409.0676725,move,321,312,.!frame.!button
demo_session_05,26,1786094409.1176724,move,322,312,.!frame.!button
demo_session_05,26,1786094409.1676724,move,334,302,.!frame.!button
demo_session_05,26,1786094409.2176723,move,335,321,.!frame.!button
demo_session_05,26,1786094409.2676723,move,338,309,.!frame.!button
demo_session_05,26,1786094409.3176723,move,337,316,.!frame.!button
demo_session_05,26,1786094409.3676722,move,319,311,.!frame.!button
demo_session_05,26,1786094409.4176722,move,322,299,.!frame.!button
demo_session_05,26,1786094409.467672,move,343,327,.!frame.!button
demo_session_05,26,1786094409.517672,move,332,307,.!frame.!button
demo_session_05,26,1786094409.567672,move,328,311,.!frame.!button
demo_session_05,26,1786094409.617672,move,350,309,.!frame.!button
demo_session_05,26,1786094409.667672,move,331,335,.!frame.!button
demo_session_05,26,1786094409.7176719,move,340,310,.!frame.!button
demo_session_05,26,1786094409.7676718,move,352,324,.!frame.!button
demo_session_05,26,1786094409.8176718,move,337,318,.!frame.!button
demo_session_05,26,1786094409.8676717,move,337,315,.!frame.!button
demo_session_05,26,1786094409.9176717,move,338,317,.!frame.!button
demo_session_05,26,1786094409.9676716,move,350,315,.!frame.!button
demo_session_05,26,1786094410.0176716,move,347,329,.!frame.!button
demo_session_05,26,1786094410.0676715,move,352,326,.!frame.!button
demo_session_05,26,1786094410.1176715,move,361,310,.!frame.!button
demo_session_05,26,1786094410.1676714,move,353,323,.!frame.!button
demo_session_05,26,1786094410.2176714,move,359,324,.!frame.!button
demo_session_05,26,1786094410.270091,click,343,313,.!frame.!button
demo_session_05,27,1786094418.0609012,move,331,384,.!frame.!entry
demo_session_05,27,1786094418.110901,move,347,390,.!frame.!entry
demo_session_05,27,1786094418.160901,move,323,386,.!frame.!entry
demo_session_05,27,1786094418.210901,move,331,378,.!frame.!entry
demo_session_05,27,1786094418.260901,move,326,390,.!frame.!entry
demo_session_05,27,1786094418.310901,move,335,366,.!frame.!entry
demo_session_05,27,1786094418.3609009,move,330,381,.!frame.!entry
demo_session_05,27,1786094418.4109008,move,327,369,.!frame.!entry
demo_session_05,27,1786094418.4609008,move,326,376,.!frame.!entry
demo_session_05,27,1786094418.5109007,move,329,375,.!frame.!entry
demo_session_05,27,1786094418.5609007,move,347,362,.!frame.!entry
demo_session_05,27,1786094418.6109006,move,323,380,.!frame.!entry
demo_session_05,27,1786094418.6609006,move,323,371,.!frame.!entry
demo_session_05,27,1786094418.7109005,move,348,382,.!frame.!entry
demo_session_05,27,1786094418.7609005,move,342,372,.!frame.!entry
demo_session_05,27,1786094418.8109004,move,327,383,.!frame.!entry
demo_session_05,27,1786094418.8609004,move,331,370,.!frame.!entry
demo_session_05,27,1786094418.9109004,move,333,372,.!frame.!entry
demo_session_05,27,1786094418.9609003,move,330,377,.!frame.!entry
demo_session_05,27,1786094419.0109003,move,346,366,.!frame.!entry
demo_session_05,27,1786094419.0609002,move,330,388,.!frame.!entry
demo_session_05,27,1786094419.1109002,move,337,363,.!frame.!entry
demo_session_05,27,1786094419.1609,move,326,369,.!frame.!entry
demo_session_05,27,1786094419.2109,move,346,384,.!frame.!entry
demo_session_05,27,1786094419.2609,move,345,362,.!frame.!entry
demo_session_05,27,1786094419.3109,move,330,375,.!frame.!entry
demo_session_05,27,1786094419.3609,move,331,369,.!frame.!entry
demo_session_05,27,1786094419.4108999,move,332,370,.!frame.!entry
demo_session_05,27,1786094419.4608998,move,322,370,.!frame.!entry
demo_session_05,27,1786094419.5108998,move,327,361,.!frame.!entry
demo_session_05,27,1786094419.5608997,move,327,352,.!frame.!entry
demo_session_05,27,1786094419.6108997,move,337,362,.!frame.!entry
demo_session_05,27,1786094419.6608996,move,344,363,.!frame.!entry
demo_session_05,27,1786094419.7108996,move,343,371,.!frame.!entry
demo_session_05,27,1786094419.7608995,move,339,366,.!frame.!entry
demo_session_05,27,1786094419.8108995,move,355,370,.!frame.!entry
demo_session_05,27,1786094419.8608994,move,326,363,.!frame.!entry
demo_session_05,27,1786094419.9108994,move,328,360,.!frame.!entry
demo_session_05,27,1786094419.9608994,move,339,372,.!frame.!entry
demo_session_05,27,1786094420.0108993,move,341,372,.!frame.!entry
demo_session_05,27,1786094420.0608993,move,334,360,.!frame.!entry
demo_session_05,27,1786094420.1108992,move,342,348,.!frame.!entry
demo_session_05,27,1786094420.1608992,move,344,362,.!frame.!entry
demo_session_05,27,1786094420.210899,move,337,347,.!frame.!entry
demo_session_05,27,1786094420.260899,move,338,355,.!frame.!entry
demo_session_05,27,1786094420.310899,move,334,344,.!frame.!entry
demo_session_05,27,1786094420.360899,move,347,365,.!frame.!entry
demo_session_05,27,1786094420.410899,move,348,356,.!frame.!entry
demo_session_05,27,1786094420.4608989,move,355,342,.!frame.!entry
demo_session_05,27,1786094420.5108988,move,339,349,.!frame.!entry
demo_session_05,27,1786094420.5608988,move,337,340,.!frame.!entry
demo_session_05,27,1786094420.6108987,move,334,345,.!frame.!entry
demo_session_05,27,1786094420.6608987,move,355,343,.!frame.!entry
demo_session_05,27,1786094420.7108986,move,346,351,.!frame.!entry
demo_session_05,27,1786094420.7608986,move,343,351,.!frame.!entry
demo_session_05,27,1786094420.8108985,move,349,364,.!frame.!entry
demo_session_05,27,1786094420.8608985,move,336,341,.!frame.!entry
demo_session_05,27,1786094420.9108984,move,350,354,.!frame.!entry
demo_session_05,27,1786094420.9608984,move,350,342,.!frame.!entry
demo_session_05,27,1786094421.0108984,move,340,359,.!frame.!entry
demo_session_05,27,1786094421.0608983,move,341,341,.!frame.!entry
demo_session_05,27,1786094421.1108983,move,343,342,.!frame.!entry
demo_session_05,27,1786094421.1608982,move,337,341,.!frame.!entry
demo_session_05,27,1786094421.2108982,move,358,337,.!frame.!entry
demo_session_05,27,1786094421.260898,move,346,343,.!frame.!entry
demo_session_05,27,1786094421.310898,move,341,336,.!frame.!entry
demo_session_05,27,1786094421.360898,move,335,346,.!frame.!entry
demo_session_05,27,1786094421.410898,move,341,340,.!frame.!entry
demo_session_05,27,1786094421.460898,move,348,343,.!frame.!entry
demo_session_05,27,1786094421.5108979,move,341,328,.!frame.!button
demo_session_05,27,1786094421.5608978,move,333,336,.!frame.!button
demo_session_05,27,1786094421.6108978,move,344,334,.!frame.!button
demo_session_05,27,1786094421.6608977,move,347,336,.!frame.!button
demo_session_05,27,1786094421.7108977,move,343,323,.!frame.!button
demo_session_05,27,1786094421.7608976,move,350,342,.!frame.!button
demo_session_05,27,1786094421.8108976,move,335,338,.!frame.!button
demo_session_05,27,1786094421.8608975,move,348,337,.!frame.!button
demo_session_05,27,1786094421.9108975,move,337,337,.!frame.!button
demo_session_05,27,1786094421.9608974,move,360,340,.!frame.!button
demo_session_05,27,1786094422.0108974,move,356,328,.!frame.!button
demo_session_05,27,1786094422.0608974,move,354,337,.!frame.!button
demo_session_05,27,1786094422.1108973,move,337,332,.!frame.!button
demo_session_05,27,1786094422.1608973,move,347,330,.!frame.!button
demo_session_05,27,1786094422.2108972,move,349,332,.!frame.!button
demo_session_05,27,1786094422.2608972,move,355,320,.!frame.!button
demo_session_05,27,1786094422.310897,move,334,329,.!frame.!button
demo_session_05,27,1786094422.360897,move,350,318,.!frame.!button
demo_session_05,27,1786094422.410897,move,344,319,.!frame.!button
demo_session_05,27,1786094422.460897,move,350,326,.!frame.!button
demo_session_05,27,1786094422.510897,move,340,328,.!frame.!button
demo_session_05,27,1786094422.5608969,move,349,329,.!frame.!button
demo_session_05,27,1786094422.6108968,move,346,330,.!frame.!button
demo_session_05,27,1786094422.6608968,move,360,329,.!frame.!button
demo_session_05,27,1786094422.7108967,move,337,316,.!frame.!button
demo_session_05,27,1786094422.7608967,move,343,323,.!frame.!button
demo_session_05,27,1786094422.8108966,move,360,315,.!frame.!button
demo_session_05,27,1786094422.8608966,move,354,320,.!frame.!button
demo_session_05,27,1786094422.9108965,move,347,322,.!frame.!button
demo_session_05,27,1786094422.9608965,move,351,329,.!frame.!button
demo_session_05,27,1786094423.0450327,click,353,323,.!frame.!button
demo_session_05,28,1786094423.0450327,move,402,298,.!frame.!entry
demo_session_05,28,1786094423.0950327,move,409,305,.!frame.!entry
demo_session_05,28,1786094423.1450326,move,416,297,.!frame.!entry
demo_session_05,28,1786094423.1950326,move,406,303,.!frame.!entry
demo_session_05,28,1786094423.2450325,move,407,304,.!frame.!entry
demo_session_05,28,1786094423.2950325,move,400,315,.!frame.!entry
demo_session_05,28,1786094423.3450325,move,395,303,.!frame.!entry
demo_session_05,28,1786094423.3950324,move,396,317,.!frame.!entry
demo_session_05,28,1786094423.4450324,move,405,295,.!frame.!entry
demo_session_05,28,1786094423.4950323,move,402,285,.!frame.!entry
demo_session_05,28,1786094423.5450323,move,404,301,.!frame.!entry
demo_session_05,28,1786094423.5950322,move,401,309,.!frame.!entry
demo_session_05,28,1786094423.6450322,move,420,300,.!frame.!entry
demo_session_05,28,1786094423.6950321,move,398,293,.!frame.!entry
demo_session_05,28,1786094423.745032,move,409,298,.!frame.!entry
demo_session_05,28,1786094423.795032,move,401,301,.!frame.!entry
demo_session_05,28,1786094423.845032,move,418,297,.!frame.!entry
demo_session_05,28,1786094423.895032,move,398,302,.!frame.!entry
demo_session_05,28,1786094423.945032,move,408,325,.!frame.!entry
demo_session_05,28,1786094423.9950318,move,406,312,.!frame.!entry
demo_session_05,28,1786094424.0450318,move,403,313,.!frame.!entry
demo_session_05,28,1786094424.0950317,move,375,305,.!frame.!entry
demo_session_05,28,1786094424.1450317,move,395,301,.!frame.!entry
demo_session_05,28,1786094424.1950316,move,397,305,.!frame.!entry
demo_session_05,28,1786094424.2450316,move,404,306,.!frame.!entry
demo_session_05,28,1786094424.2950315,move,401,298,.!frame.!entry
demo_session_05,28,1786094424.3450315,move,395,283,.!frame.!entry
demo_session_05,28,1786094424.3950315,move,382,294,.!frame.!entry
demo_session_05,28,1786094424.4450314,move,397,310,.!frame.!entry
demo_session_05,28,1786094424.4950314,move,402,325,.!frame.!entry
demo_session_05,28,1786094424.5450313,move,397,305,.!frame.!entry
demo_session_05,28,1786094424.5950313,move,401,302,.!frame.!entry
demo_session_05,28,1786094424.6450312,move,397,295,.!frame.!entry
demo_session_05,28,1786094424.6950312,move,401,308,.!frame.!entry
demo_session_05,28,1786094424.745031,move,377,314,.!frame.!entry
demo_session_05,28,1786094424.795031,move,390,293,.!frame.!entry
demo_session_05,28,1786094424.845031,move,396,309,.!frame.!entry
demo_session_05,28,1786094424.895031,move,391,316,.!frame.!entry
demo_session_05,28,1786094424.945031,move,396,318,.!frame.!entry
demo_session_05,28,1786094424.9950309,move,378,306,.!frame.!entry
demo_session_05,28,1786094425.0450308,move,394,314,.!frame.!entry
demo_session_05,28,1786094425.0950308,move,384,317,.!frame.!entry
demo_session_05,28,1786094425.1450307,move,382,306,.!frame.!entry
demo_session_05,28,1786094425.1950307,move,410,290,.!frame.!entry
demo_session_05,28,1786094425.2450306,move,388,316,.!frame.!entry
demo_session_05,28,1786094425.2950306,move,390,312,.!frame.!entry
demo_session_05,28,1786094425.3450305,move,392,320,.!frame.!entry
demo_session_05,28,1786094425.3950305,move,379,306,.!frame.!entry
demo_session_05,28,1786094425.4450305,move,370,310,.!frame.!entry
demo_session_05,28,1786094425.4950304,move,392,316,.!frame.!entry
demo_session_05,28,1786094425.5450304,move,401,303,.!frame.!entry
demo_session_05,28,1786094425.5950303,move,374,306,.!frame.!entry
demo_session_05,28,1786094425.6450303,move,373,312,.!frame.!entry
demo_session_05,28,1786094425.6950302,move,379,291,.!frame.!entry
demo_session_05,28,1786094425.7450302,move,399,321,.!frame.!entry
demo_session_05,28,1786094425.79503,move,397,309,.!frame.!entry
demo_session_05,28,1786094425.84503,move,385,315,.!frame.!entry
demo_session_05,28,1786094425.89503,move,359,312,.!frame.!entry
demo_session_05,28,1786094425.94503,move,378,314,.!frame.!entry
demo_session_05,28,1786094425.99503,move,378,305,.!frame.!entry
demo_session_05,28,1786094426.0450299,move,369,306,.!frame.!entry
demo_session_05,28,1786094426.0950298,move,363,314,.!frame.!entry
demo_session_05,28,1786094426.1450298,move,367,293,.!frame.!entry
demo_session_05,28,1786094426.1950297,move,380,309,.!frame.!entry
demo_session_05,28,1786094426.2450297,move,359,297,.!frame.!entry
demo_session_05,28,1786094426.2950296,move,382,320,.!frame.!entry
demo_session_05,28,1786094426.3450296,move,384,309,.!frame.!entry
demo_session_05,28,1786094426.3950295,move,382,305,.!frame.!entry
demo_session_05,28,1786094426.4450295,move,378,310,.!frame.!entry
demo_session_05,28,1786094426.4950294,move,361,308,.!frame.!entry
demo_session_05,28,1786094426.5450294,move,352,310,.!frame.!entry
demo_session_05,28,1786094426.5950294,move,377,323,.!frame.!entry
demo_session_05,28,1786094426.6450293,move,380,331,.!frame.!entry
demo_session_05,28,1786094426.6950293,move,376,313,.!frame.!entry
demo_session_05,28,1786094426.7450292,move,359,319,.!frame.!entry
demo_session_05,28,1786094426.7950292,move,367,309,.!frame.!entry
demo_session_05,28,1786094426.845029,move,365,317,.!frame.!button
demo_session_05,28,1786094426.895029,move,375,317,.!frame.!button
demo_session_05,28,1786094426.945029,move,354,320,.!frame.!button
demo_session_05,28,1786094426.995029,move,348,315,.!frame.!button
demo_session_05,28,1786094427.045029,move,361,306,.!frame.!button
demo_session_05,28,1786094427.0950289,move,361,330,.!frame.!button
demo_session_05,28,1786094427.1450288,move,349,303,.!frame.!button
demo_session_05,28,1786094427.1950288,move,351,310,.!frame.!button
demo_session_05,28,1786094427.2450287,move,357,301,.!frame.!button
demo_session_05,28,1786094427.2950287,move,364,310,.!frame.!button
demo_session_05,28,1786094427.3450286,move,371,315,.!frame.!button
demo_session_05,28,1786094427.3950286,move,359,317,.!frame.!button
demo_session_05,28,1786094427.4450285,move,361,310,.!frame.!button
demo_session_05,28,1786094427.4950285,move,359,315,.!frame.!button
demo_session_05,28,1786094427.5450284,move,354,312,.!frame.!button
demo_session_05,28,1786094427.5950284,move,358,307,.!frame.!button
demo_session_05,28,1786094427.6450284,move,349,319,.!frame.!button
demo_session_05,28,1786094427.6950283,move,360,312,.!frame.!button
demo_session_05,28,1786094427.7450283,move,360,312,.!frame.!button
demo_session_05,28,1786094427.7950282,move,375,305,.!frame.!button
demo_session_05,28,1786094427.8450282,move,360,318,.!frame.!button
demo_session_05,28,1786094427.895028,move,354,304,.!frame.!button
demo_session_05,28,1786094427.945028,move,351,315,.!frame.!button
demo_session_05,28,1786094427.995028,move,356,322,.!frame.!button
demo_session_05,28,1786094428.045028,move,344,308,.!frame.!button
demo_session_05,28,1786094428.095028,move,359,311,.!frame.!button
demo_session_05,28,1786094428.1450279,move,354,329,.!frame.!button
demo_session_05,28,1786094428.1950278,move,346,315,.!frame.!button
demo_session_05,28,1786094428.2450278,move,362,330,.!frame.!button
demo_session_05,28,1786094428.2950277,move,340,296,.!frame.!button
demo_session_05,28,1786094428.3450277,move,354,323,.!frame.!button
demo_session_05,28,1786094428.3950276,move,349,320,.!frame.!button
demo_session_05,28,1786094428.4450276,move,351,312,.!frame.!button
demo_session_05,28,1786094428.5321486,click,351,321,.!frame.!button
demo_session_05,29,1786094428.5321486,move,236,131,.!frame.!entry
demo_session_05,29,1786094428.5821486,move,254,121,.!frame.!entry
demo_session_05,29,1786094428.6321485,move,247,118,.!frame.!entry
demo_session_05,29,1786094428.6821485,move,241,122,.!frame.!entry
demo_session_05,29,1786094428.7321484,move,243,131,.!frame.!entry
demo_session_05,29,1786094428.7821484,move,247,139,.!frame.!entry
demo_session_05,29,1786094428.8321483,move,239,141,.!frame.!entry
demo_session_05,29,1786094428.8821483,move,255,133,.!frame.!entry
demo_session_05,29,1786094428.9321482,move,255,146,.!frame.!entry
demo_session_05,29,1786094428.9821482,move,238,134,.!frame.!entry
demo_session_05,29,1786094429.0321481,move,246,136,.!frame.!entry
demo_session_05,29,1786094429.082148,move,261,139,.!frame.!entry
demo_session_05,29,1786094429.132148,move,240,149,.!frame.!entry
demo_session_05,29,1786094429.182148,move,241,151,.!frame.!entry
demo_session_05,29,1786094429.232148,move,263,141,.!frame.!entry
demo_session_05,29,1786094429.282148,move,260,131,.!frame.!entry
demo_session_05,29,1786094429.3321478,move,260,161,.!frame.!entry
demo_session_05,29,1786094429.3821478,move,260,167,.!frame.!entry
demo_session_05,29,1786094429.4321477,move,273,154,.!frame.!entry
demo_session_05,29,1786094429.4821477,move,256,159,.!frame.!entry
demo_session_05,29,1786094429.5321476,move,262,173,.!frame.!entry
demo_session_05,29,1786094429.5821476,move,257,173,.!frame.!entry
demo_session_05,29,1786094429.6321476,move,257,173,.!frame.!entry
demo_session_05,29,1786094429.6821475,move,261,162,.!frame.!entry
demo_session_05,29,1786094429.7321475,move,256,164,.!frame.!entry
demo_session_05,29,1786094429.7821474,move,261,174,.!frame.!entry
demo_session_05,29,1786094429.8321474,move,264,162,.!frame.!entry
demo_session_05,29,1786094429.8821473,move,254,175,.!frame.!entry
demo_session_05,29,1786094429.9321473,move,268,178,.!frame.!entry
demo_session_05,29,1786094429.9821472,move,275,185,.!frame.!entry
demo_session_05,29,1786094430.0321472,move,272,175,.!frame.!entry
demo_session_05,29,1786094430.0821471,move,273,176,.!frame.!entry
demo_session_05,29,1786094430.132147,move,297,192,.!frame.!entry
demo_session_05,29,1786094430.182147,move,277,195,.!frame.!entry
demo_session_05,29,1786094430.232147,move,275,175,.!frame.!entry
demo_session_05,29,1786094430.282147,move,266,170,.!frame.!entry
demo_session_05,29,1786094430.332147,move,283,214,.!frame.!entry
demo_session_05,29,1786094430.3821468,move,277,189,.!frame.!entry
demo_session_05,29,1786094430.4321468,move,273,184,.!frame.!entry
demo_session_05,29,1786094430.4821467,move,289,195,.!frame.!entry
demo_session_05,29,1786094430.5321467,move,287,199,.!frame.!entry
demo_session_05,29,1786094430.5821466,move,293,206,.!frame.!entry
demo_session_05,29,1786094430.6321466,move,281,205,.!frame.!entry
demo_session_05,29,1786094430.6821465,move,278,188,.!frame.!entry
demo_session_05,29,1786094430.7321465,move,298,215,.!frame.!entry
demo_session_05,29,1786094430.7821465,move,286,212,.!frame.!entry
demo_session_05,29,1786094430.8321464,move,297,206,.!frame.!entry
demo_session_05,29,1786094430.8821464,move,284,217,.!frame.!entry
demo_session_05,29,1786094430.9321463,move,296,217,.!frame.!entry
demo_session_05,29,1786094430.9821463,move,291,208,.!frame.!entry
demo_session_05,29,1786094431.0321462,move,295,220,.!frame.!entry
demo_session_05,29,1786094431.0821462,move,294,207,.!frame.!entry
demo_session_05,29,1786094431.1321461,move,273,220,.!frame.!entry
demo_session_05,29,1786094431.182146,move,294,219,.!frame.!entry
demo_session_05,29,1786094431.232146,move,309,215,.!frame.!entry
demo_session_05,29,1786094431.282146,move,301,227,.!frame.!entry
demo_session_05,29,1786094431.332146,move,294,221,.!frame.!entry
demo_session_05,29,1786094431.382146,move,301,235,.!frame.!entry
demo_session_05,29,1786094431.4321458,move,307,232,.!frame.!entry
demo_session_05,29,1786094431.4821458,move,282,247,.!frame.!entry
demo_session_05,29,1786094431.5321457,move,318,239,.!frame.!entry
demo_session_05,29,1786094431.5821457,move,307,214,.!frame.!entry
demo_session_05,29,1786094431.6321456,move,285,229,.!frame.!entry
demo_session_05,29,1786094431.6821456,move,302,225,.!frame.!entry
demo_session_05,29,1786094431.7321455,move,305,244,.!frame.!entry
demo_session_05,29,1786094431.7821455,move,299,244,.!frame.!entry
demo_session_05,29,1786094431.8321455,move,315,255,.!frame.!entry
demo_session_05,29,1786094431.8821454,move,305,257,.!frame.!entry
demo_session_05,29,1786094431.9321454,move,320,251,.!frame.!entry
demo_session_05,29,1786094431.9821453,move,313,248,.!frame.!entry
demo_session_05,29,1786094432.0321453,move,318,269,.!frame.!entry
demo_session_05,29,1786094432.0821452,move,316,263,.!frame.!entry
demo_session_05,29,1786094432.1321452,move,304,262,.!frame.!entry
demo_session_05,29,1786094432.182145,move,317,260,.!frame.!entry
demo_session_05,29,1786094432.232145,move,323,272,.!frame.!entry
demo_session_05,29,1786094432.282145,move,312,262,.!frame.!button
demo_session_05,29,1786094432.332145,move,313,256,.!frame.!button
demo_session_05,29,1786094432.382145,move,320,252,.!frame.!button
demo_session_05,29,1786094432.4321449,move,345,268,.!frame.!button
demo_session_05,29,1786094432.4821448,move,328,272,.!frame.!button
demo_session_05,29,1786094432.5321448,move,317,275,.!frame.!button
demo_session_05,29,1786094432.5821447,move,331,281,.!frame.!button
demo_session_05,29,1786094432.6321447,move,319,265,.!frame.!button
demo_session_05,29,1786094432.6821446,move,314,292,.!frame.!button
demo_session_05,29,1786094432.7321446,move,328,281,.!frame.!button
demo_session_05,29,1786094432.7821445,move,314,288,.!frame.!button
demo_session_05,29,1786094432.8321445,move,330,269,.!frame.!button
demo_session_05,29,1786094432.8821445,move,311,286,.!frame.!button
demo_session_05,29,1786094432.9321444,move,335,287,.!frame.!button
demo_session_05,29,1786094432.9821444,move,326,297,.!frame.!button
demo_session_05,29,1786094433.0321443,move,337,294,.!frame.!button
demo_session_05,29,1786094433.0821443,move,330,303,.!frame.!button
demo_session_05,29,1786094433.1321442,move,340,291,.!frame.!button
demo_session_05,29,1786094433.1821442,move,328,288,.!frame.!button
demo_session_05,29,1786094433.232144,move,326,288,.!frame.!button
demo_session_05,29,1786094433.282144,move,343,304,.!frame.!button
demo_session_05,29,1786094433.332144,move,342,299,.!frame.!button
demo_session_05,29,1786094433.382144,move,334,302,.!frame.!button
demo_session_05,29,1786094433.432144,move,346,296,.!frame.!button
demo_session_05,29,1786094433.4821439,move,341,319,.!frame.!button
demo_session_05,29,1786094433.5321438,move,341,310,.!frame.!button
demo_session_05,29,1786094433.5821438,move,343,308,.!frame.!button
demo_session_05,29,1786094433.6321437,move,354,320,.!frame.!button
demo_session_05,29,1786094433.6821437,move,346,316,.!frame.!button
demo_session_05,29,1786094433.7321436,move,357,318,.!frame.!button
demo_session_05,29,1786094433.7821436,move,371,304,.!frame.!button
demo_session_05,29,1786094433.8321435,move,348,336,.!frame.!button
demo_session_05,29,1786094433.9240224,click,349,319,.!frame.!button
demo_session_05,30,1786094433.9240224,move,509,154,.!frame.!entry
demo_session_05,30,1786094433.9740224,move,507,141,.!frame.!entry
demo_session_05,30,1786094434.0240223,move,516,153,.!frame.!entry
demo_session_05,30,1786094434.0740223,move,503,162,.!frame.!entry
demo_session_05,30,1786094434.1240222,move,510,158,.!frame.!entry
demo_session_05,30,1786094434.1740222,move,510,155,.!frame.!entry
demo_session_05,30,1786094434.2240222,move,512,164,.!frame.!entry
demo_session_05,30,1786094434.274022,move,493,147,.!frame.!entry
demo_session_05,30,1786094434.324022,move,502,163,.!frame.!entry
demo_session_05,30,1786094434.374022,move,497,166,.!frame.!entry
demo_session_05,30,1786094434.424022,move,491,159,.!frame.!entry
demo_session_05,30,1786094434.474022,move,492,164,.!frame.!entry
demo_session_05,30,1786094434.5240219,move,506,173,.!frame.!entry
demo_session_05,30,1786094434.5740218,move,490,169,.!frame.!entry
demo_session_05,30,1786094434.6240218,move,481,172,.!frame.!entry
demo_session_05,30,1786094434.6740217,move,485,165,.!frame.!entry
demo_session_05,30,1786094434.7240217,move,499,167,.!frame.!entry
demo_session_05,30,1786094434.7740216,move,498,173,.!frame.!entry
demo_session_05,30,1786094434.8240216,move,477,167,.!frame.!entry
demo_session_05,30,1786094434.8740215,move,490,182,.!frame.!entry
demo_session_05,30,1786094434.9240215,move,479,189,.!frame.!entry
demo_session_05,30,1786094434.9740214,move,477,185,.!frame.!entry
demo_session_05,30,1786094435.0240214,move,475,177,.!frame.!entry
demo_session_05,30,1786094435.0740213,move,480,178,.!frame.!entry
demo_session_05,30,1786094435.1240213,move,482,180,.!frame.!entry
demo_session_05,30,1786094435.1740212,move,469,183,.!frame.!entry
demo_session_05,30,1786094435.2240212,move,476,189,.!frame.!entry
demo_session_05,30,1786094435.2740211,move,475,192,.!frame.!entry
demo_session_05,30,1786094435.324021,move,464,180,.!frame.!entry
demo_session_05,30,1786094435.374021,move,483,198,.!frame.!entry
demo_session_05,30,1786094435.424021,move,466,208,.!frame.!entry
demo_session_05,30,1786094435.474021,move,462,211,.!frame.!entry
demo_session_05,30,1786094435.524021,move,460,188,.!frame.!entry
demo_session_05,30,1786094435.5740209,move,454,201,.!frame.!entry
demo_session_05,30,1786094435.6240208,move,468,207,.!frame.!entry
demo_session_05,30,1786094435.6740208,move,459,210,.!frame.!entry
demo_session_05,30,1786094435.7240207,move,466,202,.!frame.!entry
demo_session_05,30,1786094435.7740207,move,454,203,.!frame.!entry
demo_session_05,30,1786094435.8240206,move,455,212,.!frame.!entry
demo_session_05,30,1786094435.8740206,move,458,199,.!frame.!entry
demo_session_05,30,1786094435.9240205,move,468,203,.!frame.!entry
demo_session_05,30,1786094435.9740205,move,458,218,.!frame.!entry
demo_session_05,30,1786094436.0240204,move,454,211,.!frame.!entry
demo_session_05,30,1786094436.0740204,move,458,226,.!frame.!entry
demo_session_05,30,1786094436.1240203,move,444,218,.!frame.!entry
demo_session_05,30,1786094436.1740203,move,453,218,.!frame.!entry
demo_session_05,30,1786094436.2240202,move,445,213,.!frame.!entry
demo_session_05,30,1786094436.2740202,move,435,220,.!frame.!entry
demo_session_05,30,1786094436.3240201,move,436,204,.!frame.!entry
demo_session_05,30,1786094436.37402,move,440,218,.!frame.!entry
demo_session_05,30,1786094436.42402,move,446,235,.!frame.!entry
demo_session_05,30,1786094436.47402,move,438,209,.!frame.!entry
demo_session_05,30,1786094436.52402,move,432,218,.!frame.!entry
demo_session_05,30,1786094436.57402,move,432,233,.!frame.!entry
demo_session_05,30,1786094436.6240199,move,442,237,.!frame.!entry
demo_session_05,30,1786094436.6740198,move,429,229,.!frame.!entry
demo_session_05,30,1786094436.7240198,move,422,242,.!frame.!entry
demo_session_05,30,1786094436.7740197,move,426,235,.!frame.!entry
demo_session_05,30,1786094436.8240197,move,439,246,.!frame.!entry
demo_session_05,30,1786094436.8740196,move,436,232,.!frame.!entry
demo_session_05,30,1786094436.9240196,move,421,234,.!frame.!entry
demo_session_05,30,1786094436.9740195,move,421,236,.!frame.!entry
demo_session_05,30,1786094437.0240195,move,411,232,.!frame.!entry
demo_session_05,30,1786094437.0740194,move,423,237,.!frame.!entry
demo_session_05,30,1786094437.1240194,move,412,240,.!frame.!entry
demo_session_05,30,1786094437.1740193,move,418,227,.!frame.!entry
demo_session_05,30,1786094437.2240193,move,430,242,.!frame.!entry
demo_session_05,30,1786094437.2740192,move,411,255,.!frame.!entry
demo_session_05,30,1786094437.3240192,move,423,267,.!frame.!entry
demo_session_05,30,1786094437.3740191,move,414,253,.!frame.!entry
demo_session_05,30,1786094437.424019,move,414,272,.!frame.!entry
demo_session_05,30,1786094437.474019,move,409,259,.!frame.!entry
demo_session_05,30,1786094437.524019,move,409,246,.!frame.!entry
demo_session_05,30,1786094437.574019,move,395,261,.!frame.!entry
demo_session_05,30,1786094437.624019,move,388,250,.!frame.!entry
demo_session_05,30,1786094437.6740189,move,393,258,.!frame.!entry
demo_session_05,30,1786094437.7240188,move,407,268,.!frame.!entry
demo_session_05,30,1786094437.7740188,move,407,262,.!frame.!entry
demo_session_05,30,1786094437.8240187,move,391,259,.!frame.!entry
demo_session_05,30,1786094437.8740187,move,394,263,.!frame.!entry
demo_session_05,30,1786094437.9240186,move,393,278,.!frame.!button
demo_session_05,30,1786094437.9740186,move,402,264,.!frame.!button
demo_session_05,30,1786094438.0240185,move,394,260,.!frame.!button
demo_session_05,30,1786094438.0740185,move,396,271,.!frame.!button
demo_session_05,30,1786094438.1240184,move,381,274,.!frame.!button
demo_session_05,30,1786094438.1740184,move,386,292,.!frame.!button
demo_session_05,30,1786094438.2240183,move,386,287,.!frame.!button
demo_session_05,30,1786094438.2740183,move,384,279,.!frame.!button
demo_session_05,30,1786094438.3240182,move,399,281,.!frame.!button
demo_session_05,30,1786094438.3740182,move,388,280,.!frame.!button
demo_session_05,30,1786094438.4240181,move,384,286,.!frame.!button
demo_session_05,30,1786094438.474018,move,380,290,.!frame.!button
demo_session_05,30,1786094438.524018,move,384,286,.!frame.!button
demo_session_05,30,1786094438.574018,move,370,291,.!frame.!button
demo_session_05,30,1786094438.624018,move,380,282,.!frame.!button
demo_session_05,30,1786094438.674018,move,379,288,.!frame.!button
demo_session_05,30,1786094438.7240179,move,364,289,.!frame.!button
demo_session_05,30,1786094438.7740178,move,367,296,.!frame.!button
demo_session_05,30,1786094438.8240178,move,368,292,.!frame.!button
demo_session_05,30,1786094438.8740177,move,361,297,.!frame.!button
demo_session_05,30,1786094438.9240177,move,367,299,.!frame.!button
demo_session_05,30,1786094438.9740176,move,364,302,.!frame.!button
demo_session_05,30,1786094439.0240176,move,355,302,.!frame.!button
demo_session_05,30,1786094439.0740175,move,358,317,.!frame.!button
demo_session_05,30,1786094439.1240175,move,363,308,.!frame.!button
demo_session_05,30,1786094439.1740174,move,366,311,.!frame.!button
demo_session_05,30,1786094439.2240174,move,363,302,.!frame.!button
demo_session_05,30,1786094439.2740173,move,359,311,.!frame.!button
demo_session_05,30,1786094439.3240173,move,360,311,.!frame.!button
demo_session_05,30,1786094439.3740172,move,359,315,.!frame.!button
demo_session_05,30,1786094439.4240172,move,352,324,.!frame.!button
demo_session_05,30,1786094439.4740171,move,366,313,.!frame.!button
demo_session_05,30,1786094439.524017,move,343,314,.!frame.!button
demo_session_05,30,1786094439.574017,move,342,317,.!frame.!button
demo_session_05,30,1786094439.6317012,click,349,319,.!frame.!button
demo_session_05,31,1786094451.6182697,move,227,325,.!frame.!entry
demo_session_05,31,1786094451.6682696,move,227,310,.!frame.!entry
demo_session_05,31,1786094451.7182696,move,222,313,.!frame.!entry
demo_session_05,31,1786094451.7682695,move,213,323,.!frame.!entry
demo_session_05,31,1786094451.8182695,move,213,332,.!frame.!entry
demo_session_05,31,1786094451.8682694,move,233,319,.!frame.!entry
demo_session_05,31,1786094451.9182694,move,229,313,.!frame.!entry
demo_session_05,31,1786094451.9682693,move,233,301,.!frame.!entry
demo_session_05,31,1786094452.0182693,move,233,306,.!frame.!entry
demo_session_05,31,1786094452.0682693,move,241,317,.!frame.!entry
demo_session_05,31,1786094452.1182692,move,247,315,.!frame.!entry
demo_session_05,31,1786094452.1682692,move,250,297,.!frame.!entry
demo_session_05,31,1786094452.218269,move,236,318,.!frame.!entry
demo_session_05,31,1786094452.268269,move,227,303,.!frame.!entry
demo_session_05,31,1786094452.318269,move,239,320,.!frame.!entry
demo_session_05,31,1786094452.368269,move,226,315,.!frame.!entry
demo_session_05,31,1786094452.418269,move,230,323,.!frame.!entry
demo_session_05,31,1786094452.4682689,move,247,319,.!frame.!entry
demo_session_05,31,1786094452.5182688,move,239,322,.!frame.!entry
demo_session_05,31,1786094452.5682688,move,243,308,.!frame.!entry
demo_session_05,31,1786094452.6182687,move,255,301,.!frame.!entry
demo_session_05,31,1786094452.6682687,move,249,328,.!frame.!entry
demo_session_05,31,1786094452.7182686,move,229,323,.!frame.!entry
demo_session_05,31,1786094452.7682686,move,235,309,.!frame.!entry
demo_session_05,31,1786094452.8182685,move,249,305,.!frame.!entry
demo_session_05,31,1786094452.8682685,move,238,308,.!frame.!entry
demo_session_05,31,1786094452.9182684,move,240,308,.!frame.!entry
demo_session_05,31,1786094452.9682684,move,253,325,.!frame.!entry
demo_session_05,31,1786094453.0182683,move,246,318,.!frame.!entry
demo_session_05,31,1786094453.0682683,move,252,302,.!frame.!entry
demo_session_05,31,1786094453.1182683,move,263,316,.!frame.!entry
demo_session_05,31,1786094453.1682682,move,249,322,.!frame.!entry
demo_session_05,31,1786094453.2182682,move,253,318,.!frame.!entry
demo_session_05,31,1786094453.268268,move,247,315,.!frame.!entry
demo_session_05,31,1786094453.318268,move,252,314,.!frame.!entry
demo_session_05,31,1786094453.368268,move,252,325,.!frame.!entry
demo_session_05,31,1786094453.418268,move,248,316,.!frame.!entry
demo_session_05,31,1786094453.468268,move,256,318,.!frame.!entry
demo_session_05,31,1786094453.5182679,move,263,308,.!frame.!entry
demo_session_05,31,1786094453.5682678,move,252,310,.!frame.!entry
demo_session_05,31,1786094453.6182678,move,261,317,.!frame.!entry
demo_session_05,31,1786094453.6682677,move,245,317,.!frame.!entry
demo_session_05,31,1786094453.7182677,move,261,344,.!frame.!entry
demo_session_05,31,1786094453.7682676,move,262,327,.!frame.!entry
demo_session_05,31,1786094453.8182676,move,271,320,.!frame.!entry
demo_session_05,31,1786094453.8682675,move,262,300,.!frame.!entry
demo_session_05,31,1786094453.9182675,move,246,315,.!frame.!entry
demo_session_05,31,1786094453.9682674,move,265,326,.!frame.!entry
demo_session_05,31,1786094454.0182674,move,256,322,.!frame.!entry
demo_session_05,31,1786094454.0682673,move,254,337,.!frame.!entry
demo_session_05,31,1786094454.1182673,move,280,329,.!frame.!entry
demo_session_05,31,1786094454.1682673,move,257,326,.!frame.!entry
demo_session_05,31,1786094454.2182672,move,276,322,.!frame.!entry
demo_session_05,31,1786094454.2682672,move,269,315,.!frame.!entry
demo_session_05,31,1786094454.318267,move,262,348,.!frame.!entry
demo_session_05,31,1786094454.368267,move,257,302,.!frame.!entry
demo_session_05,31,1786094454.418267,move,256,327,.!frame.!entry
demo_session_05,31,1786094454.468267,move,272,315,.!frame.!entry
demo_session_05,31,1786094454.518267,move,268,308,.!frame.!entry
demo_session_05,31,1786094454.5682669,move,256,316,.!frame.!entry
demo_session_05,31,1786094454.6182668,move,257,311,.!frame.!entry
demo_session_05,31,1786094454.6682668,move,282,319,.!frame.!entry
demo_session_05,31,1786094454.7182667,move,267,311,.!frame.!entry
demo_session_05,31,1786094454.7682667,move,277,316,.!frame.!entry
demo_session_05,31,1786094454.8182666,move,262,302,.!frame.!entry
demo_session_05,31,1786094454.8682666,move,294,332,.!frame.!entry
demo_session_05,31,1786094454.9182665,move,277,325,.!frame.!entry
demo_session_05,31,1786094454.9682665,move,280,326,.!frame.!entry
demo_session_05,31,1786094455.0182664,move,275,324,.!frame.!entry
demo_session_05,31,1786094455.0682664,move,285,331,.!frame.!entry
demo_session_05,31,1786094455.1182663,move,274,342,.!frame.!entry
demo_session_05,31,1786094455.1682663,move,278,315,.!frame.!entry
demo_session_05,31,1786094455.2182662,move,278,294,.!frame.!entry
demo_session_05,31,1786094455.2682662,move,293,318,.!frame.!entry
demo_session_05,31,1786094455.3182662,move,282,317,.!frame.!entry
demo_session_05,31,1786094455.368266,move,305,342,.!frame.!entry
demo_session_05,31,1786094455.418266,move,286,314,.!frame.!entry
demo_session_05,31,1786094455.468266,move,302,317,.!frame.!entry
demo_session_05,31,1786094455.518266,move,300,331,.!frame.!entry
demo_session_05,31,1786094455.568266,move,288,331,.!frame.!entry
demo_session_05,31,1786094455.6182659,move,275,309,.!frame.!entry
demo_session_05,31,1786094455.6682658,move,293,321,.!frame.!entry
demo_session_05,31,1786094455.7182658,move,288,316,.!frame.!entry
demo_session_05,31,1786094455.7682657,move,294,322,.!frame.!entry
demo_session_05,31,1786094455.8182657,move,289,310,.!frame.!entry
demo_session_05,31,1786094455.8682656,move,286,315,.!frame.!entry
demo_session_05,31,1786094455.9182656,move,285,326,.!frame.!entry
demo_session_05,31,1786094455.9682655,move,292,308,.!frame.!entry
demo_session_05,31,1786094456.0182655,move,298,316,.!frame.!entry
demo_session_05,31,1786094456.0682654,move,296,324,.!frame.!entry
demo_session_05,31,1786094456.1182654,move,304,322,.!frame.!entry
demo_session_05,31,1786094456.1682653,move,300,314,.!frame.!entry
demo_session_05,31,1786094456.2182653,move,287,325,.!frame.!entry
demo_session_05,31,1786094456.2682652,move,314,318,.!frame.!entry
demo_session_05,31,1786094456.3182652,move,292,311,.!frame.!entry
demo_session_05,31,1786094456.3682652,move,316,318,.!frame.!entry
demo_session_05,31,1786094456.418265,move,318,307,.!frame.!entry
demo_session_05,31,1786094456.468265,move,326,327,.!frame.!entry
demo_session_05,31,1786094456.518265,move,307,329,.!frame.!entry
demo_session_05,31,1786094456.568265,move,309,319,.!frame.!entry
demo_session_05,31,1786094456.618265,move,301,330,.!frame.!entry
demo_session_05,31,1786094456.6682649,move,316,334,.!frame.!entry
demo_session_05,31,1786094456.7182648,move,315,325,.!frame.!entry
demo_session_05,31,1786094456.7682648,move,311,324,.!frame.!entry
demo_session_05,31,1786094456.8182647,move,321,334,.!frame.!entry
demo_session_05,31,1786094456.8682647,move,328,337,.!frame.!button
demo_session_05,31,1786094456.9182646,move,308,317,.!frame.!button
demo_session_05,31,1786094456.9682646,move,323,321,.!frame.!button
demo_session_05,31,1786094457.0182645,move,313,314,.!frame.!button
demo_session_05,31,1786094457.0682645,move,313,326,.!frame.!button
demo_session_05,31,1786094457.1182644,move,312,297,.!frame.!button
demo_session_05,31,1786094457.1682644,move,325,319,.!frame.!button
demo_session_05,31,1786094457.2182643,move,305,328,.!frame.!button
demo_session_05,31,1786094457.2682643,move,316,301,.!frame.!button
demo_session_05,31,1786094457.3182642,move,323,302,.!frame.!button
demo_session_05,31,1786094457.3682642,move,307,324,.!frame.!button
demo_session_05,31,1786094457.4182642,move,327,319,.!frame.!button
demo_session_05,31,1786094457.468264,move,309,318,.!frame.!button
demo_session_05,31,1786094457.518264,move,309,325,.!frame.!button
demo_session_05,31,1786094457.568264,move,306,313,.!frame.!button
demo_session_05,31,1786094457.618264,move,311,323,.!frame.!button
demo_session_05,31,1786094457.668264,move,313,307,.!frame.!button
demo_session_05,31,1786094457.7182639,move,320,328,.!frame.!button
demo_session_05,31,1786094457.7682638,move,321,322,.!frame.!button
demo_session_05,31,1786094457.8182638,move,334,339,.!frame.!button
demo_session_05,31,1786094457.8682637,move,320,317,.!frame.!button
demo_session_05,31,1786094457.9182637,move,315,311,.!frame.!button
demo_session_05,31,1786094457.9682636,move,329,305,.!frame.!button
demo_session_05,31,1786094458.0182636,move,327,309,.!frame.!button
demo_session_05,31,1786094458.0682635,move,332,317,.!frame.!button
demo_session_05,31,1786094458.1182635,move,347,314,.!frame.!button
demo_session_05,31,1786094458.1682634,move,333,311,.!frame.!button
demo_session_05,31,1786094458.2182634,move,322,318,.!frame.!button
demo_session_05,31,1786094458.2682633,move,340,313,.!frame.!button
demo_session_05,31,1786094458.3182633,move,338,308,.!frame.!button
demo_session_05,31,1786094458.3682632,move,351,308,.!frame.!button
demo_session_05,31,1786094458.4182632,move,326,320,.!frame.!button
demo_session_05,31,1786094458.4682631,move,339,308,.!frame.!button
demo_session_05,31,1786094458.518263,move,350,330,.!frame.!button
demo_session_05,31,1786094458.568263,move,344,324,.!frame.!button
demo_session_05,31,1786094458.618263,move,321,311,.!frame.!button
demo_session_05,31,1786094458.668263,move,336,291,.!frame.!button
demo_session_05,31,1786094458.718263,move,335,326,.!frame.!button
demo_session_05,31,1786094458.7682629,move,351,312,.!frame.!button
demo_session_05,31,1786094458.8182628,move,352,335,.!frame.!button
demo_session_05,31,1786094458.8682628,move,336,326,.!frame.!button
demo_session_05,31,1786094458.9182627,move,345,303,.!frame.!button
demo_session_05,31,1786094458.9682627,move,341,318,.!frame.!button
demo_session_05,31,1786094459.0182626,move,347,320,.!frame.!button
demo_session_05,31,1786094459.0682626,move,331,314,.!frame.!button
demo_session_05,31,1786094459.1182625,move,358,309,.!frame.!button
demo_session_05,31,1786094459.18638,click,351,321,.!frame.!button
demo_session_05,32,1786094459.18638,move,303,245,.!frame.!entry
demo_session_05,32,1786094459.2363799,move,303,247,.!frame.!entry
demo_session_05,32,1786094459.2863798,move,328,236,.!frame.!entry
demo_session_05,32,1786094459.3363798,move,306,265,.!frame.!entry
demo_session_05,32,1786094459.3863797,move,300,249,.!frame.!entry
demo_session_05,32,1786094459.4363797,move,307,243,.!frame.!entry
demo_session_05,32,1786094459.4863796,move,311,243,.!frame.!entry
demo_session_05,32,1786094459.5363796,move,297,236,.!frame.!entry
demo_session_05,32,1786094459.5863795,move,297,237,.!frame.!entry
demo_session_05,32,1786094459.6363795,move,293,257,.!frame.!entry
demo_session_05,32,1786094459.6863794,move,304,253,.!frame.!entry
demo_session_05,32,1786094459.7363794,move,304,230,.!frame.!entry
demo_session_05,32,1786094459.7863793,move,290,239,.!frame.!entry
demo_session_05,32,1786094459.8363793,move,311,229,.!frame.!entry
demo_session_05,32,1786094459.8863792,move,292,246,.!frame.!entry
demo_session_05,32,1786094459.9363792,move,309,259,.!frame.!entry
demo_session_05,32,1786094459.9863791,move,319,245,.!frame.!entry
demo_session_05,32,1786094460.036379,move,304,245,.!frame.!entry
demo_session_05,32,1786094460.086379,move,318,263,.!frame.!entry
demo_session_05,32,1786094460.136379,move,316,262,.!frame.!entry
demo_session_05,32,1786094460.186379,move,304,260,.!frame.!entry
demo_session_05,32,1786094460.236379,move,298,253,.!frame.!entry
demo_session_05,32,1786094460.2863789,move,311,264,.!frame.!entry
demo_session_05,32,1786094460.3363788,move,308,244,.!frame.!entry
demo_session_05,32,1786094460.3863788,move,298,258,.!frame.!entry
demo_session_05,32,1786094460.4363787,move,301,266,.!frame.!entry
demo_session_05,32,1786094460.4863787,move,305,245,.!frame.!entry
demo_session_05,32,1786094460.5363786,move,303,238,.!frame.!entry
demo_session_05,32,1786094460.5863786,move,324,260,.!frame.!entry
demo_session_05,32,1786094460.6363785,move,319,252,.!frame.!entry
demo_session_05,32,1786094460.6863785,move,290,258,.!frame.!entry
demo_session_05,32,1786094460.7363784,move,310,247,.!frame.!entry
demo_session_05,32,1786094460.7863784,move,298,272,.!frame.!entry
demo_session_05,32,1786094460.8363783,move,310,271,.!frame.!entry
demo_session_05,32,1786094460.8863783,move,315,244,.!frame.!entry
demo_session_05,32,1786094460.9363782,move,291,261,.!frame.!entry
demo_session_05,32,1786094460.9863782,move,295,264,.!frame.!entry
demo_session_05,32,1786094461.0363781,move,301,249,.!frame.!entry
demo_session_05,32,1786094461.086378,move,311,248,.!frame.!entry
demo_session_05,32,1786094461.136378,move,307,263,.!frame.!entry
demo_session_05,32,1786094461.186378,move,306,271,.!frame.!entry
demo_session_05,32,1786094461.236378,move,315,247,.!frame.!entry
demo_session_05,32,1786094461.286378,move,311,249,.!frame.!entry
demo_session_05,32,1786094461.3363779,move,285,234,.!frame.!entry
demo_session_05,32,1786094461.3863778,move,307,252,.!frame.!entry
demo_session_05,32,1786094461.4363778,move,305,252,.!frame.!entry
demo_session_05,32,1786094461.4863777,move,329,265,.!frame.!entry
demo_session_05,32,1786094461.5363777,move,307,263,.!frame.!entry
demo_session_05,32,1786094461.5863776,move,319,264,.!frame.!entry
demo_session_05,32,1786094461.6363776,move,321,247,.!frame.!entry
demo_session_05,32,1786094461.6863775,move,322,272,.!frame.!entry
demo_session_05,32,1786094461.7363775,move,320,266,.!frame.!entry
demo_session_05,32,1786094461.7863774,move,310,271,.!frame.!entry
demo_session_05,32,1786094461.8363774,move,316,256,.!frame.!entry
demo_session_05,32,1786094461.8863773,move,318,252,.!frame.!entry
demo_session_05,32,1786094461.9363773,move,318,270,.!frame.!entry
demo_session_05,32,1786094461.9863772,move,326,260,.!frame.!entry
demo_session_05,32,1786094462.0363772,move,308,284,.!frame.!entry
demo_session_05,32,1786094462.0863771,move,322,249,.!frame.!entry
demo_session_05,32,1786094462.136377,move,325,282,.!frame.!entry
demo_session_05,32,1786094462.186377,move,303,270,.!frame.!entry
demo_session_05,32,1786094462.236377,move,318,266,.!frame.!entry
demo_session_05,32,1786094462.286377,move,295,267,.!frame.!entry
demo_session_05,32,1786094462.336377,move,333,278,.!frame.!entry
demo_session_05,32,1786094462.3863769,move,303,271,.!frame.!entry
demo_session_05,32,1786094462.4363768,move,331,270,.!frame.!entry
demo_session_05,32,1786094462.4863768,move,326,284,.!frame.!entry
demo_session_05,32,1786094462.5363767,move,340,265,.!frame.!entry
demo_session_05,32,1786094462.5863767,move,306,266,.!frame.!entry
demo_session_05,32,1786094462.6363766,move,335,277,.!frame.!entry
demo_session_05,32,1786094462.6863766,move,318,257,.!frame.!entry
demo_session_05,32,1786094462.7363765,move,326,284,.!frame.!entry
demo_session_05,32,1786094462.7863765,move,326,279,.!frame.!entry
demo_session_05,32,1786094462.8363764,move,319,264,.!frame.!entry
demo_session_05,32,1786094462.8863764,move,325,281,.!frame.!entry
demo_session_05,32,1786094462.9363763,move,329,290,.!frame.!entry
demo_session_05,32,1786094462.9863763,move,320,272,.!frame.!entry
demo_session_05,32,1786094463.0363762,move,338,284,.!frame.!entry
demo_session_05,32,1786094463.0863762,move,312,269,.!frame.!entry
demo_session_05,32,1786094463.1363761,move,316,273,.!frame.!entry
demo_session_05,32,1786094463.186376,move,343,279,.!frame.!entry
demo_session_05,32,1786094463.236376,move,330,274,.!frame.!entry
demo_session_05,32,1786094463.286376,move,334,276,.!frame.!entry
demo_session_05,32,1786094463.336376,move,321,283,.!frame.!entry
demo_session_05,32,1786094463.386376,move,323,275,.!frame.!entry
demo_session_05,32,1786094463.4363759,move,323,286,.!frame.!entry
demo_session_05,32,1786094463.4863758,move,330,291,.!frame.!entry
demo_session_05,32,1786094463.5363758,move,327,302,.!frame.!entry
demo_session_05,32,1786094463.5863757,move,332,286,.!frame.!entry
demo_session_05,32,1786094463.6363757,move,334,288,.!frame.!entry
demo_session_05,32,1786094463.6863756,move,308,286,.!frame.!entry
demo_session_05,32,1786094463.7363756,move,331,287,.!frame.!entry
demo_session_05,32,1786094463.7863755,move,330,294,.!frame.!entry
demo_session_05,32,1786094463.8363755,move,329,294,.!frame.!entry
demo_session_05,32,1786094463.8863754,move,324,296,.!frame.!entry
demo_session_05,32,1786094463.9363754,move,315,293,.!frame.!entry
demo_session_05,32,1786094463.9863753,move,322,285,.!frame.!entry
demo_session_05,32,1786094464.0363753,move,324,281,.!frame.!entry
demo_session_05,32,1786094464.0863752,move,326,284,.!frame.!entry
demo_session_05,32,1786094464.1363752,move,305,289,.!frame.!entry
demo_session_05,32,1786094464.1863751,move,333,290,.!frame.!entry
demo_session_05,32,1786094464.236375,move,354,312,.!frame.!entry
demo_session_05,32,1786094464.286375,move,329,299,.!frame.!entry
demo_session_05,32,1786094464.336375,move,339,286,.!frame.!entry
demo_session_05,32,1786094464.386375,move,335,292,.!frame.!entry
demo_session_05,32,1786094464.436375,move,328,300,.!frame.!entry
demo_session_05,32,1786094464.4863749,move,323,297,.!frame.!entry
demo_session_05,32,1786094464.5363748,move,349,287,.!frame.!entry
demo_session_05,32,1786094464.5863748,move,334,286,.!frame.!entry
demo_session_05,32,1786094464.6363747,move,318,289,.!frame.!entry
demo_session_05,32,1786094464.6863747,move,338,311,.!frame.!entry
demo_session_05,32,1786094464.7363746,move,348,291,.!frame.!entry
demo_session_05,32,1786094464.7863746,move,327,295,.!frame.!entry
demo_session_05,32,1786094464.8363745,move,336,311,.!frame.!entry
demo_session_05,32,1786094464.8863745,move,323,290,.!frame.!entry
demo_session_05,32,1786094464.9363744,move,340,296,.!frame.!entry
demo_session_05,32,1786094464.9863744,move,324,295,.!frame.!entry
demo_session_05,32,1786094465.0363743,move,345,300,.!frame.!button
demo_session_05,32,1786094465.0863743,move,318,291,.!frame.!button
demo_session_05,32,1786094465.1363742,move,344,303,.!frame.!button
demo_session_05,32,1786094465.1863742,move,329,305,.!frame.!button
demo_session_05,32,1786094465.2363741,move,338,288,.!frame.!button
demo_session_05,32,1786094465.286374,move,332,304,.!frame.!button
demo_session_05,32,1786094465.336374,move,338,312,.!frame.!button
demo_session_05,32,1786094465.386374,move,331,288,.!frame.!button
demo_session_05,32,1786094465.436374,move,348,303,.!frame.!button
demo_session_05,32,1786094465.486374,move,321,308,.!frame.!button
demo_session_05,32,1786094465.5363739,move,330,306,.!frame.!button
demo_session_05,32,1786094465.5863738,move,352,304,.!frame.!button
demo_session_05,32,1786094465.6363738,move,328,303,.!frame.!button
demo_session_05,32,1786094465.6863737,move,335,306,.!frame.!button
demo_session_05,32,1786094465.7363737,move,350,290,.!frame.!button
demo_session_05,32,1786094465.7863736,move,326,286,.!frame.!button
demo_session_05,32,1786094465.8363736,move,361,305,.!frame.!button
demo_session_05,32,1786094465.8863735,move,338,311,.!frame.!button
demo_session_05,32,1786094465.9363735,move,348,311,.!frame.!button
demo_session_05,32,1786094465.9863734,move,328,303,.!frame.!button
demo_session_05,32,1786094466.0363734,move,328,311,.!frame.!button
demo_session_05,32,1786094466.0863733,move,327,312,.!frame.!button
demo_session_05,32,1786094466.1363733,move,334,311,.!frame.!button
demo_session_05,32,1786094466.1863732,move,354,299,.!frame.!button
demo_session_05,32,1786094466.2363732,move,351,314,.!frame.!button
demo_session_05,32,1786094466.2863731,move,361,303,.!frame.!button
demo_session_05,32,1786094466.336373,move,339,300,.!frame.!button
demo_session_05,32,1786094466.386373,move,350,313,.!frame.!button
demo_session_05,32,1786094466.436373,move,368,305,.!frame.!button
demo_session_05,32,1786094466.486373,move,321,312,.!frame.!button
demo_session_05,32,1786094466.536373,move,345,298,.!frame.!button
demo_session_05,32,1786094466.5863729,move,335,311,.!frame.!button
demo_session_05,32,1786094466.6363728,move,350,308,.!frame.!button
demo_session_05,32,1786094466.6863728,move,320,311,.!frame.!button
demo_session_05,32,1786094466.7363727,move,372,305,.!frame.!button
demo_session_05,32,1786094466.7863727,move,355,301,.!frame.!button
demo_session_05,32,1786094466.8363726,move,349,315,.!frame.!button
demo_session_05,32,1786094466.8863726,move,344,337,.!frame.!button
demo_session_05,32,1786094466.9363725,move,356,307,.!frame.!button
demo_session_05,32,1786094466.9863725,move,352,320,.!frame.!button
demo_session_05,32,1786094467.0363724,move,343,328,.!frame.!button
demo_session_05,32,1786094467.0863724,move,347,315,.!frame.!button
demo_session_05,32,1786094467.1363723,move,337,313,.!frame.!button
demo_session_05,32,1786094467.1863723,move,354,324,.!frame.!button
demo_session_05,32,1786094467.2363722,move,353,315,.!frame.!button
demo_session_05,32,1786094467.2863722,move,340,333,.!frame.!button
demo_session_05,32,1786094467.3363721,move,350,323,.!frame.!button
demo_session_05,32,1786094467.386372,move,347,323,.!frame.!button
demo_session_05,32,1786094467.436372,move,353,328,.!frame.!button
demo_session_05,32,1786094467.486372,move,377,317,.!frame.!button
demo_session_05,32,1786094467.536372,move,334,311,.!frame.!button
demo_session_05,32,1786094467.6085725,click,350,320,.!frame.!button
demo_session_05,33,1786094467.6085725,move,219,238,.!frame.!entry
demo_session_05,33,1786094467.6585724,move,227,258,.!frame.!entry
demo_session_05,33,1786094467.7085724,move,213,234,.!frame.!entry
demo_session_05,33,1786094467.7585723,move,230,276,.!frame.!entry
demo_session_05,33,1786094467.8085723,move,205,235,.!frame.!entry
demo_session_05,33,1786094467.8585722,move,197,253,.!frame.!entry
demo_session_05,33,1786094467.9085722,move,217,261,.!frame.!entry
demo_session_05,33,1786094467.9585721,move,215,255,.!frame.!entry
demo_session_05,33,1786094468.008572,move,223,245,.!frame.!entry
demo_session_05,33,1786094468.058572,move,224,251,.!frame.!entry
demo_session_05,33,1786094468.108572,move,226,249,.!frame.!entry
demo_session_05,33,1786094468.158572,move,220,248,.!frame.!entry
demo_session_05,33,1786094468.208572,move,224,248,.!frame.!entry
demo_session_05,33,1786094468.2585719,move,223,249,.!frame.!entry
demo_session_05,33,1786094468.3085718,move,236,251,.!frame.!entry
demo_session_05,33,1786094468.3585718,move,234,259,.!frame.!entry
demo_session_05,33,1786094468.4085717,move,234,281,.!frame.!entry
demo_session_05,33,1786094468.4585717,move,238,260,.!frame.!entry
demo_session_05,33,1786094468.5085716,move,226,256,.!frame.!entry
demo_session_05,33,1786094468.5585716,move,233,258,.!frame.!entry
demo_session_05,33,1786094468.6085715,move,231,252,.!frame.!entry
demo_session_05,33,1786094468.6585715,move,241,270,.!frame.!entry
demo_session_05,33,1786094468.7085714,move,250,258,.!frame.!entry
demo_session_05,33,1786094468.7585714,move,239,260,.!frame.!entry
demo_session_05,33,1786094468.8085713,move,245,241,.!frame.!entry
demo_session_05,33,1786094468.8585713,move,228,270,.!frame.!entry
demo_session_05,33,1786094468.9085712,move,244,267,.!frame.!entry
demo_session_05,33,1786094468.9585712,move,250,263,.!frame.!entry
demo_session_05,33,1786094469.0085711,move,236,266,.!frame.!entry
demo_session_05,33,1786094469.058571,move,244,245,.!frame.!entry
demo_session_05,33,1786094469.108571,move,244,261,.!frame.!entry
demo_session_05,33,1786094469.158571,move,265,256,.!frame.!entry
demo_session_05,33,1786094469.208571,move,246,255,.!frame.!entry
demo_session_05,33,1786094469.258571,move,244,285,.!frame.!entry
demo_session_05,33,1786094469.3085709,move,234,277,.!frame.!entry
demo_session_05,33,1786094469.3585708,move,261,275,.!frame.!entry
demo_session_05,33,1786094469.4085708,move,256,268,.!frame.!entry
demo_session_05,33,1786094469.4585707,move,261,266,.!frame.!entry
demo_session_05,33,1786094469.5085707,move,250,270,.!frame.!entry
demo_session_05,33,1786094469.5585706,move,267,273,.!frame.!entry
demo_session_05,33,1786094469.6085706,move,244,262,.!frame.!entry
demo_session_05,33,1786094469.6585705,move,256,276,.!frame.!entry
demo_session_05,33,1786094469.7085705,move,262,271,.!frame.!entry
demo_session_05,33,1786094469.7585704,move,262,285,.!frame.!entry
demo_session_05,33,1786094469.8085704,move,249,281,.!frame.!entry
demo_session_05,33,1786094469.8585703,move,254,263,.!frame.!entry
demo_session_05,33,1786094469.9085703,move,251,283,.!frame.!entry
demo_session_05,33,1786094469.9585702,move,256,274,.!frame.!entry
demo_session_05,33,1786094470.0085702,move,266,260,.!frame.!entry
demo_session_05,33,1786094470.0585701,move,268,269,.!frame.!entry
demo_session_05,33,1786094470.10857,move,266,278,.!frame.!entry
demo_session_05,33,1786094470.15857,move,261,273,.!frame.!entry
demo_session_05,33,1786094470.20857,move,269,278,.!frame.!entry
demo_session_05,33,1786094470.25857,move,255,297,.!frame.!entry
demo_session_05,33,1786094470.30857,move,278,280,.!frame.!entry
demo_session_05,33,1786094470.3585699,move,287,284,.!frame.!entry
demo_session_05,33,1786094470.4085698,move,265,278,.!frame.!entry
demo_session_05,33,1786094470.4585698,move,274,270,.!frame.!entry
demo_session_05,33,1786094470.5085697,move,283,280,.!frame.!entry
demo_session_05,33,1786094470.5585697,move,286,283,.!frame.!entry
demo_session_05,33,1786094470.6085696,move,289,278,.!frame.!entry
demo_session_05,33,1786094470.6585696,move,256,283,.!frame.!entry
demo_session_05,33,1786094470.7085695,move,284,281,.!frame.!entry
demo_session_05,33,1786094470.7585695,move,287,269,.!frame.!entry
demo_session_05,33,1786094470.8085694,move,269,275,.!frame.!entry
demo_session_05,33,1786094470.8585694,move,296,290,.!frame.!entry
demo_session_05,33,1786094470.9085693,move,301,287,.!frame.!entry
demo_session_05,33,1786094470.9585693,move,292,285,.!frame.!entry
demo_session_05,33,1786094471.0085692,move,298,289,.!frame.!entry
demo_session_05,33,1786094471.0585692,move,290,291,.!frame.!entry
demo_session_05,33,1786094471.1085691,move,272,288,.!frame.!entry
demo_session_05,33,1786094471.158569,move,297,291,.!frame.!entry
demo_session_05,33,1786094471.208569,move,293,276,.!frame.!entry
demo_session_05,33,1786094471.258569,move,299,306,.!frame.!entry
demo_session_05,33,1786094471.308569,move,290,292,.!frame.!entry
demo_session_05,33,1786094471.358569,move,319,272,.!frame.!entry
demo_session_05,33,1786094471.4085689,move,297,278,.!frame.!entry
demo_session_05,33,1786094471.4585688,move,322,293,.!frame.!entry
demo_session_05,33,1786094471.5085688,move,284,299,.!frame.!entry
demo_session_05,33,1786094471.5585687,move,304,281,.!frame.!entry
demo_session_05,33,1786094471.6085687,move,306,283,.!frame.!entry
demo_session_05,33,1786094471.6585686,move,301,300,.!frame.!entry
demo_session_05,33,1786094471.7085686,move,301,270,.!frame.!entry
demo_session_05,33,1786094471.7585685,move,295,292,.!frame.!entry
demo_session_05,33,1786094471.8085685,move,323,292,.!frame.!entry
demo_session_05,33,1786094471.8585684,move,312,288,.!frame.!entry
demo_session_05,33,1786094471.9085684,move,288,297,.!frame.!entry
demo_session_05,33,1786094471.9585683,move,304,292,.!frame.!button
demo_session_05,33,1786094472.0085683,move,326,298,.!frame.!button
demo_session_05,33,1786094472.0585682,move,301,301,.!frame.!button
demo_session_05,33,1786094472.1085682,move,316,301,.!frame.!button
demo_session_05,33,1786094472.1585681,move,321,309,.!frame.!button
demo_session_05,33,1786094472.208568,move,332,296,.!frame.!button
demo_session_05,33,1786094472.258568,move,315,309,.!frame.!button
demo_session_05,33,1786094472.308568,move,323,300,.!frame.!button
demo_session_05,33,1786094472.358568,move,311,307,.!frame.!button
demo_session_05,33,1786094472.408568,move,319,300,.!frame.!button
demo_session_05,33,1786094472.4585679,move,317,306,.!frame.!button
demo_session_05,33,1786094472.5085678,move,315,299,.!frame.!button
demo_session_05,33,1786094472.5585678,move,322,310,.!frame.!button
demo_session_05,33,1786094472.6085677,move,327,299,.!frame.!button
demo_session_05,33,1786094472.6585677,move,328,298,.!frame.!button
demo_session_05,33,1786094472.7085676,move,329,311,.!frame.!button
demo_session_05,33,1786094472.7585676,move,333,299,.!frame.!button
demo_session_05,33,1786094472.8085675,move,338,305,.!frame.!button
demo_session_05,33,1786094472.8585675,move,318,293,.!frame.!button
demo_session_05,33,1786094472.9085674,move,336,307,.!frame.!button
demo_session_05,33,1786094472.9585674,move,319,310,.!frame.!button
demo_session_05,33,1786094473.0085673,move,333,303,.!frame.!button
demo_session_05,33,1786094473.0585673,move,331,310,.!frame.!button
demo_session_05,33,1786094473.1085672,move,342,316,.!frame.!button
demo_session_05,33,1786094473.1585672,move,333,311,.!frame.!button
demo_session_05,33,1786094473.2085671,move,341,319,.!frame.!button
demo_session_05,33,1786094473.258567,move,331,299,.!frame.!button
demo_session_05,33,1786094473.308567,move,327,325,.!frame.!button
demo_session_05,33,1786094473.358567,move,337,322,.!frame.!button
demo_session_05,33,1786094473.408567,move,335,309,.!frame.!button
demo_session_05,33,1786094473.458567,move,336,325,.!frame.!button
demo_session_05,33,1786094473.5085669,move,351,318,.!frame.!button
demo_session_05,33,1786094473.5585668,move,348,305,.!frame.!button
demo_session_05,33,1786094473.6085668,move,340,338,.!frame.!button
demo_session_05,33,1786094473.6585667,move,336,312,.!frame.!button
demo_session_05,33,1786094473.7085667,move,354,314,.!frame.!button
demo_session_05,33,1786094473.7585666,move,353,314,.!frame.!button
demo_session_05,33,1786094473.8316853,click,357,327,.!frame.!button
demo_session_05,34,1786094473.8316853,move,607,114,.!frame.!entry
demo_session_05,34,1786094473.8816853,move,586,129,.!frame.!entry
demo_session_05,34,1786094473.9316852,move,596,101,.!frame.!entry
demo_session_05,34,1786094473.9816852,move,568,122,.!frame.!entry
demo_session_05,34,1786094474.031685,move,588,112,.!frame.!entry
demo_session_05,34,1786094474.081685,move,571,117,.!frame.!entry
demo_session_05,34,1786094474.131685,move,577,100,.!frame.!entry
demo_session_05,34,1786094474.181685,move,585,142,.!frame.!entry
demo_session_05,34,1786094474.231685,move,568,100,.!frame.!entry
demo_session_05,34,1786094474.2816849,move,569,122,.!frame.!entry
demo_session_05,34,1786094474.3316848,move,570,108,.!frame.!entry
demo_session_05,34,1786094474.3816848,move,554,128,.!frame.!entry
demo_session_05,34,1786094474.4316847,move,566,138,.!frame.!entry
demo_session_05,34,1786094474.4816847,move,572,109,.!frame.!entry
demo_session_05,34,1786094474.5316846,move,562,142,.!frame.!entry
demo_session_05,34,1786094474.5816846,move,565,131,.!frame.!entry
demo_session_05,34,1786094474.6316845,move,571,130,.!frame.!entry
demo_session_05,34,1786094474.6816845,move,570,145,.!frame.!entry
demo_session_05,34,1786094474.7316844,move,571,141,.!frame.!entry
demo_session_05,34,1786094474.7816844,move,549,139,.!frame.!entry
demo_session_05,34,1786094474.8316844,move,550,134,.!frame.!entry
demo_session_05,34,1786094474.8816843,move,553,128,.!frame.!entry
demo_session_05,34,1786094474.9316843,move,546,125,.!frame.!entry
demo_session_05,34,1786094474.9816842,move,538,151,.!frame.!entry
demo_session_05,34,1786094475.0316842,move,553,137,.!frame.!entry
demo_session_05,34,1786094475.081684,move,543,151,.!frame.!entry
demo_session_05,34,1786094475.131684,move,537,156,.!frame.!entry
demo_session_05,34,1786094475.181684,move,549,156,.!frame.!entry
demo_session_05,34,1786094475.231684,move,539,140,.!frame.!entry
demo_session_05,34,1786094475.281684,move,549,160,.!frame.!entry
demo_session_05,34,1786094475.3316839,move,538,143,.!frame.!entry
demo_session_05,34,1786094475.3816838,move,535,143,.!frame.!entry
demo_session_05,34,1786094475.4316838,move,537,154,.!frame.!entry
demo_session_05,34,1786094475.4816837,move,535,172,.!frame.!entry
demo_session_05,34,1786094475.5316837,move,523,172,.!frame.!entry
demo_session_05,34,1786094475.5816836,move,533,156,.!frame.!entry
demo_session_05,34,1786094475.6316836,move,508,168,.!frame.!entry
demo_session_05,34,1786094475.6816835,move,522,163,.!frame.!entry
demo_session_05,34,1786094475.7316835,move,519,164,.!frame.!entry
demo_session_05,34,1786094475.7816834,move,501,175,.!frame.!entry
demo_session_05,34,1786094475.8316834,move,542,165,.!frame.!entry
demo_session_05,34,1786094475.8816833,move,527,157,.!frame.!entry
demo_session_05,34,1786094475.9316833,move,515,157,.!frame.!entry
demo_session_05,34,1786094475.9816833,move,531,168,.!frame.!entry
demo_session_05,34,1786094476.0316832,move,506,174,.!frame.!entry
demo_session_05,34,1786094476.0816832,move,509,171,.!frame.!entry
demo_session_05,34,1786094476.131683,move,506,187,.!frame.!entry
demo_session_05,34,1786094476.181683,move,500,173,.!frame.!entry
demo_session_05,34,1786094476.231683,move,512,189,.!frame.!entry
demo_session_05,34,1786094476.281683,move,500,183,.!frame.!entry
demo_session_05,34,1786094476.331683,move,492,185,.!frame.!entry
demo_session_05,34,1786094476.3816829,move,496,184,.!frame.!entry
demo_session_05,34,1786094476.4316828,move,491,181,.!frame.!entry
demo_session_05,34,1786094476.4816828,move,497,173,.!frame.!entry
demo_session_05,34,1786094476.5316827,move,499,197,.!frame.!entry
demo_session_05,34,1786094476.5816827,move,484,207,.!frame.!entry
demo_session_05,34,1786094476.6316826,move,481,177,.!frame.!entry
demo_session_05,34,1786094476.6816826,move,489,188,.!frame.!entry
demo_session_05,34,1786094476.7316825,move,493,191,.!frame.!entry
demo_session_05,34,1786094476.7816825,move,489,195,.!frame.!entry
demo_session_05,34,1786094476.8316824,move,496,203,.!frame.!entry
demo_session_05,34,1786094476.8816824,move,469,207,.!frame.!entry
demo_session_05,34,1786094476.9316823,move,459,193,.!frame.!entry
demo_session_05,34,1786094476.9816823,move,480,200,.!frame.!entry
demo_session_05,34,1786094477.0316823,move,491,199,.!frame.!entry
demo_session_05,34,1786094477.0816822,move,464,219,.!frame.!entry
demo_session_05,34,1786094477.1316822,move,474,199,.!frame.!entry
demo_session_05,34,1786094477.181682,move,474,205,.!frame.!entry
demo_session_05,34,1786094477.231682,move,466,221,.!frame.!entry
demo_session_05,34,1786094477.281682,move,467,206,.!frame.!entry
demo_session_05,34,1786094477.331682,move,461,215,.!frame.!entry
demo_session_05,34,1786094477.381682,move,456,224,.!frame.!entry
demo_session_05,34,1786094477.4316819,move,460,232,.!frame.!entry
demo_session_05,34,1786094477.4816818,move,464,237,.!frame.!entry
demo_session_05,34,1786094477.5316818,move,463,211,.!frame.!entry
demo_session_05,34,1786094477.5816817,move,454,212,.!frame.!entry
demo_session_05,34,1786094477.6316817,move,451,239,.!frame.!entry
demo_session_05,34,1786094477.6816816,move,465,217,.!frame.!entry
demo_session_05,34,1786094477.7316816,move,459,239,.!frame.!entry
demo_session_05,34,1786094477.7816815,move,446,218,.!frame.!entry
demo_session_05,34,1786094477.8316815,move,441,240,.!frame.!entry
demo_session_05,34,1786094477.8816814,move,456,240,.!frame.!entry
demo_session_05,34,1786094477.9316814,move,439,246,.!frame.!entry
demo_session_05,34,1786094477.9816813,move,439,231,.!frame.!entry
demo_session_05,34,1786094478.0316813,move,447,231,.!frame.!entry
demo_session_05,34,1786094478.0816813,move,433,242,.!frame.!entry
demo_session_05,34,1786094478.1316812,move,440,246,.!frame.!entry
demo_session_05,34,1786094478.1816812,move,442,242,.!frame.!entry
demo_session_05,34,1786094478.231681,move,429,259,.!frame.!entry
demo_session_05,34,1786094478.281681,move,440,252,.!frame.!entry
demo_session_05,34,1786094478.331681,move,446,244,.!frame.!entry
demo_session_05,34,1786094478.381681,move,425,249,.!frame.!entry
demo_session_05,34,1786094478.431681,move,427,265,.!frame.!entry
demo_session_05,34,1786094478.4816809,move,419,250,.!frame.!entry
demo_session_05,34,1786094478.5316808,move,426,250,.!frame.!entry
demo_session_05,34,1786094478.5816808,move,426,255,.!frame.!entry
demo_session_05,34,1786094478.6316807,move,429,249,.!frame.!button
demo_session_05,34,1786094478.6816807,move,409,253,.!frame.!button
demo_session_05,34,1786094478.7316806,move,418,252,.!frame.!button
demo_session_05,34,1786094478.7816806,move,419,256,.!frame.!button
demo_session_05,34,1786094478.8316805,move,422,259,.!frame.!button
demo_session_05,34,1786094478.8816805,move,402,260,.!frame.!button
demo_session_05,34,1786094478.9316804,move,406,253,.!frame.!button
demo_session_05,34,1786094478.9816804,move,404,261,.!frame.!button
demo_session_05,34,1786094479.0316803,move,391,260,.!frame.!button
demo_session_05,34,1786094479.0816803,move,395,269,.!frame.!button
demo_session_05,34,1786094479.1316803,move,400,282,.!frame.!button
demo_session_05,34,1786094479.1816802,move,408,269,.!frame.!button
demo_session_05,34,1786094479.2316802,move,400,293,.!frame.!button
demo_session_05,34,1786094479.28168,move,397,294,.!frame.!button
demo_session_05,34,1786094479.33168,move,404,277,.!frame.!button
demo_session_05,34,1786094479.38168,move,395,263,.!frame.!button
demo_session_05,34,1786094479.43168,move,390,290,.!frame.!button
demo_session_05,34,1786094479.48168,move,382,279,.!frame.!button
demo_session_05,34,1786094479.5316799,move,391,272,.!frame.!button
demo_session_05,34,1786094479.5816798,move,387,284,.!frame.!button
demo_session_05,34,1786094479.6316798,move,386,292,.!frame.!button
demo_session_05,34,1786094479.6816797,move,405,282,.!frame.!button
demo_session_05,34,1786094479.7316797,move,381,287,.!frame.!button
demo_session_05,34,1786094479.7816796,move,364,301,.!frame.!button
demo_session_05,34,1786094479.8316796,move,378,292,.!frame.!button
demo_session_05,34,1786094479.8816795,move,383,291,.!frame.!button
demo_session_05,34,1786094479.9316795,move,375,296,.!frame.!button
demo_session_05,34,1786094479.9816794,move,393,295,.!frame.!button
demo_session_05,34,1786094480.0316794,move,378,286,.!frame.!button
demo_session_05,34,1786094480.0816793,move,366,291,.!frame.!button
demo_session_05,34,1786094480.1316793,move,371,293,.!frame.!button
demo_session_05,34,1786094480.1816792,move,377,310,.!frame.!button
demo_session_05,34,1786094480.2316792,move,370,300,.!frame.!button
demo_session_05,34,1786094480.2816792,move,371,302,.!frame.!button
demo_session_05,34,1786094480.331679,move,363,304,.!frame.!button
demo_session_05,34,1786094480.381679,move,358,321,.!frame.!button
demo_session_05,34,1786094480.431679,move,354,319,.!frame.!button
demo_session_05,34,1786094480.481679,move,343,310,.!frame.!button
demo_session_05,34,1786094480.531679,move,360,315,.!frame.!button
demo_session_05,34,1786094480.5816789,move,358,313,.!frame.!button
demo_session_05,34,1786094480.6316788,move,338,330,.!frame.!button
demo_session_05,34,1786094480.6816788,move,342,320,.!frame.!button
demo_session_05,34,1786094480.7733004,click,340,310,.!frame.!button
demo_session_05,35,1786094487.2837555,move,566,124,.!frame.!entry
demo_session_05,35,1786094487.3337555,move,564,129,.!frame.!entry
demo_session_05,35,1786094487.3837554,move,566,137,.!frame.!entry
demo_session_05,35,1786094487.4337554,move,563,114,.!frame.!entry
demo_session_05,35,1786094487.4837554,move,548,138,.!frame.!entry
demo_session_05,35,1786094487.5337553,move,559,134,.!frame.!entry
demo_session_05,35,1786094487.5837553,move,561,118,.!frame.!entry
demo_session_05,35,1786094487.6337552,move,543,129,.!frame.!entry
demo_session_05,35,1786094487.6837552,move,559,136,.!frame.!entry
demo_session_05,35,1786094487.733755,move,563,141,.!frame.!entry
demo_session_05,35,1786094487.783755,move,548,138,.!frame.!entry
demo_session_05,35,1786094487.833755,move,562,152,.!frame.!entry
demo_session_05,35,1786094487.883755,move,534,140,.!frame.!entry
demo_session_05,35,1786094487.933755,move,549,140,.!frame.!entry
demo_session_05,35,1786094487.9837549,move,536,147,.!frame.!entry
demo_session_05,35,1786094488.0337548,move,550,142,.!frame.!entry
demo_session_05,35,1786094488.0837548,move,540,155,.!frame.!entry
demo_session_05,35,1786094488.1337547,move,550,141,.!frame.!entry
demo_session_05,35,1786094488.1837547,move,532,164,.!frame.!entry
demo_session_05,35,1786094488.2337546,move,536,159,.!frame.!entry
demo_session_05,35,1786094488.2837546,move,535,148,.!frame.!entry
demo_session_05,35,1786094488.3337545,move,513,157,.!frame.!entry
demo_session_05,35,1786094488.3837545,move,514,160,.!frame.!entry
demo_session_05,35,1786094488.4337544,move,532,162,.!frame.!entry
demo_session_05,35,1786094488.4837544,move,526,157,.!frame.!entry
demo_session_05,35,1786094488.5337543,move,534,159,.!frame.!entry
demo_session_05,35,1786094488.5837543,move,535,149,.!frame.!entry
demo_session_05,35,1786094488.6337543,move,499,172,.!frame.!entry
demo_session_05,35,1786094488.6837542,move,532,163,.!frame.!entry
demo_session_05,35,1786094488.7337542,move,529,173,.!frame.!entry
demo_session_05,35,1786094488.783754,move,521,168,.!frame.!entry
demo_session_05,35,1786094488.833754,move,518,184,.!frame.!entry
demo_session_05,35,1786094488.883754,move,500,174,.!frame.!entry
demo_session_05,35,1786094488.933754,move,527,164,.!frame.!entry
demo_session_05,35,1786094488.983754,move,506,177,.!frame.!entry
demo_session_05,35,1786094489.0337539,move,505,183,.!frame.!entry
demo_session_05,35,1786094489.0837538,move,508,181,.!frame.!entry
demo_session_05,35,1786094489.1337538,move,498,177,.!frame.!entry
demo_session_05,35,1786094489.1837537,move,498,186,.!frame.!entry
demo_session_05,35,1786094489.2337537,move,500,192,.!frame.!entry
demo_session_05,35,1786094489.2837536,move,490,187,.!frame.!entry
demo_session_05,35,1786094489.3337536,move,495,194,.!frame.!entry
demo_session_05,35,1786094489.3837535,move,501,186,.!frame.!entry
demo_session_05,35,1786094489.4337535,move,504,191,.!frame.!entry
demo_session_05,35,1786094489.4837534,move,489,191,.!frame.!entry
demo_session_05,35,1786094489.5337534,move,469,194,.!frame.!entry
demo_session_05,35,1786094489.5837533,move,484,202,.!frame.!entry
demo_session_05,35,1786094489.6337533,move,476,208,.!frame.!entry
demo_session_05,35,1786094489.6837533,move,502,188,.!frame.!entry
demo_session_05,35,1786094489.7337532,move,477,202,.!frame.!entry
demo_session_05,35,1786094489.7837532,move,470,196,.!frame.!entry
demo_session_05,35,1786094489.833753,move,490,205,.!frame.!entry
demo_session_05,35,1786094489.883753,move,470,210,.!frame.!entry
demo_session_05,35,1786094489.933753,move,483,217,.!frame.!entry
demo_session_05,35,1786094489.983753,move,459,222,.!frame.!entry
demo_session_05,35,1786094490.033753,move,466,202,.!frame.!entry
demo_session_05,35,1786094490.0837529,move,480,204,.!frame.!entry
demo_session_05,35,1786094490.1337528,move,473,190,.!frame.!entry
demo_session_05,35,1786094490.1837528,move,446,221,.!frame.!entry
demo_session_05,35,1786094490.2337527,move,459,202,.!frame.!entry
demo_session_05,35,1786094490.2837527,move,452,221,.!frame.!entry
demo_session_05,35,1786094490.3337526,move,463,215,.!frame.!entry
demo_session_05,35,1786094490.3837526,move,452,238,.!frame.!entry
demo_session_05,35,1786094490.4337525,move,443,236,.!frame.!entry
demo_session_05,35,1786094490.4837525,move,455,242,.!frame.!entry
demo_session_05,35,1786094490.5337524,move,453,218,.!frame.!entry
demo_session_05,35,1786094490.5837524,move,451,227,.!frame.!entry
demo_session_05,35,1786094490.6337523,move,449,241,.!frame.!entry
demo_session_05,35,1786094490.6837523,move,441,218,.!frame.!entry
demo_session_05,35,1786094490.7337523,move,443,243,.!frame.!entry
demo_session_05,35,1786094490.7837522,move,432,232,.!frame.!entry
demo_session_05,35,1786094490.8337522,move,422,244,.!frame.!entry
demo_session_05,35,1786094490.883752,move,426,223,.!frame.!entry
demo_session_05,35,1786094490.933752,move,432,250,.!frame.!entry
demo_session_05,35,1786094490.983752,move,428,248,.!frame.!entry
demo_session_05,35,1786094491.033752,move,429,225,.!frame.!entry
demo_session_05,35,1786094491.083752,move,430,240,.!frame.!entry
demo_session_05,35,1786094491.1337519,move,427,245,.!frame.!entry
demo_session_05,35,1786094491.1837518,move,422,247,.!frame.!entry
demo_session_05,35,1786094491.2337518,move,424,249,.!frame.!entry
demo_session_05,35,1786094491.2837517,move,420,248,.!frame.!entry
demo_session_05,35,1786094491.3337517,move,426,253,.!frame.!entry
demo_session_05,35,1786094491.3837516,move,413,261,.!frame.!entry
demo_session_05,35,1786094491.4337516,move,417,246,.!frame.!entry
demo_session_05,35,1786094491.4837515,move,414,266,.!frame.!entry
demo_session_05,35,1786094491.5337515,move,440,245,.!frame.!button
demo_session_05,35,1786094491.5837514,move,410,260,.!frame.!button
demo_session_05,35,1786094491.6337514,move,417,256,.!frame.!button
demo_session_05,35,1786094491.6837513,move,415,267,.!frame.!button
demo_session_05,35,1786094491.7337513,move,414,276,.!frame.!button
demo_session_05,35,1786094491.7837512,move,429,263,.!frame.!button
demo_session_05,35,1786094491.8337512,move,400,267,.!frame.!button
demo_session_05,35,1786094491.8837512,move,393,264,.!frame.!button
demo_session_05,35,1786094491.933751,move,386,287,.!frame.!button
demo_session_05,35,1786094491.983751,move,401,279,.!frame.!button
demo_session_05,35,1786094492.033751,move,384,280,.!frame.!button
demo_session_05,35,1786094492.083751,move,391,283,.!frame.!button
demo_session_05,35,1786094492.133751,move,402,291,.!frame.!button
demo_session_05,35,1786094492.1837509,move,390,278,.!frame.!button
demo_session_05,35,1786094492.2337508,move,394,291,.!frame.!button
demo_session_05,35,1786094492.2837508,move,381,281,.!frame.!button
demo_session_05,35,1786094492.3337507,move,385,298,.!frame.!button
demo_session_05,35,1786094492.3837507,move,388,284,.!frame.!button
demo_session_05,35,1786094492.4337506,move,389,278,.!frame.!button
demo_session_05,35,1786094492.4837506,move,355,297,.!frame.!button
demo_session_05,35,1786094492.5337505,move,386,292,.!frame.!button
demo_session_05,35,1786094492.5837505,move,385,295,.!frame.!button
demo_session_05,35,1786094492.6337504,move,372,286,.!frame.!button
demo_session_05,35,1786094492.6837504,move,379,307,.!frame.!button
demo_session_05,35,1786094492.7337503,move,370,293,.!frame.!button
demo_session_05,35,1786094492.7837503,move,358,295,.!frame.!button
demo_session_05,35,1786094492.8337502,move,362,306,.!frame.!button
demo_session_05,35,1786094492.8837502,move,382,304,.!frame.!button
demo_session_05,35,1786094492.9337502,move,351,301,.!frame.!button
demo_session_05,35,1786094492.98375,move,367,311,.!frame.!button
demo_session_05,35,1786094493.03375,move,357,305,.!frame.!button
demo_session_05,35,1786094493.08375,move,352,309,.!frame.!button
demo_session_05,35,1786094493.13375,move,373,311,.!frame.!button
demo_session_05,35,1786094493.18375,move,364,311,.!frame.!button
demo_session_05,35,1786094493.2337499,move,346,310,.!frame.!button
demo_session_05,35,1786094493.2837498,move,357,323,.!frame.!button
demo_session_05,35,1786094493.3337498,move,351,331,.!frame.!button
demo_session_05,35,1786094493.421532,click,348,318,.!frame.!button
demo_session_05,36,1786094493.421532,move,381,373,.!frame.!entry
demo_session_05,36,1786094493.4715319,move,379,377,.!frame.!entry
demo_session_05,36,1786094493.5215318,move,378,371,.!frame.!entry
demo_session_05,36,1786094493.5715318,move,369,367,.!frame.!entry
demo_session_05,36,1786094493.6215317,move,393,373,.!frame.!entry
demo_session_05,36,1786094493.6715317,move,402,376,.!frame.!entry
demo_session_05,36,1786094493.7215316,move,388,382,.!frame.!entry
demo_session_05,36,1786094493.7715316,move,384,375,.!frame.!entry
demo_session_05,36,1786094493.8215315,move,397,370,.!frame.!entry
demo_session_05,36,1786094493.8715315,move,372,369,.!frame.!entry
demo_session_05,36,1786094493.9215314,move,390,345,.!frame.!entry
demo_session_05,36,1786094493.9715314,move,386,354,.!frame.!entry
demo_session_05,36,1786094494.0215313,move,380,363,.!frame.!entry
demo_session_05,36,1786094494.0715313,move,382,369,.!frame.!entry
demo_session_05,36,1786094494.1215312,move,375,372,.!frame.!entry
demo_session_05,36,1786094494.1715312,move,384,360,.!frame.!entry
demo_session_05,36,1786094494.2215312,move,387,377,.!frame.!entry
demo_session_05,36,1786094494.271531,move,376,368,.!frame.!entry
demo_session_05,36,1786094494.321531,move,397,335,.!frame.!entry
demo_session_05,36,1786094494.371531,move,374,365,.!frame.!entry
demo_session_05,36,1786094494.421531,move,392,351,.!frame.!entry
demo_session_05,36,1786094494.471531,move,391,361,.!frame.!entry
demo_session_05,36,1786094494.5215309,move,380,378,.!frame.!entry
demo_session_05,36,1786094494.5715308,move,374,366,.!frame.!entry
demo_session_05,36,1786094494.6215308,move,397,368,.!frame.!entry
demo_session_05,36,1786094494.6715307,move,373,369,.!frame.!entry
demo_session_05,36,1786094494.7215307,move,376,358,.!frame.!entry
demo_session_05,36,1786094494.7715306,move,380,362,.!frame.!entry
demo_session_05,36,1786094494.8215306,move,373,344,.!frame.!entry
demo_session_05,36,1786094494.8715305,move,373,338,.!frame.!entry
demo_session_05,36,1786094494.9215305,move,376,344,.!frame.!entry
demo_session_05,36,1786094494.9715304,move,395,365,.!frame.!entry
demo_session_05,36,1786094495.0215304,move,379,358,.!frame.!entry
demo_session_05,36,1786094495.0715303,move,380,361,.!frame.!entry
demo_session_05,36,1786094495.1215303,move,376,371,.!frame.!entry
demo_session_05,36,1786094495.1715302,move,373,376,.!frame.!entry
demo_session_05,36,1786094495.2215302,move,378,355,.!frame.!entry
demo_session_05,36,1786094495.2715302,move,376,346,.!frame.!entry
demo_session_05,36,1786094495.32153,move,376,351,.!frame.!entry
demo_session_05,36,1786094495.37153,move,371,363,.!frame.!entry
demo_session_05,36,1786094495.42153,move,376,363,.!frame.!entry
demo_session_05,36,1786094495.47153,move,380,357,.!frame.!entry
demo_session_05,36,1786094495.52153,move,375,361,.!frame.!entry
demo_session_05,36,1786094495.5715299,move,375,358,.!frame.!entry
demo_session_05,36,1786094495.6215298,move,375,361,.!frame.!entry
demo_session_05,36,1786094495.6715298,move,361,363,.!frame.!entry
demo_session_05,36,1786094495.7215297,move,385,353,.!frame.!entry
demo_session_05,36,1786094495.7715297,move,358,349,.!frame.!entry
demo_session_05,36,1786094495.8215296,move,360,357,.!frame.!entry
demo_session_05,36,1786094495.8715296,move,376,347,.!frame.!entry
demo_session_05,36,1786094495.9215295,move,362,364,.!frame.!entry
demo_session_05,36,1786094495.9715295,move,375,358,.!frame.!entry
demo_session_05,36,1786094496.0215294,move,383,354,.!frame.!entry
demo_session_05,36,1786094496.0715294,move,384,341,.!frame.!entry
demo_session_05,36,1786094496.1215293,move,371,354,.!frame.!entry
demo_session_05,36,1786094496.1715293,move,382,360,.!frame.!entry
demo_session_05,36,1786094496.2215292,move,364,350,.!frame.!entry
demo_session_05,36,1786094496.2715292,move,376,354,.!frame.!entry
demo_session_05,36,1786094496.3215292,move,357,355,.!frame.!entry
demo_session_05,36,1786094496.371529,move,381,343,.!frame.!entry
demo_session_05,36,1786094496.421529,move,371,351,.!frame.!entry
demo_session_05,36,1786094496.471529,move,375,353,.!frame.!entry
demo_session_05,36,1786094496.521529,move,374,336,.!frame.!entry
demo_session_05,36,1786094496.571529,move,372,343,.!frame.!entry
demo_session_05,36,1786094496.6215289,move,379,345,.!frame.!entry
demo_session_05,36,1786094496.6715288,move,380,358,.!frame.!entry
demo_session_05,36,1786094496.7215288,move,369,342,.!frame.!entry
demo_session_05,36,1786094496.7715287,move,369,357,.!frame.!entry
demo_session_05,36,1786094496.8215287,move,362,363,.!frame.!entry
demo_session_05,36,1786094496.8715286,move,376,332,.!frame.!entry
demo_session_05,36,1786094496.9215286,move,375,343,.!frame.!entry
demo_session_05,36,1786094496.9715285,move,364,339,.!frame.!entry
demo_session_05,36,1786094497.0215285,move,348,365,.!frame.!entry
demo_session_05,36,1786094497.0715284,move,379,360,.!frame.!entry
demo_session_05,36,1786094497.1215284,move,373,341,.!frame.!entry
demo_session_05,36,1786094497.1715283,move,361,335,.!frame.!entry
demo_session_05,36,1786094497.2215283,move,358,355,.!frame.!entry
demo_session_05,36,1786094497.2715282,move,357,324,.!frame.!entry
demo_session_05,36,1786094497.3215282,move,368,351,.!frame.!entry
demo_session_05,36,1786094497.3715281,move,369,336,.!frame.!entry
demo_session_05,36,1786094497.421528,move,369,334,.!frame.!entry
demo_session_05,36,1786094497.471528,move,370,332,.!frame.!entry
demo_session_05,36,1786094497.521528,move,364,333,.!frame.!entry
demo_session_05,36,1786094497.571528,move,345,348,.!frame.!entry
demo_session_05,36,1786094497.621528,move,362,345,.!frame.!entry
demo_session_05,36,1786094497.6715279,move,385,341,.!frame.!entry
demo_session_05,36,1786094497.7215278,move,372,333,.!frame.!entry
demo_session_05,36,1786094497.7715278,move,349,339,.!frame.!entry
demo_session_05,36,1786094497.8215277,move,361,344,.!frame.!entry
demo_session_05,36,1786094497.8715277,move,374,328,.!frame.!entry
demo_session_05,36,1786094497.9215276,move,356,330,.!frame.!entry
demo_session_05,36,1786094497.9715276,move,365,343,.!frame.!entry
demo_session_05,36,1786094498.0215275,move,372,322,.!frame.!entry
demo_session_05,36,1786094498.0715275,move,370,336,.!frame.!entry
demo_session_05,36,1786094498.1215274,move,330,348,.!frame.!entry
demo_session_05,36,1786094498.1715274,move,363,337,.!frame.!entry
demo_session_05,36,1786094498.2215273,move,362,342,.!frame.!entry
demo_session_05,36,1786094498.2715273,move,371,339,.!frame.!entry
demo_session_05,36,1786094498.3215272,move,365,323,.!frame.!entry
demo_session_05,36,1786094498.3715272,move,342,328,.!frame.!entry
demo_session_05,36,1786094498.4215271,move,369,337,.!frame.!entry
demo_session_05,36,1786094498.471527,move,363,333,.!frame.!entry
demo_session_05,36,1786094498.521527,move,363,313,.!frame.!entry
demo_session_05,36,1786094498.571527,move,359,338,.!frame.!entry
demo_session_05,36,1786094498.621527,move,347,337,.!frame.!entry
demo_session_05,36,1786094498.671527,move,359,331,.!frame.!button
demo_session_05,36,1786094498.7215269,move,351,348,.!frame.!button
demo_session_05,36,1786094498.7715268,move,374,332,.!frame.!button
demo_session_05,36,1786094498.8215268,move,363,329,.!frame.!button
demo_session_05,36,1786094498.8715267,move,359,333,.!frame.!button
demo_session_05,36,1786094498.9215267,move,367,342,.!frame.!button
demo_session_05,36,1786094498.9715266,move,348,331,.!frame.!button
demo_session_05,36,1786094499.0215266,move,353,344,.!frame.!button
demo_session_05,36,1786094499.0715265,move,370,321,.!frame.!button
demo_session_05,36,1786094499.1215265,move,360,345,.!frame.!button
demo_session_05,36,1786094499.1715264,move,369,335,.!frame.!button
demo_session_05,36,1786094499.2215264,move,380,338,.!frame.!button
demo_session_05,36,1786094499.2715263,move,362,344,.!frame.!button
demo_session_05,36,1786094499.3215263,move,363,334,.!frame.!button
demo_session_05,36,1786094499.3715262,move,364,332,.!frame.!button
demo_session_05,36,1786094499.4215262,move,355,328,.!frame.!button
demo_session_05,36,1786094499.4715261,move,365,336,.!frame.!button
demo_session_05,36,1786094499.521526,move,361,336,.!frame.!button
demo_session_05,36,1786094499.571526,move,350,327,.!frame.!button
demo_session_05,36,1786094499.621526,move,358,318,.!frame.!button
demo_session_05,36,1786094499.671526,move,369,325,.!frame.!button
demo_session_05,36,1786094499.721526,move,367,331,.!frame.!button
demo_session_05,36,1786094499.7715259,move,331,334,.!frame.!button
demo_session_05,36,1786094499.8215258,move,348,327,.!frame.!button
demo_session_05,36,1786094499.8715258,move,332,327,.!frame.!button
demo_session_05,36,1786094499.9215257,move,346,327,.!frame.!button
demo_session_05,36,1786094499.9715257,move,360,316,.!frame.!button
demo_session_05,36,1786094500.0215256,move,346,329,.!frame.!button
demo_session_05,36,1786094500.0715256,move,345,318,.!frame.!button
demo_session_05,36,1786094500.1215255,move,350,323,.!frame.!button
demo_session_05,36,1786094500.1715255,move,362,318,.!frame.!button
demo_session_05,36,1786094500.2215254,move,352,323,.!frame.!button
demo_session_05,36,1786094500.2715254,move,354,316,.!frame.!button
demo_session_05,36,1786094500.3215253,move,359,323,.!frame.!button
demo_session_05,36,1786094500.3715253,move,347,332,.!frame.!button
demo_session_05,36,1786094500.4215252,move,358,326,.!frame.!button
demo_session_05,36,1786094500.4715252,move,328,331,.!frame.!button
demo_session_05,36,1786094500.5215251,move,351,328,.!frame.!button
demo_session_05,36,1786094500.571525,move,353,318,.!frame.!button
demo_session_05,36,1786094500.621525,move,360,321,.!frame.!button
demo_session_05,36,1786094500.671525,move,350,319,.!frame.!button
demo_session_05,36,1786094500.721525,move,347,340,.!frame.!button
demo_session_05,36,1786094500.771525,move,350,327,.!frame.!button
demo_session_05,36,1786094500.8215249,move,343,313,.!frame.!button
demo_session_05,36,1786094500.8715248,move,352,316,.!frame.!button
demo_session_05,36,1786094500.9215248,move,345,331,.!frame.!button
demo_session_05,36,1786094501.0068588,click,349,319,.!frame.!button
demo_session_05,37,1786094501.0068588,move,178,331,.!frame.!entry
demo_session_05,37,1786094501.0568588,move,188,353,.!frame.!entry
demo_session_05,37,1786094501.1068587,move,185,363,.!frame.!entry
demo_session_05,37,1786094501.1568587,move,195,346,.!frame.!entry
demo_session_05,37,1786094501.2068586,move,182,351,.!frame.!entry
demo_session_05,37,1786094501.2568586,move,187,352,.!frame.!entry
demo_session_05,37,1786094501.3068585,move,201,355,.!frame.!entry
demo_session_05,37,1786094501.3568585,move,202,337,.!frame.!entry
demo_session_05,37,1786094501.4068584,move,198,363,.!frame.!entry
demo_session_05,37,1786094501.4568584,move,213,353,.!frame.!entry
demo_session_05,37,1786094501.5068583,move,202,348,.!frame.!entry
demo_session_05,37,1786094501.5568583,move,202,348,.!frame.!entry
demo_session_05,37,1786094501.6068583,move,203,343,.!frame.!entry
demo_session_05,37,1786094501.6568582,move,212,350,.!frame.!entry
demo_session_05,37,1786094501.7068582,move,214,353,.!frame.!entry
demo_session_05,37,1786094501.756858,move,211,350,.!frame.!entry
demo_session_05,37,1786094501.806858,move,222,347,.!frame.!entry
demo_session_05,37,1786094501.856858,move,228,352,.!frame.!entry
demo_session_05,37,1786094501.906858,move,215,342,.!frame.!entry
demo_session_05,37,1786094501.956858,move,223,334,.!frame.!entry
demo_session_05,37,1786094502.0068579,move,228,345,.!frame.!entry
demo_session_05,37,1786094502.0568578,move,219,340,.!frame.!entry
demo_session_05,37,1786094502.1068578,move,215,343,.!frame.!entry
demo_session_05,37,1786094502.1568577,move,213,338,.!frame.!entry
demo_session_05,37,1786094502.2068577,move,232,345,.!frame.!entry
demo_session_05,37,1786094502.2568576,move,205,346,.!frame.!entry
demo_session_05,37,1786094502.3068576,move,213,328,.!frame.!entry
demo_session_05,37,1786094502.3568575,move,240,332,.!frame.!entry
demo_session_05,37,1786094502.4068575,move,232,343,.!frame.!entry
demo_session_05,37,1786094502.4568574,move,239,349,.!frame.!entry
demo_session_05,37,1786094502.5068574,move,232,342,.!frame.!entry
demo_session_05,37,1786094502.5568573,move,239,329,.!frame.!entry
demo_session_05,37,1786094502.6068573,move,230,350,.!frame.!entry
demo_session_05,37,1786094502.6568573,move,234,340,.!frame.!entry
demo_session_05,37,1786094502.7068572,move,216,345,.!frame.!entry
demo_session_05,37,1786094502.7568572,move,245,358,.!frame.!entry
demo_session_05,37,1786094502.806857,move,241,342,.!frame.!entry
demo_session_05,37,1786094502.856857,move,244,332,.!frame.!entry
demo_session_05,37,1786094502.906857,move,247,347,.!frame.!entry
demo_session_05,37,1786094502.956857,move,250,325,.!frame.!entry
demo_session_05,37,1786094503.006857,move,247,345,.!frame.!entry
demo_session_05,37,1786094503.0568569,move,247,353,.!frame.!entry
demo_session_05,37,1786094503.1068568,move,241,335,.!frame.!entry
demo_session_05,37,1786094503.1568568,move,253,339,.!frame.!entry
demo_session_05,37,1786094503.2068567,move,244,348,.!frame.!entry
demo_session_05,37,1786094503.2568567,move,250,342,.!frame.!entry
demo_session_05,37,1786094503.3068566,move,258,338,.!frame.!entry
demo_session_05,37,1786094503.3568566,move,250,337,.!frame.!entry
demo_session_05,37,1786094503.4068565,move,272,346,.!frame.!entry
demo_session_05,37,1786094503.4568565,move,242,338,.!frame.!entry
demo_session_05,37,1786094503.5068564,move,253,321,.!frame.!entry
demo_session_05,37,1786094503.5568564,move,235,336,.!frame.!entry
demo_session_05,37,1786094503.6068563,move,262,330,.!frame.!entry
demo_session_05,37,1786094503.6568563,move,264,340,.!frame.!entry
demo_session_05,37,1786094503.7068563,move,270,320,.!frame.!entry
demo_session_05,37,1786094503.7568562,move,266,339,.!frame.!entry
demo_session_05,37,1786094503.8068562,move,246,332,.!frame.!entry
demo_session_05,37,1786094503.856856,move,251,356,.!frame.!entry
demo_session_05,37,1786094503.906856,move,264,338,.!frame.!entry
demo_session_05,37,1786094503.956856,move,260,346,.!frame.!entry
demo_session_05,37,1786094504.006856,move,283,337,.!frame.!entry
demo_session_05,37,1786094504.056856,move,276,335,.!frame.!entry
demo_session_05,37,1786094504.1068559,move,287,339,.!frame.!entry
demo_session_05,37,1786094504.1568558,move,272,332,.!frame.!entry
demo_session_05,37,1786094504.2068558,move,294,331,.!frame.!entry
demo_session_05,37,1786094504.2568557,move,277,340,.!frame.!entry
demo_session_05,37,1786094504.3068557,move,271,333,.!frame.!entry
demo_session_05,37,1786094504.3568556,move,293,337,.!frame.!entry
demo_session_05,37,1786094504.4068556,move,308,333,.!frame.!entry
demo_session_05,37,1786094504.4568555,move,296,320,.!frame.!entry
demo_session_05,37,1786094504.5068555,move,279,318,.!frame.!entry
demo_session_05,37,1786094504.5568554,move,290,331,.!frame.!entry
demo_session_05,37,1786094504.6068554,move,277,331,.!frame.!entry
demo_session_05,37,1786094504.6568553,move,291,321,.!frame.!entry
demo_session_05,37,1786094504.7068553,move,297,319,.!frame.!entry
demo_session_05,37,1786094504.7568552,move,285,337,.!frame.!entry
demo_session_05,37,1786094504.8068552,move,293,311,.!frame.!entry
demo_session_05,37,1786094504.8568552,move,297,338,.!frame.!entry
demo_session_05,37,1786094504.906855,move,305,333,.!frame.!entry
demo_session_05,37,1786094504.956855,move,297,327,.!frame.!entry
demo_session_05,37,1786094505.006855,move,302,314,.!frame.!button
demo_session_05,37,1786094505.056855,move,304,333,.!frame.!button
demo_session_05,37,1786094505.106855,move,312,318,.!frame.!button
demo_session_05,37,1786094505.1568549,move,299,332,.!frame.!button
demo_session_05,37,1786094505.2068548,move,310,332,.!frame.!button
demo_session_05,37,1786094505.2568548,move,317,328,.!frame.!button
demo_session_05,37,1786094505.3068547,move,308,323,.!frame.!button
demo_session_05,37,1786094505.3568547,move,312,332,.!frame.!button
demo_session_05,37,1786094505.4068546,move,312,323,.!frame.!button
demo_session_05,37,1786094505.4568546,move,311,315,.!frame.!button
demo_session_05,37,1786094505.5068545,move,311,330,.!frame.!button
demo_session_05,37,1786094505.5568545,move,321,326,.!frame.!button
demo_session_05,37,1786094505.6068544,move,330,313,.!frame.!button
demo_session_05,37,1786094505.6568544,move,322,324,.!frame.!button
demo_session_05,37,1786094505.7068543,move,314,312,.!frame.!button
demo_session_05,37,1786094505.7568543,move,318,328,.!frame.!button
demo_session_05,37,1786094505.8068542,move,336,337,.!frame.!button
demo_session_05,37,1786094505.8568542,move,321,319,.!frame.!button
demo_session_05,37,1786094505.9068542,move,336,315,.!frame.!button
demo_session_05,37,1786094505.956854,move,335,320,.!frame.!button
demo_session_05,37,1786094506.006854,move,334,323,.!frame.!button
demo_session_05,37,1786094506.056854,move,336,327,.!frame.!button
demo_session_05,37,1786094506.106854,move,334,329,.!frame.!button
demo_session_05,37,1786094506.156854,move,326,317,.!frame.!button
demo_session_05,37,1786094506.2068539,move,323,330,.!frame.!button
demo_session_05,37,1786094506.2568538,move,348,335,.!frame.!button
demo_session_05,37,1786094506.3068538,move,350,305,.!frame.!button
demo_session_05,37,1786094506.3568537,move,336,303,.!frame.!button
demo_session_05,37,1786094506.4068537,move,347,333,.!frame.!button
demo_session_05,37,1786094506.4568536,move,338,335,.!frame.!button
demo_session_05,37,1786094506.5068536,move,345,318,.!frame.!button
demo_session_05,37,1786094506.5568535,move,351,317,.!frame.!button
demo_session_05,37,1786094506.6068535,move,359,320,.!frame.!button
demo_session_05,37,1786094506.6568534,move,341,319,.!frame.!button
demo_session_05,37,1786094506.7376363,click,351,321,.!frame.!button
demo_session_05,38,1786094506.7376363,move,508,369,.!frame.!entry
demo_session_05,38,1786094506.7876363,move,491,361,.!frame.!entry
demo_session_05,38,1786094506.8376362,move,498,353,.!frame.!entry
demo_session_05,38,1786094506.8876362,move,492,367,.!frame.!entry
demo_session_05,38,1786094506.9376361,move,496,353,.!frame.!entry
demo_session_05,38,1786094506.987636,move,484,356,.!frame.!entry
demo_session_05,38,1786094507.037636,move,483,355,.!frame.!entry
demo_session_05,38,1786094507.087636,move,479,350,.!frame.!entry
demo_session_05,38,1786094507.137636,move,485,353,.!frame.!entry
demo_session_05,38,1786094507.187636,move,474,361,.!frame.!entry
demo_session_05,38,1786094507.2376359,move,477,376,.!frame.!entry
demo_session_05,38,1786094507.2876358,move,482,342,.!frame.!entry
demo_session_05,38,1786094507.3376358,move,475,349,.!frame.!entry
demo_session_05,38,1786094507.3876357,move,469,332,.!frame.!entry
demo_session_05,38,1786094507.4376357,move,470,350,.!frame.!entry
demo_session_05,38,1786094507.4876356,move,470,351,.!frame.!entry
demo_session_05,38,1786094507.5376356,move,480,339,.!frame.!entry
demo_session_05,38,1786094507.5876355,move,489,339,.!frame.!entry
demo_session_05,38,1786094507.6376355,move,474,358,.!frame.!entry
demo_session_05,38,1786094507.6876354,move,479,346,.!frame.!entry
demo_session_05,38,1786094507.7376354,move,490,347,.!frame.!entry
demo_session_05,38,1786094507.7876353,move,472,356,.!frame.!entry
demo_session_05,38,1786094507.8376353,move,460,362,.!frame.!entry
demo_session_05,38,1786094507.8876352,move,469,351,.!frame.!entry
demo_session_05,38,1786094507.9376352,move,474,354,.!frame.!entry
demo_session_05,38,1786094507.9876351,move,478,351,.!frame.!entry
demo_session_05,38,1786094508.037635,move,483,345,.!frame.!entry
demo_session_05,38,1786094508.087635,move,465,358,.!frame.!entry
demo_session_05,38,1786094508.137635,move,467,348,.!frame.!entry
demo_session_05,38,1786094508.187635,move,470,345,.!frame.!entry
demo_session_05,38,1786094508.237635,move,450,360,.!frame.!entry
demo_session_05,38,1786094508.2876348,move,447,345,.!frame.!entry
demo_session_05,38,1786094508.3376348,move,468,351,.!frame.!entry
demo_session_05,38,1786094508.3876348,move,440,353,.!frame.!entry
demo_session_05,38,1786094508.4376347,move,459,350,.!frame.!entry
demo_session_05,38,1786094508.4876347,move,469,345,.!frame.!entry
demo_session_05,38,1786094508.5376346,move,444,360,.!frame.!entry
demo_session_05,38,1786094508.5876346,move,452,353,.!frame.!entry
demo_session_05,38,1786094508.6376345,move,447,337,.!frame.!entry
demo_session_05,38,1786094508.6876345,move,466,329,.!frame.!entry
demo_session_05,38,1786094508.7376344,move,441,344,.!frame.!entry
demo_session_05,38,1786094508.7876344,move,436,347,.!frame.!entry
demo_session_05,38,1786094508.8376343,move,447,348,.!frame.!entry
demo_session_05,38,1786094508.8876343,move,444,341,.!frame.!entry
demo_session_05,38,1786094508.9376342,move,446,350,.!frame.!entry
demo_session_05,38,1786094508.9876342,move,442,337,.!frame.!entry
demo_session_05,38,1786094509.0376341,move,448,339,.!frame.!entry
demo_session_05,38,1786094509.087634,move,445,352,.!frame.!entry
demo_session_05,38,1786094509.137634,move,448,335,.!frame.!entry
demo_session_05,38,1786094509.187634,move,448,334,.!frame.!entry
demo_session_05,38,1786094509.237634,move,416,331,.!frame.!entry
demo_session_05,38,1786094509.287634,move,434,342,.!frame.!entry
demo_session_05,38,1786094509.3376338,move,430,336,.!frame.!entry
demo_session_05,38,1786094509.3876338,move,429,345,.!frame.!entry
demo_session_05,38,1786094509.4376338,move,440,334,.!frame.!entry
demo_session_05,38,1786094509.4876337,move,443,333,.!frame.!entry
demo_session_05,38,1786094509.5376337,move,423,350,.!frame.!entry
demo_session_05,38,1786094509.5876336,move,428,356,.!frame.!entry
demo_session_05,38,1786094509.6376336,move,420,362,.!frame.!entry
demo_session_05,38,1786094509.6876335,move,430,343,.!frame.!entry
demo_session_05,38,1786094509.7376335,move,431,345,.!frame.!entry
demo_session_05,38,1786094509.7876334,move,441,348,.!frame.!entry
demo_session_05,38,1786094509.8376334,move,429,327,.!frame.!entry
demo_session_05,38,1786094509.8876333,move,397,336,.!frame.!entry
demo_session_05,38,1786094509.9376333,move,420,345,.!frame.!entry
demo_session_05,38,1786094509.9876332,move,424,339,.!frame.!entry
demo_session_05,38,1786094510.0376332,move,416,354,.!frame.!entry
demo_session_05,38,1786094510.0876331,move,407,333,.!frame.!entry
demo_session_05,38,1786094510.137633,move,424,326,.!frame.!entry
demo_session_05,38,1786094510.187633,move,418,331,.!frame.!entry
demo_session_05,38,1786094510.237633,move,416,332,.!frame.!entry
demo_session_05,38,1786094510.287633,move,411,329,.!frame.!entry
demo_session_05,38,1786094510.337633,move,421,333,.!frame.!entry
demo_session_05,38,1786094510.3876328,move,398,329,.!frame.!entry
demo_session_05,38,1786094510.4376328,move,417,321,.!frame.!entry
demo_session_05,38,1786094510.4876328,move,407,320,.!frame.!entry
demo_session_05,38,1786094510.5376327,move,404,326,.!frame.!entry
demo_session_05,38,1786094510.5876327,move,402,333,.!frame.!entry
demo_session_05,38,1786094510.6376326,move,395,337,.!frame.!entry
demo_session_05,38,1786094510.6876326,move,404,334,.!frame.!entry
demo_session_05,38,1786094510.7376325,move,425,335,.!frame.!entry
demo_session_05,38,1786094510.7876325,move,408,330,.!frame.!entry
demo_session_05,38,1786094510.8376324,move,407,350,.!frame.!entry
demo_session_05,38,1786094510.8876324,move,388,323,.!frame.!entry
demo_session_05,38,1786094510.9376323,move,408,325,.!frame.!entry
demo_session_05,38,1786094510.9876323,move,401,339,.!frame.!entry
demo_session_05,38,1786094511.0376322,move,390,326,.!frame.!entry
demo_session_05,38,1786094511.0876322,move,400,340,.!frame.!entry
demo_session_05,38,1786094511.1376321,move,393,318,.!frame.!entry
demo_session_05,38,1786094511.187632,move,390,337,.!frame.!button
demo_session_05,38,1786094511.237632,move,401,334,.!frame.!button
demo_session_05,38,1786094511.287632,move,392,347,.!frame.!button
demo_session_05,38,1786094511.337632,move,380,318,.!frame.!button
demo_session_05,38,1786094511.387632,move,394,329,.!frame.!button
demo_session_05,38,1786094511.4376318,move,381,335,.!frame.!button
demo_session_05,38,1786094511.4876318,move,374,324,.!frame.!button
demo_session_05,38,1786094511.5376318,move,384,322,.!frame.!button
demo_session_05,38,1786094511.5876317,move,375,317,.!frame.!button
demo_session_05,38,1786094511.6376317,move,369,329,.!frame.!button
demo_session_05,38,1786094511.6876316,move,387,345,.!frame.!button
demo_session_05,38,1786094511.7376316,move,377,327,.!frame.!button
demo_session_05,38,1786094511.7876315,move,382,321,.!frame.!button
demo_session_05,38,1786094511.8376315,move,373,327,.!frame.!button
demo_session_05,38,1786094511.8876314,move,376,316,.!frame.!button
demo_session_05,38,1786094511.9376314,move,392,326,.!frame.!button
demo_session_05,38,1786094511.9876313,move,386,334,.!frame.!button
demo_session_05,38,1786094512.0376313,move,379,334,.!frame.!button
demo_session_05,38,1786094512.0876312,move,363,330,.!frame.!button
demo_session_05,38,1786094512.1376312,move,385,326,.!frame.!button
demo_session_05,38,1786094512.1876311,move,362,324,.!frame.!button
demo_session_05,38,1786094512.237631,move,362,334,.!frame.!button
demo_session_05,38,1786094512.287631,move,372,328,.!frame.!button
demo_session_05,38,1786094512.337631,move,361,305,.!frame.!button
demo_session_05,38,1786094512.387631,move,354,323,.!frame.!button
demo_session_05,38,1786094512.437631,move,358,321,.!frame.!button
demo_session_05,38,1786094512.4876308,move,343,314,.!frame.!button
demo_session_05,38,1786094512.5376308,move,354,315,.!frame.!button
demo_session_05,38,1786094512.5876307,move,347,322,.!frame.!button
demo_session_05,38,1786094512.6376307,move,377,322,.!frame.!button
demo_session_05,38,1786094512.6876307,move,367,299,.!frame.!button
demo_session_05,38,1786094512.7376306,move,361,317,.!frame.!button
demo_session_05,38,1786094512.7876306,move,361,314,.!frame.!button
demo_session_05,38,1786094512.8376305,move,344,320,.!frame.!button
demo_session_05,38,1786094512.8876305,move,358,325,.!frame.!button
demo_session_05,38,1786094512.9376304,move,346,321,.!frame.!button
demo_session_05,38,1786094512.9876304,move,356,322,.!frame.!button
demo_session_05,38,1786094513.0376303,move,355,328,.!frame.!button
demo_session_05,38,1786094513.1307166,click,343,313,.!frame.!button
demo_session_05,39,1786094513.1307166,move,463,373,.!frame.!entry
demo_session_05,39,1786094513.1807165,move,468,351,.!frame.!entry
demo_session_05,39,1786094513.2307165,move,475,355,.!frame.!entry
demo_session_05,39,1786094513.2807164,move,472,349,.!frame.!entry
demo_session_05,39,1786094513.3307164,move,451,366,.!frame.!entry
demo_session_05,39,1786094513.3807163,move,479,356,.!frame.!entry
demo_session_05,39,1786094513.4307163,move,445,340,.!frame.!entry
demo_session_05,39,1786094513.4807162,move,441,346,.!frame.!entry
demo_session_05,39,1786094513.5307162,move,479,336,.!frame.!entry
demo_session_05,39,1786094513.5807161,move,454,345,.!frame.!entry
demo_session_05,39,1786094513.630716,move,483,354,.!frame.!entry
demo_session_05,39,1786094513.680716,move,454,352,.!frame.!entry
demo_session_05,39,1786094513.730716,move,445,352,.!frame.!entry
demo_session_05,39,1786094513.780716,move,457,364,.!frame.!entry
demo_session_05,39,1786094513.830716,move,456,331,.!frame.!entry
demo_session_05,39,1786094513.8807158,move,460,331,.!frame.!entry
demo_session_05,39,1786094513.9307158,move,450,353,.!frame.!entry
demo_session_05,39,1786094513.9807158,move,443,357,.!frame.!entry
demo_session_05,39,1786094514.0307157,move,440,342,.!frame.!entry
demo_session_05,39,1786094514.0807157,move,465,353,.!frame.!entry
demo_session_05,39,1786094514.1307156,move,446,355,.!frame.!entry
demo_session_05,39,1786094514.1807156,move,445,357,.!frame.!entry
demo_session_05,39,1786094514.2307155,move,441,346,.!frame.!entry
demo_session_05,39,1786094514.2807155,move,442,336,.!frame.!entry
demo_session_05,39,1786094514.3307154,move,440,346,.!frame.!entry
demo_session_05,39,1786094514.3807154,move,441,347,.!frame.!entry
demo_session_05,39,1786094514.4307153,move,443,342,.!frame.!entry
demo_session_05,39,1786094514.4807153,move,452,350,.!frame.!entry
demo_session_05,39,1786094514.5307152,move,428,350,.!frame.!entry
demo_session_05,39,1786094514.5807152,move,430,337,.!frame.!entry
demo_session_05,39,1786094514.6307151,move,453,336,.!frame.!entry
demo_session_05,39,1786094514.680715,move,437,321,.!frame.!entry
demo_session_05,39,1786094514.730715,move,440,334,.!frame.!entry
demo_session_05,39,1786094514.780715,move,440,356,.!frame.!entry
demo_session_05,39,1786094514.830715,move,433,334,.!frame.!entry
demo_session_05,39,1786094514.880715,move,454,337,.!frame.!entry
demo_session_05,39,1786094514.9307148,move,425,335,.!frame.!entry
demo_session_05,39,1786094514.9807148,move,415,325,.!frame.!entry
demo_session_05,39,1786094515.0307148,move,433,339,.!frame.!entry
demo_session_05,39,1786094515.0807147,move,427,342,.!frame.!entry
demo_session_05,39,1786094515.1307147,move,419,339,.!frame.!entry
demo_session_05,39,1786094515.1807146,move,439,334,.!frame.!entry
demo_session_05,39,1786094515.2307146,move,430,334,.!frame.!entry
demo_session_05,39,1786094515.2807145,move,413,349,.!frame.!entry
demo_session_05,39,1786094515.3307145,move,433,328,.!frame.!entry
demo_session_05,39,1786094515.3807144,move,443,347,.!frame.!entry
demo_session_05,39,1786094515.4307144,move,433,323,.!frame.!entry
demo_session_05,39,1786094515.4807143,move,419,332,.!frame.!entry
demo_session_05,39,1786094515.5307143,move,414,336,.!frame.!entry
demo_session_05,39,1786094515.5807142,move,401,334,.!frame.!entry
demo_session_05,39,1786094515.6307142,move,417,345,.!frame.!entry
demo_session_05,39,1786094515.6807141,move,413,338,.!frame.!entry
demo_session_05,39,1786094515.730714,move,413,337,.!frame.!entry
demo_session_05,39,1786094515.780714,move,426,327,.!frame.!entry
demo_session_05,39,1786094515.830714,move,408,343,.!frame.!entry
demo_session_05,39,1786094515.880714,move,408,338,.!frame.!entry
demo_session_05,39,1786094515.930714,move,400,341,.!frame.!entry
demo_session_05,39,1786094515.9807138,move,394,340,.!frame.!entry
demo_session_05,39,1786094516.0307138,move,403,327,.!frame.!entry
demo_session_05,39,1786094516.0807137,move,412,343,.!frame.!entry
demo_session_05,39,1786094516.1307137,move,396,341,.!frame.!entry
demo_session_05,39,1786094516.1807137,move,401,346,.!frame.!entry
demo_session_05,39,1786094516.2307136,move,395,333,.!frame.!entry
demo_session_05,39,1786094516.2807136,move,408,318,.!frame.!entry
demo_session_05,39,1786094516.3307135,move,383,341,.!frame.!entry
demo_session_05,39,1786094516.3807135,move,412,318,.!frame.!entry
demo_session_05,39,1786094516.4307134,move,411,320,.!frame.!entry
demo_session_05,39,1786094516.4807134,move,412,343,.!frame.!entry
demo_session_05,39,1786094516.5307133,move,383,319,.!frame.!entry
demo_session_05,39,1786094516.5807133,move,363,337,.!frame.!entry
demo_session_05,39,1786094516.6307132,move,395,330,.!frame.!entry
demo_session_05,39,1786094516.6807132,move,388,333,.!frame.!entry
demo_session_05,39,1786094516.7307131,move,408,338,.!frame.!entry
demo_session_05,39,1786094516.780713,move,388,317,.!frame.!entry
demo_session_05,39,1786094516.830713,move,412,325,.!frame.!entry
demo_session_05,39,1786094516.880713,move,404,323,.!frame.!entry
demo_session_05,39,1786094516.930713,move,393,323,.!frame.!entry
demo_session_05,39,1786094516.980713,move,387,338,.!frame.!entry
demo_session_05,39,1786094517.0307128,move,389,323,.!frame.!entry
demo_session_05,39,1786094517.0807128,move,373,311,.!frame.!entry
demo_session_05,39,1786094517.1307127,move,390,332,.!frame.!button
demo_session_05,39,1786094517.1807127,move,383,328,.!frame.!button
demo_session_05,39,1786094517.2307127,move,362,340,.!frame.!button
demo_session_05,39,1786094517.2807126,move,368,333,.!frame.!button
demo_session_05,39,1786094517.3307126,move,374,337,.!frame.!button
demo_session_05,39,1786094517.3807125,move,385,340,.!frame.!button
demo_session_05,39,1786094517.4307125,move,400,323,.!frame.!button
demo_session_05,39,1786094517.4807124,move,386,335,.!frame.!button
demo_session_05,39,1786094517.5307124,move,378,317,.!frame.!button
demo_session_05,39,1786094517.5807123,move,382,317,.!frame.!button
demo_session_05,39,1786094517.6307123,move,375,323,.!frame.!button
demo_session_05,39,1786094517.6807122,move,387,324,.!frame.!button
demo_session_05,39,1786094517.7307122,move,357,322,.!frame.!button
demo_session_05,39,1786094517.7807121,move,348,329,.!frame.!button
demo_session_05,39,1786094517.830712,move,357,325,.!frame.!button
demo_session_05,39,1786094517.880712,move,378,311,.!frame.!button
demo_session_05,39,1786094517.930712,move,357,325,.!frame.!button
demo_session_05,39,1786094517.980712,move,381,332,.!frame.!button
demo_session_05,39,1786094518.030712,move,355,330,.!frame.!button
demo_session_05,39,1786094518.0807118,move,383,311,.!frame.!button
demo_session_05,39,1786094518.1307118,move,359,323,.!frame.!button
demo_session_05,39,1786094518.1807117,move,364,333,.!frame.!button
demo_session_05,39,1786094518.2307117,move,370,327,.!frame.!button
demo_session_05,39,1786094518.2807117,move,370,318,.!frame.!button
demo_session_05,39,1786094518.3307116,move,344,331,.!frame.!button
demo_session_05,39,1786094518.3807116,move,354,331,.!frame.!button
demo_session_05,39,1786094518.4307115,move,329,333,.!frame.!button
demo_session_05,39,1786094518.4807115,move,376,338,.!frame.!button
demo_session_05,39,1786094518.5307114,move,368,336,.!frame.!button
demo_session_05,39,1786094518.5807114,move,341,320,.!frame.!button
demo_session_05,39,1786094518.6307113,move,354,314,.!frame.!button
demo_session_05,39,1786094518.6807113,move,348,323,.!frame.!button
demo_session_05,39,1786094518.7307112,move,340,344,.!frame.!button
demo_session_05,39,1786094518.7807112,move,356,317,.!frame.!button
demo_session_05,39,1786094518.8307111,move,348,301,.!frame.!button
demo_session_05,39,1786094518.92165,click,356,326,.!frame.!button
demo_session_05,40,1786094523.9314463,move,236,324,.!frame.!entry
demo_session_05,40,1786094523.9814463,move,241,303,.!frame.!entry
demo_session_05,40,1786094524.0314462,move,252,305,.!frame.!entry
demo_session_05,40,1786094524.0814462,move,248,299,.!frame.!entry
demo_session_05,40,1786094524.1314461,move,233,291,.!frame.!entry
demo_session_05,40,1786094524.181446,move,243,307,.!frame.!entry
demo_session_05,40,1786094524.231446,move,261,294,.!frame.!entry
demo_session_05,40,1786094524.281446,move,261,318,.!frame.!entry
demo_session_05,40,1786094524.331446,move,266,308,.!frame.!entry
demo_session_05,40,1786094524.381446,move,257,310,.!frame.!entry
demo_session_05,40,1786094524.4314458,move,254,291,.!frame.!entry
demo_session_05,40,1786094524.4814458,move,260,319,.!frame.!entry
demo_session_05,40,1786094524.5314457,move,265,301,.!frame.!entry
demo_session_05,40,1786094524.5814457,move,251,304,.!frame.!entry
demo_session_05,40,1786094524.6314456,move,234,315,.!frame.!entry
demo_session_05,40,1786094524.6814456,move,270,311,.!frame.!entry
demo_session_05,40,1786094524.7314456,move,249,319,.!frame.!entry
demo_session_05,40,1786094524.7814455,move,251,309,.!frame.!entry
demo_session_05,40,1786094524.8314455,move,249,303,.!frame.!entry
demo_session_05,40,1786094524.8814454,move,246,310,.!frame.!entry
demo_session_05,40,1786094524.9314454,move,269,322,.!frame.!entry
demo_session_05,40,1786094524.9814453,move,264,326,.!frame.!entry
demo_session_05,40,1786094525.0314453,move,258,325,.!frame.!entry
demo_session_05,40,1786094525.0814452,move,275,297,.!frame.!entry
demo_session_05,40,1786094525.1314452,move,275,298,.!frame.!entry
demo_session_05,40,1786094525.1814451,move,259,312,.!frame.!entry
demo_session_05,40,1786094525.231445,move,258,315,.!frame.!entry
demo_session_05,40,1786094525.281445,move,261,323,.!frame.!entry
demo_session_05,40,1786094525.331445,move,269,287,.!frame.!entry
demo_session_05,40,1786094525.381445,move,271,300,.!frame.!entry
demo_session_05,40,1786094525.431445,move,271,295,.!frame.!entry
demo_session_05,40,1786094525.4814448,move,275,293,.!frame.!entry
demo_session_05,40,1786094525.5314448,move,269,297,.!frame.!entry
demo_session_05,40,1786094525.5814447,move,268,315,.!frame.!entry
demo_session_05,40,1786094525.6314447,move,269,294,.!frame.!entry
demo_session_05,40,1786094525.6814446,move,264,312,.!frame.!entry
demo_session_05,40,1786094525.7314446,move,276,324,.!frame.!entry
demo_session_05,40,1786094525.7814445,move,260,316,.!frame.!entry
demo_session_05,40,1786094525.8314445,move,275,299,.!frame.!entry
demo_session_05,40,1786094525.8814445,move,252,298,.!frame.!entry
demo_session_05,40,1786094525.9314444,move,287,312,.!frame.!entry
demo_session_05,40,1786094525.9814444,move,272,308,.!frame.!entry
demo_session_05,40,1786094526.0314443,move,274,310,.!frame.!entry
demo_session_05,40,1786094526.0814443,move,293,315,.!frame.!entry
demo_session_05,40,1786094526.1314442,move,288,317,.!frame.!entry
demo_session_05,40,1786094526.1814442,move,270,311,.!frame.!entry
demo_session_05,40,1786094526.2314441,move,264,307,.!frame.!entry
demo_session_05,40,1786094526.281444,move,287,303,.!frame.!entry
demo_session_05,40,1786094526.331444,move,283,312,.!frame.!entry
demo_session_05,40,1786094526.381444,move,290,306,.!frame.!entry
demo_session_05,40,1786094526.431444,move,291,289,.!frame.!entry
demo_session_05,40,1786094526.481444,move,290,315,.!frame.!entry
demo_session_05,40,1786094526.5314438,move,283,304,.!frame.!entry
demo_session_05,40,1786094526.5814438,move,273,316,.!frame.!entry
demo_session_05,40,1786094526.6314437,move,281,335,.!frame.!entry
demo_session_05,40,1786094526.6814437,move,274,324,.!frame.!entry
demo_session_05,40,1786094526.7314436,move,299,312,.!frame.!entry
demo_session_05,40,1786094526.7814436,move,289,303,.!frame.!entry
demo_session_05,40,1786094526.8314435,move,289,316,.!frame.!entry
demo_session_05,40,1786094526.8814435,move,288,308,.!frame.!entry
demo_session_05,40,1786094526.9314435,move,302,317,.!frame.!entry
demo_session_05,40,1786094526.9814434,move,283,301,.!frame.!entry
demo_session_05,40,1786094527.0314434,move,297,296,.!frame.!entry
demo_session_05,40,1786094527.0814433,move,299,310,.!frame.!entry
demo_session_05,40,1786094527.1314433,move,302,330,.!frame.!entry
demo_session_05,40,1786094527.1814432,move,302,300,.!frame.!entry
demo_session_05,40,1786094527.2314432,move,280,326,.!frame.!entry
demo_session_05,40,1786094527.281443,move,297,312,.!frame.!entry
demo_session_05,40,1786094527.331443,move,303,314,.!frame.!entry
demo_session_05,40,1786094527.381443,move,278,306,.!frame.!entry
demo_session_05,40,1786094527.431443,move,268,312,.!frame.!entry
demo_session_05,40,1786094527.481443,move,295,294,.!frame.!entry
demo_session_05,40,1786094527.5314429,move,287,317,.!frame.!entry
demo_session_05,40,1786094527.5814428,move,301,328,.!frame.!entry
demo_session_05,40,1786094527.6314428,move,304,321,.!frame.!entry
demo_session_05,40,1786094527.6814427,move,307,318,.!frame.!entry
demo_session_05,40,1786094527.7314427,move,300,315,.!frame.!entry
demo_session_05,40,1786094527.7814426,move,294,331,.!frame.!entry
demo_session_05,40,1786094527.8314426,move,301,318,.!frame.!entry
demo_session_05,40,1786094527.8814425,move,312,319,.!frame.!entry
demo_session_05,40,1786094527.9314425,move,316,312,.!frame.!entry
demo_session_05,40,1786094527.9814425,move,309,282,.!frame.!entry
demo_session_05,40,1786094528.0314424,move,303,304,.!frame.!entry
demo_session_05,40,1786094528.0814424,move,308,309,.!frame.!entry
demo_session_05,40,1786094528.1314423,move,292,319,.!frame.!entry
demo_session_05,40,1786094528.1814423,move,300,321,.!frame.!entry
demo_session_05,40,1786094528.2314422,move,299,315,.!frame.!entry
demo_session_05,40,1786094528.2814422,move,307,314,.!frame.!entry
demo_session_05,40,1786094528.331442,move,303,315,.!frame.!entry
demo_session_05,40,1786094528.381442,move,312,324,.!frame.!entry
demo_session_05,40,1786094528.431442,move,315,315,.!frame.!entry
demo_session_05,40,1786094528.481442,move,315,305,.!frame.!entry
demo_session_05,40,1786094528.531442,move,292,300,.!frame.!entry
demo_session_05,40,1786094528.5814419,move,305,299,.!frame.!entry
demo_session_05,40,1786094528.6314418,move,323,308,.!frame.!entry
demo_session_05,40,1786094528.6814418,move,306,329,.!frame.!entry
demo_session_05,40,1786094528.7314417,move,317,330,.!frame.!entry
demo_session_05,40,1786094528.7814417,move,312,312,.!frame.!entry
demo_session_05,40,1786094528.8314416,move,327,319,.!frame.!entry
demo_session_05,40,1786094528.8814416,move,306,319,.!frame.!entry
demo_session_05,40,1786094528.9314415,move,316,299,.!frame.!entry
demo_session_05,40,1786094528.9814415,move,324,311,.!frame.!entry
demo_session_05,40,1786094529.0314415,move,320,303,.!frame.!entry
demo_session_05,40,1786094529.0814414,move,311,325,.!frame.!entry
demo_session_05,40,1786094529.1314414,move,310,311,.!frame.!entry
demo_session_05,40,1786094529.1814413,move,317,305,.!frame.!button
demo_session_05,40,1786094529.2314413,move,321,316,.!frame.!button
demo_session_05,40,1786094529.2814412,move,312,345,.!frame.!button
demo_session_05,40,1786094529.3314412,move,307,336,.!frame.!button
demo_session_05,40,1786094529.381441,move,297,282,.!frame.!button
demo_session_05,40,1786094529.431441,move,317,308,.!frame.!button
demo_session_05,40,1786094529.481441,move,342,321,.!frame.!button
demo_session_05,40,1786094529.531441,move,321,321,.!frame.!button
demo_session_05,40,1786094529.581441,move,313,321,.!frame.!button
demo_session_05,40,1786094529.6314409,move,327,304,.!frame.!button
demo_session_05,40,1786094529.6814408,move,329,324,.!frame.!button
demo_session_05,40,1786094529.7314408,move,319,315,.!frame.!button
demo_session_05,40,1786094529.7814407,move,320,323,.!frame.!button
demo_session_05,40,1786094529.8314407,move,343,319,.!frame.!button
demo_session_05,40,1786094529.8814406,move,324,329,.!frame.!button
demo_session_05,40,1786094529.9314406,move,315,318,.!frame.!button
demo_session_05,40,1786094529.9814405,move,331,324,.!frame.!button
demo_session_05,40,1786094530.0314405,move,326,323,.!frame.!button
demo_session_05,40,1786094530.0814404,move,347,312,.!frame.!button
demo_session_05,40,1786094530.1314404,move,329,312,.!frame.!button
demo_session_05,40,1786094530.1814404,move,329,314,.!frame.!button
demo_session_05,40,1786094530.2314403,move,349,326,.!frame.!button
demo_session_05,40,1786094530.2814403,move,334,333,.!frame.!button
demo_session_05,40,1786094530.3314402,move,307,320,.!frame.!button
demo_session_05,40,1786094530.3814402,move,315,331,.!frame.!button
demo_session_05,40,1786094530.43144,move,322,302,.!frame.!button
demo_session_05,40,1786094530.48144,move,333,334,.!frame.!button
demo_session_05,40,1786094530.53144,move,340,307,.!frame.!button
demo_session_05,40,1786094530.58144,move,345,309,.!frame.!button
demo_session_05,40,1786094530.63144,move,327,307,.!frame.!button
demo_session_05,40,1786094530.6814399,move,337,336,.!frame.!button
demo_session_05,40,1786094530.7314398,move,337,324,.!frame.!button
demo_session_05,40,1786094530.7814398,move,348,319,.!frame.!button
demo_session_05,40,1786094530.8314397,move,358,304,.!frame.!button
demo_session_05,40,1786094530.8814397,move,354,323,.!frame.!button
demo_session_05,40,1786094530.9314396,move,345,312,.!frame.!button
demo_session_05,40,1786094530.9814396,move,349,323,.!frame.!button
demo_session_05,40,1786094531.0314395,move,362,306,.!frame.!button
demo_session_05,40,1786094531.0814395,move,340,313,.!frame.!button
demo_session_05,40,1786094531.1314394,move,331,312,.!frame.!button
demo_session_05,40,1786094531.1814394,move,356,325,.!frame.!button
demo_session_05,40,1786094531.2314394,move,348,322,.!frame.!button
demo_session_05,40,1786094531.2814393,move,345,347,.!frame.!button
demo_session_05,40,1786094531.3314393,move,348,340,.!frame.!button
demo_session_05,40,1786094531.3814392,move,353,318,.!frame.!button
demo_session_05,40,1786094531.4314392,move,361,313,.!frame.!button
demo_session_05,40,1786094531.5161328,click,351,321,.!frame.!button
demo_session_05,41,1786094531.5161328,move,604,144,.!frame.!entry
demo_session_05,41,1786094531.5661328,move,590,145,.!frame.!entry
demo_session_05,41,1786094531.6161327,move,589,117,.!frame.!entry
demo_session_05,41,1786094531.6661327,move,583,152,.!frame.!entry
demo_session_05,41,1786094531.7161326,move,584,155,.!frame.!entry
demo_session_05,41,1786094531.7661326,move,576,156,.!frame.!entry
demo_session_05,41,1786094531.8161325,move,572,127,.!frame.!entry
demo_session_05,41,1786094531.8661325,move,593,140,.!frame.!entry
demo_session_05,41,1786094531.9161325,move,563,158,.!frame.!entry
demo_session_05,41,1786094531.9661324,move,570,129,.!frame.!entry
demo_session_05,41,1786094532.0161324,move,578,133,.!frame.!entry
demo_session_05,41,1786094532.0661323,move,571,140,.!frame.!entry
demo_session_05,41,1786094532.1161323,move,581,149,.!frame.!entry
demo_session_05,41,1786094532.1661322,move,550,155,.!frame.!entry
demo_session_05,41,1786094532.2161322,move,576,169,.!frame.!entry
demo_session_05,41,1786094532.266132,move,573,170,.!frame.!entry
demo_session_05,41,1786094532.316132,move,548,149,.!frame.!entry
demo_session_05,41,1786094532.366132,move,557,147,.!frame.!entry
demo_session_05,41,1786094532.416132,move,569,157,.!frame.!entry
demo_session_05,41,1786094532.466132,move,554,160,.!frame.!entry
demo_session_05,41,1786094532.5161319,move,545,153,.!frame.!entry
demo_session_05,41,1786094532.5661318,move,567,153,.!frame.!entry
demo_session_05,41,1786094532.6161318,move,542,171,.!frame.!entry
demo_session_05,41,1786094532.6661317,move,550,150,.!frame.!entry
demo_session_05,41,1786094532.7161317,move,539,158,.!frame.!entry
demo_session_05,41,1786094532.7661316,move,562,149,.!frame.!entry
demo_session_05,41,1786094532.8161316,move,545,165,.!frame.!entry
demo_session_05,41,1786094532.8661315,move,565,170,.!frame.!entry
demo_session_05,41,1786094532.9161315,move,566,158,.!frame.!entry
demo_session_05,41,1786094532.9661314,move,543,176,.!frame.!entry
demo_session_05,41,1786094533.0161314,move,531,178,.!frame.!entry
demo_session_05,41,1786094533.0661314,move,541,184,.!frame.!entry
demo_session_05,41,1786094533.1161313,move,548,158,.!frame.!entry
demo_session_05,41,1786094533.1661313,move,526,192,.!frame.!entry
demo_session_05,41,1786094533.2161312,move,538,199,.!frame.!entry
demo_session_05,41,1786094533.2661312,move,536,181,.!frame.!entry
demo_session_05,41,1786094533.316131,move,513,169,.!frame.!entry
demo_session_05,41,1786094533.366131,move,526,182,.!frame.!entry
demo_session_05,41,1786094533.416131,move,530,189,.!frame.!entry
demo_session_05,41,1786094533.466131,move,518,173,.!frame.!entry
demo_session_05,41,1786094533.516131,move,507,172,.!frame.!entry
demo_session_05,41,1786094533.5661309,move,528,177,.!frame.!entry
demo_session_05,41,1786094533.6161308,move,539,196,.!frame.!entry
demo_session_05,41,1786094533.6661308,move,527,174,.!frame.!entry
demo_session_05,41,1786094533.7161307,move,532,198,.!frame.!entry
demo_session_05,41,1786094533.7661307,move,526,183,.!frame.!entry
demo_session_05,41,1786094533.8161306,move,535,209,.!frame.!entry
demo_session_05,41,1786094533.8661306,move,520,199,.!frame.!entry
demo_session_05,41,1786094533.9161305,move,524,182,.!frame.!entry
demo_session_05,41,1786094533.9661305,move,525,195,.!frame.!entry
demo_session_05,41,1786094534.0161304,move,523,206,.!frame.!entry
demo_session_05,41,1786094534.0661304,move,506,199,.!frame.!entry
demo_session_05,41,1786094534.1161304,move,505,204,.!frame.!entry
demo_session_05,41,1786094534.1661303,move,491,201,.!frame.!entry
demo_session_05,41,1786094534.2161303,move,498,215,.!frame.!entry
demo_session_05,41,1786094534.2661302,move,514,188,.!frame.!entry
demo_session_05,41,1786094534.3161302,move,493,194,.!frame.!entry
demo_session_05,41,1786094534.36613,move,493,197,.!frame.!entry
demo_session_05,41,1786094534.41613,move,486,205,.!frame.!entry
demo_session_05,41,1786094534.46613,move,483,192,.!frame.!entry
demo_session_05,41,1786094534.51613,move,504,202,.!frame.!entry
demo_session_05,41,1786094534.56613,move,499,205,.!frame.!entry
demo_session_05,41,1786094534.6161299,move,490,206,.!frame.!entry
demo_session_05,41,1786094534.6661298,move,512,213,.!frame.!entry
demo_session_05,41,1786094534.7161298,move,485,211,.!frame.!entry
demo_session_05,41,1786094534.7661297,move,478,219,.!frame.!entry
demo_session_05,41,1786094534.8161297,move,501,216,.!frame.!entry
demo_session_05,41,1786094534.8661296,move,485,211,.!frame.!entry
demo_session_05,41,1786094534.9161296,move,491,225,.!frame.!entry
demo_session_05,41,1786094534.9661295,move,496,219,.!frame.!entry
demo_session_05,41,1786094535.0161295,move,473,226,.!frame.!entry
demo_session_05,41,1786094535.0661294,move,487,211,.!frame.!entry
demo_session_05,41,1786094535.1161294,move,478,209,.!frame.!entry
demo_session_05,41,1786094535.1661294,move,480,221,.!frame.!entry
demo_session_05,41,1786094535.2161293,move,466,245,.!frame.!entry
demo_session_05,41,1786094535.2661293,move,466,214,.!frame.!entry
demo_session_05,41,1786094535.3161292,move,458,223,.!frame.!entry
demo_session_05,41,1786094535.3661292,move,472,222,.!frame.!entry
demo_session_05,41,1786094535.416129,move,472,219,.!frame.!entry
demo_session_05,41,1786094535.466129,move,460,223,.!frame.!entry
demo_session_05,41,1786094535.516129,move,437,221,.!frame.!entry
demo_session_05,41,1786094535.566129,move,464,234,.!frame.!entry
demo_session_05,41,1786094535.616129,move,445,215,.!frame.!entry
demo_session_05,41,1786094535.6661289,move,479,232,.!frame.!entry
demo_session_05,41,1786094535.7161288,move,455,254,.!frame.!entry
demo_session_05,41,1786094535.7661288,move,457,229,.!frame.!entry
demo_session_05,41,1786094535.8161287,move,455,248,.!frame.!entry
demo_session_05,41,1786094535.8661287,move,456,237,.!frame.!entry
demo_session_05,41,1786094535.9161286,move,449,235,.!frame.!entry
demo_session_05,41,1786094535.9661286,move,440,233,.!frame.!entry
demo_session_05,41,1786094536.0161285,move,436,229,.!frame.!entry
demo_session_05,41,1786094536.0661285,move,440,256,.!frame.!entry
demo_session_05,41,1786094536.1161284,move,455,260,.!frame.!entry
demo_session_05,41,1786094536.1661284,move,443,244,.!frame.!entry
demo_session_05,41,1786094536.2161283,move,436,253,.!frame.!entry
demo_session_05,41,1786094536.2661283,move,433,254,.!frame.!entry
demo_session_05,41,1786094536.3161283,move,449,235,.!frame.!entry
demo_session_05,41,1786094536.3661282,move,433,236,.!frame.!entry
demo_session_05,41,1786094536.4161282,move,441,241,.!frame.!entry
demo_session_05,41,1786094536.466128,move,439,258,.!frame.!entry
demo_session_05,41,1786094536.516128,move,428,249,.!frame.!entry
demo_session_05,41,1786094536.566128,move,443,266,.!frame.!entry
demo_session_05,41,1786094536.616128,move,423,262,.!frame.!entry
demo_session_05,41,1786094536.666128,move,448,248,.!frame.!entry
demo_session_05,41,1786094536.7161279,move,423,247,.!frame.!entry
demo_session_05,41,1786094536.7661278,move,443,264,.!frame.!entry
demo_session_05,41,1786094536.8161278,move,417,261,.!frame.!entry
demo_session_05,41,1786094536.8661277,move,427,272,.!frame.!button
demo_session_05,41,1786094536.9161277,move,440,253,.!frame.!button
demo_session_05,41,1786094536.9661276,move,431,266,.!frame.!button
demo_session_05,41,1786094537.0161276,move,417,273,.!frame.!button
demo_session_05,41,1786094537.0661275,move,416,279,.!frame.!button
demo_session_05,41,1786094537.1161275,move,414,282,.!frame.!button
demo_session_05,41,1786094537.1661274,move,408,275,.!frame.!button
demo_session_05,41,1786094537.2161274,move,408,281,.!frame.!button
demo_session_05,41,1786094537.2661273,move,406,265,.!frame.!button
demo_session_05,41,1786094537.3161273,move,415,262,.!frame.!button
demo_session_05,41,1786094537.3661273,move,412,267,.!frame.!button
demo_session_05,41,1786094537.4161272,move,414,281,.!frame.!button
demo_session_05,41,1786094537.4661272,move,397,291,.!frame.!button
demo_session_05,41,1786094537.516127,move,391,278,.!frame.!button
demo_session_05,41,1786094537.566127,move,403,268,.!frame.!button
demo_session_05,41,1786094537.616127,move,396,269,.!frame.!button
demo_session_05,41,1786094537.666127,move,406,297,.!frame.!button
demo_session_05,41,1786094537.716127,move,408,298,.!frame.!button
demo_session_05,41,1786094537.7661269,move,395,307,.!frame.!button
demo_session_05,41,1786094537.8161268,move,387,293,.!frame.!button
demo_session_05,41,1786094537.8661268,move,410,304,.!frame.!button
demo_session_05,41,1786094537.9161267,move,385,296,.!frame.!button
demo_session_05,41,1786094537.9661267,move,377,307,.!frame.!button
demo_session_05,41,1786094538.0161266,move,392,307,.!frame.!button
demo_session_05,41,1786094538.0661266,move,373,303,.!frame.!button
demo_session_05,41,1786094538.1161265,move,390,294,.!frame.!button
demo_session_05,41,1786094538.1661265,move,367,284,.!frame.!button
demo_session_05,41,1786094538.2161264,move,370,295,.!frame.!button
demo_session_05,41,1786094538.2661264,move,366,303,.!frame.!button
demo_session_05,41,1786094538.3161263,move,371,292,.!frame.!button
demo_session_05,41,1786094538.3661263,move,374,290,.!frame.!button
demo_session_05,41,1786094538.4161263,move,360,293,.!frame.!button
demo_session_05,41,1786094538.4661262,move,365,304,.!frame.!button
demo_session_05,41,1786094538.5161262,move,364,297,.!frame.!button
demo_session_05,41,1786094538.566126,move,362,307,.!frame.!button
demo_session_05,41,1786094538.616126,move,351,302,.!frame.!button
demo_session_05,41,1786094538.666126,move,360,310,.!frame.!button
demo_session_05,41,1786094538.716126,move,358,314,.!frame.!button
demo_session_05,41,1786094538.766126,move,349,316,.!frame.!button
demo_session_05,41,1786094538.8161259,move,341,309,.!frame.!button
demo_session_05,41,1786094538.8661258,move,333,313,.!frame.!button
demo_session_05,41,1786094538.9161258,move,348,308,.!frame.!button
demo_session_05,41,1786094538.9661257,move,360,297,.!frame.!button
demo_session_05,41,1786094539.0161257,move,368,323,.!frame.!button
demo_session_05,41,1786094539.0661256,move,353,306,.!frame.!button
demo_session_05,41,1786094539.1161256,move,347,312,.!frame.!button
demo_session_05,41,1786094539.2058463,click,359,329,.!frame.!button
demo_session_05,42,1786094539.2058463,move,182,368,.!frame.!entry
demo_session_05,42,1786094539.2558463,move,172,364,.!frame.!entry
demo_session_05,42,1786094539.3058462,move,186,362,.!frame.!entry
demo_session_05,42,1786094539.3558462,move,184,367,.!frame.!entry
demo_session_05,42,1786094539.405846,move,182,363,.!frame.!entry
demo_session_05,42,1786094539.455846,move,181,351,.!frame.!entry
demo_session_05,42,1786094539.505846,move,185,351,.!frame.!entry
demo_session_05,42,1786094539.555846,move,188,371,.!frame.!entry
demo_session_05,42,1786094539.605846,move,198,358,.!frame.!entry
demo_session_05,42,1786094539.6558459,move,210,361,.!frame.!entry
demo_session_05,42,1786094539.7058458,move,211,356,.!frame.!entry
demo_session_05,42,1786094539.7558458,move,180,352,.!frame.!entry
demo_session_05,42,1786094539.8058457,move,186,365,.!frame.!entry
demo_session_05,42,1786094539.8558457,move,192,365,.!frame.!entry
demo_session_05,42,1786094539.9058456,move,198,360,.!frame.!entry
demo_session_05,42,1786094539.9558456,move,212,371,.!frame.!entry
demo_session_05,42,1786094540.0058455,move,200,336,.!frame.!entry
demo_session_05,42,1786094540.0558455,move,192,355,.!frame.!entry
demo_session_05,42,1786094540.1058455,move,213,367,.!frame.!entry
demo_session_05,42,1786094540.1558454,move,225,358,.!frame.!entry
demo_session_05,42,1786094540.2058454,move,210,354,.!frame.!entry
demo_session_05,42,1786094540.2558453,move,218,367,.!frame.!entry
demo_session_05,42,1786094540.3058453,move,221,350,.!frame.!entry
demo_session_05,42,1786094540.3558452,move,202,351,.!frame.!entry
demo_session_05,42,1786094540.4058452,move,235,358,.!frame.!entry
demo_session_05,42,1786094540.455845,move,233,346,.!frame.!entry
demo_session_05,42,1786094540.505845,move,220,347,.!frame.!entry
demo_session_05,42,1786094540.555845,move,215,356,.!frame.!entry
demo_session_05,42,1786094540.605845,move,217,355,.!frame.!entry
demo_session_05,42,1786094540.655845,move,220,359,.!frame.!entry
demo_session_05,42,1786094540.7058449,move,227,365,.!frame.!entry
demo_session_05,42,1786094540.7558448,move,210,354,.!frame.!entry
demo_session_05,42,1786094540.8058448,move,217,354,.!frame.!entry
demo_session_05,42,1786094540.8558447,move,224,351,.!frame.!entry
demo_session_05,42,1786094540.9058447,move,215,343,.!frame.!entry
demo_session_05,42,1786094540.9558446,move,226,357,.!frame.!entry
demo_session_05,42,1786094541.0058446,move,231,345,.!frame.!entry
demo_session_05,42,1786094541.0558445,move,222,357,.!frame.!entry
demo_session_05,42,1786094541.1058445,move,222,359,.!frame.!entry
demo_session_05,42,1786094541.1558444,move,247,359,.!frame.!entry
demo_session_05,42,1786094541.2058444,move,236,347,.!frame.!entry
demo_session_05,42,1786094541.2558444,move,226,338,.!frame.!entry
demo_session_05,42,1786094541.3058443,move,235,374,.!frame.!entry
demo_session_05,42,1786094541.3558443,move,237,345,.!frame.!entry
demo_session_05,42,1786094541.4058442,move,232,349,.!frame.!entry
demo_session_05,42,1786094541.4558442,move,226,352,.!frame.!entry
demo_session_05,42,1786094541.505844,move,254,330,.!frame.!entry
demo_session_05,42,1786094541.555844,move,259,347,.!frame.!entry
demo_session_05,42,1786094541.605844,move,257,340,.!frame.!entry
demo_session_05,42,1786094541.655844,move,262,346,.!frame.!entry
demo_session_05,42,1786094541.705844,move,253,330,.!frame.!entry
demo_session_05,42,1786094541.7558439,move,255,340,.!frame.!entry
demo_session_05,42,1786094541.8058438,move,248,345,.!frame.!entry
demo_session_05,42,1786094541.8558438,move,260,363,.!frame.!entry
demo_session_05,42,1786094541.9058437,move,264,349,.!frame.!entry
demo_session_05,42,1786094541.9558437,move,259,362,.!frame.!entry
demo_session_05,42,1786094542.0058436,move,247,359,.!frame.!entry
demo_session_05,42,1786094542.0558436,move,247,357,.!frame.!entry
demo_session_05,42,1786094542.1058435,move,267,322,.!frame.!entry
demo_session_05,42,1786094542.1558435,move,260,343,.!frame.!entry
demo_session_05,42,1786094542.2058434,move,277,334,.!frame.!entry
demo_session_05,42,1786094542.2558434,move,257,345,.!frame.!entry
demo_session_05,42,1786094542.3058434,move,292,353,.!frame.!entry
demo_session_05,42,1786094542.3558433,move,287,342,.!frame.!entry
demo_session_05,42,1786094542.4058433,move,256,335,.!frame.!entry
demo_session_05,42,1786094542.4558432,move,248,358,.!frame.!entry
demo_session_05,42,1786094542.5058432,move,269,314,.!frame.!entry
demo_session_05,42,1786094542.555843,move,254,330,.!frame.!entry
demo_session_05,42,1786094542.605843,move,257,343,.!frame.!entry
demo_session_05,42,1786094542.655843,move,273,349,.!frame.!entry
demo_session_05,42,1786094542.705843,move,284,332,.!frame.!entry
demo_session_05,42,1786094542.755843,move,282,330,.!frame.!entry
demo_session_05,42,1786094542.8058429,move,262,346,.!frame.!entry
demo_session_05,42,1786094542.8558428,move,300,346,.!frame.!entry
demo_session_05,42,1786094542.9058428,move,263,337,.!frame.!entry
demo_session_05,42,1786094542.9558427,move,282,351,.!frame.!entry
demo_session_05,42,1786094543.0058427,move,288,326,.!frame.!entry
demo_session_05,42,1786094543.0558426,move,277,329,.!frame.!entry
demo_session_05,42,1786094543.1058426,move,267,349,.!frame.!entry
demo_session_05,42,1786094543.1558425,move,272,324,.!frame.!entry
demo_session_05,42,1786094543.2058425,move,284,317,.!frame.!entry
demo_session_05,42,1786094543.2558424,move,284,359,.!frame.!entry
demo_session_05,42,1786094543.3058424,move,284,325,.!frame.!entry
demo_session_05,42,1786094543.3558424,move,299,329,.!frame.!entry
demo_session_05,42,1786094543.4058423,move,296,336,.!frame.!entry
demo_session_05,42,1786094543.4558423,move,282,334,.!frame.!entry
demo_session_05,42,1786094543.5058422,move,307,333,.!frame.!entry
demo_session_05,42,1786094543.5558422,move,286,355,.!frame.!entry
demo_session_05,42,1786094543.605842,move,303,334,.!frame.!entry
demo_session_05,42,1786094543.655842,move,320,336,.!frame.!entry
demo_session_05,42,1786094543.705842,move,298,323,.!frame.!button
demo_session_05,42,1786094543.755842,move,296,326,.!frame.!button
demo_session_05,42,1786094543.805842,move,316,342,.!frame.!button
demo_session_05,42,1786094543.8558419,move,300,315,.!frame.!button
demo_session_05,42,1786094543.9058418,move,289,347,.!frame.!button
demo_session_05,42,1786094543.9558418,move,309,337,.!frame.!button
demo_session_05,42,1786094544.0058417,move,319,322,.!frame.!button
demo_session_05,42,1786094544.0558417,move,325,333,.!frame.!button
demo_session_05,42,1786094544.1058416,move,322,325,.!frame.!button
demo_session_05,42,1786094544.1558416,move,322,334,.!frame.!button
demo_session_05,42,1786094544.2058415,move,305,321,.!frame.!button
demo_session_05,42,1786094544.2558415,move,317,319,.!frame.!button
demo_session_05,42,1786094544.3058414,move,306,332,.!frame.!button
demo_session_05,42,1786094544.3558414,move,318,319,.!frame.!button
demo_session_05,42,1786094544.4058414,move,313,320,.!frame.!button
demo_session_05,42,1786094544.4558413,move,333,319,.!frame.!button
demo_session_05,42,1786094544.5058413,move,309,322,.!frame.!button
demo_session_05,42,1786094544.5558412,move,329,321,.!frame.!button
demo_session_05,42,1786094544.6058412,move,333,322,.!frame.!button
demo_session_05,42,1786094544.655841,move,327,309,.!frame.!button
demo_session_05,42,1786094544.705841,move,317,314,.!frame.!button
demo_session_05,42,1786094544.755841,move,312,314,.!frame.!button
demo_session_05,42,1786094544.805841,move,332,358,.!frame.!button
demo_session_05,42,1786094544.855841,move,328,315,.!frame.!button
demo_session_05,42,1786094544.9058409,move,335,327,.!frame.!button
demo_session_05,42,1786094544.9558408,move,332,300,.!frame.!button
demo_session_05,42,1786094545.0058408,move,339,317,.!frame.!button
demo_session_05,42,1786094545.0558407,move,320,306,.!frame.!button
demo_session_05,42,1786094545.1058407,move,342,323,.!frame.!button
demo_session_05,42,1786094545.1558406,move,325,325,.!frame.!button
demo_session_05,42,1786094545.2058406,move,339,322,.!frame.!button
demo_session_05,42,1786094545.2558405,move,346,312,.!frame.!button
demo_session_05,42,1786094545.3058405,move,342,321,.!frame.!button
demo_session_05,42,1786094545.3558404,move,326,313,.!frame.!button
demo_session_05,42,1786094545.4058404,move,320,302,.!frame.!button
demo_session_05,42,1786094545.4558403,move,349,313,.!frame.!button
demo_session_05,42,1786094545.5058403,move,350,310,.!frame.!button
demo_session_05,42,1786094545.5558403,move,330,304,.!frame.!button
demo_session_05,42,1786094545.6058402,move,355,320,.!frame.!button
demo_session_05,42,1786094545.6596687,click,352,322,.!frame.!button
demo_session_05,43,1786094545.6596687,move,540,328,.!frame.!entry
demo_session_05,43,1786094545.7096686,move,535,331,.!frame.!entry
demo_session_05,43,1786094545.7596686,move,536,321,.!frame.!entry
demo_session_05,43,1786094545.8096685,move,554,342,.!frame.!entry
demo_session_05,43,1786094545.8596685,move,526,332,.!frame.!entry
demo_session_05,43,1786094545.9096684,move,524,331,.!frame.!entry
demo_session_05,43,1786094545.9596684,move,522,338,.!frame.!entry
demo_session_05,43,1786094546.0096684,move,522,317,.!frame.!entry
demo_session_05,43,1786094546.0596683,move,519,324,.!frame.!entry
demo_session_05,43,1786094546.1096683,move,540,328,.!frame.!entry
demo_session_05,43,1786094546.1596682,move,532,327,.!frame.!entry
demo_session_05,43,1786094546.2096682,move,541,336,.!frame.!entry
demo_session_05,43,1786094546.259668,move,529,329,.!frame.!entry
demo_session_05,43,1786094546.309668,move,509,328,.!frame.!entry
demo_session_05,43,1786094546.359668,move,522,337,.!frame.!entry
demo_session_05,43,1786094546.409668,move,520,328,.!frame.!entry
demo_session_05,43,1786094546.459668,move,515,334,.!frame.!entry
demo_session_05,43,1786094546.5096679,move,498,339,.!frame.!entry
demo_session_05,43,1786094546.5596678,move,521,328,.!frame.!entry
demo_session_05,43,1786094546.6096678,move,497,342,.!frame.!entry
demo_session_05,43,1786094546.6596677,move,524,320,.!frame.!entry
demo_session_05,43,1786094546.7096677,move,517,311,.!frame.!entry
demo_session_05,43,1786094546.7596676,move,507,318,.!frame.!entry
demo_session_05,43,1786094546.8096676,move,500,336,.!frame.!entry
demo_session_05,43,1786094546.8596675,move,517,323,.!frame.!entry
demo_session_05,43,1786094546.9096675,move,511,316,.!frame.!entry
demo_session_05,43,1786094546.9596674,move,504,318,.!frame.!entry
demo_session_05,43,1786094547.0096674,move,516,325,.!frame.!entry
demo_session_05,43,1786094547.0596673,move,507,334,.!frame.!entry
demo_session_05,43,1786094547.1096673,move,491,331,.!frame.!entry
demo_session_05,43,1786094547.1596673,move,488,328,.!frame.!entry
demo_session_05,43,1786094547.2096672,move,502,314,.!frame.!entry
demo_session_05,43,1786094547.2596672,move,505,343,.!frame.!entry
demo_session_05,43,1786094547.309667,move,504,339,.!frame.!entry
demo_session_05,43,1786094547.359667,move,523,320,.!frame.!entry
demo_session_05,43,1786094547.409667,move,471,335,.!frame.!entry
demo_session_05,43,1786094547.459667,move,498,337,.!frame.!entry
demo_session_05,43,1786094547.509667,move,483,324,.!frame.!entry
demo_session_05,43,1786094547.5596669,move,486,327,.!frame.!entry
demo_session_05,43,1786094547.6096668,move,480,325,.!frame.!entry
demo_session_05,43,1786094547.6596668,move,497,321,.!frame.!entry
demo_session_05,43,1786094547.7096667,move,479,317,.!frame.!entry
demo_session_05,43,1786094547.7596667,move,479,333,.!frame.!entry
demo_session_05,43,1786094547.8096666,move,481,311,.!frame.!entry
demo_session_05,43,1786094547.8596666,move,472,327,.!frame.!entry
demo_session_05,43,1786094547.9096665,move,487,324,.!frame.!entry
demo_session_05,43,1786094547.9596665,move,485,318,.!frame.!entry
demo_session_05,43,1786094548.0096664,move,472,322,.!frame.!entry
demo_session_05,43,1786094548.0596664,move,474,306,.!frame.!entry
demo_session_05,43,1786094548.1096663,move,475,325,.!frame.!entry
demo_session_05,43,1786094548.1596663,move,488,310,.!frame.!entry
demo_session_05,43,1786094548.2096663,move,467,334,.!frame.!entry
demo_session_05,43,1786094548.2596662,move,465,319,.!frame.!entry
demo_session_05,43,1786094548.3096662,move,471,331,.!frame.!entry
demo_session_05,43,1786094548.359666,move,472,323,.!frame.!entry
demo_session_05,43,1786094548.409666,move,463,326,.!frame.!entry
demo_session_05,43,1786094548.459666,move,476,330,.!frame.!entry
demo_session_05,43,1786094548.509666,move,471,333,.!frame.!entry
demo_session_05,43,1786094548.559666,move,456,336,.!frame.!entry
demo_session_05,43,1786094548.6096659,move,473,328,.!frame.!entry
demo_session_05,43,1786094548.6596658,move,449,325,.!frame.!entry
demo_session_05,43,1786094548.7096658,move,462,339,.!frame.!entry
demo_session_05,43,1786094548.7596657,move,438,318,.!frame.!entry
demo_session_05,43,1786094548.8096657,move,452,294,.!frame.!entry
demo_session_05,43,1786094548.8596656,move,453,330,.!frame.!entry
demo_session_05,43,1786094548.9096656,move,446,316,.!frame.!entry
demo_session_05,43,1786094548.9596655,move,434,314,.!frame.!entry
demo_session_05,43,1786094549.0096655,move,432,315,.!frame.!entry
demo_session_05,43,1786094549.0596654,move,437,306,.!frame.!entry
demo_session_05,43,1786094549.1096654,move,438,327,.!frame.!entry
demo_session_05,43,1786094549.1596653,move,451,320,.!frame.!entry
demo_session_05,43,1786094549.2096653,move,455,327,.!frame.!entry
demo_session_05,43,1786094549.2596653,move,430,338,.!frame.!entry
demo_session_05,43,1786094549.3096652,move,450,318,.!frame.!entry
demo_session_05,43,1786094549.3596652,move,444,312,.!frame.!entry
demo_session_05,43,1786094549.409665,move,448,329,.!frame.!entry
demo_session_05,43,1786094549.459665,move,449,323,.!frame.!entry
demo_session_05,43,1786094549.509665,move,462,301,.!frame.!entry
demo_session_05,43,1786094549.559665,move,435,313,.!frame.!entry
demo_session_05,43,1786094549.609665,move,418,315,.!frame.!entry
demo_session_05,43,1786094549.6596649,move,439,314,.!frame.!entry
demo_session_05,43,1786094549.7096648,move,443,325,.!frame.!entry
demo_session_05,43,1786094549.7596648,move,418,310,.!frame.!entry
demo_session_05,43,1786094549.8096647,move,424,317,.!frame.!entry
demo_session_05,43,1786094549.8596647,move,428,332,.!frame.!entry
demo_session_05,43,1786094549.9096646,move,413,337,.!frame.!entry
demo_session_05,43,1786094549.9596646,move,416,328,.!frame.!entry
demo_session_05,43,1786094550.0096645,move,420,326,.!frame.!entry
demo_session_05,43,1786094550.0596645,move,414,324,.!frame.!entry
demo_session_05,43,1786094550.1096644,move,409,310,.!frame.!entry
demo_session_05,43,1786094550.1596644,move,404,318,.!frame.!entry
demo_session_05,43,1786094550.2096643,move,403,323,.!frame.!entry
demo_session_05,43,1786094550.2596643,move,411,325,.!frame.!entry
demo_session_05,43,1786094550.3096642,move,403,336,.!frame.!entry
demo_session_05,43,1786094550.3596642,move,424,323,.!frame.!button
demo_session_05,43,1786094550.4096642,move,405,319,.!frame.!button
demo_session_05,43,1786094550.459664,move,412,328,.!frame.!button
demo_session_05,43,1786094550.509664,move,395,318,.!frame.!button
demo_session_05,43,1786094550.559664,move,408,324,.!frame.!button
demo_session_05,43,1786094550.609664,move,401,316,.!frame.!button
demo_session_05,43,1786094550.659664,move,394,322,.!frame.!button
demo_session_05,43,1786094550.7096639,move,398,343,.!frame.!button
demo_session_05,43,1786094550.7596638,move,386,338,.!frame.!button
demo_session_05,43,1786094550.8096638,move,362,332,.!frame.!button
demo_session_05,43,1786094550.8596637,move,376,302,.!frame.!button
demo_session_05,43,1786094550.9096637,move,383,324,.!frame.!button
demo_session_05,43,1786094550.9596636,move,399,341,.!frame.!button
demo_session_05,43,1786094551.0096636,move,404,334,.!frame.!button
demo_session_05,43,1786094551.0596635,move,360,325,.!frame.!button
demo_session_05,43,1786094551.1096635,move,381,295,.!frame.!button
demo_session_05,43,1786094551.1596634,move,386,317,.!frame.!button
demo_session_05,43,1786094551.2096634,move,383,316,.!frame.!button
demo_session_05,43,1786094551.2596633,move,370,305,.!frame.!button
demo_session_05,43,1786094551.3096633,move,384,301,.!frame.!button
demo_session_05,43,1786094551.3596632,move,386,313,.!frame.!button
demo_session_05,43,1786094551.4096632,move,376,311,.!frame.!button
demo_session_05,43,1786094551.4596632,move,373,324,.!frame.!button
demo_session_05,43,1786094551.509663,move,386,330,.!frame.!button
demo_session_05,43,1786094551.559663,move,361,309,.!frame.!button
demo_session_05,43,1786094551.609663,move,376,325,.!frame.!button
demo_session_05,43,1786094551.659663,move,359,328,.!frame.!button
demo_session_05,43,1786094551.709663,move,358,304,.!frame.!button
demo_session_05,43,1786094551.7596629,move,369,318,.!frame.!button
demo_session_05,43,1786094551.8096628,move,359,320,.!frame.!button
demo_session_05,43,1786094551.8596628,move,357,335,.!frame.!button
demo_session_05,43,1786094551.9096627,move,377,321,.!frame.!button
demo_session_05,43,1786094551.9596627,move,375,321,.!frame.!button
demo_session_05,43,1786094552.0096626,move,361,334,.!frame.!button
demo_session_05,43,1786094552.0596626,move,349,331,.!frame.!button
demo_session_05,43,1786094552.1096625,move,348,304,.!frame.!button
demo_session_05,43,1786094552.1596625,move,342,306,.!frame.!button
demo_session_05,43,1786094552.2096624,move,358,312,.!frame.!button
demo_session_05,43,1786094552.2596624,move,381,322,.!frame.!button
demo_session_05,43,1786094552.3096623,move,362,311,.!frame.!button
demo_session_05,43,1786094552.3980799,click,348,318,.!frame.!button
demo_session_05,44,1786094552.3980799,move,503,160,.!frame.!entry
demo_session_05,44,1786094552.4480798,move,499,157,.!frame.!entry
demo_session_05,44,1786094552.4980798,move,486,175,.!frame.!entry
demo_session_05,44,1786094552.5480797,move,492,169,.!frame.!entry
demo_session_05,44,1786094552.5980797,move,495,169,.!frame.!entry
demo_session_05,44,1786094552.6480796,move,483,166,.!frame.!entry
demo_session_05,44,1786094552.6980796,move,493,144,.!frame.!entry
demo_session_05,44,1786094552.7480795,move,510,165,.!frame.!entry
demo_session_05,44,1786094552.7980795,move,474,178,.!frame.!entry
demo_session_05,44,1786094552.8480794,move,464,172,.!frame.!entry
demo_session_05,44,1786094552.8980794,move,464,153,.!frame.!entry
demo_session_05,44,1786094552.9480793,move,480,176,.!frame.!entry
demo_session_05,44,1786094552.9980793,move,478,161,.!frame.!entry
demo_session_05,44,1786094553.0480793,move,479,177,.!frame.!entry
demo_session_05,44,1786094553.0980792,move,482,188,.!frame.!entry
demo_session_05,44,1786094553.1480792,move,486,174,.!frame.!entry
demo_session_05,44,1786094553.198079,move,472,184,.!frame.!entry
demo_session_05,44,1786094553.248079,move,487,167,.!frame.!entry
demo_session_05,44,1786094553.298079,move,475,163,.!frame.!entry
demo_session_05,44,1786094553.348079,move,486,193,.!frame.!entry
demo_session_05,44,1786094553.398079,move,463,189,.!frame.!entry
demo_session_05,44,1786094553.4480789,move,450,191,.!frame.!entry
demo_session_05,44,1786094553.4980788,move,480,182,.!frame.!entry
demo_session_05,44,1786094553.5480788,move,468,176,.!frame.!entry
demo_session_05,44,1786094553.5980787,move,464,184,.!frame.!entry
demo_session_05,44,1786094553.6480787,move,475,180,.!frame.!entry
demo_session_05,44,1786094553.6980786,move,456,185,.!frame.!entry
demo_session_05,44,1786094553.7480786,move,458,184,.!frame.!entry
demo_session_05,44,1786094553.7980785,move,455,179,.!frame.!entry
demo_session_05,44,1786094553.8480785,move,443,183,.!frame.!entry
demo_session_05,44,1786094553.8980784,move,461,180,.!frame.!entry
demo_session_05,44,1786094553.9480784,move,455,206,.!frame.!entry
demo_session_05,44,1786094553.9980783,move,450,198,.!frame.!entry
demo_session_05,44,1786094554.0480783,move,444,201,.!frame.!entry
demo_session_05,44,1786094554.0980783,move,456,194,.!frame.!entry
demo_session_05,44,1786094554.1480782,move,452,198,.!frame.!entry
demo_session_05,44,1786094554.1980782,move,451,201,.!frame.!entry
demo_session_05,44,1786094554.248078,move,458,212,.!frame.!entry
demo_session_05,44,1786094554.298078,move,443,199,.!frame.!entry
demo_session_05,44,1786094554.348078,move,453,183,.!frame.!entry
demo_session_05,44,1786094554.398078,move,474,203,.!frame.!entry
demo_session_05,44,1786094554.448078,move,455,214,.!frame.!entry
demo_session_05,44,1786094554.4980779,move,442,194,.!frame.!entry
demo_session_05,44,1786094554.5480778,move,443,202,.!frame.!entry
demo_session_05,44,1786094554.5980778,move,455,216,.!frame.!entry
demo_session_05,44,1786094554.6480777,move,445,226,.!frame.!entry
demo_session_05,44,1786094554.6980777,move,423,215,.!frame.!entry
demo_session_05,44,1786094554.7480776,move,451,203,.!frame.!entry
demo_session_05,44,1786094554.7980776,move,457,214,.!frame.!entry
demo_session_05,44,1786094554.8480775,move,456,220,.!frame.!entry
demo_session_05,44,1786094554.8980775,move,440,228,.!frame.!entry
demo_session_05,44,1786094554.9480774,move,436,206,.!frame.!entry
demo_session_05,44,1786094554.9980774,move,449,238,.!frame.!entry
demo_session_05,44,1786094555.0480773,move,431,221,.!frame.!entry
demo_session_05,44,1786094555.0980773,move,446,229,.!frame.!entry
demo_session_05,44,1786094555.1480772,move,431,245,.!frame.!entry
demo_session_05,44,1786094555.1980772,move,414,234,.!frame.!entry
demo_session_05,44,1786094555.2480772,move,438,220,.!frame.!entry
demo_session_05,44,1786094555.298077,move,425,226,.!frame.!entry
demo_session_05,44,1786094555.348077,move,426,239,.!frame.!entry
demo_session_05,44,1786094555.398077,move,425,249,.!frame.!entry
demo_session_05,44,1786094555.448077,move,420,242,.!frame.!entry
demo_session_05,44,1786094555.498077,move,425,235,.!frame.!entry
demo_session_05,44,1786094555.5480769,move,430,221,.!frame.!entry
demo_session_05,44,1786094555.5980768,move,416,214,.!frame.!entry
demo_session_05,44,1786094555.6480768,move,434,254,.!frame.!entry
demo_session_05,44,1786094555.6980767,move,422,247,.!frame.!entry
demo_session_05,44,1786094555.7480767,move,421,226,.!frame.!entry
demo_session_05,44,1786094555.7980766,move,412,242,.!frame.!entry
demo_session_05,44,1786094555.8480766,move,417,250,.!frame.!entry
demo_session_05,44,1786094555.8980765,move,421,237,.!frame.!entry
demo_session_05,44,1786094555.9480765,move,430,265,.!frame.!entry
demo_session_05,44,1786094555.9980764,move,412,240,.!frame.!entry
demo_session_05,44,1786094556.0480764,move,411,242,.!frame.!entry
demo_session_05,44,1786094556.0980763,move,417,243,.!frame.!entry
demo_session_05,44,1786094556.1480763,move,411,245,.!frame.!entry
demo_session_05,44,1786094556.1980762,move,410,231,.!frame.!entry
demo_session_05,44,1786094556.2480762,move,407,251,.!frame.!entry
demo_session_05,44,1786094556.2980762,move,396,262,.!frame.!entry
demo_session_05,44,1786094556.348076,move,425,257,.!frame.!entry
demo_session_05,44,1786094556.398076,move,408,240,.!frame.!entry
demo_session_05,44,1786094556.448076,move,396,255,.!frame.!entry
demo_session_05,44,1786094556.498076,move,405,251,.!frame.!entry
demo_session_05,44,1786094556.548076,move,398,248,.!frame.!entry
demo_session_05,44,1786094556.5980759,move,423,257,.!frame.!entry
demo_session_05,44,1786094556.6480758,move,404,270,.!frame.!entry
demo_session_05,44,1786094556.6980758,move,381,243,.!frame.!entry
demo_session_05,44,1786094556.7480757,move,395,261,.!frame.!entry
demo_session_05,44,1786094556.7980757,move,417,249,.!frame.!entry
demo_session_05,44,1786094556.8480756,move,398,270,.!frame.!entry
demo_session_05,44,1786094556.8980756,move,408,266,.!frame.!entry
demo_session_05,44,1786094556.9480755,move,397,267,.!frame.!entry
demo_session_05,44,1786094556.9980755,move,409,269,.!frame.!entry
demo_session_05,44,1786094557.0480754,move,406,276,.!frame.!entry
demo_session_05,44,1786094557.0980754,move,390,289,.!frame.!entry
demo_session_05,44,1786094557.1480753,move,390,258,.!frame.!entry
demo_session_05,44,1786094557.1980753,move,378,268,.!frame.!button
demo_session_05,44,1786094557.2480752,move,389,287,.!frame.!button
demo_session_05,44,1786094557.2980752,move,388,286,.!frame.!button
demo_session_05,44,1786094557.3480752,move,372,271,.!frame.!button
demo_session_05,44,1786094557.398075,move,407,273,.!frame.!button
demo_session_05,44,1786094557.448075,move,388,282,.!frame.!button
demo_session_05,44,1786094557.498075,move,394,277,.!frame.!button
demo_session_05,44,1786094557.548075,move,385,283,.!frame.!button
demo_session_05,44,1786094557.598075,move,387,294,.!frame.!button
demo_session_05,44,1786094557.6480749,move,372,277,.!frame.!button
demo_session_05,44,1786094557.6980748,move,388,284,.!frame.!button
demo_session_05,44,1786094557.7480748,move,370,289,.!frame.!button
demo_session_05,44,1786094557.7980747,move,368,300,.!frame.!button
demo_session_05,44,1786094557.8480747,move,381,275,.!frame.!button
demo_session_05,44,1786094557.8980746,move,375,272,.!frame.!button
demo_session_05,44,1786094557.9480746,move,385,303,.!frame.!button
demo_session_05,44,1786094557.9980745,move,371,283,.!frame.!button
demo_session_05,44,1786094558.0480745,move,363,289,.!frame.!button
demo_session_05,44,1786094558.0980744,move,375,287,.!frame.!button
demo_session_05,44,1786094558.1480744,move,380,294,.!frame.!button
demo_session_05,44,1786094558.1980743,move,362,287,.!frame.!button
demo_session_05,44,1786094558.2480743,move,367,303,.!frame.!button
demo_session_05,44,1786094558.2980742,move,354,300,.!frame.!button
demo_session_05,44,1786094558.3480742,move,384,302,.!frame.!button
demo_session_05,44,1786094558.3980742,move,374,305,.!frame.!button
demo_session_05,44,1786094558.448074,move,359,294,.!frame.!button
demo_session_05,44,1786094558.498074,move,350,303,.!frame.!button
demo_session_05,44,1786094558.548074,move,359,304,.!frame.!button
demo_session_05,44,1786094558.598074,move,368,285,.!frame.!button
demo_session_05,44,1786094558.648074,move,353,296,.!frame.!button
demo_session_05,44,1786094558.6980739,move,351,299,.!frame.!button
demo_session_05,44,1786094558.7480738,move,350,306,.!frame.!button
demo_session_05,44,1786094558.7980738,move,373,318,.!frame.!button
demo_session_05,44,1786094558.8480737,move,363,311,.!frame.!button
demo_session_05,44,1786094558.8980737,move,365,296,.!frame.!button
demo_session_05,44,1786094558.9480736,move,342,304,.!frame.!button
demo_session_05,44,1786094558.9980736,move,359,303,.!frame.!button
demo_session_05,44,1786094559.0480735,move,353,323,.!frame.!button
demo_session_05,44,1786094559.0980735,move,358,326,.!frame.!button
demo_session_05,44,1786094559.1480734,move,344,327,.!frame.!button
demo_session_05,44,1786094559.1980734,move,350,312,.!frame.!button
demo_session_05,44,1786094559.287974,click,338,308,.!frame.!button
demo_session_05,45,1786094559.287974,move,123,348,.!frame.!entry
demo_session_05,45,1786094559.337974,move,121,342,.!frame.!entry
demo_session_05,45,1786094559.387974,move,129,338,.!frame.!entry
demo_session_05,45,1786094559.437974,move,118,345,.!frame.!entry
demo_session_05,45,1786094559.487974,move,135,342,.!frame.!entry
demo_session_05,45,1786094559.5379739,move,136,336,.!frame.!entry
demo_session_05,45,1786094559.5879738,move,118,329,.!frame.!entry
demo_session_05,45,1786094559.6379738,move,141,323,.!frame.!entry
demo_session_05,45,1786094559.6879737,move,142,348,.!frame.!entry
demo_session_05,45,1786094559.7379737,move,131,317,.!frame.!entry
demo_session_05,45,1786094559.7879736,move,136,351,.!frame.!entry
demo_session_05,45,1786094559.8379736,move,135,342,.!frame.!entry
demo_session_05,45,1786094559.8879735,move,131,337,.!frame.!entry
demo_session_05,45,1786094559.9379735,move,168,335,.!frame.!entry
demo_session_05,45,1786094559.9879735,move,135,333,.!frame.!entry
demo_session_05,45,1786094560.0379734,move,143,337,.!frame.!entry
demo_session_05,45,1786094560.0879734,move,168,325,.!frame.!entry
demo_session_05,45,1786094560.1379733,move,138,309,.!frame.!entry
demo_session_05,45,1786094560.1879733,move,138,342,.!frame.!entry
demo_session_05,45,1786094560.2379732,move,148,334,.!frame.!entry
demo_session_05,45,1786094560.2879732,move,153,339,.!frame.!entry
demo_session_05,45,1786094560.337973,move,159,346,.!frame.!entry
demo_session_05,45,1786094560.387973,move,155,333,.!frame.!entry
demo_session_05,45,1786094560.437973,move,177,341,.!frame.!entry
demo_session_05,45,1786094560.487973,move,178,328,.!frame.!entry
demo_session_05,45,1786094560.537973,move,169,328,.!frame.!entry
demo_session_05,45,1786094560.5879729,move,182,348,.!frame.!entry
demo_session_05,45,1786094560.6379728,move,183,369,.!frame.!entry
demo_session_05,45,1786094560.6879728,move,171,345,.!frame.!entry
demo_session_05,45,1786094560.7379727,move,174,351,.!frame.!entry
demo_session_05,45,1786094560.7879727,move,180,344,.!frame.!entry
demo_session_05,45,1786094560.8379726,move,166,354,.!frame.!entry
demo_session_05,45,1786094560.8879726,move,186,340,.!frame.!entry
demo_session_05,45,1786094560.9379725,move,211,339,.!frame.!entry
demo_session_05,45,1786094560.9879725,move,168,344,.!frame.!entry
demo_session_05,45,1786094561.0379725,move,202,326,.!frame.!entry
demo_session_05,45,1786094561.0879724,move,190,370,.!frame.!entry
demo_session_05,45,1786094561.1379724,move,172,331,.!frame.!entry
demo_session_05,45,1786094561.1879723,move,191,325,.!frame.!entry
demo_session_05,45,1786094561.2379723,move,186,346,.!frame.!entry
demo_session_05,45,1786094561.2879722,move,204,340,.!frame.!entry
demo_session_05,45,1786094561.3379722,move,202,333,.!frame.!entry
demo_session_05,45,1786094561.387972,move,212,360,.!frame.!entry
demo_session_05,45,1786094561.437972,move,205,351,.!frame.!entry
demo_session_05,45,1786094561.487972,move,192,338,.!frame.!entry
demo_session_05,45,1786094561.537972,move,197,345,.!frame.!entry
demo_session_05,45,1786094561.587972,move,200,339,.!frame.!entry
demo_session_05,45,1786094561.6379719,move,204,323,.!frame.!entry
demo_session_05,45,1786094561.6879718,move,195,331,.!frame.!entry
demo_session_05,45,1786094561.7379718,move,207,344,.!frame.!entry
demo_session_05,45,1786094561.7879717,move,231,346,.!frame.!entry
demo_session_05,45,1786094561.8379717,move,231,343,.!frame.!entry
demo_session_05,45,1786094561.8879716,move,202,359,.!frame.!entry
demo_session_05,45,1786094561.9379716,move,221,325,.!frame.!entry
demo_session_05,45,1786094561.9879715,move,219,327,.!frame.!entry
demo_session_05,45,1786094562.0379715,move,212,335,.!frame.!entry
demo_session_05,45,1786094562.0879714,move,233,315,.!frame.!entry
demo_session_05,45,1786094562.1379714,move,222,307,.!frame.!entry
demo_session_05,45,1786094562.1879714,move,239,328,.!frame.!entry
demo_session_05,45,1786094562.2379713,move,238,335,.!frame.!entry
demo_session_05,45,1786094562.2879713,move,244,350,.!frame.!entry
demo_session_05,45,1786094562.3379712,move,236,338,.!frame.!entry
demo_session_05,45,1786094562.3879712,move,224,333,.!frame.!entry
demo_session_05,45,1786094562.437971,move,226,347,.!frame.!entry
demo_session_05,45,1786094562.487971,move,218,330,.!frame.!entry
demo_session_05,45,1786094562.537971,move,257,346,.!frame.!entry
demo_session_05,45,1786094562.587971,move,256,324,.!frame.!entry
demo_session_05,45,1786094562.637971,move,228,332,.!frame.!entry
demo_session_05,45,1786094562.6879709,move,262,323,.!frame.!entry
demo_session_05,45,1786094562.7379708,move,223,324,.!frame.!entry
demo_session_05,45,1786094562.7879708,move,256,333,.!frame.!entry
demo_session_05,45,1786094562.8379707,move,265,334,.!frame.!entry
demo_session_05,45,1786094562.8879707,move,247,339,.!frame.!entry
demo_session_05,45,1786094562.9379706,move,255,304,.!frame.!entry
demo_session_05,45,1786094562.9879706,move,270,344,.!frame.!entry
demo_session_05,45,1786094563.0379705,move,267,335,.!frame.!entry
demo_session_05,45,1786094563.0879705,move,248,346,.!frame.!entry
demo_session_05,45,1786094563.1379704,move,272,336,.!frame.!entry
demo_session_05,45,1786094563.1879704,move,257,301,.!frame.!entry
demo_session_05,45,1786094563.2379704,move,267,333,.!frame.!entry
demo_session_05,45,1786094563.2879703,move,278,317,.!frame.!entry
demo_session_05,45,1786094563.3379703,move,287,327,.!frame.!entry
demo_session_05,45,1786094563.3879702,move,271,349,.!frame.!entry
demo_session_05,45,1786094563.4379702,move,255,331,.!frame.!entry
demo_session_05,45,1786094563.48797,move,267,337,.!frame.!entry
demo_session_05,45,1786094563.53797,move,281,333,.!frame.!entry
demo_session_05,45,1786094563.58797,move,276,334,.!frame.!entry
demo_session_05,45,1786094563.63797,move,284,316,.!frame.!entry
demo_session_05,45,1786094563.68797,move,285,310,.!frame.!entry
demo_session_05,45,1786094563.7379699,move,282,358,.!frame.!button
demo_session_05,45,1786094563.7879698,move,289,335,.!frame.!button
demo_session_05,45,1786094563.8379698,move,280,325,.!frame.!button
demo_session_05,45,1786094563.8879697,move,268,316,.!frame.!button
demo_session_05,45,1786094563.9379697,move,283,315,.!frame.!button
demo_session_05,45,1786094563.9879696,move,287,310,.!frame.!button
demo_session_05,45,1786094564.0379696,move,302,328,.!frame.!button
demo_session_05,45,1786094564.0879695,move,304,339,.!frame.!button
demo_session_05,45,1786094564.1379695,move,284,327,.!frame.!button
demo_session_05,45,1786094564.1879694,move,307,311,.!frame.!button
demo_session_05,45,1786094564.2379694,move,306,307,.!frame.!button
demo_session_05,45,1786094564.2879694,move,291,334,.!frame.!button
demo_session_05,45,1786094564.3379693,move,288,324,.!frame.!button
demo_session_05,45,1786094564.3879693,move,316,333,.!frame.!button
demo_session_05,45,1786094564.4379692,move,318,330,.!frame.!button
demo_session_05,45,1786094564.4879692,move,310,337,.!frame.!button
demo_session_05,45,1786094564.537969,move,306,327,.!frame.!button
demo_session_05,45,1786094564.587969,move,310,328,.!frame.!button
demo_session_05,45,1786094564.637969,move,318,336,.!frame.!button
demo_session_05,45,1786094564.687969,move,302,327,.!frame.!button
demo_session_05,45,1786094564.737969,move,320,313,.!frame.!button
demo_session_05,45,1786094564.7879689,move,326,326,.!frame.!button
demo_session_05,45,1786094564.8379688,move,319,310,.!frame.!button
demo_session_05,45,1786094564.8879688,move,339,340,.!frame.!button
demo_session_05,45,1786094564.9379687,move,334,310,.!frame.!button
demo_session_05,45,1786094564.9879687,move,337,338,.!frame.!button
demo_session_05,45,1786094565.0379686,move,342,324,.!frame.!button
demo_session_05,45,1786094565.0879686,move,337,324,.!frame.!button
demo_session_05,45,1786094565.1379685,move,344,335,.!frame.!button
demo_session_05,45,1786094565.1879685,move,325,320,.!frame.!button
demo_session_05,45,1786094565.2379684,move,343,302,.!frame.!button
demo_session_05,45,1786094565.2879684,move,344,324,.!frame.!button
demo_session_05,45,1786094565.3379683,move,354,313,.!frame.!button
demo_session_05,45,1786094565.3879683,move,336,327,.!frame.!button
demo_session_05,45,1786094565.4379683,move,329,319,.!frame.!button
demo_session_05,45,1786094565.4879682,move,339,313,.!frame.!button
demo_session_05,45,1786094565.5379682,move,357,306,.!frame.!button
demo_session_05,45,1786094565.587968,move,353,333,.!frame.!button
demo_session_05,45,1786094565.6388378,click,345,315,.!frame.!button
demo_session_05,46,1786094578.9927156,move,129,239,.!frame.!entry
demo_session_05,46,1786094579.0427155,move,136,228,.!frame.!entry
demo_session_05,46,1786094579.0927155,move,141,242,.!frame.!entry
demo_session_05,46,1786094579.1427155,move,138,231,.!frame.!entry
demo_session_05,46,1786094579.1927154,move,134,230,.!frame.!entry
demo_session_05,46,1786094579.2427154,move,147,226,.!frame.!entry
demo_session_05,46,1786094579.2927153,move,155,242,.!frame.!entry
demo_session_05,46,1786094579.3427153,move,151,236,.!frame.!entry
demo_session_05,46,1786094579.3927152,move,159,233,.!frame.!entry
demo_session_05,46,1786094579.4427152,move,166,247,.!frame.!entry
demo_session_05,46,1786094579.4927151,move,161,241,.!frame.!entry
demo_session_05,46,1786094579.542715,move,163,222,.!frame.!entry
demo_session_05,46,1786094579.592715,move,161,232,.!frame.!entry
demo_session_05,46,1786094579.642715,move,168,259,.!frame.!entry
demo_session_05,46,1786094579.692715,move,175,250,.!frame.!entry
demo_session_05,46,1786094579.742715,move,156,264,.!frame.!entry
demo_session_05,46,1786094579.7927148,move,159,261,.!frame.!entry
demo_session_05,46,1786094579.8427148,move,179,239,.!frame.!entry
demo_session_05,46,1786094579.8927147,move,163,250,.!frame.!entry
demo_session_05,46,1786094579.9427147,move,180,257,.!frame.!entry
demo_session_05,46,1786094579.9927146,move,170,258,.!frame.!entry
demo_session_05,46,1786094580.0427146,move,190,259,.!frame.!entry
demo_session_05,46,1786094580.0927145,move,172,239,.!frame.!entry
demo_session_05,46,1786094580.1427145,move,196,241,.!frame.!entry
demo_session_05,46,1786094580.1927145,move,176,253,.!frame.!entry
demo_session_05,46,1786094580.2427144,move,201,258,.!frame.!entry
demo_session_05,46,1786094580.2927144,move,174,236,.!frame.!entry
demo_session_05,46,1786094580.3427143,move,181,259,.!frame.!entry
demo_session_05,46,1786094580.3927143,move,192,268,.!frame.!entry
demo_session_05,46,1786094580.4427142,move,214,245,.!frame.!entry
demo_session_05,46,1786094580.4927142,move,193,253,.!frame.!entry
demo_session_05,46,1786094580.542714,move,186,257,.!frame.!entry
demo_session_05,46,1786094580.592714,move,191,272,.!frame.!entry
demo_session_05,46,1786094580.642714,move,189,249,.!frame.!entry
demo_session_05,46,1786094580.692714,move,200,259,.!frame.!entry
demo_session_05,46,1786094580.742714,move,193,252,.!frame.!entry
demo_session_05,46,1786094580.7927139,move,208,264,.!frame.!entry
demo_session_05,46,1786094580.8427138,move,205,249,.!frame.!entry
demo_session_05,46,1786094580.8927138,move,202,257,.!frame.!entry
demo_session_05,46,1786094580.9427137,move,221,262,.!frame.!entry
demo_session_05,46,1786094580.9927137,move,221,270,.!frame.!entry
demo_session_05,46,1786094581.0427136,move,225,264,.!frame.!entry
demo_session_05,46,1786094581.0927136,move,203,258,.!frame.!entry
demo_session_05,46,1786094581.1427135,move,204,246,.!frame.!entry
demo_session_05,46,1786094581.1927135,move,213,279,.!frame.!entry
demo_session_05,46,1786094581.2427135,move,210,248,.!frame.!entry
demo_session_05,46,1786094581.2927134,move,230,259,.!frame.!entry
demo_session_05,46,1786094581.3427134,move,236,267,.!frame.!entry
demo_session_05,46,1786094581.3927133,move,220,258,.!frame.!entry
demo_session_05,46,1786094581.4427133,move,225,272,.!frame.!entry
demo_session_05,46,1786094581.4927132,move,229,255,.!frame.!entry
demo_session_05,46,1786094581.5427132,move,232,286,.!frame.!entry
demo_session_05,46,1786094581.592713,move,251,270,.!frame.!entry
demo_session_05,46,1786094581.642713,move,235,266,.!frame.!entry
demo_session_05,46,1786094581.692713,move,237,279,.!frame.!entry
demo_session_05,46,1786094581.742713,move,232,279,.!frame.!entry
demo_session_05,46,1786094581.792713,move,235,274,.!frame.!entry
demo_session_05,46,1786094581.8427129,move,241,259,.!frame.!entry
demo_session_05,46,1786094581.8927128,move,247,291,.!frame.!entry
demo_session_05,46,1786094581.9427128,move,253,290,.!frame.!entry
demo_session_05,46,1786094581.9927127,move,239,276,.!frame.!entry
demo_session_05,46,1786094582.0427127,move,266,295,.!frame.!entry
demo_session_05,46,1786094582.0927126,move,263,265,.!frame.!entry
demo_session_05,46,1786094582.1427126,move,255,300,.!frame.!entry
demo_session_05,46,1786094582.1927125,move,262,273,.!frame.!entry
demo_session_05,46,1786094582.2427125,move,240,282,.!frame.!entry
demo_session_05,46,1786094582.2927125,move,244,269,.!frame.!entry
demo_session_05,46,1786094582.3427124,move,277,274,.!frame.!entry
demo_session_05,46,1786094582.3927124,move,259,276,.!frame.!entry
demo_session_05,46,1786094582.4427123,move,269,279,.!frame.!entry
demo_session_05,46,1786094582.4927123,move,269,279,.!frame.!entry
demo_session_05,46,1786094582.5427122,move,285,285,.!frame.!entry
demo_session_05,46,1786094582.5927122,move,272,269,.!frame.!entry
demo_session_05,46,1786094582.642712,move,299,294,.!frame.!entry
demo_session_05,46,1786094582.692712,move,293,292,.!frame.!entry
demo_session_05,46,1786094582.742712,move,269,287,.!frame.!entry
demo_session_05,46,1786094582.792712,move,266,295,.!frame.!entry
demo_session_05,46,1786094582.842712,move,276,276,.!frame.!entry
demo_session_05,46,1786094582.8927119,move,274,305,.!frame.!entry
demo_session_05,46,1786094582.9427118,move,275,300,.!frame.!entry
demo_session_05,46,1786094582.9927118,move,280,302,.!frame.!button
demo_session_05,46,1786094583.0427117,move,297,306,.!frame.!button
demo_session_05,46,1786094583.0927117,move,269,302,.!frame.!button
demo_session_05,46,1786094583.1427116,move,291,301,.!frame.!button
demo_session_05,46,1786094583.1927116,move,292,289,.!frame.!button
demo_session_05,46,1786094583.2427115,move,311,307,.!frame.!button
demo_session_05,46,1786094583.2927115,move,296,298,.!frame.!button
demo_session_05,46,1786094583.3427114,move,296,314,.!frame.!button
demo_session_05,46,1786094583.3927114,move,301,298,.!frame.!button
demo_session_05,46,1786094583.4427114,move,301,304,.!frame.!button
demo_session_05,46,1786094583.4927113,move,321,296,.!frame.!button
demo_session_05,46,1786094583.5427113,move,317,292,.!frame.!button
demo_session_05,46,1786094583.5927112,move,294,289,.!frame.!button
demo_session_05,46,1786094583.6427112,move,305,306,.!frame.!button
demo_session_05,46,1786094583.692711,move,300,282,.!frame.!button
demo_session_05,46,1786094583.742711,move,314,291,.!frame.!button
demo_session_05,46,1786094583.792711,move,301,310,.!frame.!button
demo_session_05,46,1786094583.842711,move,308,296,.!frame.!button
demo_session_05,46,1786094583.892711,move,324,313,.!frame.!button
demo_session_05,46,1786094583.9427109,move,324,310,.!frame.!button
demo_session_05,46,1786094583.9927108,move,330,319,.!frame.!button
demo_session_05,46,1786094584.0427108,move,330,299,.!frame.!button
demo_session_05,46,1786094584.0927107,move,338,317,.!frame.!button
demo_session_05,46,1786094584.1427107,move,317,327,.!frame.!button
demo_session_05,46,1786094584.1927106,move,345,303,.!frame.!button
demo_session_05,46,1786094584.2427106,move,331,302,.!frame.!button
demo_session_05,46,1786094584.2927105,move,329,304,.!frame.!button
demo_session_05,46,1786094584.3427105,move,333,316,.!frame.!button
demo_session_05,46,1786094584.3927104,move,335,318,.!frame.!button
demo_session_05,46,1786094584.4427104,move,357,311,.!frame.!button
demo_session_05,46,1786094584.4927104,move,356,312,.!frame.!button
demo_session_05,46,1786094584.5427103,move,342,308,.!frame.!button
demo_session_05,46,1786094584.5927103,move,363,330,.!frame.!button
demo_session_05,46,1786094584.6427102,move,333,327,.!frame.!button
demo_session_05,46,1786094584.6927102,move,348,336,.!frame.!button
demo_session_05,46,1786094584.7851324,click,351,321,.!frame.!button
demo_session_05,47,1786094584.7851324,move,516,243,.!frame.!entry
demo_session_05,47,1786094584.8351324,move,499,242,.!frame.!entry
demo_session_05,47,1786094584.8851323,move,531,247,.!frame.!entry
demo_session_05,47,1786094584.9351323,move,497,260,.!frame.!entry
demo_session_05,47,1786094584.9851322,move,522,241,.!frame.!entry
demo_session_05,47,1786094585.0351322,move,502,254,.!frame.!entry
demo_session_05,47,1786094585.0851321,move,499,259,.!frame.!entry
demo_session_05,47,1786094585.135132,move,505,259,.!frame.!entry
demo_session_05,47,1786094585.185132,move,499,245,.!frame.!entry
demo_session_05,47,1786094585.235132,move,498,259,.!frame.!entry
demo_session_05,47,1786094585.285132,move,482,275,.!frame.!entry
demo_session_05,47,1786094585.335132,move,502,252,.!frame.!entry
demo_session_05,47,1786094585.3851318,move,492,257,.!frame.!entry
demo_session_05,47,1786094585.4351318,move,491,243,.!frame.!entry
demo_session_05,47,1786094585.4851317,move,492,258,.!frame.!entry
demo_session_05,47,1786094585.5351317,move,490,258,.!frame.!entry
demo_session_05,47,1786094585.5851316,move,492,249,.!frame.!entry
demo_session_05,47,1786094585.6351316,move,503,251,.!frame.!entry
demo_session_05,47,1786094585.6851315,move,499,274,.!frame.!entry
demo_session_05,47,1786094585.7351315,move,468,257,.!frame.!entry
demo_session_05,47,1786094585.7851315,move,493,258,.!frame.!entry
demo_session_05,47,1786094585.8351314,move,493,248,.!frame.!entry
demo_session_05,47,1786094585.8851314,move,471,285,.!frame.!entry
demo_session_05,47,1786094585.9351313,move,469,277,.!frame.!entry
demo_session_05,47,1786094585.9851313,move,476,275,.!frame.!entry
demo_session_05,47,1786094586.0351312,move,473,256,.!frame.!entry
demo_session_05,47,1786094586.0851312,move,464,271,.!frame.!entry
demo_session_05,47,1786094586.1351311,move,463,260,.!frame.!entry
demo_session_05,47,1786094586.185131,move,498,259,.!frame.!entry
demo_session_05,47,1786094586.235131,move,466,300,.!frame.!entry
demo_session_05,47,1786094586.285131,move,479,265,.!frame.!entry
demo_session_05,47,1786094586.335131,move,467,266,.!frame.!entry
demo_session_05,47,1786094586.385131,move,466,269,.!frame.!entry
demo_session_05,47,1786094586.4351308,move,470,260,.!frame.!entry
demo_session_05,47,1786094586.4851308,move,470,273,.!frame.!entry
demo_session_05,47,1786094586.5351307,move,457,271,.!frame.!entry
demo_session_05,47,1786094586.5851307,move,472,271,.!frame.!entry
demo_session_05,47,1786094586.6351306,move,466,290,.!frame.!entry
demo_session_05,47,1786094586.6851306,move,468,269,.!frame.!entry
demo_session_05,47,1786094586.7351305,move,458,280,.!frame.!entry
demo_session_05,47,1786094586.7851305,move,459,277,.!frame.!entry
demo_session_05,47,1786094586.8351305,move,465,269,.!frame.!entry
demo_session_05,47,1786094586.8851304,move,478,303,.!frame.!entry
demo_session_05,47,1786094586.9351304,move,444,267,.!frame.!entry
demo_session_05,47,1786094586.9851303,move,445,273,.!frame.!entry
demo_session_05,47,1786094587.0351303,move,455,255,.!frame.!entry
demo_session_05,47,1786094587.0851302,move,465,274,.!frame.!entry
demo_session_05,47,1786094587.1351302,move,433,284,.!frame.!entry
demo_session_05,47,1786094587.1851301,move,465,289,.!frame.!entry
demo_session_05,47,1786094587.23513,move,472,290,.!frame.!entry
demo_session_05,47,1786094587.28513,move,461,264,.!frame.!entry
demo_session_05,47,1786094587.33513,move,485,284,.!frame.!entry
demo_session_05,47,1786094587.38513,move,453,263,.!frame.!entry
demo_session_05,47,1786094587.43513,move,435,276,.!frame.!entry
demo_session_05,47,1786094587.4851298,move,457,265,.!frame.!entry
demo_session_05,47,1786094587.5351298,move,434,293,.!frame.!entry
demo_session_05,47,1786094587.5851297,move,423,280,.!frame.!entry
demo_session_05,47,1786094587.6351297,move,424,276,.!frame.!entry
demo_session_05,47,1786094587.6851296,move,446,290,.!frame.!entry
demo_session_05,47,1786094587.7351296,move,419,264,.!frame.!entry
demo_session_05,47,1786094587.7851295,move,437,270,.!frame.!entry
demo_session_05,47,1786094587.8351295,move,437,291,.!frame.!entry
demo_session_05,47,1786094587.8851295,move,429,298,.!frame.!entry
demo_session_05,47,1786094587.9351294,move,459,287,.!frame.!entry
demo_session_05,47,1786094587.9851294,move,453,287,.!frame.!entry
demo_session_05,47,1786094588.0351293,move,428,308,.!frame.!entry
demo_session_05,47,1786094588.0851293,move,413,268,.!frame.!entry
demo_session_05,47,1786094588.1351292,move,434,284,.!frame.!entry
demo_session_05,47,1786094588.1851292,move,433,293,.!frame.!entry
demo_session_05,47,1786094588.235129,move,429,288,.!frame.!entry
demo_session_05,47,1786094588.285129,move,418,285,.!frame.!entry
demo_session_05,47,1786094588.335129,move,444,290,.!frame.!entry
demo_session_05,47,1786094588.385129,move,406,282,.!frame.!entry
demo_session_05,47,1786094588.435129,move,419,279,.!frame.!entry
demo_session_05,47,1786094588.4851289,move,430,291,.!frame.!entry
demo_session_05,47,1786094588.5351288,move,432,282,.!frame.!entry
demo_session_05,47,1786094588.5851288,move,399,294,.!frame.!entry
demo_session_05,47,1786094588.6351287,move,423,307,.!frame.!entry
demo_session_05,47,1786094588.6851287,move,411,282,.!frame.!entry
demo_session_05,47,1786094588.7351286,move,421,309,.!frame.!entry
demo_session_05,47,1786094588.7851286,move,434,309,.!frame.!entry
demo_session_05,47,1786094588.8351285,move,400,280,.!frame.!entry
demo_session_05,47,1786094588.8851285,move,428,282,.!frame.!entry
demo_session_05,47,1786094588.9351285,move,400,299,.!frame.!entry
demo_session_05,47,1786094588.9851284,move,434,283,.!frame.!entry
demo_session_05,47,1786094589.0351284,move,403,301,.!frame.!entry
demo_session_05,47,1786094589.0851283,move,410,287,.!frame.!entry
demo_session_05,47,1786094589.1351283,move,413,304,.!frame.!entry
demo_session_05,47,1786094589.1851282,move,405,301,.!frame.!entry
demo_session_05,47,1786094589.2351282,move,405,296,.!frame.!button
demo_session_05,47,1786094589.285128,move,377,307,.!frame.!button
demo_session_05,47,1786094589.335128,move,395,306,.!frame.!button
demo_session_05,47,1786094589.385128,move,394,300,.!frame.!button
demo_session_05,47,1786094589.435128,move,403,299,.!frame.!button
demo_session_05,47,1786094589.485128,move,380,299,.!frame.!button
demo_session_05,47,1786094589.5351279,move,389,284,.!frame.!button
demo_session_05,47,1786094589.5851278,move,398,302,.!frame.!button
demo_session_05,47,1786094589.6351278,move,386,304,.!frame.!button
demo_session_05,47,1786094589.6851277,move,390,318,.!frame.!button
demo_session_05,47,1786094589.7351277,move,405,293,.!frame.!button
demo_session_05,47,1786094589.7851276,move,386,307,.!frame.!button
demo_session_05,47,1786094589.8351276,move,388,315,.!frame.!button
demo_session_05,47,1786094589.8851275,move,365,299,.!frame.!button
demo_session_05,47,1786094589.9351275,move,388,304,.!frame.!button
demo_session_05,47,1786094589.9851274,move,380,305,.!frame.!button
demo_session_05,47,1786094590.0351274,move,382,309,.!frame.!button
demo_session_05,47,1786094590.0851274,move,369,312,.!frame.!button
demo_session_05,47,1786094590.1351273,move,355,299,.!frame.!button
demo_session_05,47,1786094590.1851273,move,367,301,.!frame.!button
demo_session_05,47,1786094590.2351272,move,391,320,.!frame.!button
demo_session_05,47,1786094590.2851272,move,378,323,.!frame.!button
demo_session_05,47,1786094590.335127,move,379,299,.!frame.!button
demo_session_05,47,1786094590.385127,move,382,314,.!frame.!button
demo_session_05,47,1786094590.435127,move,368,325,.!frame.!button
demo_session_05,47,1786094590.485127,move,378,295,.!frame.!button
demo_session_05,47,1786094590.535127,move,376,324,.!frame.!button
demo_session_05,47,1786094590.5851269,move,366,326,.!frame.!button
demo_session_05,47,1786094590.6351268,move,359,322,.!frame.!button
demo_session_05,47,1786094590.6851268,move,372,317,.!frame.!button
demo_session_05,47,1786094590.7351267,move,355,313,.!frame.!button
demo_session_05,47,1786094590.7851267,move,368,311,.!frame.!button
demo_session_05,47,1786094590.8351266,move,339,296,.!frame.!button
demo_session_05,47,1786094590.8851266,move,356,311,.!frame.!button
demo_session_05,47,1786094590.9351265,move,353,332,.!frame.!button
demo_session_05,47,1786094590.9851265,move,363,335,.!frame.!button
demo_session_05,47,1786094591.0351264,move,369,302,.!frame.!button
demo_session_05,47,1786094591.0851264,move,355,320,.!frame.!button
demo_session_05,47,1786094591.1523798,click,337,307,.!frame.!button
demo_session_05,48,1786094591.1523798,move,352,155,.!frame.!entry
demo_session_05,48,1786094591.2023797,move,344,191,.!frame.!entry
demo_session_05,48,1786094591.2523797,move,344,171,.!frame.!entry
demo_session_05,48,1786094591.3023796,move,341,190,.!frame.!entry
demo_session_05,48,1786094591.3523796,move,338,191,.!frame.!entry
demo_session_05,48,1786094591.4023795,move,361,186,.!frame.!entry
demo_session_05,48,1786094591.4523795,move,344,183,.!frame.!entry
demo_session_05,48,1786094591.5023794,move,333,155,.!frame.!entry
demo_session_05,48,1786094591.5523794,move,348,183,.!frame.!entry
demo_session_05,48,1786094591.6023793,move,341,178,.!frame.!entry
demo_session_05,48,1786094591.6523793,move,340,188,.!frame.!entry
demo_session_05,48,1786094591.7023792,move,340,174,.!frame.!entry
demo_session_05,48,1786094591.7523792,move,336,192,.!frame.!entry
demo_session_05,48,1786094591.8023791,move,340,197,.!frame.!entry
demo_session_05,48,1786094591.852379,move,331,195,.!frame.!entry
demo_session_05,48,1786094591.902379,move,339,183,.!frame.!entry
demo_session_05,48,1786094591.952379,move,355,181,.!frame.!entry
demo_session_05,48,1786094592.002379,move,317,188,.!frame.!entry
demo_session_05,48,1786094592.052379,move,334,190,.!frame.!entry
demo_session_05,48,1786094592.1023788,move,354,175,.!frame.!entry
demo_session_05,48,1786094592.1523788,move,353,194,.!frame.!entry
demo_session_05,48,1786094592.2023787,move,349,196,.!frame.!entry
demo_session_05,48,1786094592.2523787,move,341,186,.!frame.!entry
demo_session_05,48,1786094592.3023787,move,332,201,.!frame.!entry
demo_session_05,48,1786094592.3523786,move,343,198,.!frame.!entry
demo_session_05,48,1786094592.4023786,move,348,213,.!frame.!entry
demo_session_05,48,1786094592.4523785,move,354,177,.!frame.!entry
demo_session_05,48,1786094592.5023785,move,331,192,.!frame.!entry
demo_session_05,48,1786094592.5523784,move,361,201,.!frame.!entry
demo_session_05,48,1786094592.6023784,move,335,208,.!frame.!entry
demo_session_05,48,1786094592.6523783,move,336,213,.!frame.!entry
demo_session_05,48,1786094592.7023783,move,330,209,.!frame.!entry
demo_session_05,48,1786094592.7523782,move,324,206,.!frame.!entry
demo_session_05,48,1786094592.8023782,move,349,207,.!frame.!entry
demo_session_05,48,1786094592.8523781,move,322,212,.!frame.!entry
demo_session_05,48,1786094592.902378,move,360,192,.!frame.!entry
demo_session_05,48,1786094592.952378,move,336,202,.!frame.!entry
demo_session_05,48,1786094593.002378,move,329,215,.!frame.!entry
demo_session_05,48,1786094593.052378,move,332,218,.!frame.!entry
demo_session_05,48,1786094593.102378,move,337,225,.!frame.!entry
demo_session_05,48,1786094593.1523778,move,340,209,.!frame.!entry
demo_session_05,48,1786094593.2023778,move,322,214,.!frame.!entry
demo_session_05,48,1786094593.2523777,move,339,222,.!frame.!entry
demo_session_05,48,1786094593.3023777,move,345,215,.!frame.!entry
demo_session_05,48,1786094593.3523777,move,340,223,.!frame.!entry
demo_session_05,48,1786094593.4023776,move,344,229,.!frame.!entry
demo_session_05,48,1786094593.4523776,move,349,226,.!frame.!entry
demo_session_05,48,1786094593.5023775,move,337,233,.!frame.!entry
demo_session_05,48,1786094593.5523775,move,342,232,.!frame.!entry
demo_session_05,48,1786094593.6023774,move,335,209,.!frame.!entry
demo_session_05,48,1786094593.6523774,move,358,220,.!frame.!entry
demo_session_05,48,1786094593.7023773,move,339,225,.!frame.!entry
demo_session_05,48,1786094593.7523773,move,350,229,.!frame.!entry
demo_session_05,48,1786094593.8023772,move,335,229,.!frame.!entry
demo_session_05,48,1786094593.8523772,move,351,239,.!frame.!entry
demo_session_05,48,1786094593.9023771,move,313,241,.!frame.!entry
demo_session_05,48,1786094593.952377,move,323,232,.!frame.!entry
demo_session_05,48,1786094594.002377,move,344,233,.!frame.!entry
demo_session_05,48,1786094594.052377,move,349,237,.!frame.!entry
demo_session_05,48,1786094594.102377,move,355,235,.!frame.!entry
demo_session_05,48,1786094594.152377,move,339,246,.!frame.!entry
demo_session_05,48,1786094594.2023768,move,342,227,.!frame.!entry
demo_session_05,48,1786094594.2523768,move,345,262,.!frame.!entry
demo_session_05,48,1786094594.3023767,move,345,244,.!frame.!entry
demo_session_05,48,1786094594.3523767,move,339,248,.!frame.!entry
demo_session_05,48,1786094594.4023767,move,351,244,.!frame.!entry
demo_session_05,48,1786094594.4523766,move,358,253,.!frame.!entry
demo_session_05,48,1786094594.5023766,move,341,251,.!frame.!entry
demo_session_05,48,1786094594.5523765,move,354,234,.!frame.!entry
demo_session_05,48,1786094594.6023765,move,366,253,.!frame.!entry
demo_session_05,48,1786094594.6523764,move,337,251,.!frame.!entry
demo_session_05,48,1786094594.7023764,move,343,238,.!frame.!entry
demo_session_05,48,1786094594.7523763,move,350,261,.!frame.!entry
demo_session_05,48,1786094594.8023763,move,364,245,.!frame.!entry
demo_session_05,48,1786094594.8523762,move,343,270,.!frame.!entry
demo_session_05,48,1786094594.9023762,move,344,259,.!frame.!entry
demo_session_05,48,1786094594.9523761,move,336,263,.!frame.!entry
demo_session_05,48,1786094595.002376,move,350,264,.!frame.!entry
demo_session_05,48,1786094595.052376,move,342,271,.!frame.!entry
demo_session_05,48,1786094595.102376,move,346,268,.!frame.!entry
demo_session_05,48,1786094595.152376,move,340,263,.!frame.!entry
demo_session_05,48,1786094595.202376,move,358,266,.!frame.!entry
demo_session_05,48,1786094595.2523758,move,353,281,.!frame.!entry
demo_session_05,48,1786094595.3023758,move,338,263,.!frame.!entry
demo_session_05,48,1786094595.3523757,move,353,267,.!frame.!entry
demo_session_05,48,1786094595.4023757,move,343,272,.!frame.!entry
demo_session_05,48,1786094595.4523757,move,338,266,.!frame.!entry
demo_session_05,48,1786094595.5023756,move,341,269,.!frame.!entry
demo_session_05,48,1786094595.5523756,move,336,275,.!frame.!entry
demo_session_05,48,1786094595.6023755,move,359,279,.!frame.!entry
demo_session_05,48,1786094595.6523755,move,341,244,.!frame.!entry
demo_session_05,48,1786094595.7023754,move,320,275,.!frame.!button
demo_session_05,48,1786094595.7523754,move,337,294,.!frame.!button
demo_session_05,48,1786094595.8023753,move,339,268,.!frame.!button
demo_session_05,48,1786094595.8523753,move,346,283,.!frame.!button
demo_session_05,48,1786094595.9023752,move,361,286,.!frame.!button
demo_session_05,48,1786094595.9523752,move,357,264,.!frame.!button
demo_session_05,48,1786094596.0023751,move,346,272,.!frame.!button
demo_session_05,48,1786094596.052375,move,343,267,.!frame.!button
demo_session_05,48,1786094596.102375,move,355,301,.!frame.!button
demo_session_05,48,1786094596.152375,move,387,295,.!frame.!button
demo_session_05,48,1786094596.202375,move,347,304,.!frame.!button
demo_session_05,48,1786094596.252375,move,345,287,.!frame.!button
demo_session_05,48,1786094596.3023748,move,338,301,.!frame.!button
demo_session_05,48,1786094596.3523748,move,345,288,.!frame.!button
demo_session_05,48,1786094596.4023747,move,331,286,.!frame.!button
demo_session_05,48,1786094596.4523747,move,339,292,.!frame.!button
demo_session_05,48,1786094596.5023746,move,332,299,.!frame.!button
demo_session_05,48,1786094596.5523746,move,342,289,.!frame.!button
demo_session_05,48,1786094596.6023746,move,342,292,.!frame.!button
demo_session_05,48,1786094596.6523745,move,345,290,.!frame.!button
demo_session_05,48,1786094596.7023745,move,344,284,.!frame.!button
demo_session_05,48,1786094596.7523744,move,337,300,.!frame.!button
demo_session_05,48,1786094596.8023744,move,348,301,.!frame.!button
demo_session_05,48,1786094596.8523743,move,350,286,.!frame.!button
demo_session_05,48,1786094596.9023743,move,340,295,.!frame.!button
demo_session_05,48,1786094596.9523742,move,351,319,.!frame.!button
demo_session_05,48,1786094597.0023742,move,358,302,.!frame.!button
demo_session_05,48,1786094597.0523741,move,360,308,.!frame.!button
demo_session_05,48,1786094597.102374,move,355,313,.!frame.!button
demo_session_05,48,1786094597.152374,move,359,320,.!frame.!button
demo_session_05,48,1786094597.202374,move,318,308,.!frame.!button
demo_session_05,48,1786094597.252374,move,355,313,.!frame.!button
demo_session_05,48,1786094597.302374,move,355,330,.!frame.!button
demo_session_05,48,1786094597.3523738,move,353,310,.!frame.!button
demo_session_05,48,1786094597.4023738,move,351,314,.!frame.!button
demo_session_05,48,1786094597.4523737,move,363,311,.!frame.!button
demo_session_05,48,1786094597.5023737,move,366,328,.!frame.!button
demo_session_05,48,1786094597.5523736,move,350,310,.!frame.!button
demo_session_05,48,1786094597.6023736,move,344,327,.!frame.!button
demo_session_05,48,1786094597.6838534,click,359,329,.!frame.!button
demo_session_05,49,1786094612.2846522,move,454,303,.!frame.!entry
demo_session_05,49,1786094612.3346522,move,441,295,.!frame.!entry
demo_session_05,49,1786094612.3846521,move,456,278,.!frame.!entry
demo_session_05,49,1786094612.434652,move,457,281,.!frame.!entry
demo_session_05,49,1786094612.484652,move,431,274,.!frame.!entry
demo_session_05,49,1786094612.534652,move,449,312,.!frame.!entry
demo_session_05,49,1786094612.584652,move,449,288,.!frame.!entry
demo_session_05,49,1786094612.634652,move,462,281,.!frame.!entry
demo_session_05,49,1786094612.6846519,move,446,292,.!frame.!entry
demo_session_05,49,1786094612.7346518,move,465,294,.!frame.!entry
demo_session_05,49,1786094612.7846518,move,462,302,.!frame.!entry
demo_session_05,49,1786094612.8346517,move,456,288,.!frame.!entry
demo_session_05,49,1786094612.8846517,move,416,304,.!frame.!entry
demo_session_05,49,1786094612.9346516,move,425,291,.!frame.!entry
demo_session_05,49,1786094612.9846516,move,446,281,.!frame.!entry
demo_session_05,49,1786094613.0346515,move,452,293,.!frame.!entry
demo_session_05,49,1786094613.0846515,move,418,290,.!frame.!entry
demo_session_05,49,1786094613.1346514,move,435,301,.!frame.!entry
demo_session_05,49,1786094613.1846514,move,435,305,.!frame.!entry
demo_session_05,49,1786094613.2346513,move,455,294,.!frame.!entry
demo_session_05,49,1786094613.2846513,move,441,266,.!frame.!entry
demo_session_05,49,1786094613.3346512,move,437,293,.!frame.!entry
demo_session_05,49,1786094613.3846512,move,453,281,.!frame.!entry
demo_session_05,49,1786094613.4346511,move,439,299,.!frame.!entry
demo_session_05,49,1786094613.484651,move,428,282,.!frame.!entry
demo_session_05,49,1786094613.534651,move,430,290,.!frame.!entry
demo_session_05,49,1786094613.584651,move,414,279,.!frame.!entry
demo_session_05,49,1786094613.634651,move,450,289,.!frame.!entry
demo_session_05,49,1786094613.684651,move,443,292,.!frame.!entry
demo_session_05,49,1786094613.7346509,move,425,288,.!frame.!entry
demo_session_05,49,1786094613.7846508,move,417,290,.!frame.!entry
demo_session_05,49,1786094613.8346508,move,449,274,.!frame.!entry
demo_session_05,49,1786094613.8846507,move,446,318,.!frame.!entry
demo_session_05,49,1786094613.9346507,move,445,281,.!frame.!entry
demo_session_05,49,1786094613.9846506,move,422,305,.!frame.!entry
demo_session_05,49,1786094614.0346506,move,434,306,.!frame.!entry
demo_session_05,49,1786094614.0846505,move,425,292,.!frame.!entry
demo_session_05,49,1786094614.1346505,move,430,314,.!frame.!entry
demo_session_05,49,1786094614.1846504,move,428,286,.!frame.!entry
demo_session_05,49,1786094614.2346504,move,433,297,.!frame.!entry
demo_session_05,49,1786094614.2846503,move,433,273,.!frame.!entry
demo_session_05,49,1786094614.3346503,move,424,297,.!frame.!entry
demo_session_05,49,1786094614.3846502,move,434,317,.!frame.!entry
demo_session_05,49,1786094614.4346502,move,408,282,.!frame.!entry
demo_session_05,49,1786094614.4846501,move,424,287,.!frame.!entry
demo_session_05,49,1786094614.53465,move,422,306,.!frame.!entry
demo_session_05,49,1786094614.58465,move,412,307,.!frame.!entry
demo_session_05,49,1786094614.63465,move,428,310,.!frame.!entry
demo_session_05,49,1786094614.68465,move,410,311,.!frame.!entry
demo_session_05,49,1786094614.73465,move,414,317,.!frame.!entry
demo_session_05,49,1786094614.7846498,move,413,312,.!frame.!entry
demo_session_05,49,1786094614.8346498,move,434,283,.!frame.!entry
demo_session_05,49,1786094614.8846498,move,409,290,.!frame.!entry
demo_session_05,49,1786094614.9346497,move,406,319,.!frame.!entry
demo_session_05,49,1786094614.9846497,move,434,273,.!frame.!entry
demo_session_05,49,1786094615.0346496,move,413,283,.!frame.!entry
demo_session_05,49,1786094615.0846496,move,400,281,.!frame.!entry
demo_session_05,49,1786094615.1346495,move,428,301,.!frame.!entry
demo_session_05,49,1786094615.1846495,move,420,289,.!frame.!entry
demo_session_05,49,1786094615.2346494,move,391,311,.!frame.!entry
demo_session_05,49,1786094615.2846494,move,422,315,.!frame.!entry
demo_session_05,49,1786094615.3346493,move,434,315,.!frame.!entry
demo_session_05,49,1786094615.3846493,move,422,304,.!frame.!entry
demo_session_05,49,1786094615.4346492,move,401,304,.!frame.!entry
demo_session_05,49,1786094615.4846492,move,400,294,.!frame.!entry
demo_session_05,49,1786094615.5346491,move,415,285,.!frame.!entry
demo_session_05,49,1786094615.584649,move,419,313,.!frame.!entry
demo_session_05,49,1786094615.634649,move,409,315,.!frame.!entry
demo_session_05,49,1786094615.684649,move,371,322,.!frame.!entry
demo_session_05,49,1786094615.734649,move,401,326,.!frame.!entry
demo_session_05,49,1786094615.784649,move,394,296,.!frame.!entry
demo_session_05,49,1786094615.8346488,move,421,329,.!frame.!entry
demo_session_05,49,1786094615.8846488,move,401,315,.!frame.!entry
demo_session_05,49,1786094615.9346488,move,394,305,.!frame.!entry
demo_session_05,49,1786094615.9846487,move,404,324,.!frame.!entry
demo_session_05,49,1786094616.0346487,move,387,281,.!frame.!entry
demo_session_05,49,1786094616.0846486,move,410,298,.!frame.!entry
demo_session_05,49,1786094616.1346486,move,403,294,.!frame.!entry
demo_session_05,49,1786094616.1846485,move,399,305,.!frame.!entry
demo_session_05,49,1786094616.2346485,move,396,300,.!frame.!entry
demo_session_05,49,1786094616.2846484,move,400,310,.!frame.!entry
demo_session_05,49,1786094616.3346484,move,396,321,.!frame.!entry
demo_session_05,49,1786094616.3846483,move,377,294,.!frame.!entry
demo_session_05,49,1786094616.4346483,move,388,317,.!frame.!entry
demo_session_05,49,1786094616.4846482,move,413,307,.!frame.!entry
demo_session_05,49,1786094616.5346482,move,391,302,.!frame.!entry
demo_session_05,49,1786094616.5846481,move,407,291,.!frame.!entry
demo_session_05,49,1786094616.634648,move,396,301,.!frame.!entry
demo_session_05,49,1786094616.684648,move,398,288,.!frame.!entry
demo_session_05,49,1786094616.734648,move,370,311,.!frame.!entry
demo_session_05,49,1786094616.784648,move,405,313,.!frame.!entry
demo_session_05,49,1786094616.834648,move,397,303,.!frame.!entry
demo_session_05,49,1786094616.8846478,move,380,308,.!frame.!entry
demo_session_05,49,1786094616.9346478,move,391,308,.!frame.!entry
demo_session_05,49,1786094616.9846478,move,364,281,.!frame.!entry
demo_session_05,49,1786094617.0346477,move,365,305,.!frame.!entry
demo_session_05,49,1786094617.0846477,move,386,296,.!frame.!entry
demo_session_05,49,1786094617.1346476,move,356,307,.!frame.!entry
demo_session_05,49,1786094617.1846476,move,371,308,.!frame.!button
demo_session_05,49,1786094617.2346475,move,370,320,.!frame.!button
demo_session_05,49,1786094617.2846475,move,393,320,.!frame.!button
demo_session_05,49,1786094617.3346474,move,365,310,.!frame.!button
demo_session_05,49,1786094617.3846474,move,383,314,.!frame.!button
demo_session_05,49,1786094617.4346473,move,371,314,.!frame.!button
demo_session_05,49,1786094617.4846473,move,380,289,.!frame.!button
demo_session_05,49,1786094617.5346472,move,358,332,.!frame.!button
demo_session_05,49,1786094617.5846472,move,386,286,.!frame.!button
demo_session_05,49,1786094617.6346471,move,374,308,.!frame.!button
demo_session_05,49,1786094617.684647,move,387,311,.!frame.!button
demo_session_05,49,1786094617.734647,move,371,325,.!frame.!button
demo_session_05,49,1786094617.784647,move,386,296,.!frame.!button
demo_session_05,49,1786094617.834647,move,353,312,.!frame.!button
demo_session_05,49,1786094617.884647,move,385,307,.!frame.!button
demo_session_05,49,1786094617.9346468,move,380,317,.!frame.!button
demo_session_05,49,1786094617.9846468,move,376,314,.!frame.!button
demo_session_05,49,1786094618.0346467,move,381,336,.!frame.!button
demo_session_05,49,1786094618.0846467,move,374,301,.!frame.!button
demo_session_05,49,1786094618.1346467,move,340,319,.!frame.!button
demo_session_05,49,1786094618.1846466,move,370,315,.!frame.!button
demo_session_05,49,1786094618.2346466,move,379,305,.!frame.!button
demo_session_05,49,1786094618.2846465,move,367,316,.!frame.!button
demo_session_05,49,1786094618.3346465,move,350,332,.!frame.!button
demo_session_05,49,1786094618.3846464,move,347,313,.!frame.!button
demo_session_05,49,1786094618.4346464,move,351,320,.!frame.!button
demo_session_05,49,1786094618.4846463,move,342,312,.!frame.!button
demo_session_05,49,1786094618.5346463,move,369,304,.!frame.!button
demo_session_05,49,1786094618.5846462,move,360,318,.!frame.!button
demo_session_05,49,1786094618.6346462,move,354,313,.!frame.!button
demo_session_05,49,1786094618.6846461,move,357,329,.!frame.!button
demo_session_05,49,1786094618.734646,move,359,313,.!frame.!button
demo_session_05,49,1786094618.784646,move,361,320,.!frame.!button
demo_session_05,49,1786094618.834646,move,357,322,.!frame.!button
demo_session_05,49,1786094618.884646,move,348,307,.!frame.!button
demo_session_05,49,1786094618.934646,move,372,328,.!frame.!button
demo_session_05,49,1786094618.9846458,move,323,312,.!frame.!button
demo_session_05,49,1786094619.0346458,move,374,319,.!frame.!button
demo_session_05,49,1786094619.0846457,move,348,320,.!frame.!button
demo_session_05,49,1786094619.1346457,move,346,344,.!frame.!button
demo_session_05,49,1786094619.1846457,move,363,332,.!frame.!button
demo_session_05,49,1786094619.2346456,move,349,328,.!frame.!button
demo_session_05,49,1786094619.2904155,click,363,333,.!frame.!button
demo_session_05,50,1786094619.2904155,move,257,362,.!frame.!entry
demo_session_05,50,1786094619.3404155,move,246,359,.!frame.!entry
demo_session_05,50,1786094619.3904154,move,224,367,.!frame.!entry
demo_session_05,50,1786094619.4404154,move,229,358,.!frame.!entry
demo_session_05,50,1786094619.4904153,move,231,367,.!frame.!entry
demo_session_05,50,1786094619.5404153,move,235,355,.!frame.!entry
demo_session_05,50,1786094619.5904152,move,244,361,.!frame.!entry
demo_session_05,50,1786094619.6404152,move,253,343,.!frame.!entry
demo_session_05,50,1786094619.6904151,move,237,353,.!frame.!entry
demo_session_05,50,1786094619.740415,move,263,348,.!frame.!entry
demo_session_05,50,1786094619.790415,move,236,349,.!frame.!entry
demo_session_05,50,1786094619.840415,move,237,357,.!frame.!entry
demo_session_05,50,1786094619.890415,move,228,360,.!frame.!entry
demo_session_05,50,1786094619.940415,move,262,350,.!frame.!entry
demo_session_05,50,1786094619.9904149,move,262,352,.!frame.!entry
demo_session_05,50,1786094620.0404148,move,265,354,.!frame.!entry
demo_session_05,50,1786094620.0904148,move,234,349,.!frame.!entry
demo_session_05,50,1786094620.1404147,move,252,355,.!frame.!entry
demo_session_05,50,1786094620.1904147,move,257,354,.!frame.!entry
demo_session_05,50,1786094620.2404146,move,240,341,.!frame.!entry
demo_session_05,50,1786094620.2904146,move,242,365,.!frame.!entry
demo_session_05,50,1786094620.3404145,move,236,343,.!frame.!entry
demo_session_05,50,1786094620.3904145,move,249,337,.!frame.!entry
demo_session_05,50,1786094620.4404144,move,262,354,.!frame.!entry
demo_session_05,50,1786094620.4904144,move,242,366,.!frame.!entry
demo_session_05,50,1786094620.5404143,move,239,350,.!frame.!entry
demo_session_05,50,1786094620.5904143,move,249,342,.!frame.!entry
demo_session_05,50,1786094620.6404142,move,250,343,.!frame.!entry
demo_session_05,50,1786094620.6904142,move,252,344,.!frame.!entry
demo_session_05,50,1786094620.7404141,move,272,348,.!frame.!entry
demo_session_05,50,1786094620.790414,move,243,345,.!frame.!entry
demo_session_05,50,1786094620.840414,move,260,333,.!frame.!entry
demo_session_05,50,1786094620.890414,move,248,330,.!frame.!entry
demo_session_05,50,1786094620.940414,move,250,345,.!frame.!entry
demo_session_05,50,1786094620.990414,move,239,350,.!frame.!entry
demo_session_05,50,1786094621.0404139,move,261,355,.!frame.!entry
demo_session_05,50,1786094621.0904138,move,271,341,.!frame.!entry
demo_session_05,50,1786094621.1404138,move,254,335,.!frame.!entry
demo_session_05,50,1786094621.1904137,move,258,337,.!frame.!entry
demo_session_05,50,1786094621.2404137,move,271,328,.!frame.!entry
demo_session_05,50,1786094621.2904136,move,266,332,.!frame.!entry
demo_session_05,50,1786094621.3404136,move,273,329,.!frame.!entry
demo_session_05,50,1786094621.3904135,move,270,341,.!frame.!entry
demo_session_05,50,1786094621.4404135,move,275,323,.!frame.!entry
demo_session_05,50,1786094621.4904134,move,273,344,.!frame.!entry
demo_session_05,50,1786094621.5404134,move,262,351,.!frame.!entry
demo_session_05,50,1786094621.5904133,move,257,359,.!frame.!entry
demo_session_05,50,1786094621.6404133,move,270,343,.!frame.!entry
demo_session_05,50,1786094621.6904132,move,272,342,.!frame.!entry
demo_session_05,50,1786094621.7404132,move,264,352,.!frame.!entry
demo_session_05,50,1786094621.7904131,move,265,328,.!frame.!entry
demo_session_05,50,1786094621.840413,move,285,340,.!frame.!entry
demo_session_05,50,1786094621.890413,move,261,330,.!frame.!entry
demo_session_05,50,1786094621.940413,move,271,340,.!frame.!entry
demo_session_05,50,1786094621.990413,move,292,351,.!frame.!entry
demo_session_05,50,1786094622.040413,move,267,332,.!frame.!entry
demo_session_05,50,1786094622.0904129,move,262,331,.!frame.!entry
demo_session_05,50,1786094622.1404128,move,291,340,.!frame.!entry
demo_session_05,50,1786094622.1904128,move,268,336,.!frame.!entry
demo_session_05,50,1786094622.2404127,move,268,331,.!frame.!entry
demo_session_05,50,1786094622.2904127,move,267,346,.!frame.!entry
demo_session_05,50,1786094622.3404126,move,278,352,.!frame.!entry
demo_session_05,50,1786094622.3904126,move,256,332,.!frame.!entry
demo_session_05,50,1786094622.4404125,move,249,337,.!frame.!entry
demo_session_05,50,1786094622.4904125,move,275,328,.!frame.!entry
demo_session_05,50,1786094622.5404124,move,282,350,.!frame.!entry
demo_session_05,50,1786094622.5904124,move,280,347,.!frame.!entry
demo_session_05,50,1786094622.6404123,move,284,344,.!frame.!entry
demo_session_05,50,1786094622.6904123,move,276,350,.!frame.!entry
demo_session_05,50,1786094622.7404122,move,270,337,.!frame.!entry
demo_session_05,50,1786094622.7904122,move,284,344,.!frame.!entry
demo_session_05,50,1786094622.8404121,move,274,336,.!frame.!entry
demo_session_05,50,1786094622.890412,move,309,350,.!frame.!entry
demo_session_05,50,1786094622.940412,move,275,333,.!frame.!entry
demo_session_05,50,1786094622.990412,move,291,338,.!frame.!entry
demo_session_05,50,1786094623.040412,move,287,338,.!frame.!entry
demo_session_05,50,1786094623.090412,move,315,331,.!frame.!entry
demo_session_05,50,1786094623.1404119,move,282,340,.!frame.!entry
demo_session_05,50,1786094623.1904118,move,272,339,.!frame.!entry
demo_session_05,50,1786094623.2404118,move,281,324,.!frame.!entry
demo_session_05,50,1786094623.2904117,move,293,339,.!frame.!entry
demo_session_05,50,1786094623.3404117,move,295,327,.!frame.!entry
demo_session_05,50,1786094623.3904116,move,286,328,.!frame.!entry
demo_session_05,50,1786094623.4404116,move,298,337,.!frame.!entry
demo_session_05,50,1786094623.4904115,move,294,339,.!frame.!entry
demo_session_05,50,1786094623.5404115,move,286,319,.!frame.!entry
demo_session_05,50,1786094623.5904114,move,293,333,.!frame.!entry
demo_session_05,50,1786094623.6404114,move,293,327,.!frame.!entry
demo_session_05,50,1786094623.6904113,move,287,335,.!frame.!entry
demo_session_05,50,1786094623.7404113,move,289,341,.!frame.!entry
demo_session_05,50,1786094623.7904112,move,292,334,.!frame.!entry
demo_session_05,50,1786094623.8404112,move,286,338,.!frame.!entry
demo_session_05,50,1786094623.8904111,move,303,329,.!frame.!entry
demo_session_05,50,1786094623.940411,move,291,340,.!frame.!entry
demo_session_05,50,1786094623.990411,move,292,346,.!frame.!entry
demo_session_05,50,1786094624.040411,move,286,349,.!frame.!entry
demo_session_05,50,1786094624.090411,move,316,317,.!frame.!entry
demo_session_05,50,1786094624.140411,move,293,342,.!frame.!entry
demo_session_05,50,1786094624.1904109,move,296,322,.!frame.!entry
demo_session_05,50,1786094624.2404108,move,283,322,.!frame.!entry
demo_session_05,50,1786094624.2904108,move,299,340,.!frame.!entry
demo_session_05,50,1786094624.3404107,move,302,343,.!frame.!entry
demo_session_05,50,1786094624.3904107,move,285,322,.!frame.!entry
demo_session_05,50,1786094624.4404106,move,285,338,.!frame.!entry
demo_session_05,50,1786094624.4904106,move,310,336,.!frame.!entry
demo_session_05,50,1786094624.5404105,move,299,324,.!frame.!entry
demo_session_05,50,1786094624.5904105,move,307,333,.!frame.!entry
demo_session_05,50,1786094624.6404104,move,308,331,.!frame.!entry
demo_session_05,50,1786094624.6904104,move,321,341,.!frame.!entry
demo_session_05,50,1786094624.7404103,move,302,320,.!frame.!entry
demo_session_05,50,1786094624.7904103,move,317,317,.!frame.!entry
demo_session_05,50,1786094624.8404102,move,305,341,.!frame.!entry
demo_session_05,50,1786094624.8904102,move,316,337,.!frame.!entry
demo_session_05,50,1786094624.9404101,move,303,338,.!frame.!entry
demo_session_05,50,1786094624.99041,move,303,358,.!frame.!entry
demo_session_05,50,1786094625.04041,move,303,324,.!frame.!entry
demo_session_05,50,1786094625.09041,move,315,331,.!frame.!entry
demo_session_05,50,1786094625.14041,move,302,324,.!frame.!entry
demo_session_05,50,1786094625.19041,move,325,336,.!frame.!entry
demo_session_05,50,1786094625.2404099,move,306,324,.!frame.!entry
demo_session_05,50,1786094625.2904098,move,321,326,.!frame.!button
demo_session_05,50,1786094625.3404098,move,317,329,.!frame.!button
demo_session_05,50,1786094625.3904097,move,317,330,.!frame.!button
demo_session_05,50,1786094625.4404097,move,321,334,.!frame.!button
demo_session_05,50,1786094625.4904096,move,334,340,.!frame.!button
demo_session_05,50,1786094625.5404096,move,316,325,.!frame.!button
demo_session_05,50,1786094625.5904095,move,302,322,.!frame.!button
demo_session_05,50,1786094625.6404095,move,322,318,.!frame.!button
demo_session_05,50,1786094625.6904094,move,327,316,.!frame.!button
demo_session_05,50,1786094625.7404094,move,335,340,.!frame.!button
demo_session_05,50,1786094625.7904093,move,329,325,.!frame.!button
demo_session_05,50,1786094625.8404093,move,320,306,.!frame.!button
demo_session_05,50,1786094625.8904092,move,319,340,.!frame.!button
demo_session_05,50,1786094625.9404092,move,321,319,.!frame.!button
demo_session_05,50,1786094625.9904091,move,332,337,.!frame.!button
demo_session_05,50,1786094626.040409,move,327,301,.!frame.!button
demo_session_05,50,1786094626.090409,move,342,314,.!frame.!button
demo_session_05,50,1786094626.140409,move,325,342,.!frame.!button
demo_session_05,50,1786094626.190409,move,335,309,.!frame.!button
demo_session_05,50,1786094626.240409,move,323,327,.!frame.!button
demo_session_05,50,1786094626.2904088,move,313,331,.!frame.!button
demo_session_05,50,1786094626.3404088,move,339,311,.!frame.!button
demo_session_05,50,1786094626.3904088,move,311,344,.!frame.!button
demo_session_05,50,1786094626.4404087,move,337,315,.!frame.!button
demo_session_05,50,1786094626.4904087,move,329,316,.!frame.!button
demo_session_05,50,1786094626.5404086,move,331,319,.!frame.!button
demo_session_05,50,1786094626.5904086,move,324,320,.!frame.!button
demo_session_05,50,1786094626.6404085,move,315,336,.!frame.!button
demo_session_05,50,1786094626.6904085,move,321,325,.!frame.!button
demo_session_05,50,1786094626.7404084,move,355,330,.!frame.!button
demo_session_05,50,1786094626.7904084,move,330,308,.!frame.!button
demo_session_05,50,1786094626.8404083,move,340,320,.!frame.!button
demo_session_05,50,1786094626.8904083,move,329,312,.!frame.!button
demo_session_05,50,1786094626.9404082,move,350,302,.!frame.!button
demo_session_05,50,1786094626.9904082,move,358,306,.!frame.!button
demo_session_05,50,1786094627.0404081,move,327,299,.!frame.!button
demo_session_05,50,1786094627.090408,move,339,310,.!frame.!button
demo_session_05,50,1786094627.140408,move,333,310,.!frame.!button
demo_session_05,50,1786094627.190408,move,326,331,.!frame.!button
demo_session_05,50,1786094627.240408,move,359,306,.!frame.!button
demo_session_05,50,1786094627.290408,move,338,342,.!frame.!button
demo_session_05,50,1786094627.3404078,move,349,311,.!frame.!button
demo_session_05,50,1786094627.3904078,move,350,323,.!frame.!button
demo_session_05,50,1786094627.4404078,move,347,340,.!frame.!button
demo_session_05,50,1786094627.4904077,move,346,313,.!frame.!button
demo_session_05,50,1786094627.5404077,move,360,324,.!frame.!button
demo_session_05,50,1786094627.5904076,move,338,322,.!frame.!button
demo_session_05,50,1786094627.6404076,move,341,342,.!frame.!button
demo_session_05,50,1786094627.6904075,move,339,315,.!frame.!button
demo_session_05,50,1786094627.7404075,move,365,316,.!frame.!button
demo_session_05,50,1786094627.7904074,move,334,343,.!frame.!button
demo_session_05,50,1786094627.8404074,move,335,335,.!frame.!button
demo_session_05,50,1786094627.9059904,click,343,313,.!frame.!button
