session_id,question_index,timestamp,event_type,x,y,target_element
demo_session_03,1,1786094205.3618045,move,365,291,.!frame.!entry
demo_session_03,1,1786094205.4118044,move,360,302,.!frame.!entry
demo_session_03,1,1786094205.4618044,move,371,293,.!frame.!entry
demo_session_03,1,1786094205.5118043,move,358,297,.!frame.!entry
demo_session_03,1,1786094205.5618043,move,365,291,.!frame.!entry
demo_session_03,1,1786094205.6118042,move,372,291,.!frame.!entry
demo_session_03,1,1786094205.6618042,move,356,298,.!frame.!entry
demo_session_03,1,1786094205.7118042,move,363,299,.!frame.!entry
demo_session_03,1,1786094205.761804,move,360,291,.!frame.!entry
demo_session_03,1,1786094205.811804,move,368,297,.!frame.!entry
demo_session_03,1,1786094205.861804,move,357,290,.!frame.!entry
demo_session_03,1,1786094205.911804,move,359,300,.!frame.!entry
demo_session_03,1,1786094205.961804,move,353,303,.!frame.!entry
demo_session_03,1,1786094206.0118039,move,361,296,.!frame.!entry
demo_session_03,1,1786094206.0618038,move,359,302,.!frame.!entry
demo_session_03,1,1786094206.1118038,move,363,299,.!frame.!entry
demo_session_03,1,1786094206.1618037,move,369,298,.!frame.!entry
demo_session_03,1,1786094206.2118037,move,348,304,.!frame.!entry
demo_session_03,1,1786094206.2618036,move,366,306,.!frame.!entry
demo_session_03,1,1786094206.3118036,move,365,299,.!frame.!entry
demo_session_03,1,1786094206.3618035,move,366,300,.!frame.!entry
demo_session_03,1,1786094206.4118035,move,364,288,.!frame.!entry
demo_session_03,1,1786094206.4618034,move,358,301,.!frame.!entry
demo_session_03,1,1786094206.5118034,move,356,298,.!frame.!entry
demo_session_03,1,1786094206.5618033,move,362,311,.!frame.!entry
demo_session_03,1,1786094206.6118033,move,360,305,.!frame.!entry
demo_session_03,1,1786094206.6618032,move,362,293,.!frame.!entry
demo_session_03,1,1786094206.7118032,move,359,307,.!frame.!entry
demo_session_03,1,1786094206.7618032,move,356,306,.!frame.!entry
demo_session_03,1,1786094206.811803,move,366,296,.!frame.!entry
demo_session_03,1,1786094206.861803,move,362,304,.!frame.!entry
demo_session_03,1,1786094206.911803,move,358,312,.!frame.!entry
demo_session_03,1,1786094206.961803,move,356,312,.!frame.!entry
demo_session_03,1,1786094207.011803,move,364,305,.!frame.!entry
demo_session_03,1,1786094207.0618029,move,363,302,.!frame.!entry
demo_session_03,1,1786094207.1118028,move,351,299,.!frame.!entry
demo_session_03,1,1786094207.1618028,move,359,302,.!frame.!entry
demo_session_03,1,1786094207.2118027,move,357,304,.!frame.!entry
demo_session_03,1,1786094207.2618027,move,351,306,.!frame.!entry
demo_session_03,1,1786094207.3118026,move,355,312,.!frame.!entry
demo_session_03,1,1786094207.3618026,move,355,315,.!frame.!entry
demo_session_03,1,1786094207.4118025,move,357,314,.!frame.!entry
demo_session_03,1,1786094207.4618025,move,360,305,.!frame.!entry
demo_session_03,1,1786094207.5118024,move,357,316,.!frame.!entry
demo_session_03,1,1786094207.5618024,move,356,305,.!frame.!entry
demo_session_03,1,1786094207.6118023,move,352,304,.!frame.!entry
demo_session_03,1,1786094207.6618023,move,355,306,.!frame.!entry
demo_session_03,1,1786094207.7118022,move,353,310,.!frame.!entry
demo_session_03,1,1786094207.7618022,move,355,309,.!frame.!entry
demo_session_03,1,1786094207.8118021,move,342,310,.!frame.!entry
demo_session_03,1,1786094207.861802,move,347,310,.!frame.!entry
demo_session_03,1,1786094207.911802,move,347,319,.!frame.!entry
demo_session_03,1,1786094207.961802,move,352,307,.!frame.!button
demo_session_03,1,1786094208.011802,move,356,324,.!frame.!button
demo_session_03,1,1786094208.061802,move,352,305,.!frame.!button
demo_session_03,1,1786094208.1118019,move,350,331,.!frame.!button
demo_session_03,1,1786094208.1618018,move,350,317,.!frame.!button
demo_session_03,1,1786094208.2118018,move,347,315,.!frame.!button
demo_session_03,1,1786094208.2618017,move,344,313,.!frame.!button
demo_session_03,1,1786094208.3118017,move,350,308,.!frame.!button
demo_session_03,1,1786094208.3618016,move,351,306,.!frame.!button
demo_session_03,1,1786094208.4118016,move,343,308,.!frame.!button
demo_session_03,1,1786094208.4618015,move,351,323,.!frame.!button
demo_session_03,1,1786094208.5118015,move,357,317,.!frame.!button
demo_session_03,1,1786094208.5618014,move,355,318,.!frame.!button
demo_session_03,1,1786094208.6118014,move,353,320,.!frame.!button
demo_session_03,1,1786094208.6618013,move,359,314,.!frame.!button
demo_session_03,1,1786094208.7118013,move,353,314,.!frame.!button
demo_session_03,1,1786094208.7618012,move,349,317,.!frame.!button
demo_session_03,1,1786094208.8118012,move,355,321,.!frame.!button
demo_session_03,1,1786094208.8618011,move,351,323,.!frame.!button
demo_session_03,1,1786094208.911801,move,351,317,.!frame.!button
demo_session_03,1,1786094208.961801,move,347,316,.!frame.!button
demo_session_03,1,1786094209.011801,move,342,331,.!frame.!button
demo_session_03,1,1786094209.0818388,click,347,317,.!frame.!button
demo_session_03,2,1786094209.0818388,move,336,385,.!frame.!entry
demo_session_03,2,1786094209.1318388,move,332,384,.!frame.!entry
demo_session_03,2,1786094209.1818388,move,332,388,.!frame.!entry
demo_session_03,2,1786094209.2318387,move,332,382,.!frame.!entry
demo_session_03,2,1786094209.2818387,move,332,379,.!frame.!entry
demo_session_03,2,1786094209.3318386,move,343,380,.!frame.!entry
demo_session_03,2,1786094209.3818386,move,342,381,.!frame.!entry
demo_session_03,2,1786094209.4318385,move,331,374,.!frame.!entry
demo_session_03,2,1786094209.4818385,move,340,381,.!frame.!entry
demo_session_03,2,1786094209.5318384,move,334,379,.!frame.!entry
demo_session_03,2,1786094209.5818384,move,347,373,.!frame.!entry
demo_session_03,2,1786094209.6318383,move,345,375,.!frame.!entry
demo_session_03,2,1786094209.6818383,move,330,378,.!frame.!entry
demo_session_03,2,1786094209.7318382,move,335,370,.!frame.!entry
demo_session_03,2,1786094209.7818382,move,340,374,.!frame.!entry
demo_session_03,2,1786094209.8318381,move,339,374,.!frame.!entry
demo_session_03,2,1786094209.881838,move,342,368,.!frame.!entry
demo_session_03,2,1786094209.931838,move,345,377,.!frame.!entry
demo_session_03,2,1786094209.981838,move,336,377,.!frame.!entry
demo_session_03,2,1786094210.031838,move,342,365,.!frame.!entry
demo_session_03,2,1786094210.081838,move,336,368,.!frame.!entry
demo_session_03,2,1786094210.1318378,move,340,371,.!frame.!entry
demo_session_03,2,1786094210.1818378,move,334,366,.!frame.!entry
demo_session_03,2,1786094210.2318377,move,342,362,.!frame.!entry
demo_session_03,2,1786094210.2818377,move,342,360,.!frame.!entry
demo_session_03,2,1786094210.3318377,move,337,368,.!frame.!entry
demo_session_03,2,1786094210.3818376,move,343,366,.!frame.!entry
demo_session_03,2,1786094210.4318376,move,341,364,.!frame.!entry
demo_session_03,2,1786094210.4818375,move,350,362,.!frame.!entry
demo_session_03,2,1786094210.5318375,move,333,353,.!frame.!entry
demo_session_03,2,1786094210.5818374,move,337,357,.!frame.!entry
demo_session_03,2,1786094210.6318374,move,342,359,.!frame.!entry
demo_session_03,2,1786094210.6818373,move,337,363,.!frame.!entry
demo_session_03,2,1786094210.7318373,move,344,358,.!frame.!entry
demo_session_03,2,1786094210.7818372,move,348,354,.!frame.!entry
demo_session_03,2,1786094210.8318372,move,341,350,.!frame.!entry
demo_session_03,2,1786094210.8818371,move,341,357,.!frame.!entry
demo_session_03,2,1786094210.931837,move,347,353,.!frame.!entry
demo_session_03,2,1786094210.981837,move,349,358,.!frame.!entry
demo_session_03,2,1786094211.031837,move,338,353,.!frame.!entry
demo_session_03,2,1786094211.081837,move,339,347,.!frame.!entry
demo_session_03,2,1786094211.131837,move,346,347,.!frame.!entry
demo_session_03,2,1786094211.1818368,move,342,350,.!frame.!entry
demo_session_03,2,1786094211.2318368,move,339,356,.!frame.!entry
demo_session_03,2,1786094211.2818367,move,348,344,.!frame.!entry
demo_session_03,2,1786094211.3318367,move,341,341,.!frame.!entry
demo_session_03,2,1786094211.3818367,move,337,349,.!frame.!entry
demo_session_03,2,1786094211.4318366,move,352,351,.!frame.!entry
demo_session_03,2,1786094211.4818366,move,336,352,.!frame.!entry
demo_session_03,2,1786094211.5318365,move,347,342,.!frame.!entry
demo_session_03,2,1786094211.5818365,move,343,344,.!frame.!entry
demo_session_03,2,1786094211.6318364,move,343,350,.!frame.!entry
demo_session_03,2,1786094211.6818364,move,339,344,.!frame.!entry
demo_session_03,2,1786094211.7318363,move,348,342,.!frame.!entry
demo_session_03,2,1786094211.7818363,move,340,334,.!frame.!entry
demo_session_03,2,1786094211.8318362,move,352,339,.!frame.!entry
demo_session_03,2,1786094211.8818362,move,342,332,.!frame.!entry
demo_session_03,2,1786094211.9318361,move,341,342,.!frame.!entry
demo_session_03,2,1786094211.981836,move,347,333,.!frame.!button
demo_session_03,2,1786094212.031836,move,349,340,.!frame.!button
demo_session_03,2,1786094212.081836,move,342,338,.!frame.!button
demo_session_03,2,1786094212.131836,move,341,339,.!frame.!button
demo_session_03,2,1786094212.181836,move,338,332,.!frame.!button
demo_session_03,2,1786094212.2318358,move,355,333,.!frame.!button
demo_session_03,2,1786094212.2818358,move,341,332,.!frame.!button
demo_session_03,2,1786094212.3318357,move,341,337,.!frame.!button
demo_session_03,2,1786094212.3818357,move,343,332,.!frame.!button
demo_session_03,2,1786094212.4318357,move,354,331,.!frame.!button
demo_session_03,2,1786094212.4818356,move,350,328,.!frame.!button
demo_session_03,2,1786094212.5318356,move,340,338,.!frame.!button
demo_session_03,2,1786094212.5818355,move,349,321,.!frame.!button
demo_session_03,2,1786094212.6318355,move,357,330,.!frame.!button
demo_session_03,2,1786094212.6818354,move,346,334,.!frame.!button
demo_session_03,2,1786094212.7318354,move,346,324,.!frame.!button
demo_session_03,2,1786094212.7818353,move,348,336,.!frame.!button
demo_session_03,2,1786094212.8318353,move,353,319,.!frame.!button
demo_session_03,2,1786094212.8818352,move,351,322,.!frame.!button
demo_session_03,2,1786094212.9318352,move,347,325,.!frame.!button
demo_session_03,2,1786094212.9818351,move,347,325,.!frame.!button
demo_session_03,2,1786094213.031835,move,350,327,.!frame.!button
demo_session_03,2,1786094213.081835,move,350,318,.!frame.!button
demo_session_03,2,1786094213.131835,move,355,323,.!frame.!button
demo_session_03,2,1786094213.181835,move,341,323,.!frame.!button
demo_session_03,2,1786094213.2564938,click,349,319,.!frame.!button
demo_session_03,3,1786094213.2564938,move,305,174,.!frame.!entry
demo_session_03,3,1786094213.3064938,move,313,172,.!frame.!entry
demo_session_03,3,1786094213.3564937,move,307,170,.!frame.!entry
demo_session_03,3,1786094213.4064937,move,298,185,.!frame.!entry
demo_session_03,3,1786094213.4564936,move,304,183,.!frame.!entry
demo_session_03,3,1786094213.5064936,move,313,178,.!frame.!entry
demo_session_03,3,1786094213.5564935,move,304,182,.!frame.!entry
demo_session_03,3,1786094213.6064935,move,310,186,.!frame.!entry
demo_session_03,3,1786094213.6564934,move,310,187,.!frame.!entry
demo_session_03,3,1786094213.7064934,move,316,190,.!frame.!entry
demo_session_03,3,1786094213.7564933,move,311,196,.!frame.!entry
demo_session_03,3,1786094213.8064933,move,309,189,.!frame.!entry
demo_session_03,3,1786094213.8564932,move,317,202,.!frame.!entry
demo_session_03,3,1786094213.9064932,move,310,200,.!frame.!entry
demo_session_03,3,1786094213.9564931,move,314,195,.!frame.!entry
demo_session_03,3,1786094214.006493,move,309,200,.!frame.!entry
demo_session_03,3,1786094214.056493,move,311,203,.!frame.!entry
demo_session_03,3,1786094214.106493,move,311,211,.!frame.!entry
demo_session_03,3,1786094214.156493,move,321,201,.!frame.!entry
demo_session_03,3,1786094214.206493,move,316,208,.!frame.!entry
demo_session_03,3,1786094214.2564929,move,311,210,.!frame.!entry
demo_session_03,3,1786094214.3064928,move,319,203,.!frame.!entry
demo_session_03,3,1786094214.3564928,move,315,210,.!frame.!entry
demo_session_03,3,1786094214.4064927,move,318,206,.!frame.!entry
demo_session_03,3,1786094214.4564927,move,321,222,.!frame.!entry
demo_session_03,3,1786094214.5064926,move,310,221,.!frame.!entry
demo_session_03,3,1786094214.5564926,move,324,216,.!frame.!entry
demo_session_03,3,1786094214.6064925,move,316,218,.!frame.!entry
demo_session_03,3,1786094214.6564925,move,319,229,.!frame.!entry
demo_session_03,3,1786094214.7064924,move,320,226,.!frame.!entry
demo_session_03,3,1786094214.7564924,move,319,236,.!frame.!entry
demo_session_03,3,1786094214.8064923,move,313,224,.!frame.!entry
demo_session_03,3,1786094214.8564923,move,328,233,.!frame.!entry
demo_session_03,3,1786094214.9064922,move,330,237,.!frame.!entry
demo_session_03,3,1786094214.9564922,move,321,227,.!frame.!entry
demo_session_03,3,1786094215.0064921,move,325,237,.!frame.!entry
demo_session_03,3,1786094215.056492,move,322,236,.!frame.!entry
demo_session_03,3,1786094215.106492,move,321,237,.!frame.!entry
demo_session_03,3,1786094215.156492,move,315,236,.!frame.!entry
demo_session_03,3,1786094215.206492,move,326,241,.!frame.!entry
demo_session_03,3,1786094215.256492,move,322,236,.!frame.!entry
demo_session_03,3,1786094215.3064919,move,323,251,.!frame.!entry
demo_session_03,3,1786094215.3564918,move,334,247,.!frame.!entry
demo_session_03,3,1786094215.4064918,move,325,246,.!frame.!entry
demo_session_03,3,1786094215.4564917,move,328,251,.!frame.!entry
demo_session_03,3,1786094215.5064917,move,326,256,.!frame.!entry
demo_session_03,3,1786094215.5564916,move,339,249,.!frame.!entry
demo_session_03,3,1786094215.6064916,move,330,252,.!frame.!entry
demo_session_03,3,1786094215.6564915,move,333,252,.!frame.!entry
demo_session_03,3,1786094215.7064915,move,333,257,.!frame.!entry
demo_session_03,3,1786094215.7564914,move,331,267,.!frame.!entry
demo_session_03,3,1786094215.8064914,move,330,264,.!frame.!entry
demo_session_03,3,1786094215.8564913,move,330,266,.!frame.!entry
demo_session_03,3,1786094215.9064913,move,333,271,.!frame.!entry
demo_session_03,3,1786094215.9564912,move,331,264,.!frame.!entry
demo_session_03,3,1786094216.0064912,move,336,272,.!frame.!entry
demo_session_03,3,1786094216.0564911,move,321,277,.!frame.!entry
demo_session_03,3,1786094216.106491,move,335,265,.!frame.!entry
demo_session_03,3,1786094216.156491,move,336,273,.!frame.!entry
demo_session_03,3,1786094216.206491,move,331,278,.!frame.!entry
demo_session_03,3,1786094216.256491,move,338,278,.!frame.!button
demo_session_03,3,1786094216.306491,move,336,280,.!frame.!button
demo_session_03,3,1786094216.3564909,move,342,278,.!frame.!button
demo_session_03,3,1786094216.4064908,move,338,282,.!frame.!button
demo_session_03,3,1786094216.4564908,move,340,282,.!frame.!button
demo_session_03,3,1786094216.5064907,move,335,289,.!frame.!button
demo_session_03,3,1786094216.5564907,move,335,285,.!frame.!button
demo_session_03,3,1786094216.6064906,move,340,278,.!frame.!button
demo_session_03,3,1786094216.6564906,move,339,281,.!frame.!button
demo_session_03,3,1786094216.7064905,move,339,296,.!frame.!button
demo_session_03,3,1786094216.7564905,move,334,299,.!frame.!button
demo_session_03,3,1786094216.8064904,move,347,299,.!frame.!button
demo_session_03,3,1786094216.8564904,move,347,304,.!frame.!button
demo_session_03,3,1786094216.9064903,move,339,301,.!frame.!button
demo_session_03,3,1786094216.9564903,move,342,292,.!frame.!button
demo_session_03,3,1786094217.0064902,move,350,302,.!frame.!button
demo_session_03,3,1786094217.0564902,move,345,299,.!frame.!button
demo_session_03,3,1786094217.1064901,move,352,310,.!frame.!button
demo_session_03,3,1786094217.15649,move,354,308,.!frame.!button
demo_session_03,3,1786094217.20649,move,344,305,.!frame.!button
demo_session_03,3,1786094217.25649,move,346,307,.!frame.!button
demo_session_03,3,1786094217.30649,move,350,306,.!frame.!button
demo_session_03,3,1786094217.35649,move,343,313,.!frame.!button
demo_session_03,3,1786094217.4064898,move,348,324,.!frame.!button
demo_session_03,3,1786094217.4564898,move,349,318,.!frame.!button
demo_session_03,3,1786094217.5064898,move,346,320,.!frame.!button
demo_session_03,3,1786094217.5834005,click,351,321,.!frame.!button
demo_session_03,4,1786094217.5834005,move,173,135,.!frame.!entry
demo_session_03,4,1786094217.6334004,move,181,148,.!frame.!entry
demo_session_03,4,1786094217.6834004,move,197,142,.!frame.!entry
demo_session_03,4,1786094217.7334003,move,186,142,.!frame.!entry
demo_session_03,4,1786094217.7834003,move,192,139,.!frame.!entry
demo_session_03,4,1786094217.8334002,move,193,160,.!frame.!entry
demo_session_03,4,1786094217.8834002,move,190,150,.!frame.!entry
demo_session_03,4,1786094217.9334002,move,199,152,.!frame.!entry
demo_session_03,4,1786094217.9834,move,201,163,.!frame.!entry
demo_session_03,4,1786094218.0334,move,200,152,.!frame.!entry
demo_session_03,4,1786094218.0834,move,201,166,.!frame.!entry
demo_session_03,4,1786094218.1334,move,201,172,.!frame.!entry
demo_session_03,4,1786094218.1834,move,209,171,.!frame.!entry
demo_session_03,4,1786094218.2333999,move,207,173,.!frame.!entry
demo_session_03,4,1786094218.2833998,move,205,176,.!frame.!entry
demo_session_03,4,1786094218.3333998,move,208,176,.!frame.!entry
demo_session_03,4,1786094218.3833997,move,207,177,.!frame.!entry
demo_session_03,4,1786094218.4333997,move,217,183,.!frame.!entry
demo_session_03,4,1786094218.4833996,move,221,189,.!frame.!entry
demo_session_03,4,1786094218.5333996,move,230,190,.!frame.!entry
demo_session_03,4,1786094218.5833995,move,229,193,.!frame.!entry
demo_session_03,4,1786094218.6333995,move,227,196,.!frame.!entry
demo_session_03,4,1786094218.6833994,move,222,186,.!frame.!entry
demo_session_03,4,1786094218.7333994,move,233,196,.!frame.!entry
demo_session_03,4,1786094218.7833993,move,239,201,.!frame.!entry
demo_session_03,4,1786094218.8333993,move,240,203,.!frame.!entry
demo_session_03,4,1786094218.8833992,move,242,211,.!frame.!entry
demo_session_03,4,1786094218.9333992,move,238,202,.!frame.!entry
demo_session_03,4,1786094218.9833992,move,247,204,.!frame.!entry
demo_session_03,4,1786094219.033399,move,239,217,.!frame.!entry
demo_session_03,4,1786094219.083399,move,237,208,.!frame.!entry
demo_session_03,4,1786094219.133399,move,245,215,.!frame.!entry
demo_session_03,4,1786094219.183399,move,250,219,.!frame.!entry
demo_session_03,4,1786094219.233399,move,262,223,.!frame.!entry
demo_session_03,4,1786094219.2833989,move,264,219,.!frame.!entry
demo_session_03,4,1786094219.3333988,move,267,236,.!frame.!entry
demo_session_03,4,1786094219.3833988,move,265,239,.!frame.!entry
demo_session_03,4,1786094219.4333987,move,262,230,.!frame.!entry
demo_session_03,4,1786094219.4833987,move,268,231,.!frame.!entry
demo_session_03,4,1786094219.5333986,move,268,241,.!frame.!entry
demo_session_03,4,1786094219.5833986,move,269,245,.!frame.!entry
demo_session_03,4,1786094219.6333985,move,281,241,.!frame.!entry
demo_session_03,4,1786094219.6833985,move,276,246,.!frame.!entry
demo_session_03,4,1786094219.7333984,move,288,252,.!frame.!entry
demo_session_03,4,1786094219.7833984,move,292,245,.!frame.!entry
demo_session_03,4,1786094219.8333983,move,279,240,.!frame.!entry
demo_session_03,4,1786094219.8833983,move,292,246,.!frame.!entry
demo_session_03,4,1786094219.9333982,move,295,252,.!frame.!entry
demo_session_03,4,1786094219.9833982,move,295,264,.!frame.!entry
demo_session_03,4,1786094220.0333982,move,293,261,.!frame.!entry
demo_session_03,4,1786094220.083398,move,298,266,.!frame.!entry
demo_session_03,4,1786094220.133398,move,303,271,.!frame.!button
demo_session_03,4,1786094220.183398,move,313,271,.!frame.!button
demo_session_03,4,1786094220.233398,move,306,268,.!frame.!button
demo_session_03,4,1786094220.283398,move,313,280,.!frame.!button
demo_session_03,4,1786094220.3333979,move,306,277,.!frame.!button
demo_session_03,4,1786094220.3833978,move,312,280,.!frame.!button
demo_session_03,4,1786094220.4333978,move,316,280,.!frame.!button
demo_session_03,4,1786094220.4833977,move,320,283,.!frame.!button
demo_session_03,4,1786094220.5333977,move,320,291,.!frame.!button
demo_session_03,4,1786094220.5833976,move,325,296,.!frame.!button
demo_session_03,4,1786094220.6333976,move,320,287,.!frame.!button
demo_session_03,4,1786094220.6833975,move,325,292,.!frame.!button
demo_session_03,4,1786094220.7333975,move,321,305,.!frame.!button
demo_session_03,4,1786094220.7833974,move,337,292,.!frame.!button
demo_session_03,4,1786094220.8333974,move,331,302,.!frame.!button
demo_session_03,4,1786094220.8833973,move,333,304,.!frame.!button
demo_session_03,4,1786094220.9333973,move,335,304,.!frame.!button
demo_session_03,4,1786094220.9833972,move,336,314,.!frame.!button
demo_session_03,4,1786094221.0333972,move,351,321,.!frame.!button
demo_session_03,4,1786094221.0833972,move,345,304,.!frame.!button
demo_session_03,4,1786094221.133397,move,339,314,.!frame.!button
demo_session_03,4,1786094221.183397,move,348,322,.!frame.!button
demo_session_03,4,1786094221.2425694,click,350,320,.!frame.!button
demo_session_03,5,1786094221.2425694,move,471,360,.!frame.!entry
demo_session_03,5,1786094221.2925694,move,479,346,.!frame.!entry
demo_session_03,5,1786094221.3425694,move,476,356,.!frame.!entry
demo_session_03,5,1786094221.3925693,move,479,347,.!frame.!entry
demo_session_03,5,1786094221.4425693,move,474,349,.!frame.!entry
demo_session_03,5,1786094221.4925692,move,471,350,.!frame.!entry
demo_session_03,5,1786094221.5425692,move,475,356,.!frame.!entry
demo_session_03,5,1786094221.592569,move,471,346,.!frame.!entry
demo_session_03,5,1786094221.642569,move,469,347,.!frame.!entry
demo_session_03,5,1786094221.692569,move,464,348,.!frame.!entry
demo_session_03,5,1786094221.742569,move,463,346,.!frame.!entry
demo_session_03,5,1786094221.792569,move,464,350,.!frame.!entry
demo_session_03,5,1786094221.8425689,move,473,356,.!frame.!entry
demo_session_03,5,1786094221.8925688,move,461,350,.!frame.!entry
demo_session_03,5,1786094221.9425688,move,456,347,.!frame.!entry
demo_session_03,5,1786094221.9925687,move,459,345,.!frame.!entry
demo_session_03,5,1786094222.0425687,move,458,348,.!frame.!entry
demo_session_03,5,1786094222.0925686,move,457,346,.!frame.!entry
demo_session_03,5,1786094222.1425686,move,457,354,.!frame.!entry
demo_session_03,5,1786094222.1925685,move,451,342,.!frame.!entry
demo_session_03,5,1786094222.2425685,move,457,351,.!frame.!entry
demo_session_03,5,1786094222.2925684,move,455,343,.!frame.!entry
demo_session_03,5,1786094222.3425684,move,461,345,.!frame.!entry
demo_session_03,5,1786094222.3925683,move,445,346,.!frame.!entry
demo_session_03,5,1786094222.4425683,move,448,352,.!frame.!entry
demo_session_03,5,1786094222.4925683,move,443,345,.!frame.!entry
demo_session_03,5,1786094222.5425682,move,443,339,.!frame.!entry
demo_session_03,5,1786094222.5925682,move,439,350,.!frame.!entry
demo_session_03,5,1786094222.642568,move,445,347,.!frame.!entry
demo_session_03,5,1786094222.692568,move,436,349,.!frame.!entry
demo_session_03,5,1786094222.742568,move,438,334,.!frame.!entry
demo_session_03,5,1786094222.792568,move,433,333,.!frame.!entry
demo_session_03,5,1786094222.842568,move,436,347,.!frame.!entry
demo_session_03,5,1786094222.8925679,move,444,344,.!frame.!entry
demo_session_03,5,1786094222.9425678,move,433,329,.!frame.!entry
demo_session_03,5,1786094222.9925678,move,434,351,.!frame.!entry
demo_session_03,5,1786094223.0425677,move,436,345,.!frame.!entry
demo_session_03,5,1786094223.0925677,move,436,338,.!frame.!entry
demo_session_03,5,1786094223.1425676,move,427,336,.!frame.!entry
demo_session_03,5,1786094223.1925676,move,425,337,.!frame.!entry
demo_session_03,5,1786094223.2425675,move,425,350,.!frame.!entry
demo_session_03,5,1786094223.2925675,move,427,340,.!frame.!entry
demo_session_03,5,1786094223.3425674,move,430,346,.!frame.!entry
demo_session_03,5,1786094223.3925674,move,420,337,.!frame.!entry
demo_session_03,5,1786094223.4425673,move,420,335,.!frame.!entry
demo_session_03,5,1786094223.4925673,move,421,338,.!frame.!entry
demo_session_03,5,1786094223.5425673,move,426,342,.!frame.!entry
demo_session_03,5,1786094223.5925672,move,423,339,.!frame.!entry
demo_session_03,5,1786094223.6425672,move,422,341,.!frame.!entry
demo_session_03,5,1786094223.692567,move,412,345,.!frame.!entry
demo_session_03,5,1786094223.742567,move,416,340,.!frame.!entry
demo_session_03,5,1786094223.792567,move,412,337,.!frame.!entry
demo_session_03,5,1786094223.842567,move,415,341,.!frame.!entry
demo_session_03,5,1786094223.892567,move,412,332,.!frame.!entry
demo_session_03,5,1786094223.9425669,move,415,327,.!frame.!entry
demo_session_03,5,1786094223.9925668,move,410,340,.!frame.!entry
demo_session_03,5,1786094224.0425668,move,413,336,.!frame.!entry
demo_session_03,5,1786094224.0925667,move,401,331,.!frame.!entry
demo_session_03,5,1786094224.1425667,move,408,331,.!frame.!entry
demo_session_03,5,1786094224.1925666,move,408,336,.!frame.!entry
demo_session_03,5,1786094224.2425666,move,409,340,.!frame.!entry
demo_session_03,5,1786094224.2925665,move,395,331,.!frame.!entry
demo_session_03,5,1786094224.3425665,move,405,334,.!frame.!entry
demo_session_03,5,1786094224.3925664,move,396,331,.!frame.!entry
demo_session_03,5,1786094224.4425664,move,386,334,.!frame.!entry
demo_session_03,5,1786094224.4925663,move,394,325,.!frame.!entry
demo_session_03,5,1786094224.5425663,move,393,329,.!frame.!entry
demo_session_03,5,1786094224.5925663,move,393,330,.!frame.!entry
demo_session_03,5,1786094224.6425662,move,390,330,.!frame.!entry
demo_session_03,5,1786094224.6925662,move,400,332,.!frame.!entry
demo_session_03,5,1786094224.742566,move,386,331,.!frame.!entry
demo_session_03,5,1786094224.792566,move,387,332,.!frame.!entry
demo_session_03,5,1786094224.842566,move,388,337,.!frame.!button
demo_session_03,5,1786094224.892566,move,381,325,.!frame.!button
demo_session_03,5,1786094224.942566,move,376,329,.!frame.!button
demo_session_03,5,1786094224.9925659,move,384,329,.!frame.!button
demo_session_03,5,1786094225.0425658,move,390,322,.!frame.!button
demo_session_03,5,1786094225.0925658,move,396,336,.!frame.!button
demo_session_03,5,1786094225.1425657,move,390,326,.!frame.!button
demo_session_03,5,1786094225.1925657,move,386,316,.!frame.!button
demo_session_03,5,1786094225.2425656,move,387,328,.!frame.!button
demo_session_03,5,1786094225.2925656,move,378,329,.!frame.!button
demo_session_03,5,1786094225.3425655,move,379,322,.!frame.!button
demo_session_03,5,1786094225.3925655,move,385,329,.!frame.!button
demo_session_03,5,1786094225.4425654,move,372,319,.!frame.!button
demo_session_03,5,1786094225.4925654,move,374,320,.!frame.!button
demo_session_03,5,1786094225.5425653,move,375,313,.!frame.!button
demo_session_03,5,1786094225.5925653,move,367,323,.!frame.!button
demo_session_03,5,1786094225.6425653,move,376,332,.!frame.!button
demo_session_03,5,1786094225.6925652,move,364,322,.!frame.!button
demo_session_03,5,1786094225.7425652,move,367,331,.!frame.!button
demo_session_03,5,1786094225.792565,move,365,321,.!frame.!button
demo_session_03,5,1786094225.842565,move,360,327,.!frame.!button
demo_session_03,5,1786094225.892565,move,360,322,.!frame.!button
demo_session_03,5,1786094225.942565,move,356,325,.!frame.!button
demo_session_03,5,1786094225.992565,move,358,318,.!frame.!button
demo_session_03,5,1786094226.0425649,move,359,328,.!frame.!button
demo_session_03,5,1786094226.0925648,move,361,321,.!frame.!button
demo_session_03,5,1786094226.1425648,move,354,324,.!frame.!button
demo_session_03,5,1786094226.1925647,move,348,318,.!frame.!button
demo_session_03,5,1786094226.2425647,move,357,323,.!frame.!button
demo_session_03,5,1786094226.2925646,move,351,330,.!frame.!button
demo_session_03,5,1786094226.3425646,move,352,327,.!frame.!button
demo_session_03,5,1786094226.4134648,click,353,323,.!frame.!button
demo_session_03,6,1786094226.4134648,move,261,245,.!frame.!entry
demo_session_03,6,1786094226.4634647,move,269,250,.!frame.!entry
demo_session_03,6,1786094226.5134647,move,261,247,.!frame.!entry
demo_session_03,6,1786094226.5634646,move,266,241,.!frame.!entry
demo_session_03,6,1786094226.6134646,move,270,248,.!frame.!entry
demo_session_03,6,1786094226.6634645,move,278,249,.!frame.!entry
demo_session_03,6,1786094226.7134645,move,284,258,.!frame.!entry
demo_session_03,6,1786094226.7634645,move,270,253,.!frame.!entry
demo_session_03,6,1786094226.8134644,move,276,239,.!frame.!entry
demo_session_03,6,1786094226.8634644,move,264,239,.!frame.!entry
demo_session_03,6,1786094226.9134643,move,271,244,.!frame.!entry
demo_session_03,6,1786094226.9634643,move,285,259,.!frame.!entry
demo_session_03,6,1786094227.0134642,move,273,254,.!frame.!entry
demo_session_03,6,1786094227.0634642,move,274,256,.!frame.!entry
demo_session_03,6,1786094227.113464,move,284,256,.!frame.!entry
demo_session_03,6,1786094227.163464,move,291,246,.!frame.!entry
demo_session_03,6,1786094227.213464,move,289,262,.!frame.!entry
demo_session_03,6,1786094227.263464,move,293,264,.!frame.!entry
demo_session_03,6,1786094227.313464,move,290,266,.!frame.!entry
demo_session_03,6,1786094227.3634639,move,293,260,.!frame.!entry
demo_session_03,6,1786094227.4134638,move,292,258,.!frame.!entry
demo_session_03,6,1786094227.4634638,move,284,261,.!frame.!entry
demo_session_03,6,1786094227.5134637,move,287,268,.!frame.!entry
demo_session_03,6,1786094227.5634637,move,299,263,.!frame.!entry
demo_session_03,6,1786094227.6134636,move,291,256,.!frame.!entry
demo_session_03,6,1786094227.6634636,move,292,262,.!frame.!entry
demo_session_03,6,1786094227.7134635,move,293,267,.!frame.!entry
demo_session_03,6,1786094227.7634635,move,282,275,.!frame.!entry
demo_session_03,6,1786094227.8134634,move,294,258,.!frame.!entry
demo_session_03,6,1786094227.8634634,move,303,268,.!frame.!entry
demo_session_03,6,1786094227.9134634,move,309,264,.!frame.!entry
demo_session_03,6,1786094227.9634633,move,300,270,.!frame.!entry
demo_session_03,6,1786094228.0134633,move,298,279,.!frame.!entry
demo_session_03,6,1786094228.0634632,move,292,266,.!frame.!entry
demo_session_03,6,1786094228.1134632,move,298,272,.!frame.!entry
demo_session_03,6,1786094228.163463,move,303,278,.!frame.!entry
demo_session_03,6,1786094228.213463,move,297,267,.!frame.!entry
demo_session_03,6,1786094228.263463,move,301,279,.!frame.!entry
demo_session_03,6,1786094228.313463,move,312,268,.!frame.!entry
demo_session_03,6,1786094228.363463,move,311,270,.!frame.!entry
demo_session_03,6,1786094228.4134629,move,301,276,.!frame.!entry
demo_session_03,6,1786094228.4634628,move,311,285,.!frame.!entry
demo_session_03,6,1786094228.5134628,move,310,277,.!frame.!entry
demo_session_03,6,1786094228.5634627,move,309,282,.!frame.!entry
demo_session_03,6,1786094228.6134627,move,308,293,.!frame.!entry
demo_session_03,6,1786094228.6634626,move,314,288,.!frame.!entry
demo_session_03,6,1786094228.7134626,move,318,284,.!frame.!entry
demo_session_03,6,1786094228.7634625,move,309,275,.!frame.!entry
demo_session_03,6,1786094228.8134625,move,312,288,.!frame.!entry
demo_session_03,6,1786094228.8634624,move,316,278,.!frame.!entry
demo_session_03,6,1786094228.9134624,move,316,284,.!frame.!entry
demo_session_03,6,1786094228.9634624,move,319,289,.!frame.!entry
demo_session_03,6,1786094229.0134623,move,321,293,.!frame.!entry
demo_session_03,6,1786094229.0634623,move,322,289,.!frame.!entry
demo_session_03,6,1786094229.1134622,move,323,289,.!frame.!entry
demo_session_03,6,1786094229.1634622,move,327,294,.!frame.!entry
demo_session_03,6,1786094229.213462,move,328,276,.!frame.!entry
demo_session_03,6,1786094229.263462,move,318,297,.!frame.!entry
demo_session_03,6,1786094229.313462,move,327,299,.!frame.!entry
demo_session_03,6,1786094229.363462,move,324,290,.!frame.!entry
demo_session_03,6,1786094229.413462,move,324,292,.!frame.!entry
demo_session_03,6,1786094229.4634619,move,316,294,.!frame.!button
demo_session_03,6,1786094229.5134618,move,330,287,.!frame.!button
demo_session_03,6,1786094229.5634618,move,332,305,.!frame.!button
demo_session_03,6,1786094229.6134617,move,332,296,.!frame.!button
demo_session_03,6,1786094229.6634617,move,336,300,.!frame.!button
demo_session_03,6,1786094229.7134616,move,334,297,.!frame.!button
demo_session_03,6,1786094229.7634616,move,334,304,.!frame.!button
demo_session_03,6,1786094229.8134615,move,334,299,.!frame.!button
demo_session_03,6,1786094229.8634615,move,335,305,.!frame.!button
demo_session_03,6,1786094229.9134614,move,336,302,.!frame.!button
demo_session_03,6,1786094229.9634614,move,338,297,.!frame.!button
demo_session_03,6,1786094230.0134614,move,339,307,.!frame.!button
demo_session_03,6,1786094230.0634613,move,344,310,.!frame.!button
demo_session_03,6,1786094230.1134613,move,334,309,.!frame.!button
demo_session_03,6,1786094230.1634612,move,328,311,.!frame.!button
demo_session_03,6,1786094230.2134612,move,341,315,.!frame.!button
demo_session_03,6,1786094230.263461,move,345,313,.!frame.!button
demo_session_03,6,1786094230.313461,move,344,312,.!frame.!button
demo_session_03,6,1786094230.363461,move,333,309,.!frame.!button
demo_session_03,6,1786094230.413461,move,345,324,.!frame.!button
demo_session_03,6,1786094230.463461,move,339,310,.!frame.!button
demo_session_03,6,1786094230.5134609,move,343,307,.!frame.!button
demo_session_03,6,1786094230.5634608,move,349,314,.!frame.!button
demo_session_03,6,1786094230.6134608,move,348,311,.!frame.!button
demo_session_03,6,1786094230.6634607,move,346,316,.!frame.!button
demo_session_03,6,1786094230.7134607,move,346,317,.!frame.!button
demo_session_03,6,1786094230.7634606,move,341,318,.!frame.!button
demo_session_03,6,1786094230.8485162,click,348,318,.!frame.!button
demo_session_03,7,1786094230.8485162,move,129,116,.!frame.!entry
demo_session_03,7,1786094230.8985162,move,140,117,.!frame.!entry
demo_session_03,7,1786094230.9485161,move,132,117,.!frame.!entry
demo_session_03,7,1786094230.998516,move,139,120,.!frame.!entry
demo_session_03,7,1786094231.048516,move,142,128,.!frame.!entry
demo_session_03,7,1786094231.098516,move,146,134,.!frame.!entry
demo_session_03,7,1786094231.148516,move,162,122,.!frame.!entry
demo_session_03,7,1786094231.198516,move,146,130,.!frame.!entry
demo_session_03,7,1786094231.2485158,move,143,142,.!frame.!entry
demo_session_03,7,1786094231.2985158,move,146,139,.!frame.!entry
demo_session_03,7,1786094231.3485157,move,153,149,.!frame.!entry
demo_session_03,7,1786094231.3985157,move,163,147,.!frame.!entry
demo_session_03,7,1786094231.4485157,move,161,160,.!frame.!entry
demo_session_03,7,1786094231.4985156,move,164,149,.!frame.!entry
demo_session_03,7,1786094231.5485156,move,169,151,.!frame.!entry
demo_session_03,7,1786094231.5985155,move,164,164,.!frame.!entry
demo_session_03,7,1786094231.6485155,move,181,168,.!frame.!entry
demo_session_03,7,1786094231.6985154,move,178,157,.!frame.!entry
demo_session_03,7,1786094231.7485154,move,191,162,.!frame.!entry
demo_session_03,7,1786094231.7985153,move,183,170,.!frame.!entry
demo_session_03,7,1786094231.8485153,move,185,180,.!frame.!entry
demo_session_03,7,1786094231.8985152,move,180,177,.!frame.!entry
demo_session_03,7,1786094231.9485152,move,196,177,.!frame.!entry
demo_session_03,7,1786094231.9985151,move,196,181,.!frame.!entry
demo_session_03,7,1786094232.048515,move,196,188,.!frame.!entry
demo_session_03,7,1786094232.098515,move,203,182,.!frame.!entry
demo_session_03,7,1786094232.148515,move,211,183,.!frame.!entry
demo_session_03,7,1786094232.198515,move,209,188,.!frame.!entry
demo_session_03,7,1786094232.248515,move,212,194,.!frame.!entry
demo_session_03,7,1786094232.2985148,move,211,197,.!frame.!entry
demo_session_03,7,1786094232.3485148,move,213,198,.!frame.!entry
demo_session_03,7,1786094232.3985147,move,213,199,.!frame.!entry
demo_session_03,7,1786094232.4485147,move,224,200,.!frame.!entry
demo_session_03,7,1786094232.4985147,move,232,214,.!frame.!entry
demo_session_03,7,1786094232.5485146,move,232,215,.!frame.!entry
demo_session_03,7,1786094232.5985146,move,243,204,.!frame.!entry
demo_session_03,7,1786094232.6485145,move,236,212,.!frame.!entry
demo_session_03,7,1786094232.6985145,move,240,223,.!frame.!entry
demo_session_03,7,1786094232.7485144,move,242,224,.!frame.!entry
demo_session_03,7,1786094232.7985144,move,248,228,.!frame.!entry
demo_session_03,7,1786094232.8485143,move,254,226,.!frame.!entry
demo_session_03,7,1786094232.8985143,move,256,230,.!frame.!entry
demo_session_03,7,1786094232.9485142,move,256,227,.!frame.!entry
demo_session_03,7,1786094232.9985142,move,264,237,.!frame.!entry
demo_session_03,7,1786094233.0485141,move,253,243,.!frame.!entry
demo_session_03,7,1786094233.098514,move,262,240,.!frame.!entry
demo_session_03,7,1786094233.148514,move,267,241,.!frame.!entry
demo_session_03,7,1786094233.198514,move,272,252,.!frame.!entry
demo_session_03,7,1786094233.248514,move,269,256,.!frame.!entry
demo_session_03,7,1786094233.298514,move,277,254,.!frame.!entry
demo_session_03,7,1786094233.3485138,move,290,259,.!frame.!entry
demo_session_03,7,1786094233.3985138,move,290,259,.!frame.!button
demo_session_03,7,1786094233.4485137,move,288,258,.!frame.!button
demo_session_03,7,1786094233.4985137,move,294,266,.!frame.!button
demo_session_03,7,1786094233.5485137,move,297,265,.!frame.!button
demo_session_03,7,1786094233.5985136,move,296,257,.!frame.!button
demo_session_03,7,1786094233.6485136,move,302,279,.!frame.!button
demo_session_03,7,1786094233.6985135,move,297,275,.!frame.!button
demo_session_03,7,1786094233.7485135,move,309,282,.!frame.!button
demo_session_03,7,1786094233.7985134,move,312,282,.!frame.!button
demo_session_03,7,1786094233.8485134,move,307,275,.!frame.!button
demo_session_03,7,1786094233.8985133,move,309,293,.!frame.!button
demo_session_03,7,1786094233.9485133,move,337,290,.!frame.!button
demo_session_03,7,1786094233.9985132,move,323,289,.!frame.!button
demo_session_03,7,1786094234.0485132,move,320,292,.!frame.!button
demo_session_03,7,1786094234.0985131,move,325,302,.!frame.!button
demo_session_03,7,1786094234.148513,move,330,297,.!frame.!button
demo_session_03,7,1786094234.198513,move,331,303,.!frame.!button
demo_session_03,7,1786094234.248513,move,339,310,.!frame.!button
demo_session_03,7,1786094234.298513,move,347,320,.!frame.!button
demo_session_03,7,1786094234.348513,move,338,313,.!frame.!button
demo_session_03,7,1786094234.3985128,move,340,310,.!frame.!button
demo_session_03,7,1786094234.4485128,move,350,328,.!frame.!button
demo_session_03,7,1786094234.5060241,click,351,321,.!frame.!button
demo_session_03,8,1786094234.5060241,move,272,348,.!frame.!entry
demo_session_03,8,1786094234.556024,move,269,349,.!frame.!entry
demo_session_03,8,1786094234.606024,move,280,345,.!frame.!entry
demo_session_03,8,1786094234.656024,move,270,349,.!frame.!entry
demo_session_03,8,1786094234.706024,move,272,346,.!frame.!entry
demo_session_03,8,1786094234.756024,move,279,349,.!frame.!entry
demo_session_03,8,1786094234.8060238,move,276,340,.!frame.!entry
demo_session_03,8,1786094234.8560238,move,277,348,.!frame.!entry
demo_session_03,8,1786094234.9060237,move,280,350,.!frame.!entry
demo_session_03,8,1786094234.9560237,move,285,352,.!frame.!entry
demo_session_03,8,1786094235.0060236,move,282,343,.!frame.!entry
demo_session_03,8,1786094235.0560236,move,273,350,.!frame.!entry
demo_session_03,8,1786094235.1060236,move,282,350,.!frame.!entry
demo_session_03,8,1786094235.1560235,move,281,351,.!frame.!entry
demo_session_03,8,1786094235.2060235,move,294,355,.!frame.!entry
demo_session_03,8,1786094235.2560234,move,288,337,.!frame.!entry
demo_session_03,8,1786094235.3060234,move,287,341,.!frame.!entry
demo_session_03,8,1786094235.3560233,move,289,350,.!frame.!entry
demo_session_03,8,1786094235.4060233,move,285,341,.!frame.!entry
demo_session_03,8,1786094235.4560232,move,288,346,.!frame.!entry
demo_session_03,8,1786094235.5060232,move,284,339,.!frame.!entry
demo_session_03,8,1786094235.5560231,move,299,343,.!frame.!entry
demo_session_03,8,1786094235.606023,move,298,335,.!frame.!entry
demo_session_03,8,1786094235.656023,move,290,343,.!frame.!entry
demo_session_03,8,1786094235.706023,move,298,342,.!frame.!entry
demo_session_03,8,1786094235.756023,move,290,344,.!frame.!entry
demo_session_03,8,1786094235.806023,move,282,342,.!frame.!entry
demo_session_03,8,1786094235.8560228,move,285,343,.!frame.!entry
demo_session_03,8,1786094235.9060228,move,297,340,.!frame.!entry
demo_session_03,8,1786094235.9560227,move,293,335,.!frame.!entry
demo_session_03,8,1786094236.0060227,move,296,340,.!frame.!entry
demo_session_03,8,1786094236.0560226,move,306,346,.!frame.!entry
demo_session_03,8,1786094236.1060226,move,296,344,.!frame.!entry
demo_session_03,8,1786094236.1560225,move,300,340,.!frame.!entry
demo_session_03,8,1786094236.2060225,move,292,337,.!frame.!entry
demo_session_03,8,1786094236.2560225,move,306,348,.!frame.!entry
demo_session_03,8,1786094236.3060224,move,301,340,.!frame.!entry
demo_session_03,8,1786094236.3560224,move,307,338,.!frame.!entry
demo_session_03,8,1786094236.4060223,move,312,341,.!frame.!entry
demo_session_03,8,1786094236.4560223,move,297,326,.!frame.!entry
demo_session_03,8,1786094236.5060222,move,307,332,.!frame.!entry
demo_session_03,8,1786094236.5560222,move,307,334,.!frame.!entry
demo_session_03,8,1786094236.6060221,move,306,333,.!frame.!entry
demo_session_03,8,1786094236.656022,move,293,329,.!frame.!entry
demo_session_03,8,1786094236.706022,move,310,326,.!frame.!entry
demo_session_03,8,1786094236.756022,move,313,338,.!frame.!entry
demo_session_03,8,1786094236.806022,move,314,332,.!frame.!entry
demo_session_03,8,1786094236.856022,move,305,324,.!frame.!entry
demo_session_03,8,1786094236.9060218,move,311,333,.!frame.!entry
demo_session_03,8,1786094236.9560218,move,319,327,.!frame.!entry
demo_session_03,8,1786094237.0060217,move,309,338,.!frame.!entry
demo_session_03,8,1786094237.0560217,move,320,332,.!frame.!entry
demo_session_03,8,1786094237.1060216,move,315,335,.!frame.!entry
demo_session_03,8,1786094237.1560216,move,317,338,.!frame.!entry
demo_session_03,8,1786094237.2060215,move,317,333,.!frame.!entry
demo_session_03,8,1786094237.2560215,move,321,334,.!frame.!entry
demo_session_03,8,1786094237.3060215,move,324,333,.!frame.!entry
demo_session_03,8,1786094237.3560214,move,319,331,.!frame.!entry
demo_session_03,8,1786094237.4060214,move,313,333,.!frame.!entry
demo_session_03,8,1786094237.4560213,move,314,340,.!frame.!entry
demo_session_03,8,1786094237.5060213,move,320,332,.!frame.!entry
demo_session_03,8,1786094237.5560212,move,321,329,.!frame.!entry
demo_session_03,8,1786094237.6060212,move,316,321,.!frame.!entry
demo_session_03,8,1786094237.656021,move,324,324,.!frame.!entry
demo_session_03,8,1786094237.706021,move,323,328,.!frame.!entry
demo_session_03,8,1786094237.756021,move,326,327,.!frame.!entry
demo_session_03,8,1786094237.806021,move,319,329,.!frame.!entry
demo_session_03,8,1786094237.856021,move,327,327,.!frame.!button
demo_session_03,8,1786094237.9060209,move,325,327,.!frame.!button
demo_session_03,8,1786094237.9560208,move,335,329,.!frame.!button
demo_session_03,8,1786094238.0060208,move,331,338,.!frame.!button
demo_session_03,8,1786094238.0560207,move,336,320,.!frame.!button
demo_session_03,8,1786094238.1060207,move,325,329,.!frame.!button
demo_session_03,8,1786094238.1560206,move,335,319,.!frame.!button
demo_session_03,8,1786094238.2060206,move,333,322,.!frame.!button
demo_session_03,8,1786094238.2560205,move,340,321,.!frame.!button
demo_session_03,8,1786094238.3060205,move,333,320,.!frame.!button
demo_session_03,8,1786094238.3560205,move,336,331,.!frame.!button
demo_session_03,8,1786094238.4060204,move,329,321,.!frame.!button
demo_session_03,8,1786094238.4560204,move,333,323,.!frame.!button
demo_session_03,8,1786094238.5060203,move,334,324,.!frame.!button
demo_session_03,8,1786094238.5560203,move,331,321,.!frame.!button
demo_session_03,8,1786094238.6060202,move,337,328,.!frame.!button
demo_session_03,8,1786094238.6560202,move,344,327,.!frame.!button
demo_session_03,8,1786094238.70602,move,339,327,.!frame.!button
demo_session_03,8,1786094238.75602,move,339,308,.!frame.!button
demo_session_03,8,1786094238.80602,move,346,315,.!frame.!button
demo_session_03,8,1786094238.85602,move,346,312,.!frame.!button
demo_session_03,8,1786094238.90602,move,350,328,.!frame.!button
demo_session_03,8,1786094238.9560199,move,341,330,.!frame.!button
demo_session_03,8,1786094239.0060198,move,346,323,.!frame.!button
demo_session_03,8,1786094239.0560198,move,350,319,.!frame.!button
demo_session_03,8,1786094239.1060197,move,349,322,.!frame.!button
demo_session_03,8,1786094239.1560197,move,344,326,.!frame.!button
demo_session_03,8,1786094239.2060196,move,346,325,.!frame.!button
demo_session_03,8,1786094239.2560196,move,342,317,.!frame.!button
demo_session_03,8,1786094239.3345852,click,350,320,.!frame.!button
demo_session_03,9,1786094239.3345852,move,445,268,.!frame.!entry
demo_session_03,9,1786094239.3845851,move,447,273,.!frame.!entry
demo_session_03,9,1786094239.434585,move,453,274,.!frame.!entry
demo_session_03,9,1786094239.484585,move,441,272,.!frame.!entry
demo_session_03,9,1786094239.534585,move,441,276,.!frame.!entry
demo_session_03,9,1786094239.584585,move,449,276,.!frame.!entry
demo_session_03,9,1786094239.634585,move,439,279,.!frame.!entry
demo_session_03,9,1786094239.6845849,move,439,280,.!frame.!entry
demo_session_03,9,1786094239.7345848,move,443,280,.!frame.!entry
demo_session_03,9,1786094239.7845848,move,443,275,.!frame.!entry
demo_session_03,9,1786094239.8345847,move,433,281,.!frame.!entry
demo_session_03,9,1786094239.8845847,move,434,278,.!frame.!entry
demo_session_03,9,1786094239.9345846,move,428,276,.!frame.!entry
demo_session_03,9,1786094239.9845846,move,426,277,.!frame.!entry
demo_session_03,9,1786094240.0345845,move,435,286,.!frame.!entry
demo_session_03,9,1786094240.0845845,move,428,282,.!frame.!entry
demo_session_03,9,1786094240.1345844,move,418,286,.!frame.!entry
demo_session_03,9,1786094240.1845844,move,425,290,.!frame.!entry
demo_session_03,9,1786094240.2345843,move,428,287,.!frame.!entry
demo_session_03,9,1786094240.2845843,move,423,291,.!frame.!entry
demo_session_03,9,1786094240.3345842,move,417,295,.!frame.!entry
demo_session_03,9,1786094240.3845842,move,419,281,.!frame.!entry
demo_session_03,9,1786094240.4345841,move,411,285,.!frame.!entry
demo_session_03,9,1786094240.484584,move,420,289,.!frame.!entry
demo_session_03,9,1786094240.534584,move,413,288,.!frame.!entry
demo_session_03,9,1786094240.584584,move,405,285,.!frame.!entry
demo_session_03,9,1786094240.634584,move,411,281,.!frame.!entry
demo_session_03,9,1786094240.684584,move,410,284,.!frame.!entry
demo_session_03,9,1786094240.7345839,move,407,295,.!frame.!entry
demo_session_03,9,1786094240.7845838,move,414,297,.!frame.!entry
demo_session_03,9,1786094240.8345838,move,404,295,.!frame.!entry
demo_session_03,9,1786094240.8845837,move,411,289,.!frame.!entry
demo_session_03,9,1786094240.9345837,move,415,297,.!frame.!entry
demo_session_03,9,1786094240.9845836,move,397,299,.!frame.!entry
demo_session_03,9,1786094241.0345836,move,402,288,.!frame.!entry
demo_session_03,9,1786094241.0845835,move,397,291,.!frame.!entry
demo_session_03,9,1786094241.1345835,move,403,288,.!frame.!entry
demo_session_03,9,1786094241.1845834,move,400,293,.!frame.!entry
demo_session_03,9,1786094241.2345834,move,401,302,.!frame.!entry
demo_session_03,9,1786094241.2845833,move,399,295,.!frame.!entry
demo_session_03,9,1786094241.3345833,move,391,294,.!frame.!entry
demo_session_03,9,1786094241.3845832,move,393,296,.!frame.!entry
demo_session_03,9,1786094241.4345832,move,397,303,.!frame.!entry
demo_session_03,9,1786094241.4845831,move,389,306,.!frame.!entry
demo_session_03,9,1786094241.534583,move,387,300,.!frame.!entry
demo_session_03,9,1786094241.584583,move,391,313,.!frame.!entry
demo_session_03,9,1786094241.634583,move,384,302,.!frame.!entry
demo_session_03,9,1786094241.684583,move,386,302,.!frame.!entry
demo_session_03,9,1786094241.734583,move,385,303,.!frame.!entry
demo_session_03,9,1786094241.7845829,move,387,301,.!frame.!entry
demo_session_03,9,1786094241.8345828,move,388,305,.!frame.!entry
demo_session_03,9,1786094241.8845828,move,385,307,.!frame.!entry
demo_session_03,9,1786094241.9345827,move,385,307,.!frame.!entry
demo_session_03,9,1786094241.9845827,move,384,303,.!frame.!button
demo_session_03,9,1786094242.0345826,move,384,305,.!frame.!button
demo_session_03,9,1786094242.0845826,move,380,300,.!frame.!button
demo_session_03,9,1786094242.1345825,move,366,316,.!frame.!button
demo_session_03,9,1786094242.1845825,move,368,311,.!frame.!button
demo_session_03,9,1786094242.2345824,move,370,309,.!frame.!button
demo_session_03,9,1786094242.2845824,move,363,309,.!frame.!button
demo_session_03,9,1786094242.3345823,move,368,313,.!frame.!button
demo_session_03,9,1786094242.3845823,move,379,304,.!frame.!button
demo_session_03,9,1786094242.4345822,move,367,319,.!frame.!button
demo_session_03,9,1786094242.4845822,move,364,318,.!frame.!button
demo_session_03,9,1786094242.5345821,move,363,310,.!frame.!button
demo_session_03,9,1786094242.584582,move,363,313,.!frame.!button
demo_session_03,9,1786094242.634582,move,368,317,.!frame.!button
demo_session_03,9,1786094242.684582,move,361,314,.!frame.!button
demo_session_03,9,1786094242.734582,move,360,322,.!frame.!button
demo_session_03,9,1786094242.784582,move,348,312,.!frame.!button
demo_session_03,9,1786094242.8345819,move,360,305,.!frame.!button
demo_session_03,9,1786094242.8845818,move,357,318,.!frame.!button
demo_session_03,9,1786094242.9345818,move,350,310,.!frame.!button
demo_session_03,9,1786094242.9845817,move,347,323,.!frame.!button
demo_session_03,9,1786094243.0345817,move,354,315,.!frame.!button
demo_session_03,9,1786094243.0845816,move,352,314,.!frame.!button
demo_session_03,9,1786094243.1711683,click,349,319,.!frame.!button
demo_session_03,10,1786094243.1711683,move,346,376,.!frame.!entry
demo_session_03,10,1786094243.2211683,move,348,389,.!frame.!entry
demo_session_03,10,1786094243.2711682,move,350,379,.!frame.!entry
demo_session_03,10,1786094243.3211682,move,347,374,.!frame.!entry
demo_session_03,10,1786094243.3711681,move,344,385,.!frame.!entry
demo_session_03,10,1786094243.421168,move,336,382,.!frame.!entry
demo_session_03,10,1786094243.471168,move,349,388,.!frame.!entry
demo_session_03,10,1786094243.521168,move,347,378,.!frame.!entry
demo_session_03,10,1786094243.571168,move,344,383,.!frame.!entry
demo_session_03,10,1786094243.621168,move,347,385,.!frame.!entry
demo_session_03,10,1786094243.6711679,move,353,375,.!frame.!entry
demo_session_03,10,1786094243.7211678,move,344,375,.!frame.!entry
demo_session_03,10,1786094243.7711678,move,341,382,.!frame.!entry
demo_session_03,10,1786094243.8211677,move,348,382,.!frame.!entry
demo_session_03,10,1786094243.8711677,move,344,374,.!frame.!entry
demo_session_03,10,1786094243.9211676,move,347,367,.!frame.!entry
demo_session_03,10,1786094243.9711676,move,353,369,.!frame.!entry
demo_session_03,10,1786094244.0211675,move,350,377,.!frame.!entry
demo_session_03,10,1786094244.0711675,move,337,370,.!frame.!entry
demo_session_03,10,1786094244.1211674,move,346,372,.!frame.!entry
demo_session_03,10,1786094244.1711674,move,344,369,.!frame.!entry
demo_session_03,10,1786094244.2211673,move,353,367,.!frame.!entry
demo_session_03,10,1786094244.2711673,move,346,368,.!frame.!entry
demo_session_03,10,1786094244.3211672,move,349,367,.!frame.!entry
demo_session_03,10,1786094244.3711672,move,352,363,.!frame.!entry
demo_session_03,10,1786094244.4211671,move,348,358,.!frame.!entry
demo_session_03,10,1786094244.471167,move,339,371,.!frame.!entry
demo_session_03,10,1786094244.521167,move,343,359,.!frame.!entry
demo_session_03,10,1786094244.571167,move,344,373,.!frame.!entry
demo_session_03,10,1786094244.621167,move,338,360,.!frame.!entry
demo_session_03,10,1786094244.671167,move,339,366,.!frame.!entry
demo_session_03,10,1786094244.7211668,move,350,360,.!frame.!entry
demo_session_03,10,1786094244.7711668,move,358,367,.!frame.!entry
demo_session_03,10,1786094244.8211668,move,345,361,.!frame.!entry
demo_session_03,10,1786094244.8711667,move,347,367,.!frame.!entry
demo_session_03,10,1786094244.9211667,move,349,368,.!frame.!entry
demo_session_03,10,1786094244.9711666,move,351,355,.!frame.!entry
demo_session_03,10,1786094245.0211666,move,348,363,.!frame.!entry
demo_session_03,10,1786094245.0711665,move,354,362,.!frame.!entry
demo_session_03,10,1786094245.1211665,move,354,362,.!frame.!entry
demo_session_03,10,1786094245.1711664,move,356,354,.!frame.!entry
demo_session_03,10,1786094245.2211664,move,349,355,.!frame.!entry
demo_session_03,10,1786094245.2711663,move,342,364,.!frame.!entry
demo_session_03,10,1786094245.3211663,move,352,347,.!frame.!entry
demo_session_03,10,1786094245.3711662,move,341,355,.!frame.!entry
demo_session_03,10,1786094245.4211662,move,347,357,.!frame.!entry
demo_session_03,10,1786094245.4711661,move,345,350,.!frame.!entry
demo_session_03,10,1786094245.521166,move,349,349,.!frame.!entry
demo_session_03,10,1786094245.571166,move,352,354,.!frame.!entry
demo_session_03,10,1786094245.621166,move,343,351,.!frame.!entry
demo_session_03,10,1786094245.671166,move,356,345,.!frame.!entry
demo_session_03,10,1786094245.721166,move,350,349,.!frame.!entry
demo_session_03,10,1786094245.7711658,move,333,341,.!frame.!entry
demo_session_03,10,1786094245.8211658,move,341,358,.!frame.!entry
demo_session_03,10,1786094245.8711658,move,345,349,.!frame.!entry
demo_session_03,10,1786094245.9211657,move,338,356,.!frame.!entry
demo_session_03,10,1786094245.9711657,move,350,352,.!frame.!entry
demo_session_03,10,1786094246.0211656,move,347,346,.!frame.!entry
demo_session_03,10,1786094246.0711656,move,356,345,.!frame.!entry
demo_session_03,10,1786094246.1211655,move,340,347,.!frame.!entry
demo_session_03,10,1786094246.1711655,move,354,349,.!frame.!entry
demo_session_03,10,1786094246.2211654,move,342,358,.!frame.!entry
demo_session_03,10,1786094246.2711654,move,350,347,.!frame.!entry
demo_session_03,10,1786094246.3211653,move,349,336,.!frame.!entry
demo_session_03,10,1786094246.3711653,move,357,340,.!frame.!entry
demo_session_03,10,1786094246.4211652,move,339,341,.!frame.!entry
demo_session_03,10,1786094246.4711652,move,349,347,.!frame.!entry
demo_session_03,10,1786094246.5211651,move,341,328,.!frame.!entry
demo_session_03,10,1786094246.571165,move,346,344,.!frame.!button
demo_session_03,10,1786094246.621165,move,345,333,.!frame.!button
demo_session_03,10,1786094246.671165,move,354,335,.!frame.!button
demo_session_03,10,1786094246.721165,move,345,335,.!frame.!button
demo_session_03,10,1786094246.771165,move,350,330,.!frame.!button
demo_session_03,10,1786094246.8211648,move,351,344,.!frame.!button
demo_session_03,10,1786094246.8711648,move,352,331,.!frame.!button
demo_session_03,10,1786094246.9211648,move,344,345,.!frame.!button
demo_session_03,10,1786094246.9711647,move,344,334,.!frame.!button
demo_session_03,10,1786094247.0211647,move,342,335,.!frame.!button
demo_session_03,10,1786094247.0711646,move,346,327,.!frame.!button
demo_session_03,10,1786094247.1211646,move,351,332,.!frame.!button
demo_session_03,10,1786094247.1711645,move,354,334,.!frame.!button
demo_session_03,10,1786094247.2211645,move,350,339,.!frame.!button
demo_session_03,10,1786094247.2711644,move,343,328,.!frame.!button
demo_session_03,10,1786094247.3211644,move,347,329,.!frame.!button
demo_session_03,10,1786094247.3711643,move,343,339,.!frame.!button
demo_session_03,10,1786094247.4211643,move,348,341,.!frame.!button
demo_session_03,10,1786094247.4711642,move,343,329,.!frame.!button
demo_session_03,10,1786094247.5211642,move,347,325,.!frame.!button
demo_session_03,10,1786094247.5711641,move,353,326,.!frame.!button
demo_session_03,10,1786094247.621164,move,342,327,.!frame.!button
demo_session_03,10,1786094247.671164,move,353,321,.!frame.!button
demo_session_03,10,1786094247.721164,move,350,337,.!frame.!button
demo_session_03,10,1786094247.771164,move,359,328,.!frame.!button
demo_session_03,10,1786094247.821164,move,359,326,.!frame.!button
demo_session_03,10,1786094247.8711638,move,352,327,.!frame.!button
demo_session_03,10,1786094247.9211638,move,347,332,.!frame.!button
demo_session_03,10,1786094247.9711637,move,352,317,.!frame.!button
demo_session_03,10,1786094248.0211637,move,347,313,.!frame.!button
demo_session_03,10,1786094248.0856373,click,350,320,.!frame.!button
demo_session_03,11,1786094248.0856373,move,320,134,.!frame.!entry
demo_session_03,11,1786094248.1356373,move,328,136,.!frame.!entry
demo_session_03,11,1786094248.1856372,move,328,144,.!frame.!entry
demo_session_03,11,1786094248.2356372,move,321,141,.!frame.!entry
demo_session_03,11,1786094248.2856371,move,312,152,.!frame.!entry
demo_session_03,11,1786094248.335637,move,336,149,.!frame.!entry
demo_session_03,11,1786094248.385637,move,329,155,.!frame.!entry
demo_session_03,11,1786094248.435637,move,333,156,.!frame.!entry
demo_session_03,11,1786094248.485637,move,320,159,.!frame.!entry
demo_session_03,11,1786094248.535637,move,337,155,.!frame.!entry
demo_session_03,11,1786094248.5856369,move,322,162,.!frame.!entry
demo_session_03,11,1786094248.6356368,move,320,164,.!frame.!entry
demo_session_03,11,1786094248.6856368,move,325,160,.!frame.!entry
demo_session_03,11,1786094248.7356367,move,334,169,.!frame.!entry
demo_session_03,11,1786094248.7856367,move,339,167,.!frame.!entry
demo_session_03,11,1786094248.8356366,move,335,165,.!frame.!entry
demo_session_03,11,1786094248.8856366,move,342,165,.!frame.!entry
demo_session_03,11,1786094248.9356365,move,321,170,.!frame.!entry
demo_session_03,11,1786094248.9856365,move,323,174,.!frame.!entry
demo_session_03,11,1786094249.0356364,move,342,183,.!frame.!entry
demo_session_03,11,1786094249.0856364,move,330,182,.!frame.!entry
demo_session_03,11,1786094249.1356363,move,340,183,.!frame.!entry
demo_session_03,11,1786094249.1856363,move,327,182,.!frame.!entry
demo_session_03,11,1786094249.2356362,move,329,185,.!frame.!entry
demo_session_03,11,1786094249.2856362,move,328,184,.!frame.!entry
demo_session_03,11,1786094249.3356361,move,320,182,.!frame.!entry
demo_session_03,11,1786094249.385636,move,337,184,.!frame.!entry
demo_session_03,11,1786094249.435636,move,330,190,.!frame.!entry
demo_session_03,11,1786094249.485636,move,334,192,.!frame.!entry
demo_session_03,11,1786094249.535636,move,328,193,.!frame.!entry
demo_session_03,11,1786094249.585636,move,330,191,.!frame.!entry
demo_session_03,11,1786094249.6356359,move,337,207,.!frame.!entry
demo_session_03,11,1786094249.6856358,move,337,202,.!frame.!entry
demo_session_03,11,1786094249.7356358,move,333,203,.!frame.!entry
demo_session_03,11,1786094249.7856357,move,340,208,.!frame.!entry
demo_session_03,11,1786094249.8356357,move,330,210,.!frame.!entry
demo_session_03,11,1786094249.8856356,move,342,211,.!frame.!entry
demo_session_03,11,1786094249.9356356,move,340,211,.!frame.!entry
demo_session_03,11,1786094249.9856355,move,341,210,.!frame.!entry
demo_session_03,11,1786094250.0356355,move,325,210,.!frame.!entry
demo_session_03,11,1786094250.0856354,move,347,213,.!frame.!entry
demo_session_03,11,1786094250.1356354,move,333,219,.!frame.!entry
demo_session_03,11,1786094250.1856353,move,342,226,.!frame.!entry
demo_session_03,11,1786094250.2356353,move,331,222,.!frame.!entry
demo_session_03,11,1786094250.2856352,move,335,224,.!frame.!entry
demo_session_03,11,1786094250.3356352,move,337,233,.!frame.!entry
demo_session_03,11,1786094250.3856351,move,331,229,.!frame.!entry
demo_session_03,11,1786094250.435635,move,337,240,.!frame.!entry
demo_session_03,11,1786094250.485635,move,337,232,.!frame.!entry
demo_session_03,11,1786094250.535635,move,334,238,.!frame.!entry
demo_session_03,11,1786094250.585635,move,324,231,.!frame.!entry
demo_session_03,11,1786094250.635635,move,344,237,.!frame.!entry
demo_session_03,11,1786094250.6856349,move,350,237,.!frame.!entry
demo_session_03,11,1786094250.7356348,move,342,244,.!frame.!entry
demo_session_03,11,1786094250.7856348,move,337,257,.!frame.!entry
demo_session_03,11,1786094250.8356347,move,337,232,.!frame.!entry
demo_session_03,11,1786094250.8856347,move,340,252,.!frame.!entry
demo_session_03,11,1786094250.9356346,move,342,248,.!frame.!entry
demo_session_03,11,1786094250.9856346,move,341,253,.!frame.!entry
demo_session_03,11,1786094251.0356345,move,336,253,.!frame.!entry
demo_session_03,11,1786094251.0856345,move,343,254,.!frame.!entry
demo_session_03,11,1786094251.1356344,move,334,259,.!frame.!entry
demo_session_03,11,1786094251.1856344,move,339,259,.!frame.!entry
demo_session_03,11,1786094251.2356343,move,344,261,.!frame.!entry
demo_session_03,11,1786094251.2856343,move,346,269,.!frame.!entry
demo_session_03,11,1786094251.3356342,move,353,256,.!frame.!entry
demo_session_03,11,1786094251.3856342,move,349,258,.!frame.!entry
demo_session_03,11,1786094251.4356341,move,346,268,.!frame.!button
demo_session_03,11,1786094251.485634,move,335,261,.!frame.!button
demo_session_03,11,1786094251.535634,move,342,272,.!frame.!button
demo_session_03,11,1786094251.585634,move,334,274,.!frame.!button
demo_session_03,11,1786094251.635634,move,342,268,.!frame.!button
demo_session_03,11,1786094251.685634,move,341,277,.!frame.!button
demo_session_03,11,1786094251.7356339,move,330,274,.!frame.!button
demo_session_03,11,1786094251.7856338,move,337,276,.!frame.!button
demo_session_03,11,1786094251.8356338,move,350,288,.!frame.!button
demo_session_03,11,1786094251.8856337,move,352,281,.!frame.!button
demo_session_03,11,1786094251.9356337,move,350,297,.!frame.!button
demo_session_03,11,1786094251.9856336,move,347,294,.!frame.!button
demo_session_03,11,1786094252.0356336,move,349,292,.!frame.!button
demo_session_03,11,1786094252.0856335,move,346,297,.!frame.!button
demo_session_03,11,1786094252.1356335,move,347,300,.!frame.!button
demo_session_03,11,1786094252.1856334,move,347,288,.!frame.!button
demo_session_03,11,1786094252.2356334,move,348,286,.!frame.!button
demo_session_03,11,1786094252.2856333,move,345,301,.!frame.!button
demo_session_03,11,1786094252.3356333,move,337,304,.!frame.!button
demo_session_03,11,1786094252.3856332,move,349,309,.!frame.!button
demo_session_03,11,1786094252.4356332,move,345,304,.!frame.!button
demo_session_03,11,1786094252.4856331,move,351,306,.!frame.!button
demo_session_03,11,1786094252.535633,move,345,312,.!frame.!button
demo_session_03,11,1786094252.585633,move,347,303,.!frame.!button
demo_session_03,11,1786094252.635633,move,348,316,.!frame.!button
demo_session_03,11,1786094252.685633,move,352,315,.!frame.!button
demo_session_03,11,1786094252.735633,move,355,318,.!frame.!button
demo_session_03,11,1786094252.7856328,move,347,309,.!frame.!button
demo_session_03,11,1786094252.8356328,move,345,319,.!frame.!button
demo_session_03,11,1786094252.9104366,click,343,313,.!frame.!button
demo_session_03,12,1786094252.9104366,move,358,201,.!frame.!entry
demo_session_03,12,1786094252.9604366,move,354,200,.!frame.!entry
demo_session_03,12,1786094253.0104365,move,358,211,.!frame.!entry
demo_session_03,12,1786094253.0604365,move,350,204,.!frame.!entry
demo_session_03,12,1786094253.1104364,move,359,206,.!frame.!entry
demo_session_03,12,1786094253.1604364,move,356,197,.!frame.!entry
demo_session_03,12,1786094253.2104363,move,363,216,.!frame.!entry
demo_session_03,12,1786094253.2604363,move,362,217,.!frame.!entry
demo_session_03,12,1786094253.3104362,move,365,220,.!frame.!entry
demo_session_03,12,1786094253.3604362,move,348,218,.!frame.!entry
demo_session_03,12,1786094253.4104362,move,363,208,.!frame.!entry
demo_session_03,12,1786094253.460436,move,350,223,.!frame.!entry
demo_session_03,12,1786094253.510436,move,351,221,.!frame.!entry
demo_session_03,12,1786094253.560436,move,355,219,.!frame.!entry
demo_session_03,12,1786094253.610436,move,363,223,.!frame.!entry
demo_session_03,12,1786094253.660436,move,341,219,.!frame.!entry
demo_session_03,12,1786094253.7104359,move,360,224,.!frame.!entry
demo_session_03,12,1786094253.7604358,move,357,226,.!frame.!entry
demo_session_03,12,1786094253.8104358,move,355,226,.!frame.!entry
demo_session_03,12,1786094253.8604357,move,362,227,.!frame.!entry
demo_session_03,12,1786094253.9104357,move,347,229,.!frame.!entry
demo_session_03,12,1786094253.9604356,move,350,227,.!frame.!entry
demo_session_03,12,1786094254.0104356,move,352,228,.!frame.!entry
demo_session_03,12,1786094254.0604355,move,355,235,.!frame.!entry
demo_session_03,12,1786094254.1104355,move,351,233,.!frame.!entry
demo_session_03,12,1786094254.1604354,move,357,239,.!frame.!entry
demo_session_03,12,1786094254.2104354,move,364,242,.!frame.!entry
demo_session_03,12,1786094254.2604353,move,362,245,.!frame.!entry
demo_session_03,12,1786094254.3104353,move,349,237,.!frame.!entry
demo_session_03,12,1786094254.3604352,move,357,244,.!frame.!entry
demo_session_03,12,1786094254.4104352,move,349,244,.!frame.!entry
demo_session_03,12,1786094254.4604352,move,355,257,.!frame.!entry
demo_session_03,12,1786094254.510435,move,345,255,.!frame.!entry
demo_session_03,12,1786094254.560435,move,351,248,.!frame.!entry
demo_session_03,12,1786094254.610435,move,352,249,.!frame.!entry
demo_session_03,12,1786094254.660435,move,361,260,.!frame.!entry
demo_session_03,12,1786094254.710435,move,346,260,.!frame.!entry
demo_session_03,12,1786094254.7604349,move,356,255,.!frame.!entry
demo_session_03,12,1786094254.8104348,move,346,253,.!frame.!entry
demo_session_03,12,1786094254.8604348,move,347,265,.!frame.!entry
demo_session_03,12,1786094254.9104347,move,347,255,.!frame.!entry
demo_session_03,12,1786094254.9604347,move,360,264,.!frame.!entry
demo_session_03,12,1786094255.0104346,move,349,268,.!frame.!entry
demo_session_03,12,1786094255.0604346,move,355,268,.!frame.!entry
demo_session_03,12,1786094255.1104345,move,349,273,.!frame.!entry
demo_session_03,12,1786094255.1604345,move,364,268,.!frame.!entry
demo_session_03,12,1786094255.2104344,move,349,270,.!frame.!entry
demo_session_03,12,1786094255.2604344,move,362,275,.!frame.!entry
demo_session_03,12,1786094255.3104343,move,349,279,.!frame.!entry
demo_session_03,12,1786094255.3604343,move,343,283,.!frame.!entry
demo_session_03,12,1786094255.4104342,move,338,282,.!frame.!entry
demo_session_03,12,1786094255.4604342,move,357,274,.!frame.!entry
demo_session_03,12,1786094255.5104342,move,354,279,.!frame.!entry
demo_session_03,12,1786094255.560434,move,361,281,.!frame.!entry
demo_session_03,12,1786094255.610434,move,349,288,.!frame.!button
demo_session_03,12,1786094255.660434,move,346,285,.!frame.!button
demo_session_03,12,1786094255.710434,move,353,290,.!frame.!button
demo_session_03,12,1786094255.760434,move,350,280,.!frame.!button
demo_session_03,12,1786094255.8104339,move,347,305,.!frame.!button
demo_session_03,12,1786094255.8604338,move,343,286,.!frame.!button
demo_session_03,12,1786094255.9104338,move,353,297,.!frame.!button
demo_session_03,12,1786094255.9604337,move,342,287,.!frame.!button
demo_session_03,12,1786094256.0104337,move,346,305,.!frame.!button
demo_session_03,12,1786094256.0604336,move,358,297,.!frame.!button
demo_session_03,12,1786094256.1104336,move,353,309,.!frame.!button
demo_session_03,12,1786094256.1604335,move,346,300,.!frame.!button
demo_session_03,12,1786094256.2104335,move,351,301,.!frame.!button
demo_session_03,12,1786094256.2604334,move,353,300,.!frame.!button
demo_session_03,12,1786094256.3104334,move,352,312,.!frame.!button
demo_session_03,12,1786094256.3604333,move,355,310,.!frame.!button
demo_session_03,12,1786094256.4104333,move,353,319,.!frame.!button
demo_session_03,12,1786094256.4604332,move,347,303,.!frame.!button
demo_session_03,12,1786094256.5104332,move,352,304,.!frame.!button
demo_session_03,12,1786094256.5604331,move,354,307,.!frame.!button
demo_session_03,12,1786094256.610433,move,354,315,.!frame.!button
demo_session_03,12,1786094256.660433,move,354,314,.!frame.!button
demo_session_03,12,1786094256.710433,move,353,325,.!frame.!button
demo_session_03,12,1786094256.760433,move,345,315,.!frame.!button
demo_session_03,12,1786094256.8518486,click,354,324,.!frame.!button
demo_session_03,13,1786094256.8518486,move,590,124,.!frame.!entry
demo_session_03,13,1786094256.9018486,move,591,130,.!frame.!entry
demo_session_03,13,1786094256.9518485,move,573,133,.!frame.!entry
demo_session_03,13,1786094257.0018485,move,586,123,.!frame.!entry
demo_session_03,13,1786094257.0518484,move,584,136,.!frame.!entry
demo_session_03,13,1786094257.1018484,move,573,131,.!frame.!entry
demo_session_03,13,1786094257.1518483,move,586,131,.!frame.!entry
demo_session_03,13,1786094257.2018483,move,570,127,.!frame.!entry
demo_session_03,13,1786094257.2518482,move,573,149,.!frame.!entry
demo_session_03,13,1786094257.3018482,move,580,147,.!frame.!entry
demo_session_03,13,1786094257.3518481,move,568,146,.!frame.!entry
demo_session_03,13,1786094257.401848,move,572,142,.!frame.!entry
demo_session_03,13,1786094257.451848,move,567,147,.!frame.!entry
demo_session_03,13,1786094257.501848,move,561,149,.!frame.!entry
demo_session_03,13,1786094257.551848,move,548,143,.!frame.!entry
demo_session_03,13,1786094257.601848,move,555,156,.!frame.!entry
demo_session_03,13,1786094257.6518478,move,560,145,.!frame.!entry
demo_session_03,13,1786094257.7018478,move,554,141,.!frame.!entry
demo_session_03,13,1786094257.7518477,move,536,145,.!frame.!entry
demo_session_03,13,1786094257.8018477,move,548,154,.!frame.!entry
demo_session_03,13,1786094257.8518476,move,547,154,.!frame.!entry
demo_session_03,13,1786094257.9018476,move,543,159,.!frame.!entry
demo_session_03,13,1786094257.9518476,move,543,149,.!frame.!entry
demo_session_03,13,1786094258.0018475,move,543,152,.!frame.!entry
demo_session_03,13,1786094258.0518475,move,535,155,.!frame.!entry
demo_session_03,13,1786094258.1018474,move,540,166,.!frame.!entry
demo_session_03,13,1786094258.1518474,move,541,156,.!frame.!entry
demo_session_03,13,1786094258.2018473,move,541,161,.!frame.!entry
demo_session_03,13,1786094258.2518473,move,531,169,.!frame.!entry
demo_session_03,13,1786094258.3018472,move,525,166,.!frame.!entry
demo_session_03,13,1786094258.3518472,move,533,161,.!frame.!entry
demo_session_03,13,1786094258.4018471,move,538,175,.!frame.!entry
demo_session_03,13,1786094258.451847,move,520,165,.!frame.!entry
demo_session_03,13,1786094258.501847,move,520,159,.!frame.!entry
demo_session_03,13,1786094258.551847,move,521,174,.!frame.!entry
demo_session_03,13,1786094258.601847,move,531,172,.!frame.!entry
demo_session_03,13,1786094258.651847,move,528,180,.!frame.!entry
demo_session_03,13,1786094258.7018468,move,526,170,.!frame.!entry
demo_session_03,13,1786094258.7518468,move,514,178,.!frame.!entry
demo_session_03,13,1786094258.8018467,move,525,184,.!frame.!entry
demo_session_03,13,1786094258.8518467,move,515,192,.!frame.!entry
demo_session_03,13,1786094258.9018466,move,510,179,.!frame.!entry
demo_session_03,13,1786094258.9518466,move,509,180,.!frame.!entry
demo_session_03,13,1786094259.0018466,move,502,179,.!frame.!entry
demo_session_03,13,1786094259.0518465,move,505,188,.!frame.!entry
demo_session_03,13,1786094259.1018465,move,513,187,.!frame.!entry
demo_session_03,13,1786094259.1518464,move,507,189,.!frame.!entry
demo_session_03,13,1786094259.2018464,move,508,202,.!frame.!entry
demo_session_03,13,1786094259.2518463,move,503,187,.!frame.!entry
demo_session_03,13,1786094259.3018463,move,500,188,.!frame.!entry
demo_session_03,13,1786094259.3518462,move,491,195,.!frame.!entry
demo_session_03,13,1786094259.4018462,move,484,197,.!frame.!entry
demo_session_03,13,1786094259.4518461,move,494,202,.!frame.!entry
demo_session_03,13,1786094259.501846,move,487,202,.!frame.!entry
demo_session_03,13,1786094259.551846,move,488,202,.!frame.!entry
demo_session_03,13,1786094259.601846,move,479,200,.!frame.!entry
demo_session_03,13,1786094259.651846,move,491,212,.!frame.!entry
demo_session_03,13,1786094259.701846,move,485,203,.!frame.!entry
demo_session_03,13,1786094259.7518458,move,481,210,.!frame.!entry
demo_session_03,13,1786094259.8018458,move,484,212,.!frame.!entry
demo_session_03,13,1786094259.8518457,move,484,204,.!frame.!entry
demo_session_03,13,1786094259.9018457,move,479,214,.!frame.!entry
demo_session_03,13,1786094259.9518456,move,478,219,.!frame.!entry
demo_session_03,13,1786094260.0018456,move,474,215,.!frame.!entry
demo_session_03,13,1786094260.0518456,move,468,219,.!frame.!entry
demo_session_03,13,1786094260.1018455,move,477,224,.!frame.!entry
demo_session_03,13,1786094260.1518455,move,459,218,.!frame.!entry
demo_session_03,13,1786094260.2018454,move,470,214,.!frame.!entry
demo_session_03,13,1786094260.2518454,move,461,225,.!frame.!entry
demo_session_03,13,1786094260.3018453,move,464,225,.!frame.!entry
demo_session_03,13,1786094260.3518453,move,458,225,.!frame.!entry
demo_session_03,13,1786094260.4018452,move,454,230,.!frame.!entry
demo_session_03,13,1786094260.4518452,move,456,226,.!frame.!entry
demo_session_03,13,1786094260.5018451,move,448,232,.!frame.!entry
demo_session_03,13,1786094260.551845,move,467,231,.!frame.!entry
demo_session_03,13,1786094260.601845,move,454,239,.!frame.!entry
demo_session_03,13,1786094260.651845,move,454,244,.!frame.!entry
demo_session_03,13,1786094260.701845,move,447,241,.!frame.!entry
demo_session_03,13,1786094260.751845,move,441,237,.!frame.!entry
demo_session_03,13,1786094260.8018448,move,445,245,.!frame.!entry
demo_session_03,13,1786094260.8518448,move,437,240,.!frame.!entry
demo_session_03,13,1786094260.9018447,move,437,233,.!frame.!entry
demo_session_03,13,1786094260.9518447,move,432,240,.!frame.!entry
demo_session_03,13,1786094261.0018446,move,435,243,.!frame.!entry
demo_session_03,13,1786094261.0518446,move,439,246,.!frame.!entry
demo_session_03,13,1786094261.1018445,move,433,253,.!frame.!entry
demo_session_03,13,1786094261.1518445,move,432,253,.!frame.!entry
demo_session_03,13,1786094261.2018445,move,428,256,.!frame.!entry
demo_session_03,13,1786094261.2518444,move,444,254,.!frame.!entry
demo_session_03,13,1786094261.3018444,move,430,260,.!frame.!entry
demo_session_03,13,1786094261.3518443,move,421,256,.!frame.!entry
demo_session_03,13,1786094261.4018443,move,431,269,.!frame.!entry
demo_session_03,13,1786094261.4518442,move,416,257,.!frame.!entry
demo_session_03,13,1786094261.5018442,move,417,269,.!frame.!button
demo_session_03,13,1786094261.5518441,move,418,273,.!frame.!button
demo_session_03,13,1786094261.601844,move,405,258,.!frame.!button
demo_session_03,13,1786094261.651844,move,420,262,.!frame.!button
demo_session_03,13,1786094261.701844,move,401,271,.!frame.!button
demo_session_03,13,1786094261.751844,move,402,268,.!frame.!button
demo_session_03,13,1786094261.801844,move,405,272,.!frame.!button
demo_session_03,13,1786094261.8518438,move,397,277,.!frame.!button
demo_session_03,13,1786094261.9018438,move,408,273,.!frame.!button
demo_session_03,13,1786094261.9518437,move,399,276,.!frame.!button
demo_session_03,13,1786094262.0018437,move,408,264,.!frame.!button
demo_session_03,13,1786094262.0518436,move,402,280,.!frame.!button
demo_session_03,13,1786094262.1018436,move,390,285,.!frame.!button
demo_session_03,13,1786094262.1518435,move,400,275,.!frame.!button
demo_session_03,13,1786094262.2018435,move,389,280,.!frame.!button
demo_session_03,13,1786094262.2518435,move,394,289,.!frame.!button
demo_session_03,13,1786094262.3018434,move,388,281,.!frame.!button
demo_session_03,13,1786094262.3518434,move,385,289,.!frame.!button
demo_session_03,13,1786094262.4018433,move,383,283,.!frame.!button
demo_session_03,13,1786094262.4518433,move,375,291,.!frame.!button
demo_session_03,13,1786094262.5018432,move,389,282,.!frame.!button
demo_session_03,13,1786094262.5518432,move,376,298,.!frame.!button
demo_session_03,13,1786094262.601843,move,380,292,.!frame.!button
demo_session_03,13,1786094262.651843,move,385,295,.!frame.!button
demo_session_03,13,1786094262.701843,move,377,291,.!frame.!button
demo_session_03,13,1786094262.751843,move,369,288,.!frame.!button
demo_session_03,13,1786094262.801843,move,373,300,.!frame.!button
demo_session_03,13,1786094262.8518429,move,368,305,.!frame.!button
demo_session_03,13,1786094262.9018428,move,365,303,.!frame.!button
demo_session_03,13,1786094262.9518428,move,371,317,.!frame.!button
demo_session_03,13,1786094263.0018427,move,362,318,.!frame.!button
demo_session_03,13,1786094263.0518427,move,363,302,.!frame.!button
demo_session_03,13,1786094263.1018426,move,356,312,.!frame.!button
demo_session_03,13,1786094263.1518426,move,357,313,.!frame.!button
demo_session_03,13,1786094263.2018425,move,356,310,.!frame.!button
demo_session_03,13,1786094263.2518425,move,363,308,.!frame.!button
demo_session_03,13,1786094263.3018425,move,358,305,.!frame.!button
demo_session_03,13,1786094263.3518424,move,350,326,.!frame.!button
demo_session_03,13,1786094263.4018424,move,353,314,.!frame.!button
demo_session_03,13,1786094263.4518423,move,356,311,.!frame.!button
demo_session_03,13,1786094263.5273364,click,351,321,.!frame.!button
demo_session_03,14,1786094263.5273364,move,272,284,.!frame.!entry
demo_session_03,14,1786094263.5773363,move,280,277,.!frame.!entry
demo_session_03,14,1786094263.6273363,move,266,271,.!frame.!entry
demo_session_03,14,1786094263.6773362,move,270,277,.!frame.!entry
demo_session_03,14,1786094263.7273362,move,270,277,.!frame.!entry
demo_session_03,14,1786094263.7773361,move,281,277,.!frame.!entry
demo_session_03,14,1786094263.827336,move,281,277,.!frame.!entry
demo_session_03,14,1786094263.877336,move,280,282,.!frame.!entry
demo_session_03,14,1786094263.927336,move,272,284,.!frame.!entry
demo_session_03,14,1786094263.977336,move,271,269,.!frame.!entry
demo_session_03,14,1786094264.027336,move,279,275,.!frame.!entry
demo_session_03,14,1786094264.0773358,move,289,285,.!frame.!entry
demo_session_03,14,1786094264.1273358,move,274,278,.!frame.!entry
demo_session_03,14,1786094264.1773357,move,279,285,.!frame.!entry
demo_session_03,14,1786094264.2273357,move,281,276,.!frame.!entry
demo_session_03,14,1786094264.2773356,move,287,285,.!frame.!entry
demo_session_03,14,1786094264.3273356,move,280,276,.!frame.!entry
demo_session_03,14,1786094264.3773355,move,292,281,.!frame.!entry
demo_session_03,14,1786094264.4273355,move,290,283,.!frame.!entry
demo_session_03,14,1786094264.4773355,move,294,292,.!frame.!entry
demo_session_03,14,1786094264.5273354,move,291,284,.!frame.!entry
demo_session_03,14,1786094264.5773354,move,287,279,.!frame.!entry
demo_session_03,14,1786094264.6273353,move,282,292,.!frame.!entry
demo_session_03,14,1786094264.6773353,move,279,279,.!frame.!entry
demo_session_03,14,1786094264.7273352,move,284,290,.!frame.!entry
demo_session_03,14,1786094264.7773352,move,290,285,.!frame.!entry
demo_session_03,14,1786094264.8273351,move,285,285,.!frame.!entry
demo_session_03,14,1786094264.877335,move,292,286,.!frame.!entry
demo_session_03,14,1786094264.927335,move,296,290,.!frame.!entry
demo_session_03,14,1786094264.977335,move,294,278,.!frame.!entry
demo_session_03,14,1786094265.027335,move,292,291,.!frame.!entry
demo_session_03,14,1786094265.077335,move,301,283,.!frame.!entry
demo_session_03,14,1786094265.1273348,move,298,282,.!frame.!entry
demo_session_03,14,1786094265.1773348,move,306,291,.!frame.!entry
demo_session_03,14,1786094265.2273347,move,305,295,.!frame.!entry
demo_session_03,14,1786094265.2773347,move,309,291,.!frame.!entry
demo_session_03,14,1786094265.3273346,move,301,292,.!frame.!entry
demo_session_03,14,1786094265.3773346,move,301,295,.!frame.!entry
demo_session_03,14,1786094265.4273345,move,297,286,.!frame.!entry
demo_session_03,14,1786094265.4773345,move,297,300,.!frame.!entry
demo_session_03,14,1786094265.5273345,move,310,287,.!frame.!entry
demo_session_03,14,1786094265.5773344,move,304,296,.!frame.!entry
demo_session_03,14,1786094265.6273344,move,308,294,.!frame.!entry
demo_session_03,14,1786094265.6773343,move,303,291,.!frame.!entry
demo_session_03,14,1786094265.7273343,move,303,289,.!frame.!entry
demo_session_03,14,1786094265.7773342,move,313,286,.!frame.!entry
demo_session_03,14,1786094265.8273342,move,308,294,.!frame.!entry
demo_session_03,14,1786094265.877334,move,313,287,.!frame.!entry
demo_session_03,14,1786094265.927334,move,311,298,.!frame.!entry
demo_session_03,14,1786094265.977334,move,299,307,.!frame.!entry
demo_session_03,14,1786094266.027334,move,316,305,.!frame.!entry
demo_session_03,14,1786094266.077334,move,316,309,.!frame.!entry
demo_session_03,14,1786094266.1273339,move,320,299,.!frame.!entry
demo_session_03,14,1786094266.1773338,move,306,300,.!frame.!entry
demo_session_03,14,1786094266.2273338,move,311,299,.!frame.!entry
demo_session_03,14,1786094266.2773337,move,320,299,.!frame.!entry
demo_session_03,14,1786094266.3273337,move,314,307,.!frame.!entry
demo_session_03,14,1786094266.3773336,move,322,307,.!frame.!entry
demo_session_03,14,1786094266.4273336,move,317,310,.!frame.!entry
demo_session_03,14,1786094266.4773335,move,312,304,.!frame.!entry
demo_session_03,14,1786094266.5273335,move,316,309,.!frame.!entry
demo_session_03,14,1786094266.5773335,move,315,297,.!frame.!entry
demo_session_03,14,1786094266.6273334,move,321,306,.!frame.!entry
demo_session_03,14,1786094266.6773334,move,335,310,.!frame.!entry
demo_session_03,14,1786094266.7273333,move,327,309,.!frame.!entry
demo_session_03,14,1786094266.7773333,move,319,316,.!frame.!button
demo_session_03,14,1786094266.8273332,move,319,314,.!frame.!button
demo_session_03,14,1786094266.8773332,move,336,296,.!frame.!button
demo_session_03,14,1786094266.927333,move,326,304,.!frame.!button
demo_session_03,14,1786094266.977333,move,334,306,.!frame.!button
demo_session_03,14,1786094267.027333,move,331,318,.!frame.!button
demo_session_03,14,1786094267.077333,move,337,301,.!frame.!button
demo_session_03,14,1786094267.127333,move,332,307,.!frame.!button
demo_session_03,14,1786094267.1773329,move,329,314,.!frame.!button
demo_session_03,14,1786094267.2273328,move,331,306,.!frame.!button
demo_session_03,14,1786094267.2773328,move,338,312,.!frame.!button
demo_session_03,14,1786094267.3273327,move,335,319,.!frame.!button
demo_session_03,14,1786094267.3773327,move,341,307,.!frame.!button
demo_session_03,14,1786094267.4273326,move,340,312,.!frame.!button
demo_session_03,14,1786094267.4773326,move,325,316,.!frame.!button
demo_session_03,14,1786094267.5273325,move,343,323,.!frame.!button
demo_session_03,14,1786094267.5773325,move,336,310,.!frame.!button
demo_session_03,14,1786094267.6273324,move,339,321,.!frame.!button
demo_session_03,14,1786094267.6773324,move,343,312,.!frame.!button
demo_session_03,14,1786094267.7273324,move,347,311,.!frame.!button
demo_session_03,14,1786094267.7773323,move,356,320,.!frame.!button
demo_session_03,14,1786094267.8273323,move,335,324,.!frame.!button
demo_session_03,14,1786094267.8773322,move,347,321,.!frame.!button
demo_session_03,14,1786094267.9273322,move,349,326,.!frame.!button
demo_session_03,14,1786094267.977332,move,352,309,.!frame.!button
demo_session_03,14,1786094268.027332,move,342,324,.!frame.!button
demo_session_03,14,1786094268.077332,move,342,315,.!frame.!button
demo_session_03,14,1786094268.127332,move,352,320,.!frame.!button
demo_session_03,14,1786094268.1929448,click,351,321,.!frame.!button
demo_session_03,15,1786094268.1929448,move,230,232,.!frame.!entry
demo_session_03,15,1786094268.2429447,move,226,238,.!frame.!entry
demo_session_03,15,1786094268.2929447,move,235,243,.!frame.!entry
demo_session_03,15,1786094268.3429446,move,244,235,.!frame.!entry
demo_session_03,15,1786094268.3929446,move,248,236,.!frame.!entry
demo_session_03,15,1786094268.4429445,move,238,243,.!frame.!entry
demo_session_03,15,1786094268.4929445,move,247,249,.!frame.!entry
demo_session_03,15,1786094268.5429444,move,249,246,.!frame.!entry
demo_session_03,15,1786094268.5929444,move,251,247,.!frame.!entry
demo_session_03,15,1786094268.6429443,move,251,250,.!frame.!entry
demo_session_03,15,1786094268.6929443,move,250,248,.!frame.!entry
demo_session_03,15,1786094268.7429442,move,248,242,.!frame.!entry
demo_session_03,15,1786094268.7929442,move,258,248,.!frame.!entry
demo_session_03,15,1786094268.8429441,move,255,239,.!frame.!entry
demo_session_03,15,1786094268.892944,move,244,249,.!frame.!entry
demo_session_03,15,1786094268.942944,move,253,243,.!frame.!entry
demo_session_03,15,1786094268.992944,move,247,262,.!frame.!entry
demo_session_03,15,1786094269.042944,move,250,256,.!frame.!entry
demo_session_03,15,1786094269.092944,move,259,257,.!frame.!entry
demo_session_03,15,1786094269.1429439,move,270,251,.!frame.!entry
demo_session_03,15,1786094269.1929438,move,260,259,.!frame.!entry
demo_session_03,15,1786094269.2429438,move,265,248,.!frame.!entry
demo_session_03,15,1786094269.2929437,move,259,258,.!frame.!entry
demo_session_03,15,1786094269.3429437,move,260,259,.!frame.!entry
demo_session_03,15,1786094269.3929436,move,270,264,.!frame.!entry
demo_session_03,15,1786094269.4429436,move,268,254,.!frame.!entry
demo_session_03,15,1786094269.4929435,move,266,255,.!frame.!entry
demo_session_03,15,1786094269.5429435,move,254,257,.!frame.!entry
demo_session_03,15,1786094269.5929434,move,272,269,.!frame.!entry
demo_session_03,15,1786094269.6429434,move,272,260,.!frame.!entry
demo_session_03,15,1786094269.6929433,move,275,275,.!frame.!entry
demo_session_03,15,1786094269.7429433,move,280,265,.!frame.!entry
demo_session_03,15,1786094269.7929432,move,268,266,.!frame.!entry
demo_session_03,15,1786094269.8429432,move,283,270,.!frame.!entry
demo_session_03,15,1786094269.8929431,move,281,279,.!frame.!entry
demo_session_03,15,1786094269.942943,move,281,255,.!frame.!entry
demo_session_03,15,1786094269.992943,move,279,265,.!frame.!entry
demo_session_03,15,1786094270.042943,move,273,268,.!frame.!entry
demo_session_03,15,1786094270.092943,move,285,272,.!frame.!entry
demo_session_03,15,1786094270.142943,move,278,273,.!frame.!entry
demo_session_03,15,1786094270.1929429,move,273,267,.!frame.!entry
demo_session_03,15,1786094270.2429428,move,286,268,.!frame.!entry
demo_session_03,15,1786094270.2929428,move,285,272,.!frame.!entry
demo_session_03,15,1786094270.3429427,move,298,292,.!frame.!entry
demo_session_03,15,1786094270.3929427,move,294,269,.!frame.!entry
demo_session_03,15,1786094270.4429426,move,293,285,.!frame.!entry
demo_session_03,15,1786094270.4929426,move,284,287,.!frame.!entry
demo_session_03,15,1786094270.5429425,move,289,267,.!frame.!entry
demo_session_03,15,1786094270.5929425,move,288,283,.!frame.!entry
demo_session_03,15,1786094270.6429424,move,294,279,.!frame.!entry
demo_session_03,15,1786094270.6929424,move,301,282,.!frame.!entry
demo_session_03,15,1786094270.7429423,move,301,284,.!frame.!entry
demo_session_03,15,1786094270.7929423,move,288,276,.!frame.!entry
demo_session_03,15,1786094270.8429422,move,305,275,.!frame.!entry
demo_session_03,15,1786094270.8929422,move,309,290,.!frame.!entry
demo_session_03,15,1786094270.9429421,move,304,284,.!frame.!entry
demo_session_03,15,1786094270.992942,move,302,283,.!frame.!entry
demo_session_03,15,1786094271.042942,move,309,290,.!frame.!entry
demo_session_03,15,1786094271.092942,move,309,284,.!frame.!entry
demo_session_03,15,1786094271.142942,move,303,294,.!frame.!entry
demo_session_03,15,1786094271.192942,move,299,279,.!frame.!entry
demo_session_03,15,1786094271.2429419,move,318,298,.!frame.!entry
demo_session_03,15,1786094271.2929418,move,312,288,.!frame.!entry
demo_session_03,15,1786094271.3429418,move,314,278,.!frame.!entry
demo_session_03,15,1786094271.3929417,move,315,289,.!frame.!entry
demo_session_03,15,1786094271.4429417,move,314,302,.!frame.!entry
demo_session_03,15,1786094271.4929416,move,313,285,.!frame.!entry
demo_session_03,15,1786094271.5429416,move,327,303,.!frame.!entry
demo_session_03,15,1786094271.5929415,move,311,297,.!frame.!button
demo_session_03,15,1786094271.6429415,move,320,305,.!frame.!button
demo_session_03,15,1786094271.6929414,move,310,300,.!frame.!button
demo_session_03,15,1786094271.7429414,move,324,293,.!frame.!button
demo_session_03,15,1786094271.7929413,move,323,298,.!frame.!button
demo_session_03,15,1786094271.8429413,move,317,304,.!frame.!button
demo_session_03,15,1786094271.8929412,move,320,301,.!frame.!button
demo_session_03,15,1786094271.9429412,move,322,303,.!frame.!button
demo_session_03,15,1786094271.9929411,move,327,304,.!frame.!button
demo_session_03,15,1786094272.042941,move,334,302,.!frame.!button
demo_session_03,15,1786094272.092941,move,331,310,.!frame.!button
demo_session_03,15,1786094272.142941,move,328,304,.!frame.!button
demo_session_03,15,1786094272.192941,move,337,310,.!frame.!button
demo_session_03,15,1786094272.242941,move,329,300,.!frame.!button
demo_session_03,15,1786094272.2929409,move,335,306,.!frame.!button
demo_session_03,15,1786094272.3429408,move,332,313,.!frame.!button
demo_session_03,15,1786094272.3929408,move,351,308,.!frame.!button
demo_session_03,15,1786094272.4429407,move,338,306,.!frame.!button
demo_session_03,15,1786094272.4929407,move,339,308,.!frame.!button
demo_session_03,15,1786094272.5429406,move,338,307,.!frame.!button
demo_session_03,15,1786094272.5929406,move,334,322,.!frame.!button
demo_session_03,15,1786094272.6429405,move,345,320,.!frame.!button
demo_session_03,15,1786094272.6929405,move,350,324,.!frame.!button
demo_session_03,15,1786094272.7429404,move,352,310,.!frame.!button
demo_session_03,15,1786094272.7929404,move,349,314,.!frame.!button
demo_session_03,15,1786094272.8429403,move,336,310,.!frame.!button
demo_session_03,15,1786094272.8929403,move,348,316,.!frame.!button
demo_session_03,15,1786094272.9429402,move,343,323,.!frame.!button
demo_session_03,15,1786094272.9929402,move,350,322,.!frame.!button
demo_session_03,15,1786094273.0812235,click,352,322,.!frame.!button
demo_session_03,16,1786094273.0812235,move,311,273,.!frame.!entry
demo_session_03,16,1786094273.1312234,move,322,271,.!frame.!entry
demo_session_03,16,1786094273.1812234,move,317,275,.!frame.!entry
demo_session_03,16,1786094273.2312233,move,317,287,.!frame.!entry
demo_session_03,16,1786094273.2812233,move,327,292,.!frame.!entry
demo_session_03,16,1786094273.3312232,move,318,284,.!frame.!entry
demo_session_03,16,1786094273.3812232,move,331,284,.!frame.!entry
demo_session_03,16,1786094273.4312232,move,323,285,.!frame.!entry
demo_session_03,16,1786094273.481223,move,334,280,.!frame.!entry
demo_session_03,16,1786094273.531223,move,319,290,.!frame.!entry
demo_session_03,16,1786094273.581223,move,327,273,.!frame.!entry
demo_session_03,16,1786094273.631223,move,321,289,.!frame.!entry
demo_session_03,16,1786094273.681223,move,315,272,.!frame.!entry
demo_session_03,16,1786094273.7312229,move,315,280,.!frame.!entry
demo_session_03,16,1786094273.7812228,move,316,278,.!frame.!entry
demo_session_03,16,1786094273.8312228,move,330,281,.!frame.!entry
demo_session_03,16,1786094273.8812227,move,334,291,.!frame.!entry
demo_session_03,16,1786094273.9312227,move,323,287,.!frame.!entry
demo_session_03,16,1786094273.9812226,move,331,287,.!frame.!entry
demo_session_03,16,1786094274.0312226,move,334,288,.!frame.!entry
demo_session_03,16,1786094274.0812225,move,320,288,.!frame.!entry
demo_session_03,16,1786094274.1312225,move,334,293,.!frame.!entry
demo_session_03,16,1786094274.1812224,move,328,299,.!frame.!entry
demo_session_03,16,1786094274.2312224,move,334,298,.!frame.!entry
demo_session_03,16,1786094274.2812223,move,327,286,.!frame.!entry
demo_session_03,16,1786094274.3312223,move,314,288,.!frame.!entry
demo_session_03,16,1786094274.3812222,move,327,289,.!frame.!entry
demo_session_03,16,1786094274.4312222,move,335,296,.!frame.!entry
demo_session_03,16,1786094274.4812222,move,320,295,.!frame.!entry
demo_session_03,16,1786094274.531222,move,342,282,.!frame.!entry
demo_session_03,16,1786094274.581222,move,317,287,.!frame.!entry
demo_session_03,16,1786094274.631222,move,336,279,.!frame.!entry
demo_session_03,16,1786094274.681222,move,326,294,.!frame.!entry
demo_session_03,16,1786094274.731222,move,330,292,.!frame.!entry
demo_session_03,16,1786094274.7812219,move,328,290,.!frame.!entry
demo_session_03,16,1786094274.8312218,move,323,300,.!frame.!entry
demo_session_03,16,1786094274.8812218,move,326,292,.!frame.!entry
demo_session_03,16,1786094274.9312217,move,328,302,.!frame.!entry
demo_session_03,16,1786094274.9812217,move,338,286,.!frame.!entry
demo_session_03,16,1786094275.0312216,move,327,285,.!frame.!entry
demo_session_03,16,1786094275.0812216,move,340,305,.!frame.!entry
demo_session_03,16,1786094275.1312215,move,336,297,.!frame.!entry
demo_session_03,16,1786094275.1812215,move,330,304,.!frame.!entry
demo_session_03,16,1786094275.2312214,move,328,295,.!frame.!entry
demo_session_03,16,1786094275.2812214,move,342,277,.!frame.!entry
demo_session_03,16,1786094275.3312213,move,335,307,.!frame.!entry
demo_session_03,16,1786094275.3812213,move,329,296,.!frame.!entry
demo_session_03,16,1786094275.4312212,move,338,303,.!frame.!entry
demo_session_03,16,1786094275.4812212,move,331,293,.!frame.!entry
demo_session_03,16,1786094275.5312212,move,331,306,.!frame.!entry
demo_session_03,16,1786094275.581221,move,326,293,.!frame.!entry
demo_session_03,16,1786094275.631221,move,347,296,.!frame.!entry
demo_session_03,16,1786094275.681221,move,331,307,.!frame.!entry
demo_session_03,16,1786094275.731221,move,330,308,.!frame.!entry
demo_session_03,16,1786094275.781221,move,338,293,.!frame.!entry
demo_session_03,16,1786094275.8312209,move,334,300,.!frame.!entry
demo_session_03,16,1786094275.8812208,move,334,301,.!frame.!entry
demo_session_03,16,1786094275.9312208,move,350,301,.!frame.!entry
demo_session_03,16,1786094275.9812207,move,341,306,.!frame.!entry
demo_session_03,16,1786094276.0312207,move,338,307,.!frame.!entry
demo_session_03,16,1786094276.0812206,move,346,317,.!frame.!entry
demo_session_03,16,1786094276.1312206,move,344,302,.!frame.!entry
demo_session_03,16,1786094276.1812205,move,343,307,.!frame.!entry
demo_session_03,16,1786094276.2312205,move,340,321,.!frame.!button
demo_session_03,16,1786094276.2812204,move,350,310,.!frame.!button
demo_session_03,16,1786094276.3312204,move,336,302,.!frame.!button
demo_session_03,16,1786094276.3812203,move,342,310,.!frame.!button
demo_session_03,16,1786094276.4312203,move,340,306,.!frame.!button
demo_session_03,16,1786094276.4812202,move,338,305,.!frame.!button
demo_session_03,16,1786094276.5312202,move,347,311,.!frame.!button
demo_session_03,16,1786094276.5812201,move,346,310,.!frame.!button
demo_session_03,16,1786094276.63122,move,350,314,.!frame.!button
demo_session_03,16,1786094276.68122,move,350,306,.!frame.!button
demo_session_03,16,1786094276.73122,move,342,310,.!frame.!button
demo_session_03,16,1786094276.78122,move,348,312,.!frame.!button
demo_session_03,16,1786094276.83122,move,343,304,.!frame.!button
demo_session_03,16,1786094276.8812199,move,328,319,.!frame.!button
demo_session_03,16,1786094276.9312198,move,340,324,.!frame.!button
demo_session_03,16,1786094276.9812198,move,345,319,.!frame.!button
demo_session_03,16,1786094277.0312197,move,339,313,.!frame.!button
demo_session_03,16,1786094277.0812197,move,334,313,.!frame.!button
demo_session_03,16,1786094277.1312196,move,348,309,.!frame.!button
demo_session_03,16,1786094277.1812196,move,336,304,.!frame.!button
demo_session_03,16,1786094277.2312195,move,361,316,.!frame.!button
demo_session_03,16,1786094277.2812195,move,347,306,.!frame.!button
demo_session_03,16,1786094277.3312194,move,345,314,.!frame.!button
demo_session_03,16,1786094277.3812194,move,358,312,.!frame.!button
demo_session_03,16,1786094277.4312193,move,348,327,.!frame.!button
demo_session_03,16,1786094277.4812193,move,348,319,.!frame.!button
demo_session_03,16,1786094277.5312192,move,354,328,.!frame.!button
demo_session_03,16,1786094277.5812192,move,358,321,.!frame.!button
demo_session_03,16,1786094277.6385772,click,351,321,.!frame.!button
demo_session_03,17,1786094277.6385772,move,537,342,.!frame.!entry
demo_session_03,17,1786094277.6885772,move,552,332,.!frame.!entry
demo_session_03,17,1786094277.7385771,move,549,335,.!frame.!entry
demo_session_03,17,1786094277.788577,move,546,339,.!frame.!entry
demo_session_03,17,1786094277.838577,move,542,310,.!frame.!entry
demo_session_03,17,1786094277.888577,move,539,328,.!frame.!entry
demo_session_03,17,1786094277.938577,move,531,327,.!frame.!entry
demo_session_03,17,1786094277.988577,move,535,336,.!frame.!entry
demo_session_03,17,1786094278.0385768,move,548,334,.!frame.!entry
demo_session_03,17,1786094278.0885768,move,529,339,.!frame.!entry
demo_session_03,17,1786094278.1385767,move,532,322,.!frame.!entry
demo_session_03,17,1786094278.1885767,move,543,331,.!frame.!entry
demo_session_03,17,1786094278.2385767,move,515,327,.!frame.!entry
demo_session_03,17,1786094278.2885766,move,538,340,.!frame.!entry
demo_session_03,17,1786094278.3385766,move,522,326,.!frame.!entry
demo_session_03,17,1786094278.3885765,move,518,341,.!frame.!entry
demo_session_03,17,1786094278.4385765,move,521,338,.!frame.!entry
demo_session_03,17,1786094278.4885764,move,498,342,.!frame.!entry
demo_session_03,17,1786094278.5385764,move,510,338,.!frame.!entry
demo_session_03,17,1786094278.5885763,move,507,342,.!frame.!entry
demo_session_03,17,1786094278.6385763,move,508,340,.!frame.!entry
demo_session_03,17,1786094278.6885762,move,493,325,.!frame.!entry
demo_session_03,17,1786094278.7385762,move,511,336,.!frame.!entry
demo_session_03,17,1786094278.7885761,move,498,346,.!frame.!entry
demo_session_03,17,1786094278.838576,move,511,332,.!frame.!entry
demo_session_03,17,1786094278.888576,move,501,324,.!frame.!entry
demo_session_03,17,1786094278.938576,move,497,344,.!frame.!entry
demo_session_03,17,1786094278.988576,move,494,339,.!frame.!entry
demo_session_03,17,1786094279.038576,move,481,340,.!frame.!entry
demo_session_03,17,1786094279.0885758,move,499,332,.!frame.!entry
demo_session_03,17,1786094279.1385758,move,492,334,.!frame.!entry
demo_session_03,17,1786094279.1885757,move,486,320,.!frame.!entry
demo_session_03,17,1786094279.2385757,move,486,332,.!frame.!entry
demo_session_03,17,1786094279.2885756,move,487,336,.!frame.!entry
demo_session_03,17,1786094279.3385756,move,482,345,.!frame.!entry
demo_session_03,17,1786094279.3885756,move,461,324,.!frame.!entry
demo_session_03,17,1786094279.4385755,move,491,324,.!frame.!entry
demo_session_03,17,1786094279.4885755,move,473,332,.!frame.!entry
demo_session_03,17,1786094279.5385754,move,466,331,.!frame.!entry
demo_session_03,17,1786094279.5885754,move,489,324,.!frame.!entry
demo_session_03,17,1786094279.6385753,move,469,336,.!frame.!entry
demo_session_03,17,1786094279.6885753,move,465,325,.!frame.!entry
demo_session_03,17,1786094279.7385752,move,472,316,.!frame.!entry
demo_session_03,17,1786094279.7885752,move,463,322,.!frame.!entry
demo_session_03,17,1786094279.8385751,move,462,327,.!frame.!entry
demo_session_03,17,1786094279.888575,move,466,332,.!frame.!entry
demo_session_03,17,1786094279.938575,move,466,322,.!frame.!entry
demo_session_03,17,1786094279.988575,move,458,334,.!frame.!entry
demo_session_03,17,1786094280.038575,move,466,329,.!frame.!entry
demo_session_03,17,1786094280.088575,move,458,331,.!frame.!entry
demo_session_03,17,1786094280.1385748,move,462,318,.!frame.!entry
demo_session_03,17,1786094280.1885748,move,458,333,.!frame.!entry
demo_session_03,17,1786094280.2385747,move,448,321,.!frame.!entry
demo_session_03,17,1786094280.2885747,move,449,326,.!frame.!entry
demo_session_03,17,1786094280.3385746,move,441,324,.!frame.!entry
demo_session_03,17,1786094280.3885746,move,453,318,.!frame.!entry
demo_session_03,17,1786094280.4385746,move,437,318,.!frame.!entry
demo_session_03,17,1786094280.4885745,move,445,325,.!frame.!entry
demo_session_03,17,1786094280.5385745,move,431,326,.!frame.!entry
demo_session_03,17,1786094280.5885744,move,442,335,.!frame.!entry
demo_session_03,17,1786094280.6385744,move,441,325,.!frame.!entry
demo_session_03,17,1786094280.6885743,move,447,319,.!frame.!entry
demo_session_03,17,1786094280.7385743,move,434,326,.!frame.!entry
demo_session_03,17,1786094280.7885742,move,437,321,.!frame.!entry
demo_session_03,17,1786094280.8385742,move,440,327,.!frame.!entry
demo_session_03,17,1786094280.8885741,move,433,328,.!frame.!entry
demo_session_03,17,1786094280.938574,move,438,338,.!frame.!entry
demo_session_03,17,1786094280.988574,move,422,312,.!frame.!entry
demo_session_03,17,1786094281.038574,move,414,325,.!frame.!entry
demo_session_03,17,1786094281.088574,move,417,333,.!frame.!entry
demo_session_03,17,1786094281.138574,move,429,313,.!frame.!entry
demo_session_03,17,1786094281.1885738,move,416,331,.!frame.!entry
demo_session_03,17,1786094281.2385738,move,416,325,.!frame.!entry
demo_session_03,17,1786094281.2885737,move,407,334,.!frame.!entry
demo_session_03,17,1786094281.3385737,move,411,315,.!frame.!entry
demo_session_03,17,1786094281.3885736,move,416,326,.!frame.!button
demo_session_03,17,1786094281.4385736,move,405,329,.!frame.!button
demo_session_03,17,1786094281.4885736,move,405,318,.!frame.!button
demo_session_03,17,1786094281.5385735,move,402,326,.!frame.!button
demo_session_03,17,1786094281.5885735,move,407,320,.!frame.!button
demo_session_03,17,1786094281.6385734,move,404,325,.!frame.!button
demo_session_03,17,1786094281.6885734,move,402,326,.!frame.!button
demo_session_03,17,1786094281.7385733,move,399,325,.!frame.!button
demo_session_03,17,1786094281.7885733,move,385,329,.!frame.!button
demo_session_03,17,1786094281.8385732,move,393,323,.!frame.!button
demo_session_03,17,1786094281.8885732,move,383,318,.!frame.!button
demo_session_03,17,1786094281.9385731,move,384,326,.!frame.!button
demo_session_03,17,1786094281.988573,move,387,321,.!frame.!button
demo_session_03,17,1786094282.038573,move,381,333,.!frame.!button
demo_session_03,17,1786094282.088573,move,381,323,.!frame.!button
demo_session_03,17,1786094282.138573,move,382,324,.!frame.!button
demo_session_03,17,1786094282.188573,move,388,317,.!frame.!button
demo_session_03,17,1786094282.2385728,move,376,320,.!frame.!button
demo_session_03,17,1786094282.2885728,move,368,317,.!frame.!button
demo_session_03,17,1786094282.3385727,move,380,303,.!frame.!button
demo_session_03,17,1786094282.3885727,move,380,317,.!frame.!button
demo_session_03,17,1786094282.4385726,move,375,320,.!frame.!button
demo_session_03,17,1786094282.4885726,move,371,318,.!frame.!button
demo_session_03,17,1786094282.5385725,move,366,329,.!frame.!button
demo_session_03,17,1786094282.5885725,move,364,328,.!frame.!button
demo_session_03,17,1786094282.6385725,move,353,325,.!frame.!button
demo_session_03,17,1786094282.6885724,move,354,315,.!frame.!button
demo_session_03,17,1786094282.7385724,move,360,327,.!frame.!button
demo_session_03,17,1786094282.7885723,move,363,325,.!frame.!button
demo_session_03,17,1786094282.8385723,move,341,315,.!frame.!button
demo_session_03,17,1786094282.8885722,move,357,320,.!frame.!button
demo_session_03,17,1786094282.9385722,move,359,319,.!frame.!button
demo_session_03,17,1786094282.9885721,move,353,318,.!frame.!button
demo_session_03,17,1786094283.0792432,click,348,318,.!frame.!button
demo_session_03,18,1786094283.0792432,move,533,105,.!frame.!entry
demo_session_03,18,1786094283.1292431,move,519,104,.!frame.!entry
demo_session_03,18,1786094283.179243,move,523,114,.!frame.!entry
demo_session_03,18,1786094283.229243,move,521,106,.!frame.!entry
demo_session_03,18,1786094283.279243,move,526,105,.!frame.!entry
demo_session_03,18,1786094283.329243,move,529,116,.!frame.!entry
demo_session_03,18,1786094283.379243,move,495,112,.!frame.!entry
demo_session_03,18,1786094283.4292428,move,516,121,.!frame.!entry
demo_session_03,18,1786094283.4792428,move,510,119,.!frame.!entry
demo_session_03,18,1786094283.5292428,move,513,115,.!frame.!entry
demo_session_03,18,1786094283.5792427,move,505,135,.!frame.!entry
demo_session_03,18,1786094283.6292427,move,514,130,.!frame.!entry
demo_session_03,18,1786094283.6792426,move,504,123,.!frame.!entry
demo_session_03,18,1786094283.7292426,move,500,121,.!frame.!entry
demo_session_03,18,1786094283.7792425,move,511,136,.!frame.!entry
demo_session_03,18,1786094283.8292425,move,498,138,.!frame.!entry
demo_session_03,18,1786094283.8792424,move,494,136,.!frame.!entry
demo_session_03,18,1786094283.9292424,move,489,153,.!frame.!entry
demo_session_03,18,1786094283.9792423,move,493,148,.!frame.!entry
demo_session_03,18,1786094284.0292423,move,487,141,.!frame.!entry
demo_session_03,18,1786094284.0792422,move,494,165,.!frame.!entry
demo_session_03,18,1786094284.1292422,move,488,147,.!frame.!entry
demo_session_03,18,1786094284.1792421,move,475,151,.!frame.!entry
demo_session_03,18,1786094284.229242,move,468,153,.!frame.!entry
demo_session_03,18,1786094284.279242,move,483,144,.!frame.!entry
demo_session_03,18,1786094284.329242,move,482,149,.!frame.!entry
demo_session_03,18,1786094284.379242,move,479,166,.!frame.!entry
demo_session_03,18,1786094284.429242,move,476,167,.!frame.!entry
demo_session_03,18,1786094284.4792418,move,476,163,.!frame.!entry
demo_session_03,18,1786094284.5292418,move,469,168,.!frame.!entry
demo_session_03,18,1786094284.5792418,move,480,170,.!frame.!entry
demo_session_03,18,1786094284.6292417,move,458,173,.!frame.!entry
demo_session_03,18,1786094284.6792417,move,480,168,.!frame.!entry
demo_session_03,18,1786094284.7292416,move,480,178,.!frame.!entry
demo_session_03,18,1786094284.7792416,move,467,180,.!frame.!entry
demo_session_03,18,1786094284.8292415,move,466,174,.!frame.!entry
demo_session_03,18,1786094284.8792415,move,463,182,.!frame.!entry
demo_session_03,18,1786094284.9292414,move,462,179,.!frame.!entry
demo_session_03,18,1786094284.9792414,move,454,178,.!frame.!entry
demo_session_03,18,1786094285.0292413,move,459,182,.!frame.!entry
demo_session_03,18,1786094285.0792413,move,469,195,.!frame.!entry
demo_session_03,18,1786094285.1292412,move,459,207,.!frame.!entry
demo_session_03,18,1786094285.1792412,move,442,195,.!frame.!entry
demo_session_03,18,1786094285.2292411,move,457,208,.!frame.!entry
demo_session_03,18,1786094285.279241,move,440,215,.!frame.!entry
demo_session_03,18,1786094285.329241,move,436,192,.!frame.!entry
demo_session_03,18,1786094285.379241,move,446,186,.!frame.!entry
demo_session_03,18,1786094285.429241,move,441,201,.!frame.!entry
demo_session_03,18,1786094285.479241,move,442,218,.!frame.!entry
demo_session_03,18,1786094285.5292408,move,442,217,.!frame.!entry
demo_session_03,18,1786094285.5792408,move,438,217,.!frame.!entry
demo_session_03,18,1786094285.6292408,move,434,221,.!frame.!entry
demo_session_03,18,1786094285.6792407,move,434,213,.!frame.!entry
demo_session_03,18,1786094285.7292407,move,438,224,.!frame.!entry
demo_session_03,18,1786094285.7792406,move,438,218,.!frame.!entry
demo_session_03,18,1786094285.8292406,move,414,240,.!frame.!entry
demo_session_03,18,1786094285.8792405,move,429,230,.!frame.!entry
demo_session_03,18,1786094285.9292405,move,427,219,.!frame.!entry
demo_session_03,18,1786094285.9792404,move,424,235,.!frame.!entry
demo_session_03,18,1786094286.0292404,move,424,234,.!frame.!entry
demo_session_03,18,1786094286.0792403,move,409,237,.!frame.!entry
demo_session_03,18,1786094286.1292403,move,425,238,.!frame.!entry
demo_session_03,18,1786094286.1792402,move,422,235,.!frame.!entry
demo_session_03,18,1786094286.2292402,move,418,238,.!frame.!entry
demo_session_03,18,1786094286.2792401,move,402,252,.!frame.!entry
demo_session_03,18,1786094286.32924,move,407,245,.!frame.!entry
demo_session_03,18,1786094286.37924,move,396,253,.!frame.!entry
demo_session_03,18,1786094286.42924,move,404,254,.!frame.!entry
demo_session_03,18,1786094286.47924,move,416,249,.!frame.!entry
demo_session_03,18,1786094286.52924,move,393,254,.!frame.!button
demo_session_03,18,1786094286.5792398,move,408,263,.!frame.!button
demo_session_03,18,1786094286.6292398,move,404,255,.!frame.!button
demo_session_03,18,1786094286.6792397,move,393,256,.!frame.!button
demo_session_03,18,1786094286.7292397,move,397,261,.!frame.!button
demo_session_03,18,1786094286.7792397,move,390,266,.!frame.!button
demo_session_03,18,1786094286.8292396,move,380,265,.!frame.!button
demo_session_03,18,1786094286.8792396,move,382,277,.!frame.!button
demo_session_03,18,1786094286.9292395,move,387,275,.!frame.!button
demo_session_03,18,1786094286.9792395,move,400,279,.!frame.!button
demo_session_03,18,1786094287.0292394,move,377,262,.!frame.!button
demo_session_03,18,1786094287.0792394,move,399,280,.!frame.!button
demo_session_03,18,1786094287.1292393,move,395,283,.!frame.!button
demo_session_03,18,1786094287.1792393,move,371,283,.!frame.!button
demo_session_03,18,1786094287.2292392,move,384,286,.!frame.!button
demo_session_03,18,1786094287.2792392,move,371,292,.!frame.!button
demo_session_03,18,1786094287.3292391,move,377,294,.!frame.!button
demo_session_03,18,1786094287.379239,move,374,288,.!frame.!button
demo_session_03,18,1786094287.429239,move,369,298,.!frame.!button
demo_session_03,18,1786094287.479239,move,385,295,.!frame.!button
demo_session_03,18,1786094287.529239,move,371,297,.!frame.!button
demo_session_03,18,1786094287.579239,move,361,306,.!frame.!button
demo_session_03,18,1786094287.6292388,move,369,306,.!frame.!button
demo_session_03,18,1786094287.6792388,move,356,318,.!frame.!button
demo_session_03,18,1786094287.7292387,move,359,303,.!frame.!button
demo_session_03,18,1786094287.7792387,move,361,322,.!frame.!button
demo_session_03,18,1786094287.8292387,move,346,305,.!frame.!button
demo_session_03,18,1786094287.8792386,move,362,312,.!frame.!button
demo_session_03,18,1786094287.9292386,move,366,315,.!frame.!button
demo_session_03,18,1786094287.9792385,move,343,322,.!frame.!button
demo_session_03,18,1786094288.0490365,click,352,322,.!frame.!button
demo_session_03,19,1786094288.0490365,move,161,250,.!frame.!entry
demo_session_03,19,1786094288.0990365,move,181,234,.!frame.!entry
demo_session_03,19,1786094288.1490364,move,183,234,.!frame.!entry
demo_session_03,19,1786094288.1990364,move,173,247,.!frame.!entry
demo_session_03,19,1786094288.2490363,move,173,231,.!frame.!entry
demo_session_03,19,1786094288.2990363,move,194,259,.!frame.!entry
demo_session_03,19,1786094288.3490362,move,172,263,.!frame.!entry
demo_session_03,19,1786094288.3990362,move,182,241,.!frame.!entry
demo_session_03,19,1786094288.4490361,move,174,239,.!frame.!entry
demo_session_03,19,1786094288.499036,move,182,254,.!frame.!entry
demo_session_03,19,1786094288.549036,move,182,254,.!frame.!entry
demo_session_03,19,1786094288.599036,move,186,250,.!frame.!entry
demo_session_03,19,1786094288.649036,move,194,230,.!frame.!entry
demo_session_03,19,1786094288.699036,move,189,260,.!frame.!entry
demo_session_03,19,1786094288.7490358,move,186,258,.!frame.!entry
demo_session_03,19,1786094288.7990358,move,180,242,.!frame.!entry
demo_session_03,19,1786094288.8490357,move,194,260,.!frame.!entry
demo_session_03,19,1786094288.8990357,move,216,245,.!frame.!entry
demo_session_03,19,1786094288.9490356,move,189,263,.!frame.!entry
demo_session_03,19,1786094288.9990356,move,183,253,.!frame.!entry
demo_session_03,19,1786094289.0490355,move,192,257,.!frame.!entry
demo_session_03,19,1786094289.0990355,move,193,261,.!frame.!entry
demo_session_03,19,1786094289.1490355,move,179,262,.!frame.!entry
demo_session_03,19,1786094289.1990354,move,201,262,.!frame.!entry
demo_session_03,19,1786094289.2490354,move,214,247,.!frame.!entry
demo_session_03,19,1786094289.2990353,move,205,247,.!frame.!entry
demo_session_03,19,1786094289.3490353,move,196,252,.!frame.!entry
demo_session_03,19,1786094289.3990352,move,186,243,.!frame.!entry
demo_session_03,19,1786094289.4490352,move,209,261,.!frame.!entry
demo_session_03,19,1786094289.4990351,move,209,263,.!frame.!entry
demo_session_03,19,1786094289.549035,move,211,254,.!frame.!entry
demo_session_03,19,1786094289.599035,move,204,258,.!frame.!entry
demo_session_03,19,1786094289.649035,move,204,257,.!frame.!entry
demo_session_03,19,1786094289.699035,move,207,255,.!frame.!entry
demo_session_03,19,1786094289.749035,move,218,259,.!frame.!entry
demo_session_03,19,1786094289.7990348,move,218,273,.!frame.!entry
demo_session_03,19,1786094289.8490348,move,199,268,.!frame.!entry
demo_session_03,19,1786094289.8990347,move,222,266,.!frame.!entry
demo_session_03,19,1786094289.9490347,move,211,269,.!frame.!entry
demo_session_03,19,1786094289.9990346,move,204,262,.!frame.!entry
demo_session_03,19,1786094290.0490346,move,217,245,.!frame.!entry
demo_session_03,19,1786094290.0990345,move,217,258,.!frame.!entry
demo_session_03,19,1786094290.1490345,move,215,256,.!frame.!entry
demo_session_03,19,1786094290.1990345,move,208,269,.!frame.!entry
demo_session_03,19,1786094290.2490344,move,222,252,.!frame.!entry
demo_session_03,19,1786094290.2990344,move,213,255,.!frame.!entry
demo_session_03,19,1786094290.3490343,move,231,258,.!frame.!entry
demo_session_03,19,1786094290.3990343,move,209,258,.!frame.!entry
demo_session_03,19,1786094290.4490342,move,230,255,.!frame.!entry
demo_session_03,19,1786094290.4990342,move,232,270,.!frame.!entry
demo_session_03,19,1786094290.549034,move,227,264,.!frame.!entry
demo_session_03,19,1786094290.599034,move,233,258,.!frame.!entry
demo_session_03,19,1786094290.649034,move,234,271,.!frame.!entry
demo_session_03,19,1786094290.699034,move,223,279,.!frame.!entry
demo_session_03,19,1786094290.749034,move,233,274,.!frame.!entry
demo_session_03,19,1786094290.7990339,move,228,252,.!frame.!entry
demo_session_03,19,1786094290.8490338,move,218,284,.!frame.!entry
demo_session_03,19,1786094290.8990338,move,242,276,.!frame.!entry
demo_session_03,19,1786094290.9490337,move,233,263,.!frame.!entry
demo_session_03,19,1786094290.9990337,move,230,270,.!frame.!entry
demo_session_03,19,1786094291.0490336,move,235,271,.!frame.!entry
demo_session_03,19,1786094291.0990336,move,247,268,.!frame.!entry
demo_session_03,19,1786094291.1490335,move,232,277,.!frame.!entry
demo_session_03,19,1786094291.1990335,move,239,274,.!frame.!entry
demo_session_03,19,1786094291.2490335,move,233,274,.!frame.!entry
demo_session_03,19,1786094291.2990334,move,248,269,.!frame.!entry
demo_session_03,19,1786094291.3490334,move,247,268,.!frame.!entry
demo_session_03,19,1786094291.3990333,move,248,264,.!frame.!entry
demo_session_03,19,1786094291.4490333,move,244,261,.!frame.!entry
demo_session_03,19,1786094291.4990332,move,253,275,.!frame.!entry
demo_session_03,19,1786094291.5490332,move,243,274,.!frame.!entry
demo_session_03,19,1786094291.599033,move,244,270,.!frame.!entry
demo_session_03,19,1786094291.649033,move,260,265,.!frame.!entry
demo_session_03,19,1786094291.699033,move,249,278,.!frame.!entry
demo_session_03,19,1786094291.749033,move,250,273,.!frame.!entry
demo_session_03,19,1786094291.799033,move,264,284,.!frame.!entry
demo_session_03,19,1786094291.8490329,move,256,273,.!frame.!entry
demo_session_03,19,1786094291.8990328,move,249,283,.!frame.!entry
demo_session_03,19,1786094291.9490328,move,244,280,.!frame.!entry
demo_session_03,19,1786094291.9990327,move,252,272,.!frame.!entry
demo_session_03,19,1786094292.0490327,move,262,276,.!frame.!entry
demo_session_03,19,1786094292.0990326,move,249,282,.!frame.!entry
demo_session_03,19,1786094292.1490326,move,258,281,.!frame.!entry
demo_session_03,19,1786094292.1990325,move,270,278,.!frame.!entry
demo_session_03,19,1786094292.2490325,move,262,266,.!frame.!entry
demo_session_03,19,1786094292.2990324,move,266,294,.!frame.!entry
demo_session_03,19,1786094292.3490324,move,259,285,.!frame.!entry
demo_session_03,19,1786094292.3990324,move,258,289,.!frame.!entry
demo_session_03,19,1786094292.4490323,move,281,287,.!frame.!entry
demo_session_03,19,1786094292.4990323,move,267,281,.!frame.!entry
demo_session_03,19,1786094292.5490322,move,273,288,.!frame.!entry
demo_session_03,19,1786094292.5990322,move,258,275,.!frame.!entry
demo_session_03,19,1786094292.649032,move,259,290,.!frame.!entry
demo_session_03,19,1786094292.699032,move,276,269,.!frame.!entry
demo_session_03,19,1786094292.749032,move,271,297,.!frame.!entry
demo_session_03,19,1786094292.799032,move,274,287,.!frame.!entry
demo_session_03,19,1786094292.849032,move,288,280,.!frame.!entry
demo_session_03,19,1786094292.8990319,move,276,281,.!frame.!entry
demo_session_03,19,1786094292.9490318,move,270,296,.!frame.!entry
demo_session_03,19,1786094292.9990318,move,265,311,.!frame.!entry
demo_session_03,19,1786094293.0490317,move,280,279,.!frame.!entry
demo_session_03,19,1786094293.0990317,move,281,298,.!frame.!entry
demo_session_03,19,1786094293.1490316,move,272,292,.!frame.!entry
demo_session_03,19,1786094293.1990316,move,276,300,.!frame.!entry
demo_session_03,19,1786094293.2490315,move,284,289,.!frame.!entry
demo_session_03,19,1786094293.2990315,move,262,290,.!frame.!entry
demo_session_03,19,1786094293.3490314,move,268,268,.!frame.!entry
demo_session_03,19,1786094293.3990314,move,283,290,.!frame.!entry
demo_session_03,19,1786094293.4490314,move,292,295,.!frame.!entry
demo_session_03,19,1786094293.4990313,move,293,287,.!frame.!entry
demo_session_03,19,1786094293.5490313,move,293,290,.!frame.!entry
demo_session_03,19,1786094293.5990312,move,294,295,.!frame.!entry
demo_session_03,19,1786094293.6490312,move,298,282,.!frame.!entry
demo_session_03,19,1786094293.699031,move,292,285,.!frame.!entry
demo_session_03,19,1786094293.749031,move,295,292,.!frame.!entry
demo_session_03,19,1786094293.799031,move,288,300,.!frame.!entry
demo_session_03,19,1786094293.849031,move,280,310,.!frame.!entry
demo_session_03,19,1786094293.899031,move,311,294,.!frame.!entry
demo_session_03,19,1786094293.9490309,move,287,295,.!frame.!button
demo_session_03,19,1786094293.9990308,move,291,298,.!frame.!button
demo_session_03,19,1786094294.0490308,move,294,298,.!frame.!button
demo_session_03,19,1786094294.0990307,move,293,303,.!frame.!button
demo_session_03,19,1786094294.1490307,move,293,297,.!frame.!button
demo_session_03,19,1786094294.1990306,move,305,301,.!frame.!button
demo_session_03,19,1786094294.2490306,move,293,285,.!frame.!button
demo_session_03,19,1786094294.2990305,move,296,312,.!frame.!button
demo_session_03,19,1786094294.3490305,move,298,297,.!frame.!button
demo_session_03,19,1786094294.3990304,move,311,292,.!frame.!button
demo_session_03,19,1786094294.4490304,move,306,297,.!frame.!button
demo_session_03,19,1786094294.4990304,move,306,291,.!frame.!button
demo_session_03,19,1786094294.5490303,move,318,296,.!frame.!button
demo_session_03,19,1786094294.5990303,move,324,293,.!frame.!button
demo_session_03,19,1786094294.6490302,move,301,307,.!frame.!button
demo_session_03,19,1786094294.6990302,move,313,304,.!frame.!button
demo_session_03,19,1786094294.74903,move,319,304,.!frame.!button
demo_session_03,19,1786094294.79903,move,303,302,.!frame.!button
demo_session_03,19,1786094294.84903,move,319,309,.!frame.!button
demo_session_03,19,1786094294.89903,move,327,303,.!frame.!button
demo_session_03,19,1786094294.94903,move,320,311,.!frame.!button
demo_session_03,19,1786094294.9990299,move,310,313,.!frame.!button
demo_session_03,19,1786094295.0490298,move,327,306,.!frame.!button
demo_session_03,19,1786094295.0990298,move,319,314,.!frame.!button
demo_session_03,19,1786094295.1490297,move,322,302,.!frame.!button
demo_session_03,19,1786094295.1990297,move,339,305,.!frame.!button
demo_session_03,19,1786094295.2490296,move,318,331,.!frame.!button
demo_session_03,19,1786094295.2990296,move,326,321,.!frame.!button
demo_session_03,19,1786094295.3490295,move,330,303,.!frame.!button
demo_session_03,19,1786094295.3990295,move,334,312,.!frame.!button
demo_session_03,19,1786094295.4490294,move,336,307,.!frame.!button
demo_session_03,19,1786094295.4990294,move,314,302,.!frame.!button
demo_session_03,19,1786094295.5490294,move,325,325,.!frame.!button
demo_session_03,19,1786094295.5990293,move,332,317,.!frame.!button
demo_session_03,19,1786094295.6490293,move,328,313,.!frame.!button
demo_session_03,19,1786094295.6990292,move,320,334,.!frame.!button
demo_session_03,19,1786094295.7490292,move,341,312,.!frame.!button
demo_session_03,19,1786094295.799029,move,337,330,.!frame.!button
demo_session_03,19,1786094295.849029,move,337,312,.!frame.!button
demo_session_03,19,1786094295.899029,move,344,300,.!frame.!button
demo_session_03,19,1786094295.949029,move,354,318,.!frame.!button
demo_session_03,19,1786094295.999029,move,332,311,.!frame.!button
demo_session_03,19,1786094296.0490289,move,342,299,.!frame.!button
demo_session_03,19,1786094296.0990288,move,335,318,.!frame.!button
demo_session_03,19,1786094296.1490288,move,347,321,.!frame.!button
demo_session_03,19,1786094296.1990287,move,354,327,.!frame.!button
demo_session_03,19,1786094296.2490287,move,355,319,.!frame.!button
demo_session_03,19,1786094296.2990286,move,347,310,.!frame.!button
demo_session_03,19,1786094296.3490286,move,354,306,.!frame.!button
demo_session_03,19,1786094296.3990285,move,350,322,.!frame.!button
demo_session_03,19,1786094296.4490285,move,359,315,.!frame.!button
demo_session_03,19,1786094296.523663,click,353,323,.!frame.!button
demo_session_03,20,1786094296.523663,move,138,144,.!frame.!entry
demo_session_03,20,1786094296.573663,move,148,148,.!frame.!entry
demo_session_03,20,1786094296.623663,move,138,141,.!frame.!entry
demo_session_03,20,1786094296.673663,move,155,142,.!frame.!entry
demo_session_03,20,1786094296.7236629,move,127,148,.!frame.!entry
demo_session_03,20,1786094296.7736628,move,133,172,.!frame.!entry
demo_session_03,20,1786094296.8236628,move,139,159,.!frame.!entry
demo_session_03,20,1786094296.8736627,move,152,166,.!frame.!entry
demo_session_03,20,1786094296.9236627,move,150,169,.!frame.!entry
demo_session_03,20,1786094296.9736626,move,153,170,.!frame.!entry
demo_session_03,20,1786094297.0236626,move,144,153,.!frame.!entry
demo_session_03,20,1786094297.0736625,move,168,157,.!frame.!entry
demo_session_03,20,1786094297.1236625,move,163,159,.!frame.!entry
demo_session_03,20,1786094297.1736624,move,155,164,.!frame.!entry
demo_session_03,20,1786094297.2236624,move,168,160,.!frame.!entry
demo_session_03,20,1786094297.2736623,move,154,162,.!frame.!entry
demo_session_03,20,1786094297.3236623,move,157,172,.!frame.!entry
demo_session_03,20,1786094297.3736622,move,179,169,.!frame.!entry
demo_session_03,20,1786094297.4236622,move,171,170,.!frame.!entry
demo_session_03,20,1786094297.4736621,move,167,173,.!frame.!entry
demo_session_03,20,1786094297.523662,move,171,176,.!frame.!entry
demo_session_03,20,1786094297.573662,move,168,170,.!frame.!entry
demo_session_03,20,1786094297.623662,move,180,176,.!frame.!entry
demo_session_03,20,1786094297.673662,move,184,178,.!frame.!entry
demo_session_03,20,1786094297.723662,move,175,182,.!frame.!entry
demo_session_03,20,1786094297.7736619,move,182,174,.!frame.!entry
demo_session_03,20,1786094297.8236618,move,183,189,.!frame.!entry
demo_session_03,20,1786094297.8736618,move,180,194,.!frame.!entry
demo_session_03,20,1786094297.9236617,move,186,195,.!frame.!entry
demo_session_03,20,1786094297.9736617,move,200,199,.!frame.!entry
demo_session_03,20,1786094298.0236616,move,192,189,.!frame.!entry
demo_session_03,20,1786094298.0736616,move,197,197,.!frame.!entry
demo_session_03,20,1786094298.1236615,move,200,202,.!frame.!entry
demo_session_03,20,1786094298.1736615,move,203,191,.!frame.!entry
demo_session_03,20,1786094298.2236614,move,200,198,.!frame.!entry
demo_session_03,20,1786094298.2736614,move,196,207,.!frame.!entry
demo_session_03,20,1786094298.3236613,move,198,208,.!frame.!entry
demo_session_03,20,1786094298.3736613,move,213,208,.!frame.!entry
demo_session_03,20,1786094298.4236612,move,209,203,.!frame.!entry
demo_session_03,20,1786094298.4736612,move,202,214,.!frame.!entry
demo_session_03,20,1786094298.5236611,move,208,194,.!frame.!entry
demo_session_03,20,1786094298.573661,move,222,217,.!frame.!entry
demo_session_03,20,1786094298.623661,move,222,217,.!frame.!entry
demo_session_03,20,1786094298.673661,move,223,222,.!frame.!entry
demo_session_03,20,1786094298.723661,move,224,213,.!frame.!entry
demo_session_03,20,1786094298.773661,move,223,224,.!frame.!entry
demo_session_03,20,1786094298.8236609,move,238,222,.!frame.!entry
demo_session_03,20,1786094298.8736608,move,233,223,.!frame.!entry
demo_session_03,20,1786094298.9236608,move,229,225,.!frame.!entry
demo_session_03,20,1786094298.9736607,move,224,215,.!frame.!entry
demo_session_03,20,1786094299.0236607,move,239,221,.!frame.!entry
demo_session_03,20,1786094299.0736606,move,230,234,.!frame.!entry
demo_session_03,20,1786094299.1236606,move,243,229,.!frame.!entry
demo_session_03,20,1786094299.1736605,move,236,227,.!frame.!entry
demo_session_03,20,1786094299.2236605,move,237,234,.!frame.!entry
demo_session_03,20,1786094299.2736604,move,239,231,.!frame.!entry
demo_session_03,20,1786094299.3236604,move,230,244,.!frame.!entry
demo_session_03,20,1786094299.3736603,move,250,246,.!frame.!entry
demo_session_03,20,1786094299.4236603,move,242,231,.!frame.!entry
demo_session_03,20,1786094299.4736602,move,241,248,.!frame.!entry
demo_session_03,20,1786094299.5236602,move,256,253,.!frame.!entry
demo_session_03,20,1786094299.5736601,move,265,232,.!frame.!entry
demo_session_03,20,1786094299.62366,move,267,249,.!frame.!entry
demo_session_03,20,1786094299.67366,move,259,244,.!frame.!entry
demo_session_03,20,1786094299.72366,move,257,259,.!frame.!entry
demo_session_03,20,1786094299.77366,move,266,243,.!frame.!entry
demo_session_03,20,1786094299.82366,move,259,271,.!frame.!entry
demo_session_03,20,1786094299.8736598,move,273,264,.!frame.!entry
demo_session_03,20,1786094299.9236598,move,272,237,.!frame.!entry
demo_session_03,20,1786094299.9736598,move,283,256,.!frame.!entry
demo_session_03,20,1786094300.0236597,move,279,250,.!frame.!entry
demo_session_03,20,1786094300.0736597,move,278,265,.!frame.!entry
demo_session_03,20,1786094300.1236596,move,278,278,.!frame.!entry
demo_session_03,20,1786094300.1736596,move,272,260,.!frame.!entry
demo_session_03,20,1786094300.2236595,move,280,263,.!frame.!entry
demo_session_03,20,1786094300.2736595,move,278,270,.!frame.!button
demo_session_03,20,1786094300.3236594,move,283,289,.!frame.!button
demo_session_03,20,1786094300.3736594,move,292,270,.!frame.!button
demo_session_03,20,1786094300.4236593,move,293,276,.!frame.!button
demo_session_03,20,1786094300.4736593,move,300,266,.!frame.!button
demo_session_03,20,1786094300.5236592,move,298,254,.!frame.!button
demo_session_03,20,1786094300.5736592,move,293,264,.!frame.!button
demo_session_03,20,1786094300.6236591,move,306,268,.!frame.!button
demo_session_03,20,1786094300.673659,move,293,289,.!frame.!button
demo_session_03,20,1786094300.723659,move,315,286,.!frame.!button
demo_session_03,20,1786094300.773659,move,299,279,.!frame.!button
demo_session_03,20,1786094300.823659,move,301,301,.!frame.!button
demo_session_03,20,1786094300.873659,move,299,289,.!frame.!button
demo_session_03,20,1786094300.9236588,move,322,293,.!frame.!button
demo_session_03,20,1786094300.9736588,move,313,290,.!frame.!button
demo_session_03,20,1786094301.0236588,move,308,287,.!frame.!button
demo_session_03,20,1786094301.0736587,move,329,287,.!frame.!button
demo_session_03,20,1786094301.1236587,move,331,301,.!frame.!button
demo_session_03,20,1786094301.1736586,move,329,303,.!frame.!button
demo_session_03,20,1786094301.2236586,move,316,294,.!frame.!button
demo_session_03,20,1786094301.2736585,move,326,307,.!frame.!button
demo_session_03,20,1786094301.3236585,move,331,298,.!frame.!button
demo_session_03,20,1786094301.3736584,move,334,304,.!frame.!button
demo_session_03,20,1786094301.4236584,move,331,299,.!frame.!button
demo_session_03,20,1786094301.4736583,move,339,300,.!frame.!button
demo_session_03,20,1786094301.5236583,move,335,313,.!frame.!button
demo_session_03,20,1786094301.5736582,move,316,312,.!frame.!button
demo_session_03,20,1786094301.6236582,move,339,318,.!frame.!button
demo_session_03,20,1786094301.6736581,move,340,331,.!frame.!button
demo_session_03,20,1786094301.723658,move,350,307,.!frame.!button
demo_session_03,20,1786094301.773658,move,351,319,.!frame.!button
demo_session_03,20,1786094301.823658,move,355,316,.!frame.!button
demo_session_03,20,1786094301.873658,move,352,318,.!frame.!button
demo_session_03,20,1786094301.9408329,click,345,315,.!frame.!button
demo_session_03,21,1786094301.9408329,move,492,102,.!frame.!entry
demo_session_03,21,1786094301.9908328,move,490,106,.!frame.!entry
demo_session_03,21,1786094302.0408328,move,477,112,.!frame.!entry
demo_session_03,21,1786094302.0908327,move,481,104,.!frame.!entry
demo_session_03,21,1786094302.1408327,move,490,122,.!frame.!entry
demo_session_03,21,1786094302.1908326,move,478,116,.!frame.!entry
demo_session_03,21,1786094302.2408326,move,476,117,.!frame.!entry
demo_session_03,21,1786094302.2908325,move,483,124,.!frame.!entry
demo_session_03,21,1786094302.3408325,move,469,139,.!frame.!entry
demo_session_03,21,1786094302.3908324,move,468,112,.!frame.!entry
demo_session_03,21,1786094302.4408324,move,471,135,.!frame.!entry
demo_session_03,21,1786094302.4908323,move,475,131,.!frame.!entry
demo_session_03,21,1786094302.5408323,move,467,147,.!frame.!entry
demo_session_03,21,1786094302.5908322,move,476,148,.!frame.!entry
demo_session_03,21,1786094302.6408322,move,478,152,.!frame.!entry
demo_session_03,21,1786094302.6908321,move,453,150,.!frame.!entry
demo_session_03,21,1786094302.740832,move,463,139,.!frame.!entry
demo_session_03,21,1786094302.790832,move,479,144,.!frame.!entry
demo_session_03,21,1786094302.840832,move,451,151,.!frame.!entry
demo_session_03,21,1786094302.890832,move,449,155,.!frame.!entry
demo_session_03,21,1786094302.940832,move,457,151,.!frame.!entry
demo_session_03,21,1786094302.9908319,move,461,154,.!frame.!entry
demo_session_03,21,1786094303.0408318,move,466,162,.!frame.!entry
demo_session_03,21,1786094303.0908318,move,463,162,.!frame.!entry
demo_session_03,21,1786094303.1408317,move,456,165,.!frame.!entry
demo_session_03,21,1786094303.1908317,move,458,152,.!frame.!entry
demo_session_03,21,1786094303.2408316,move,440,160,.!frame.!entry
demo_session_03,21,1786094303.2908316,move,451,170,.!frame.!entry
demo_session_03,21,1786094303.3408315,move,452,169,.!frame.!entry
demo_session_03,21,1786094303.3908315,move,449,175,.!frame.!entry
demo_session_03,21,1786094303.4408314,move,447,180,.!frame.!entry
demo_session_03,21,1786094303.4908314,move,447,162,.!frame.!entry
demo_session_03,21,1786094303.5408313,move,463,174,.!frame.!entry
demo_session_03,21,1786094303.5908313,move,441,174,.!frame.!entry
demo_session_03,21,1786094303.6408312,move,440,167,.!frame.!entry
demo_session_03,21,1786094303.6908312,move,445,200,.!frame.!entry
demo_session_03,21,1786094303.7408311,move,432,193,.!frame.!entry
demo_session_03,21,1786094303.790831,move,434,193,.!frame.!entry
demo_session_03,21,1786094303.840831,move,436,194,.!frame.!entry
demo_session_03,21,1786094303.890831,move,443,189,.!frame.!entry
demo_session_03,21,1786094303.940831,move,437,188,.!frame.!entry
demo_session_03,21,1786094303.990831,move,427,187,.!frame.!entry
demo_session_03,21,1786094304.0408309,move,438,206,.!frame.!entry
demo_session_03,21,1786094304.0908308,move,434,205,.!frame.!entry
demo_session_03,21,1786094304.1408308,move,429,205,.!frame.!entry
demo_session_03,21,1786094304.1908307,move,427,199,.!frame.!entry
demo_session_03,21,1786094304.2408307,move,423,219,.!frame.!entry
demo_session_03,21,1786094304.2908306,move,404,207,.!frame.!entry
demo_session_03,21,1786094304.3408306,move,407,199,.!frame.!entry
demo_session_03,21,1786094304.3908305,move,416,221,.!frame.!entry
demo_session_03,21,1786094304.4408305,move,428,212,.!frame.!entry
demo_session_03,21,1786094304.4908304,move,412,228,.!frame.!entry
demo_session_03,21,1786094304.5408304,move,421,212,.!frame.!entry
demo_session_03,21,1786094304.5908303,move,422,213,.!frame.!entry
demo_session_03,21,1786094304.6408303,move,421,222,.!frame.!entry
demo_session_03,21,1786094304.6908302,move,409,220,.!frame.!entry
demo_session_03,21,1786094304.7408302,move,410,235,.!frame.!entry
demo_session_03,21,1786094304.7908301,move,404,229,.!frame.!entry
demo_session_03,21,1786094304.84083,move,415,227,.!frame.!entry
demo_session_03,21,1786094304.89083,move,404,232,.!frame.!entry
demo_session_03,21,1786094304.94083,move,408,234,.!frame.!entry
demo_session_03,21,1786094304.99083,move,405,239,.!frame.!entry
demo_session_03,21,1786094305.04083,move,414,237,.!frame.!entry
demo_session_03,21,1786094305.0908298,move,404,249,.!frame.!entry
demo_session_03,21,1786094305.1408298,move,403,259,.!frame.!entry
demo_session_03,21,1786094305.1908298,move,381,243,.!frame.!entry
demo_session_03,21,1786094305.2408297,move,396,252,.!frame.!entry
demo_session_03,21,1786094305.2908297,move,391,249,.!frame.!entry
demo_session_03,21,1786094305.3408296,move,390,250,.!frame.!entry
demo_session_03,21,1786094305.3908296,move,391,254,.!frame.!entry
demo_session_03,21,1786094305.4408295,move,394,248,.!frame.!entry
demo_session_03,21,1786094305.4908295,move,401,256,.!frame.!entry
demo_session_03,21,1786094305.5408294,move,379,274,.!frame.!button
demo_session_03,21,1786094305.5908294,move,389,259,.!frame.!button
demo_session_03,21,1786094305.6408293,move,377,266,.!frame.!button
demo_session_03,21,1786094305.6908293,move,393,262,.!frame.!button
demo_session_03,21,1786094305.7408292,move,366,266,.!frame.!button
demo_session_03,21,1786094305.7908292,move,383,268,.!frame.!button
demo_session_03,21,1786094305.8408291,move,381,277,.!frame.!button
demo_session_03,21,1786094305.890829,move,383,277,.!frame.!button
demo_session_03,21,1786094305.940829,move,376,273,.!frame.!button
demo_session_03,21,1786094305.990829,move,373,281,.!frame.!button
demo_session_03,21,1786094306.040829,move,370,285,.!frame.!button
demo_session_03,21,1786094306.090829,move,365,274,.!frame.!button
demo_session_03,21,1786094306.1408288,move,369,279,.!frame.!button
demo_session_03,21,1786094306.1908288,move,377,277,.!frame.!button
demo_session_03,21,1786094306.2408288,move,373,294,.!frame.!button
demo_session_03,21,1786094306.2908287,move,367,288,.!frame.!button
demo_session_03,21,1786094306.3408287,move,379,301,.!frame.!button
demo_session_03,21,1786094306.3908286,move,371,299,.!frame.!button
demo_session_03,21,1786094306.4408286,move,377,293,.!frame.!button
demo_session_03,21,1786094306.4908285,move,359,308,.!frame.!button
demo_session_03,21,1786094306.5408285,move,361,299,.!frame.!button
demo_session_03,21,1786094306.5908284,move,360,292,.!frame.!button
demo_session_03,21,1786094306.6408284,move,364,314,.!frame.!button
demo_session_03,21,1786094306.6908283,move,360,324,.!frame.!button
demo_session_03,21,1786094306.7408283,move,345,300,.!frame.!button
demo_session_03,21,1786094306.7908282,move,363,309,.!frame.!button
demo_session_03,21,1786094306.8408282,move,357,304,.!frame.!button
demo_session_03,21,1786094306.8908281,move,370,306,.!frame.!button
demo_session_03,21,1786094306.940828,move,351,323,.!frame.!button
demo_session_03,21,1786094306.990828,move,346,309,.!frame.!button
demo_session_03,21,1786094307.040828,move,345,326,.!frame.!button
demo_session_03,21,1786094307.1357512,click,344,314,.!frame.!button
demo_session_03,22,1786094327.0714395,move,599,318,.!frame.!entry
demo_session_03,22,1786094327.1214395,move,603,300,.!frame.!entry
demo_session_03,22,1786094327.1714394,move,592,308,.!frame.!entry
demo_session_03,22,1786094327.2214394,move,588,317,.!frame.!entry
demo_session_03,22,1786094327.2714393,move,588,318,.!frame.!entry
demo_session_03,22,1786094327.3214393,move,578,311,.!frame.!entry
demo_session_03,22,1786094327.3714392,move,587,310,.!frame.!entry
demo_session_03,22,1786094327.4214392,move,581,311,.!frame.!entry
demo_session_03,22,1786094327.4714391,move,566,291,.!frame.!entry
demo_session_03,22,1786094327.521439,move,589,313,.!frame.!entry
demo_session_03,22,1786094327.571439,move,592,318,.!frame.!entry
demo_session_03,22,1786094327.621439,move,569,312,.!frame.!entry
demo_session_03,22,1786094327.671439,move,555,323,.!frame.!entry
demo_session_03,22,1786094327.721439,move,579,317,.!frame.!entry
demo_session_03,22,1786094327.7714388,move,562,304,.!frame.!entry
demo_session_03,22,1786094327.8214388,move,576,306,.!frame.!entry
demo_session_03,22,1786094327.8714387,move,552,323,.!frame.!entry
demo_session_03,22,1786094327.9214387,move,575,317,.!frame.!entry
demo_session_03,22,1786094327.9714386,move,565,316,.!frame.!entry
demo_session_03,22,1786094328.0214386,move,566,304,.!frame.!entry
demo_session_03,22,1786094328.0714386,move,569,313,.!frame.!entry
demo_session_03,22,1786094328.1214385,move,570,305,.!frame.!entry
demo_session_03,22,1786094328.1714385,move,551,301,.!frame.!entry
demo_session_03,22,1786094328.2214384,move,564,327,.!frame.!entry
demo_session_03,22,1786094328.2714384,move,575,314,.!frame.!entry
demo_session_03,22,1786094328.3214383,move,541,310,.!frame.!entry
demo_session_03,22,1786094328.3714383,move,554,314,.!frame.!entry
demo_session_03,22,1786094328.4214382,move,555,320,.!frame.!entry
demo_session_03,22,1786094328.4714382,move,543,318,.!frame.!entry
demo_session_03,22,1786094328.5214381,move,552,306,.!frame.!entry
demo_session_03,22,1786094328.571438,move,540,318,.!frame.!entry
demo_session_03,22,1786094328.621438,move,533,301,.!frame.!entry
demo_session_03,22,1786094328.671438,move,531,326,.!frame.!entry
demo_session_03,22,1786094328.721438,move,535,316,.!frame.!entry
demo_session_03,22,1786094328.771438,move,542,322,.!frame.!entry
demo_session_03,22,1786094328.8214378,move,541,313,.!frame.!entry
demo_session_03,22,1786094328.8714378,move,549,307,.!frame.!entry
demo_session_03,22,1786094328.9214377,move,517,314,.!frame.!entry
demo_session_03,22,1786094328.9714377,move,534,301,.!frame.!entry
demo_session_03,22,1786094329.0214376,move,530,307,.!frame.!entry
demo_session_03,22,1786094329.0714376,move,530,307,.!frame.!entry
demo_session_03,22,1786094329.1214375,move,530,326,.!frame.!entry
demo_session_03,22,1786094329.1714375,move,515,324,.!frame.!entry
demo_session_03,22,1786094329.2214375,move,513,313,.!frame.!entry
demo_session_03,22,1786094329.2714374,move,509,316,.!frame.!entry
demo_session_03,22,1786094329.3214374,move,505,337,.!frame.!entry
demo_session_03,22,1786094329.3714373,move,494,326,.!frame.!entry
demo_session_03,22,1786094329.4214373,move,512,308,.!frame.!entry
demo_session_03,22,1786094329.4714372,move,507,305,.!frame.!entry
demo_session_03,22,1786094329.5214372,move,512,310,.!frame.!entry
demo_session_03,22,1786094329.5714371,move,509,323,.!frame.!entry
demo_session_03,22,1786094329.621437,move,509,326,.!frame.!entry
demo_session_03,22,1786094329.671437,move,500,317,.!frame.!entry
demo_session_03,22,1786094329.721437,move,499,314,.!frame.!entry
demo_session_03,22,1786094329.771437,move,498,310,.!frame.!entry
demo_session_03,22,1786094329.821437,move,508,311,.!frame.!entry
demo_session_03,22,1786094329.8714368,move,494,317,.!frame.!entry
demo_session_03,22,1786094329.9214368,move,485,309,.!frame.!entry
demo_session_03,22,1786094329.9714367,move,485,316,.!frame.!entry
demo_session_03,22,1786094330.0214367,move,487,315,.!frame.!entry
demo_session_03,22,1786094330.0714366,move,498,316,.!frame.!entry
demo_session_03,22,1786094330.1214366,move,488,311,.!frame.!entry
demo_session_03,22,1786094330.1714365,move,484,311,.!frame.!entry
demo_session_03,22,1786094330.2214365,move,480,324,.!frame.!entry
demo_session_03,22,1786094330.2714365,move,474,314,.!frame.!entry
demo_session_03,22,1786094330.3214364,move,471,311,.!frame.!entry
demo_session_03,22,1786094330.3714364,move,489,321,.!frame.!entry
demo_session_03,22,1786094330.4214363,move,488,322,.!frame.!entry
demo_session_03,22,1786094330.4714363,move,455,320,.!frame.!entry
demo_session_03,22,1786094330.5214362,move,470,319,.!frame.!entry
demo_session_03,22,1786094330.5714362,move,464,310,.!frame.!entry
demo_session_03,22,1786094330.621436,move,461,319,.!frame.!entry
demo_session_03,22,1786094330.671436,move,468,319,.!frame.!entry
demo_session_03,22,1786094330.721436,move,457,315,.!frame.!entry
demo_session_03,22,1786094330.771436,move,463,314,.!frame.!entry
demo_session_03,22,1786094330.821436,move,470,301,.!frame.!entry
demo_session_03,22,1786094330.8714359,move,457,322,.!frame.!entry
demo_session_03,22,1786094330.9214358,move,439,327,.!frame.!entry
demo_session_03,22,1786094330.9714358,move,443,326,.!frame.!entry
demo_session_03,22,1786094331.0214357,move,457,314,.!frame.!entry
demo_session_03,22,1786094331.0714357,move,444,324,.!frame.!entry
demo_session_03,22,1786094331.1214356,move,446,318,.!frame.!entry
demo_session_03,22,1786094331.1714356,move,452,320,.!frame.!entry
demo_session_03,22,1786094331.2214355,move,436,328,.!frame.!entry
demo_session_03,22,1786094331.2714355,move,452,310,.!frame.!entry
demo_session_03,22,1786094331.3214355,move,443,318,.!frame.!entry
demo_session_03,22,1786094331.3714354,move,451,324,.!frame.!entry
demo_session_03,22,1786094331.4214354,move,435,326,.!frame.!entry
demo_session_03,22,1786094331.4714353,move,421,312,.!frame.!entry
demo_session_03,22,1786094331.5214353,move,417,320,.!frame.!entry
demo_session_03,22,1786094331.5714352,move,439,313,.!frame.!entry
demo_session_03,22,1786094331.6214352,move,435,314,.!frame.!entry
demo_session_03,22,1786094331.671435,move,418,313,.!frame.!entry
demo_session_03,22,1786094331.721435,move,428,321,.!frame.!entry
demo_session_03,22,1786094331.771435,move,420,327,.!frame.!entry
demo_session_03,22,1786094331.821435,move,438,325,.!frame.!entry
demo_session_03,22,1786094331.871435,move,428,308,.!frame.!button
demo_session_03,22,1786094331.9214349,move,414,306,.!frame.!button
demo_session_03,22,1786094331.9714348,move,416,327,.!frame.!button
demo_session_03,22,1786094332.0214348,move,417,327,.!frame.!button
demo_session_03,22,1786094332.0714347,move,416,323,.!frame.!button
demo_session_03,22,1786094332.1214347,move,407,320,.!frame.!button
demo_session_03,22,1786094332.1714346,move,405,321,.!frame.!button
demo_session_03,22,1786094332.2214346,move,395,323,.!frame.!button
demo_session_03,22,1786094332.2714345,move,403,321,.!frame.!button
demo_session_03,22,1786094332.3214345,move,409,324,.!frame.!button
demo_session_03,22,1786094332.3714345,move,405,322,.!frame.!button
demo_session_03,22,1786094332.4214344,move,397,322,.!frame.!button
demo_session_03,22,1786094332.4714344,move,393,302,.!frame.!button
demo_session_03,22,1786094332.5214343,move,412,306,.!frame.!button
demo_session_03,22,1786094332.5714343,move,387,310,.!frame.!button
demo_session_03,22,1786094332.6214342,move,410,323,.!frame.!button
demo_session_03,22,1786094332.6714342,move,386,324,.!frame.!button
demo_session_03,22,1786094332.721434,move,397,318,.!frame.!button
demo_session_03,22,1786094332.771434,move,391,308,.!frame.!button
demo_session_03,22,1786094332.821434,move,396,322,.!frame.!button
demo_session_03,22,1786094332.871434,move,407,313,.!frame.!button
demo_session_03,22,1786094332.921434,move,375,319,.!frame.!button
demo_session_03,22,1786094332.9714339,move,392,324,.!frame.!button
demo_session_03,22,1786094333.0214338,move,375,325,.!frame.!button
demo_session_03,22,1786094333.0714338,move,378,317,.!frame.!button
demo_session_03,22,1786094333.1214337,move,374,322,.!frame.!button
demo_session_03,22,1786094333.1714337,move,378,325,.!frame.!button
demo_session_03,22,1786094333.2214336,move,371,324,.!frame.!button
demo_session_03,22,1786094333.2714336,move,373,322,.!frame.!button
demo_session_03,22,1786094333.3214335,move,362,326,.!frame.!button
demo_session_03,22,1786094333.3714335,move,366,338,.!frame.!button
demo_session_03,22,1786094333.4214334,move,372,330,.!frame.!button
demo_session_03,22,1786094333.4714334,move,367,317,.!frame.!button
demo_session_03,22,1786094333.5214334,move,373,310,.!frame.!button
demo_session_03,22,1786094333.5714333,move,367,315,.!frame.!button
demo_session_03,22,1786094333.6214333,move,358,323,.!frame.!button
demo_session_03,22,1786094333.6714332,move,350,324,.!frame.!button
demo_session_03,22,1786094333.7214332,move,362,330,.!frame.!button
demo_session_03,22,1786094333.771433,move,344,311,.!frame.!button
demo_session_03,22,1786094333.821433,move,343,312,.!frame.!button
demo_session_03,22,1786094333.871433,move,358,320,.!frame.!button
demo_session_03,22,1786094333.9229054,click,345,315,.!frame.!button
demo_session_03,23,1786094333.9229054,move,577,234,.!frame.!entry
demo_session_03,23,1786094333.9729054,move,580,235,.!frame.!entry
demo_session_03,23,1786094334.0229053,move,571,242,.!frame.!entry
demo_session_03,23,1786094334.0729053,move,560,230,.!frame.!entry
demo_session_03,23,1786094334.1229053,move,542,245,.!frame.!entry
demo_session_03,23,1786094334.1729052,move,562,245,.!frame.!entry
demo_session_03,23,1786094334.2229052,move,557,250,.!frame.!entry
demo_session_03,23,1786094334.272905,move,565,234,.!frame.!entry
demo_session_03,23,1786094334.322905,move,572,233,.!frame.!entry
demo_session_03,23,1786094334.372905,move,552,231,.!frame.!entry
demo_session_03,23,1786094334.422905,move,547,246,.!frame.!entry
demo_session_03,23,1786094334.472905,move,539,251,.!frame.!entry
demo_session_03,23,1786094334.5229049,move,538,254,.!frame.!entry
demo_session_03,23,1786094334.5729048,move,560,239,.!frame.!entry
demo_session_03,23,1786094334.6229048,move,537,254,.!frame.!entry
demo_session_03,23,1786094334.6729047,move,540,251,.!frame.!entry
demo_session_03,23,1786094334.7229047,move,540,249,.!frame.!entry
demo_session_03,23,1786094334.7729046,move,540,236,.!frame.!entry
demo_session_03,23,1786094334.8229046,move,533,239,.!frame.!entry
demo_session_03,23,1786094334.8729045,move,539,258,.!frame.!entry
demo_session_03,23,1786094334.9229045,move,536,244,.!frame.!entry
demo_session_03,23,1786094334.9729044,move,534,255,.!frame.!entry
demo_session_03,23,1786094335.0229044,move,539,269,.!frame.!entry
demo_session_03,23,1786094335.0729043,move,525,247,.!frame.!entry
demo_session_03,23,1786094335.1229043,move,527,249,.!frame.!entry
demo_session_03,23,1786094335.1729043,move,513,247,.!frame.!entry
demo_session_03,23,1786094335.2229042,move,515,259,.!frame.!entry
demo_session_03,23,1786094335.2729042,move,510,248,.!frame.!entry
demo_session_03,23,1786094335.322904,move,514,271,.!frame.!entry
demo_session_03,23,1786094335.372904,move,518,247,.!frame.!entry
demo_session_03,23,1786094335.422904,move,515,255,.!frame.!entry
demo_session_03,23,1786094335.472904,move,505,257,.!frame.!entry
demo_session_03,23,1786094335.522904,move,512,255,.!frame.!entry
demo_session_03,23,1786094335.5729039,move,508,272,.!frame.!entry
demo_session_03,23,1786094335.6229038,move,509,250,.!frame.!entry
demo_session_03,23,1786094335.6729038,move,499,267,.!frame.!entry
demo_session_03,23,1786094335.7229037,move,493,265,.!frame.!entry
demo_session_03,23,1786094335.7729037,move,492,259,.!frame.!entry
demo_session_03,23,1786094335.8229036,move,486,257,.!frame.!entry
demo_session_03,23,1786094335.8729036,move,500,264,.!frame.!entry
demo_session_03,23,1786094335.9229035,move,502,276,.!frame.!entry
demo_session_03,23,1786094335.9729035,move,493,276,.!frame.!entry
demo_session_03,23,1786094336.0229034,move,498,283,.!frame.!entry
demo_session_03,23,1786094336.0729034,move,496,256,.!frame.!entry
demo_session_03,23,1786094336.1229033,move,496,268,.!frame.!entry
demo_session_03,23,1786094336.1729033,move,475,276,.!frame.!entry
demo_session_03,23,1786094336.2229033,move,484,275,.!frame.!entry
demo_session_03,23,1786094336.2729032,move,483,281,.!frame.!entry
demo_session_03,23,1786094336.3229032,move,482,270,.!frame.!entry
demo_session_03,23,1786094336.372903,move,476,273,.!frame.!entry
demo_session_03,23,1786094336.422903,move,477,276,.!frame.!entry
demo_session_03,23,1786094336.472903,move,465,279,.!frame.!entry
demo_session_03,23,1786094336.522903,move,462,268,.!frame.!entry
demo_session_03,23,1786094336.572903,move,470,265,.!frame.!entry
demo_session_03,23,1786094336.6229029,move,460,280,.!frame.!entry
demo_session_03,23,1786094336.6729028,move,464,276,.!frame.!entry
demo_session_03,23,1786094336.7229028,move,470,277,.!frame.!entry
demo_session_03,23,1786094336.7729027,move,474,277,.!frame.!entry
demo_session_03,23,1786094336.8229027,move,458,281,.!frame.!entry
demo_session_03,23,1786094336.8729026,move,448,285,.!frame.!entry
demo_session_03,23,1786094336.9229026,move,446,280,.!frame.!entry
demo_session_03,23,1786094336.9729025,move,450,290,.!frame.!entry
demo_session_03,23,1786094337.0229025,move,452,275,.!frame.!entry
demo_session_03,23,1786094337.0729024,move,439,284,.!frame.!entry
demo_session_03,23,1786094337.1229024,move,444,290,.!frame.!entry
demo_session_03,23,1786094337.1729023,move,440,288,.!frame.!entry
demo_session_03,23,1786094337.2229023,move,437,281,.!frame.!entry
demo_session_03,23,1786094337.2729023,move,439,287,.!frame.!entry
demo_session_03,23,1786094337.3229022,move,427,278,.!frame.!entry
demo_session_03,23,1786094337.3729022,move,446,280,.!frame.!entry
demo_session_03,23,1786094337.422902,move,435,290,.!frame.!entry
demo_session_03,23,1786094337.472902,move,420,289,.!frame.!entry
demo_session_03,23,1786094337.522902,move,427,290,.!frame.!entry
demo_session_03,23,1786094337.572902,move,428,285,.!frame.!entry
demo_session_03,23,1786094337.622902,move,424,289,.!frame.!entry
demo_session_03,23,1786094337.6729019,move,429,291,.!frame.!entry
demo_session_03,23,1786094337.7229018,move,419,285,.!frame.!entry
demo_session_03,23,1786094337.7729018,move,427,297,.!frame.!entry
demo_session_03,23,1786094337.8229017,move,414,290,.!frame.!entry
demo_session_03,23,1786094337.8729017,move,422,295,.!frame.!entry
demo_session_03,23,1786094337.9229016,move,420,297,.!frame.!button
demo_session_03,23,1786094337.9729016,move,407,290,.!frame.!button
demo_session_03,23,1786094338.0229015,move,418,297,.!frame.!button
demo_session_03,23,1786094338.0729015,move,404,300,.!frame.!button
demo_session_03,23,1786094338.1229014,move,400,309,.!frame.!button
demo_session_03,23,1786094338.1729014,move,404,300,.!frame.!button
demo_session_03,23,1786094338.2229013,move,396,310,.!frame.!button
demo_session_03,23,1786094338.2729013,move,407,302,.!frame.!button
demo_session_03,23,1786094338.3229012,move,394,305,.!frame.!button
demo_session_03,23,1786094338.3729012,move,393,293,.!frame.!button
demo_session_03,23,1786094338.4229012,move,393,305,.!frame.!button
demo_session_03,23,1786094338.472901,move,406,306,.!frame.!button
demo_session_03,23,1786094338.522901,move,387,302,.!frame.!button
demo_session_03,23,1786094338.572901,move,377,310,.!frame.!button
demo_session_03,23,1786094338.622901,move,389,313,.!frame.!button
demo_session_03,23,1786094338.672901,move,392,311,.!frame.!button
demo_session_03,23,1786094338.7229009,move,374,300,.!frame.!button
demo_session_03,23,1786094338.7729008,move,385,313,.!frame.!button
demo_session_03,23,1786094338.8229008,move,365,339,.!frame.!button
demo_session_03,23,1786094338.8729007,move,370,294,.!frame.!button
demo_session_03,23,1786094338.9229007,move,373,309,.!frame.!button
demo_session_03,23,1786094338.9729006,move,375,311,.!frame.!button
demo_session_03,23,1786094339.0229006,move,378,306,.!frame.!button
demo_session_03,23,1786094339.0729005,move,371,320,.!frame.!button
demo_session_03,23,1786094339.1229005,move,372,316,.!frame.!button
demo_session_03,23,1786094339.1729004,move,377,309,.!frame.!button
demo_session_03,23,1786094339.2229004,move,353,317,.!frame.!button
demo_session_03,23,1786094339.2729003,move,380,302,.!frame.!button
demo_session_03,23,1786094339.3229003,move,351,311,.!frame.!button
demo_session_03,23,1786094339.3729002,move,356,314,.!frame.!button
demo_session_03,23,1786094339.4229002,move,359,315,.!frame.!button
demo_session_03,23,1786094339.4729002,move,360,314,.!frame.!button
demo_session_03,23,1786094339.5229,move,348,322,.!frame.!button
demo_session_03,23,1786094339.5729,move,346,331,.!frame.!button
demo_session_03,23,1786094339.6354942,click,349,319,.!frame.!button
demo_session_03,24,1786094339.6354942,move,94,311,.!frame.!entry
demo_session_03,24,1786094339.6854942,move,115,325,.!frame.!entry
demo_session_03,24,1786094339.7354941,move,111,316,.!frame.!entry
demo_session_03,24,1786094339.785494,move,109,325,.!frame.!entry
demo_session_03,24,1786094339.835494,move,107,308,.!frame.!entry
demo_session_03,24,1786094339.885494,move,122,306,.!frame.!entry
demo_session_03,24,1786094339.935494,move,116,324,.!frame.!entry
demo_session_03,24,1786094339.985494,move,112,318,.!frame.!entry
demo_session_03,24,1786094340.0354939,move,121,320,.!frame.!entry
demo_session_03,24,1786094340.0854938,move,116,315,.!frame.!entry
demo_session_03,24,1786094340.1354938,move,125,320,.!frame.!entry
demo_session_03,24,1786094340.1854937,move,132,318,.!frame.!entry
demo_session_03,24,1786094340.2354937,move,128,313,.!frame.!entry
demo_session_03,24,1786094340.2854936,move,125,323,.!frame.!entry
demo_session_03,24,1786094340.3354936,move,131,322,.!frame.!entry
demo_session_03,24,1786094340.3854935,move,135,315,.!frame.!entry
demo_session_03,24,1786094340.4354935,move,139,314,.!frame.!entry
demo_session_03,24,1786094340.4854934,move,148,321,.!frame.!entry
demo_session_03,24,1786094340.5354934,move,146,311,.!frame.!entry
demo_session_03,24,1786094340.5854933,move,149,318,.!frame.!entry
demo_session_03,24,1786094340.6354933,move,148,323,.!frame.!entry
demo_session_03,24,1786094340.6854932,move,155,320,.!frame.!entry
demo_session_03,24,1786094340.7354932,move,160,319,.!frame.!entry
demo_session_03,24,1786094340.7854931,move,154,324,.!frame.!entry
demo_session_03,24,1786094340.835493,move,170,319,.!frame.!entry
demo_session_03,24,1786094340.885493,move,166,316,.!frame.!entry
demo_session_03,24,1786094340.935493,move,163,316,.!frame.!entry
demo_session_03,24,1786094340.985493,move,178,314,.!frame.!entry
demo_session_03,24,1786094341.035493,move,169,324,.!frame.!entry
demo_session_03,24,1786094341.0854928,move,177,328,.!frame.!entry
demo_session_03,24,1786094341.1354928,move,186,319,.!frame.!entry
demo_session_03,24,1786094341.1854928,move,183,320,.!frame.!entry
demo_session_03,24,1786094341.2354927,move,183,328,.!frame.!entry
demo_session_03,24,1786094341.2854927,move,172,313,.!frame.!entry
demo_session_03,24,1786094341.3354926,move,199,307,.!frame.!entry
demo_session_03,24,1786094341.3854926,move,179,301,.!frame.!entry
demo_session_03,24,1786094341.4354925,move,196,314,.!frame.!entry
demo_session_03,24,1786094341.4854925,move,204,319,.!frame.!entry
demo_session_03,24,1786094341.5354924,move,197,324,.!frame.!entry
demo_session_03,24,1786094341.5854924,move,209,327,.!frame.!entry
demo_session_03,24,1786094341.6354923,move,204,310,.!frame.!entry
demo_session_03,24,1786094341.6854923,move,193,326,.!frame.!entry
demo_session_03,24,1786094341.7354922,move,217,322,.!frame.!entry
demo_session_03,24,1786094341.7854922,move,200,318,.!frame.!entry
demo_session_03,24,1786094341.8354921,move,219,304,.!frame.!entry
demo_session_03,24,1786094341.885492,move,221,318,.!frame.!entry
demo_session_03,24,1786094341.935492,move,222,324,.!frame.!entry
demo_session_03,24,1786094341.985492,move,228,327,.!frame.!entry
demo_session_03,24,1786094342.035492,move,228,313,.!frame.!entry
demo_session_03,24,1786094342.085492,move,238,304,.!frame.!entry
demo_session_03,24,1786094342.1354918,move,223,311,.!frame.!entry
demo_session_03,24,1786094342.1854918,move,240,322,.!frame.!entry
demo_session_03,24,1786094342.2354918,move,229,331,.!frame.!entry
demo_session_03,24,1786094342.2854917,move,242,317,.!frame.!entry
demo_session_03,24,1786094342.3354917,move,246,304,.!frame.!entry
demo_session_03,24,1786094342.3854916,move,249,311,.!frame.!entry
demo_session_03,24,1786094342.4354916,move,250,324,.!frame.!entry
demo_session_03,24,1786094342.4854915,move,244,305,.!frame.!entry
demo_session_03,24,1786094342.5354915,move,246,319,.!frame.!entry
demo_session_03,24,1786094342.5854914,move,276,315,.!frame.!entry
demo_session_03,24,1786094342.6354914,move,260,317,.!frame.!entry
demo_session_03,24,1786094342.6854913,move,268,324,.!frame.!entry
demo_session_03,24,1786094342.7354913,move,261,301,.!frame.!entry
demo_session_03,24,1786094342.7854912,move,255,327,.!frame.!entry
demo_session_03,24,1786094342.8354912,move,275,318,.!frame.!entry
demo_session_03,24,1786094342.8854911,move,286,318,.!frame.!entry
demo_session_03,24,1786094342.935491,move,282,318,.!frame.!button
demo_session_03,24,1786094342.985491,move,277,322,.!frame.!button
demo_session_03,24,1786094343.035491,move,277,326,.!frame.!button
demo_session_03,24,1786094343.085491,move,296,314,.!frame.!button
demo_session_03,24,1786094343.135491,move,294,314,.!frame.!button
demo_session_03,24,1786094343.1854908,move,283,323,.!frame.!button
demo_session_03,24,1786094343.2354908,move,283,319,.!frame.!button
demo_session_03,24,1786094343.2854908,move,302,315,.!frame.!button
demo_session_03,24,1786094343.3354907,move,292,314,.!frame.!button
demo_session_03,24,1786094343.3854907,move,300,312,.!frame.!button
demo_session_03,24,1786094343.4354906,move,296,325,.!frame.!button
demo_session_03,24,1786094343.4854906,move,300,317,.!frame.!button
demo_session_03,24,1786094343.5354905,move,305,327,.!frame.!button
demo_session_03,24,1786094343.5854905,move,306,318,.!frame.!button
demo_session_03,24,1786094343.6354904,move,316,329,.!frame.!button
demo_session_03,24,1786094343.6854904,move,329,318,.!frame.!button
demo_session_03,24,1786094343.7354903,move,313,325,.!frame.!button
demo_session_03,24,1786094343.7854903,move,326,323,.!frame.!button
demo_session_03,24,1786094343.8354902,move,316,317,.!frame.!button
demo_session_03,24,1786094343.8854902,move,328,303,.!frame.!button
demo_session_03,24,1786094343.9354901,move,314,312,.!frame.!button
demo_session_03,24,1786094343.98549,move,326,310,.!frame.!button
demo_session_03,24,1786094344.03549,move,337,313,.!frame.!button
demo_session_03,24,1786094344.08549,move,338,319,.!frame.!button
demo_session_03,24,1786094344.13549,move,335,317,.!frame.!button
demo_session_03,24,1786094344.18549,move,341,318,.!frame.!button
demo_session_03,24,1786094344.2354898,move,336,315,.!frame.!button
demo_session_03,24,1786094344.2854898,move,343,306,.!frame.!button
demo_session_03,24,1786094344.3354897,move,355,317,.!frame.!button
demo_session_03,24,1786094344.427015,click,354,324,.!frame.!button
demo_session_03,25,1786094361.5181901,move,426,377,.!frame.!entry
demo_session_03,25,1786094361.56819,move,417,374,.!frame.!entry
demo_session_03,25,1786094361.61819,move,413,383,.!frame.!entry
demo_session_03,25,1786094361.66819,move,417,379,.!frame.!entry
demo_session_03,25,1786094361.71819,move,401,378,.!frame.!entry
demo_session_03,25,1786094361.76819,move,409,370,.!frame.!entry
demo_session_03,25,1786094361.8181899,move,409,378,.!frame.!entry
demo_session_03,25,1786094361.8681898,move,414,379,.!frame.!entry
demo_session_03,25,1786094361.9181898,move,409,360,.!frame.!entry
demo_session_03,25,1786094361.9681897,move,406,377,.!frame.!entry
demo_session_03,25,1786094362.0181897,move,391,370,.!frame.!entry
demo_session_03,25,1786094362.0681896,move,418,358,.!frame.!entry
demo_session_03,25,1786094362.1181896,move,398,381,.!frame.!entry
demo_session_03,25,1786094362.1681895,move,407,378,.!frame.!entry
demo_session_03,25,1786094362.2181895,move,407,357,.!frame.!entry
demo_session_03,25,1786094362.2681894,move,396,356,.!frame.!entry
demo_session_03,25,1786094362.3181894,move,402,378,.!frame.!entry
demo_session_03,25,1786094362.3681893,move,407,375,.!frame.!entry
demo_session_03,25,1786094362.4181893,move,397,373,.!frame.!entry
demo_session_03,25,1786094362.4681892,move,409,372,.!frame.!entry
demo_session_03,25,1786094362.5181892,move,404,360,.!frame.!entry
demo_session_03,25,1786094362.5681891,move,404,364,.!frame.!entry
demo_session_03,25,1786094362.618189,move,397,367,.!frame.!entry
demo_session_03,25,1786094362.668189,move,405,355,.!frame.!entry
demo_session_03,25,1786094362.718189,move,405,360,.!frame.!entry
demo_session_03,25,1786094362.768189,move,400,364,.!frame.!entry
demo_session_03,25,1786094362.818189,move,395,374,.!frame.!entry
demo_session_03,25,1786094362.8681889,move,401,343,.!frame.!entry
demo_session_03,25,1786094362.9181888,move,397,352,.!frame.!entry
demo_session_03,25,1786094362.9681888,move,423,374,.!frame.!entry
demo_session_03,25,1786094363.0181887,move,388,367,.!frame.!entry
demo_session_03,25,1786094363.0681887,move,402,367,.!frame.!entry
demo_session_03,25,1786094363.1181886,move,403,354,.!frame.!entry
demo_session_03,25,1786094363.1681886,move,404,371,.!frame.!entry
demo_session_03,25,1786094363.2181885,move,403,362,.!frame.!entry
demo_session_03,25,1786094363.2681885,move,392,364,.!frame.!entry
demo_session_03,25,1786094363.3181884,move,385,360,.!frame.!entry
demo_session_03,25,1786094363.3681884,move,394,359,.!frame.!entry
demo_session_03,25,1786094363.4181883,move,389,364,.!frame.!entry
demo_session_03,25,1786094363.4681883,move,394,349,.!frame.!entry
demo_session_03,25,1786094363.5181882,move,378,362,.!frame.!entry
demo_session_03,25,1786094363.5681882,move,398,336,.!frame.!entry
demo_session_03,25,1786094363.6181881,move,392,346,.!frame.!entry
demo_session_03,25,1786094363.668188,move,383,357,.!frame.!entry
demo_session_03,25,1786094363.718188,move,389,368,.!frame.!entry
demo_session_03,25,1786094363.768188,move,396,349,.!frame.!entry
demo_session_03,25,1786094363.818188,move,394,350,.!frame.!entry
demo_session_03,25,1786094363.868188,move,391,369,.!frame.!entry
demo_session_03,25,1786094363.9181879,move,400,361,.!frame.!entry
demo_session_03,25,1786094363.9681878,move,388,338,.!frame.!entry
demo_session_03,25,1786094364.0181878,move,386,342,.!frame.!entry
demo_session_03,25,1786094364.0681877,move,386,348,.!frame.!entry
demo_session_03,25,1786094364.1181877,move,390,356,.!frame.!entry
demo_session_03,25,1786094364.1681876,move,391,352,.!frame.!entry
demo_session_03,25,1786094364.2181876,move,386,360,.!frame.!entry
demo_session_03,25,1786094364.2681875,move,393,344,.!frame.!entry
demo_session_03,25,1786094364.3181875,move,390,357,.!frame.!entry
demo_session_03,25,1786094364.3681874,move,384,344,.!frame.!entry
demo_session_03,25,1786094364.4181874,move,386,357,.!frame.!entry
demo_session_03,25,1786094364.4681873,move,366,354,.!frame.!entry
demo_session_03,25,1786094364.5181873,move,385,350,.!frame.!entry
demo_session_03,25,1786094364.5681872,move,383,330,.!frame.!entry
demo_session_03,25,1786094364.6181872,move,383,343,.!frame.!entry
demo_session_03,25,1786094364.6681871,move,373,342,.!frame.!entry
demo_session_03,25,1786094364.718187,move,371,341,.!frame.!entry
demo_session_03,25,1786094364.768187,move,374,328,.!frame.!entry
demo_session_03,25,1786094364.818187,move,380,350,.!frame.!entry
demo_session_03,25,1786094364.868187,move,389,329,.!frame.!entry
demo_session_03,25,1786094364.918187,move,384,346,.!frame.!entry
demo_session_03,25,1786094364.9681869,move,383,344,.!frame.!entry
demo_session_03,25,1786094365.0181868,move,370,337,.!frame.!entry
demo_session_03,25,1786094365.0681868,move,357,334,.!frame.!entry
demo_session_03,25,1786094365.1181867,move,373,342,.!frame.!entry
demo_session_03,25,1786094365.1681867,move,377,335,.!frame.!entry
demo_session_03,25,1786094365.2181866,move,382,346,.!frame.!entry
demo_session_03,25,1786094365.2681866,move,374,336,.!frame.!entry
demo_session_03,25,1786094365.3181865,move,382,352,.!frame.!entry
demo_session_03,25,1786094365.3681865,move,369,338,.!frame.!entry
demo_session_03,25,1786094365.4181864,move,369,351,.!frame.!entry
demo_session_03,25,1786094365.4681864,move,372,336,.!frame.!entry
demo_session_03,25,1786094365.5181863,move,388,336,.!frame.!entry
demo_session_03,25,1786094365.5681863,move,371,352,.!frame.!entry
demo_session_03,25,1786094365.6181862,move,385,349,.!frame.!entry
demo_session_03,25,1786094365.6681862,move,371,345,.!frame.!entry
demo_session_03,25,1786094365.7181861,move,365,343,.!frame.!entry
demo_session_03,25,1786094365.768186,move,368,339,.!frame.!entry
demo_session_03,25,1786094365.818186,move,375,335,.!frame.!entry
demo_session_03,25,1786094365.868186,move,364,338,.!frame.!entry
demo_session_03,25,1786094365.918186,move,356,342,.!frame.!button
demo_session_03,25,1786094365.968186,move,385,339,.!frame.!button
demo_session_03,25,1786094366.0181859,move,364,331,.!frame.!button
demo_session_03,25,1786094366.0681858,move,369,331,.!frame.!button
demo_session_03,25,1786094366.1181858,move,353,342,.!frame.!button
demo_session_03,25,1786094366.1681857,move,365,325,.!frame.!button
demo_session_03,25,1786094366.2181857,move,363,336,.!frame.!button
demo_session_03,25,1786094366.2681856,move,370,345,.!frame.!button
demo_session_03,25,1786094366.3181856,move,363,333,.!frame.!button
demo_session_03,25,1786094366.3681855,move,358,336,.!frame.!button
demo_session_03,25,1786094366.4181855,move,357,318,.!frame.!button
demo_session_03,25,1786094366.4681854,move,364,339,.!frame.!button
demo_session_03,25,1786094366.5181854,move,366,325,.!frame.!button
demo_session_03,25,1786094366.5681853,move,354,332,.!frame.!button
demo_session_03,25,1786094366.6181853,move,376,328,.!frame.!button
demo_session_03,25,1786094366.6681852,move,358,335,.!frame.!button
demo_session_03,25,1786094366.7181852,move,344,340,.!frame.!button
demo_session_03,25,1786094366.7681851,move,373,323,.!frame.!button
demo_session_03,25,1786094366.818185,move,355,327,.!frame.!button
demo_session_03,25,1786094366.868185,move,368,339,.!frame.!button
demo_session_03,25,1786094366.918185,move,355,324,.!frame.!button
demo_session_03,25,1786094366.968185,move,349,334,.!frame.!button
demo_session_03,25,1786094367.018185,move,353,333,.!frame.!button
demo_session_03,25,1786094367.0681849,move,369,329,.!frame.!button
demo_session_03,25,1786094367.1181848,move,353,325,.!frame.!button
demo_session_03,25,1786094367.1681848,move,346,342,.!frame.!button
demo_session_03,25,1786094367.2181847,move,362,325,.!frame.!button
demo_session_03,25,1786094367.2681847,move,363,329,.!frame.!button
demo_session_03,25,1786094367.3181846,move,359,325,.!frame.!button
demo_session_03,25,1786094367.3681846,move,355,335,.!frame.!button
demo_session_03,25,1786094367.4181845,move,355,324,.!frame.!button
demo_session_03,25,1786094367.4681845,move,356,312,.!frame.!button
demo_session_03,25,1786094367.5181844,move,362,342,.!frame.!button
demo_session_03,25,1786094367.5681844,move,343,317,.!frame.!button
demo_session_03,25,1786094367.6181843,move,363,327,.!frame.!button
demo_session_03,25,1786094367.6681843,move,344,307,.!frame.!button
demo_session_03,25,1786094367.7181842,move,353,328,.!frame.!button
demo_session_03,25,1786094367.7681842,move,352,325,.!frame.!button
demo_session_03,25,1786094367.823925,click,353,323,.!frame.!button
demo_session_03,26,1786094367.823925,move,353,269,.!frame.!entry
demo_session_03,26,1786094367.873925,move,355,288,.!frame.!entry
demo_session_03,26,1786094367.923925,move,348,276,.!frame.!entry
demo_session_03,26,1786094367.9739249,move,353,287,.!frame.!entry
demo_session_03,26,1786094368.0239248,move,364,280,.!frame.!entry
demo_session_03,26,1786094368.0739248,move,360,281,.!frame.!entry
demo_session_03,26,1786094368.1239247,move,353,291,.!frame.!entry
demo_session_03,26,1786094368.1739247,move,360,285,.!frame.!entry
demo_session_03,26,1786094368.2239246,move,352,299,.!frame.!entry
demo_session_03,26,1786094368.2739246,move,344,288,.!frame.!entry
demo_session_03,26,1786094368.3239245,move,361,287,.!frame.!entry
demo_session_03,26,1786094368.3739245,move,352,296,.!frame.!entry
demo_session_03,26,1786094368.4239244,move,359,278,.!frame.!entry
demo_session_03,26,1786094368.4739244,move,363,275,.!frame.!entry
demo_session_03,26,1786094368.5239244,move,355,288,.!frame.!entry
demo_session_03,26,1786094368.5739243,move,354,285,.!frame.!entry
demo_session_03,26,1786094368.6239243,move,361,277,.!frame.!entry
demo_session_03,26,1786094368.6739242,move,354,292,.!frame.!entry
demo_session_03,26,1786094368.7239242,move,360,284,.!frame.!entry
demo_session_03,26,1786094368.773924,move,352,287,.!frame.!entry
demo_session_03,26,1786094368.823924,move,357,291,.!frame.!entry
demo_session_03,26,1786094368.873924,move,356,288,.!frame.!entry
demo_session_03,26,1786094368.923924,move,351,290,.!frame.!entry
demo_session_03,26,1786094368.973924,move,353,286,.!frame.!entry
demo_session_03,26,1786094369.0239239,move,361,284,.!frame.!entry
demo_session_03,26,1786094369.0739238,move,362,300,.!frame.!entry
demo_session_03,26,1786094369.1239238,move,347,292,.!frame.!entry
demo_session_03,26,1786094369.1739237,move,341,301,.!frame.!entry
demo_session_03,26,1786094369.2239237,move,353,294,.!frame.!entry
demo_session_03,26,1786094369.2739236,move,344,290,.!frame.!entry
demo_session_03,26,1786094369.3239236,move,362,295,.!frame.!entry
demo_session_03,26,1786094369.3739235,move,362,293,.!frame.!entry
demo_session_03,26,1786094369.4239235,move,348,302,.!frame.!entry
demo_session_03,26,1786094369.4739234,move,354,308,.!frame.!entry
demo_session_03,26,1786094369.5239234,move,353,306,.!frame.!entry
demo_session_03,26,1786094369.5739233,move,350,305,.!frame.!entry
demo_session_03,26,1786094369.6239233,move,352,293,.!frame.!entry
demo_session_03,26,1786094369.6739233,move,364,300,.!frame.!entry
demo_session_03,26,1786094369.7239232,move,360,294,.!frame.!entry
demo_session_03,26,1786094369.7739232,move,347,290,.!frame.!entry
demo_session_03,26,1786094369.823923,move,349,297,.!frame.!entry
demo_session_03,26,1786094369.873923,move,354,305,.!frame.!entry
demo_session_03,26,1786094369.923923,move,356,304,.!frame.!entry
demo_session_03,26,1786094369.973923,move,364,297,.!frame.!entry
demo_session_03,26,1786094370.023923,move,359,305,.!frame.!entry
demo_session_03,26,1786094370.0739229,move,358,303,.!frame.!entry
demo_session_03,26,1786094370.1239228,move,355,301,.!frame.!entry
demo_session_03,26,1786094370.1739228,move,365,292,.!frame.!entry
demo_session_03,26,1786094370.2239227,move,337,306,.!frame.!entry
demo_session_03,26,1786094370.2739227,move,351,295,.!frame.!entry
demo_session_03,26,1786094370.3239226,move,348,301,.!frame.!entry
demo_session_03,26,1786094370.3739226,move,353,303,.!frame.!entry
demo_session_03,26,1786094370.4239225,move,345,303,.!frame.!entry
demo_session_03,26,1786094370.4739225,move,353,306,.!frame.!entry
demo_session_03,26,1786094370.5239224,move,355,296,.!frame.!entry
demo_session_03,26,1786094370.5739224,move,354,322,.!frame.!entry
demo_session_03,26,1786094370.6239223,move,353,306,.!frame.!entry
demo_session_03,26,1786094370.6739223,move,343,305,.!frame.!entry
demo_session_03,26,1786094370.7239223,move,352,316,.!frame.!entry
demo_session_03,26,1786094370.7739222,move,343,316,.!frame.!entry
demo_session_03,26,1786094370.8239222,move,357,311,.!frame.!entry
demo_session_03,26,1786094370.873922,move,346,300,.!frame.!entry
demo_session_03,26,1786094370.923922,move,349,306,.!frame.!button
demo_session_03,26,1786094370.973922,move,341,308,.!frame.!button
demo_session_03,26,1786094371.023922,move,355,313,.!frame.!button
demo_session_03,26,1786094371.073922,move,353,303,.!frame.!button
demo_session_03,26,1786094371.1239219,move,350,306,.!frame.!button
demo_session_03,26,1786094371.1739218,move,354,314,.!frame.!button
demo_session_03,26,1786094371.2239218,move,354,312,.!frame.!button
demo_session_03,26,1786094371.2739217,move,345,321,.!frame.!button
demo_session_03,26,1786094371.3239217,move,347,303,.!frame.!button
demo_session_03,26,1786094371.3739216,move,354,307,.!frame.!button
demo_session_03,26,1786094371.4239216,move,355,315,.!frame.!button
demo_session_03,26,1786094371.4739215,move,350,319,.!frame.!button
demo_session_03,26,1786094371.5239215,move,349,319,.!frame.!button
demo_session_03,26,1786094371.5739214,move,346,320,.!frame.!button
demo_session_03,26,1786094371.6239214,move,347,320,.!frame.!button
demo_session_03,26,1786094371.6739213,move,352,309,.!frame.!button
demo_session_03,26,1786094371.7239213,move,359,314,.!frame.!button
demo_session_03,26,1786094371.7739213,move,343,305,.!frame.!button
demo_session_03,26,1786094371.8239212,move,357,305,.!frame.!button
demo_session_03,26,1786094371.8739212,move,351,323,.!frame.!button
demo_session_03,26,1786094371.923921,move,345,313,.!frame.!button
demo_session_03,26,1786094371.973921,move,347,325,.!frame.!button
demo_session_03,26,1786094372.023921,move,348,325,.!frame.!button
demo_session_03,26,1786094372.073921,move,351,316,.!frame.!button
demo_session_03,26,1786094372.123921,move,348,317,.!frame.!button
demo_session_03,26,1786094372.1739209,move,339,316,.!frame.!button
demo_session_03,26,1786094372.2239208,move,353,333,.!frame.!button
demo_session_03,26,1786094372.3216097,click,346,316,.!frame.!button
demo_session_03,27,1786094372.3216097,move,124,308,.!frame.!entry
demo_session_03,27,1786094372.3716097,move,125,317,.!frame.!entry
demo_session_03,27,1786094372.4216096,move,136,309,.!frame.!entry
demo_session_03,27,1786094372.4716096,move,130,297,.!frame.!entry
demo_session_03,27,1786094372.5216095,move,118,312,.!frame.!entry
demo_session_03,27,1786094372.5716095,move,113,303,.!frame.!entry
demo_session_03,27,1786094372.6216094,move,131,315,.!frame.!entry
demo_session_03,27,1786094372.6716094,move,135,301,.!frame.!entry
demo_session_03,27,1786094372.7216094,move,132,302,.!frame.!entry
demo_session_03,27,1786094372.7716093,move,133,313,.!frame.!entry
demo_session_03,27,1786094372.8216093,move,136,329,.!frame.!entry
demo_session_03,27,1786094372.8716092,move,137,310,.!frame.!entry
demo_session_03,27,1786094372.9216092,move,136,298,.!frame.!entry
demo_session_03,27,1786094372.971609,move,138,300,.!frame.!entry
demo_session_03,27,1786094373.021609,move,141,317,.!frame.!entry
demo_session_03,27,1786094373.071609,move,138,303,.!frame.!entry
demo_session_03,27,1786094373.121609,move,142,307,.!frame.!entry
demo_session_03,27,1786094373.171609,move,144,312,.!frame.!entry
demo_session_03,27,1786094373.2216089,move,155,314,.!frame.!entry
demo_session_03,27,1786094373.2716088,move,151,309,.!frame.!entry
demo_session_03,27,1786094373.3216088,move,150,309,.!frame.!entry
demo_session_03,27,1786094373.3716087,move,145,291,.!frame.!entry
demo_session_03,27,1786094373.4216087,move,146,316,.!frame.!entry
demo_session_03,27,1786094373.4716086,move,168,313,.!frame.!entry
demo_session_03,27,1786094373.5216086,move,159,302,.!frame.!entry
demo_session_03,27,1786094373.5716085,move,157,315,.!frame.!entry
demo_session_03,27,1786094373.6216085,move,161,310,.!frame.!entry
demo_session_03,27,1786094373.6716084,move,150,308,.!frame.!entry
demo_session_03,27,1786094373.7216084,move,176,306,.!frame.!entry
demo_session_03,27,1786094373.7716084,move,158,316,.!frame.!entry
demo_session_03,27,1786094373.8216083,move,161,311,.!frame.!entry
demo_session_03,27,1786094373.8716083,move,165,310,.!frame.!entry
demo_session_03,27,1786094373.9216082,move,174,294,.!frame.!entry
demo_session_03,27,1786094373.9716082,move,163,298,.!frame.!entry
demo_session_03,27,1786094374.021608,move,163,320,.!frame.!entry
demo_session_03,27,1786094374.071608,move,162,321,.!frame.!entry
demo_session_03,27,1786094374.121608,move,164,307,.!frame.!entry
demo_session_03,27,1786094374.171608,move,175,308,.!frame.!entry
demo_session_03,27,1786094374.221608,move,174,302,.!frame.!entry
demo_session_03,27,1786094374.2716079,move,183,302,.!frame.!entry
demo_session_03,27,1786094374.3216078,move,182,314,.!frame.!entry
demo_session_03,27,1786094374.3716078,move,175,314,.!frame.!entry
demo_session_03,27,1786094374.4216077,move,185,318,.!frame.!entry
demo_session_03,27,1786094374.4716077,move,199,311,.!frame.!entry
demo_session_03,27,1786094374.5216076,move,174,314,.!frame.!entry
demo_session_03,27,1786094374.5716076,move,186,298,.!frame.!entry
demo_session_03,27,1786094374.6216075,move,174,305,.!frame.!entry
demo_session_03,27,1786094374.6716075,move,199,312,.!frame.!entry
demo_session_03,27,1786094374.7216074,move,183,313,.!frame.!entry
demo_session_03,27,1786094374.7716074,move,187,310,.!frame.!entry
demo_session_03,27,1786094374.8216074,move,195,313,.!frame.!entry
demo_session_03,27,1786094374.8716073,move,211,299,.!frame.!entry
demo_session_03,27,1786094374.9216073,move,204,308,.!frame.!entry
demo_session_03,27,1786094374.9716072,move,202,306,.!frame.!entry
demo_session_03,27,1786094375.0216072,move,219,302,.!frame.!entry
demo_session_03,27,1786094375.071607,move,201,315,.!frame.!entry
demo_session_03,27,1786094375.121607,move,211,306,.!frame.!entry
demo_session_03,27,1786094375.171607,move,217,302,.!frame.!entry
demo_session_03,27,1786094375.221607,move,210,325,.!frame.!entry
demo_session_03,27,1786094375.271607,move,236,322,.!frame.!entry
demo_session_03,27,1786094375.3216069,move,212,323,.!frame.!entry
demo_session_03,27,1786094375.3716068,move,197,312,.!frame.!entry
demo_session_03,27,1786094375.4216068,move,213,304,.!frame.!entry
demo_session_03,27,1786094375.4716067,move,223,304,.!frame.!entry
demo_session_03,27,1786094375.5216067,move,214,318,.!frame.!entry
demo_session_03,27,1786094375.5716066,move,224,304,.!frame.!entry
demo_session_03,27,1786094375.6216066,move,212,304,.!frame.!entry
demo_session_03,27,1786094375.6716065,move,230,313,.!frame.!entry
demo_session_03,27,1786094375.7216065,move,232,307,.!frame.!entry
demo_session_03,27,1786094375.7716064,move,228,317,.!frame.!entry
demo_session_03,27,1786094375.8216064,move,242,325,.!frame.!entry
demo_session_03,27,1786094375.8716063,move,231,305,.!frame.!entry
demo_session_03,27,1786094375.9216063,move,229,317,.!frame.!entry
demo_session_03,27,1786094375.9716063,move,228,320,.!frame.!entry
demo_session_03,27,1786094376.0216062,move,235,327,.!frame.!entry
demo_session_03,27,1786094376.0716062,move,245,319,.!frame.!entry
demo_session_03,27,1786094376.121606,move,239,310,.!frame.!entry
demo_session_03,27,1786094376.171606,move,232,322,.!frame.!entry
demo_session_03,27,1786094376.221606,move,229,311,.!frame.!entry
demo_session_03,27,1786094376.271606,move,245,321,.!frame.!entry
demo_session_03,27,1786094376.321606,move,242,321,.!frame.!entry
demo_session_03,27,1786094376.3716059,move,256,315,.!frame.!entry
demo_session_03,27,1786094376.4216058,move,236,318,.!frame.!entry
demo_session_03,27,1786094376.4716058,move,257,312,.!frame.!entry
demo_session_03,27,1786094376.5216057,move,252,317,.!frame.!entry
demo_session_03,27,1786094376.5716057,move,250,308,.!frame.!entry
demo_session_03,27,1786094376.6216056,move,248,322,.!frame.!entry
demo_session_03,27,1786094376.6716056,move,266,311,.!frame.!entry
demo_session_03,27,1786094376.7216055,move,255,320,.!frame.!entry
demo_session_03,27,1786094376.7716055,move,256,330,.!frame.!entry
demo_session_03,27,1786094376.8216054,move,239,325,.!frame.!entry
demo_session_03,27,1786094376.8716054,move,259,301,.!frame.!entry
demo_session_03,27,1786094376.9216053,move,274,313,.!frame.!entry
demo_session_03,27,1786094376.9716053,move,271,299,.!frame.!entry
demo_session_03,27,1786094377.0216053,move,260,311,.!frame.!entry
demo_session_03,27,1786094377.0716052,move,261,315,.!frame.!entry
demo_session_03,27,1786094377.1216052,move,279,318,.!frame.!entry
demo_session_03,27,1786094377.171605,move,269,317,.!frame.!entry
demo_session_03,27,1786094377.221605,move,278,315,.!frame.!entry
demo_session_03,27,1786094377.271605,move,262,328,.!frame.!entry
demo_session_03,27,1786094377.321605,move,280,319,.!frame.!entry
demo_session_03,27,1786094377.371605,move,280,320,.!frame.!entry
demo_session_03,27,1786094377.4216049,move,286,325,.!frame.!entry
demo_session_03,27,1786094377.4716048,move,287,320,.!frame.!button
demo_session_03,27,1786094377.5216048,move,281,317,.!frame.!button
demo_session_03,27,1786094377.5716047,move,290,305,.!frame.!button
demo_session_03,27,1786094377.6216047,move,273,310,.!frame.!button
demo_session_03,27,1786094377.6716046,move,292,317,.!frame.!button
demo_session_03,27,1786094377.7216046,move,296,319,.!frame.!button
demo_session_03,27,1786094377.7716045,move,288,329,.!frame.!button
demo_session_03,27,1786094377.8216045,move,289,312,.!frame.!button
demo_session_03,27,1786094377.8716044,move,300,328,.!frame.!button
demo_session_03,27,1786094377.9216044,move,304,320,.!frame.!button
demo_session_03,27,1786094377.9716043,move,284,326,.!frame.!button
demo_session_03,27,1786094378.0216043,move,305,305,.!frame.!button
demo_session_03,27,1786094378.0716043,move,291,316,.!frame.!button
demo_session_03,27,1786094378.1216042,move,305,313,.!frame.!button
demo_session_03,27,1786094378.1716042,move,301,314,.!frame.!button
demo_session_03,27,1786094378.221604,move,311,322,.!frame.!button
demo_session_03,27,1786094378.271604,move,299,302,.!frame.!button
demo_session_03,27,1786094378.321604,move,318,312,.!frame.!button
demo_session_03,27,1786094378.371604,move,303,322,.!frame.!button
demo_session_03,27,1786094378.421604,move,317,315,.!frame.!button
demo_session_03,27,1786094378.4716039,move,303,309,.!frame.!button
demo_session_03,27,1786094378.5216038,move,316,308,.!frame.!button
demo_session_03,27,1786094378.5716038,move,321,319,.!frame.!button
demo_session_03,27,1786094378.6216037,move,312,327,.!frame.!button
demo_session_03,27,1786094378.6716037,move,303,320,.!frame.!button
demo_session_03,27,1786094378.7216036,move,327,325,.!frame.!button
demo_session_03,27,1786094378.7716036,move,319,321,.!frame.!button
demo_session_03,27,1786094378.8216035,move,334,311,.!frame.!button
demo_session_03,27,1786094378.8716035,move,328,313,.!frame.!button
demo_session_03,27,1786094378.9216034,move,337,316,.!frame.!button
demo_session_03,27,1786094378.9716034,move,311,323,.!frame.!button
demo_session_03,27,1786094379.0216033,move,334,317,.!frame.!button
demo_session_03,27,1786094379.0716033,move,325,328,.!frame.!button
demo_session_03,27,1786094379.1216033,move,331,320,.!frame.!button
demo_session_03,27,1786094379.1716032,move,328,312,.!frame.!button
demo_session_03,27,1786094379.2216032,move,331,304,.!frame.!button
demo_session_03,27,1786094379.271603,move,334,319,.!frame.!button
demo_session_03,27,1786094379.321603,move,331,300,.!frame.!button
demo_session_03,27,1786094379.371603,move,336,323,.!frame.!button
demo_session_03,27,1786094379.421603,move,352,325,.!frame.!button
demo_session_03,27,1786094379.471603,move,364,322,.!frame.!button
demo_session_03,27,1786094379.5216029,move,346,330,.!frame.!button
demo_session_03,27,1786094379.5716028,move,349,308,.!frame.!button
demo_session_03,27,1786094379.6216028,move,350,321,.!frame.!button
demo_session_03,27,1786094379.6716027,move,350,325,.!frame.!button
demo_session_03,27,1786094379.7434387,click,345,315,.!frame.!button
demo_session_03,28,1786094379.7434387,move,159,272,.!frame.!entry
demo_session_03,28,1786094379.7934387,move,160,285,.!frame.!entry
demo_session_03,28,1786094379.8434386,move,176,276,.!frame.!entry
demo_session_03,28,1786094379.8934386,move,182,279,.!frame.!entry
demo_session_03,28,1786094379.9434385,move,171,292,.!frame.!entry
demo_session_03,28,1786094379.9934385,move,172,277,.!frame.!entry
demo_session_03,28,1786094380.0434384,move,172,291,.!frame.!entry
demo_session_03,28,1786094380.0934384,move,190,274,.!frame.!entry
demo_session_03,28,1786094380.1434383,move,184,283,.!frame.!entry
demo_session_03,28,1786094380.1934383,move,180,271,.!frame.!entry
demo_session_03,28,1786094380.2434382,move,198,277,.!frame.!entry
demo_session_03,28,1786094380.2934382,move,162,274,.!frame.!entry
demo_session_03,28,1786094380.3434381,move,187,284,.!frame.!entry
demo_session_03,28,1786094380.393438,move,182,280,.!frame.!entry
demo_session_03,28,1786094380.443438,move,173,286,.!frame.!entry
demo_session_03,28,1786094380.493438,move,177,298,.!frame.!entry
demo_session_03,28,1786094380.543438,move,196,282,.!frame.!entry
demo_session_03,28,1786094380.593438,move,189,272,.!frame.!entry
demo_session_03,28,1786094380.6434379,move,183,265,.!frame.!entry
demo_session_03,28,1786094380.6934378,move,182,296,.!frame.!entry
demo_session_03,28,1786094380.7434378,move,187,282,.!frame.!entry
demo_session_03,28,1786094380.7934377,move,183,273,.!frame.!entry
demo_session_03,28,1786094380.8434377,move,186,290,.!frame.!entry
demo_session_03,28,1786094380.8934376,move,201,293,.!frame.!entry
demo_session_03,28,1786094380.9434376,move,190,283,.!frame.!entry
demo_session_03,28,1786094380.9934375,move,213,281,.!frame.!entry
demo_session_03,28,1786094381.0434375,move,203,279,.!frame.!entry
demo_session_03,28,1786094381.0934374,move,206,277,.!frame.!entry
demo_session_03,28,1786094381.1434374,move,204,266,.!frame.!entry
demo_session_03,28,1786094381.1934373,move,210,292,.!frame.!entry
demo_session_03,28,1786094381.2434373,move,196,279,.!frame.!entry
demo_session_03,28,1786094381.2934372,move,204,290,.!frame.!entry
demo_session_03,28,1786094381.3434372,move,208,294,.!frame.!entry
demo_session_03,28,1786094381.3934371,move,213,263,.!frame.!entry
demo_session_03,28,1786094381.443437,move,215,281,.!frame.!entry
demo_session_03,28,1786094381.493437,move,205,285,.!frame.!entry
demo_session_03,28,1786094381.543437,move,223,279,.!frame.!entry
demo_session_03,28,1786094381.593437,move,214,283,.!frame.!entry
demo_session_03,28,1786094381.643437,move,215,295,.!frame.!entry
demo_session_03,28,1786094381.6934369,move,234,283,.!frame.!entry
demo_session_03,28,1786094381.7434368,move,227,274,.!frame.!entry
demo_session_03,28,1786094381.7934368,move,222,265,.!frame.!entry
demo_session_03,28,1786094381.8434367,move,219,286,.!frame.!entry
demo_session_03,28,1786094381.8934367,move,237,289,.!frame.!entry
demo_session_03,28,1786094381.9434366,move,226,293,.!frame.!entry
demo_session_03,28,1786094381.9934366,move,240,293,.!frame.!entry
demo_session_03,28,1786094382.0434365,move,225,285,.!frame.!entry
demo_session_03,28,1786094382.0934365,move,203,291,.!frame.!entry
demo_session_03,28,1786094382.1434364,move,230,308,.!frame.!entry
demo_session_03,28,1786094382.1934364,move,228,284,.!frame.!entry
demo_session_03,28,1786094382.2434363,move,239,293,.!frame.!entry
demo_session_03,28,1786094382.2934363,move,218,308,.!frame.!entry
demo_session_03,28,1786094382.3434362,move,244,297,.!frame.!entry
demo_session_03,28,1786094382.3934362,move,252,299,.!frame.!entry
demo_session_03,28,1786094382.4434361,move,237,291,.!frame.!entry
demo_session_03,28,1786094382.493436,move,228,311,.!frame.!entry
demo_session_03,28,1786094382.543436,move,243,295,.!frame.!entry
demo_session_03,28,1786094382.593436,move,247,300,.!frame.!entry
demo_session_03,28,1786094382.643436,move,259,288,.!frame.!entry
demo_session_03,28,1786094382.693436,move,248,295,.!frame.!entry
demo_session_03,28,1786094382.7434359,move,241,275,.!frame.!entry
demo_session_03,28,1786094382.7934358,move,253,297,.!frame.!entry
demo_session_03,28,1786094382.8434358,move,262,303,.!frame.!entry
demo_session_03,28,1786094382.8934357,move,275,297,.!frame.!entry
demo_session_03,28,1786094382.9434357,move,265,300,.!frame.!entry
demo_session_03,28,1786094382.9934356,move,276,312,.!frame.!entry
demo_session_03,28,1786094383.0434356,move,267,309,.!frame.!entry
demo_session_03,28,1786094383.0934355,move,256,305,.!frame.!entry
demo_session_03,28,1786094383.1434355,move,279,308,.!frame.!entry
demo_session_03,28,1786094383.1934354,move,270,320,.!frame.!entry
demo_session_03,28,1786094383.2434354,move,268,306,.!frame.!entry
demo_session_03,28,1786094383.2934353,move,264,315,.!frame.!entry
demo_session_03,28,1786094383.3434353,move,268,297,.!frame.!entry
demo_session_03,28,1786094383.3934352,move,272,289,.!frame.!entry
demo_session_03,28,1786094383.4434352,move,276,313,.!frame.!entry
demo_session_03,28,1786094383.4934351,move,270,277,.!frame.!entry
demo_session_03,28,1786094383.543435,move,286,321,.!frame.!entry
demo_session_03,28,1786094383.593435,move,261,301,.!frame.!entry
demo_session_03,28,1786094383.643435,move,264,307,.!frame.!entry
demo_session_03,28,1786094383.693435,move,264,312,.!frame.!entry
demo_session_03,28,1786094383.743435,move,277,304,.!frame.!entry
demo_session_03,28,1786094383.7934349,move,280,289,.!frame.!entry
demo_session_03,28,1786094383.8434348,move,283,293,.!frame.!entry
demo_session_03,28,1786094383.8934348,move,275,302,.!frame.!entry
demo_session_03,28,1786094383.9434347,move,286,305,.!frame.!entry
demo_session_03,28,1786094383.9934347,move,290,312,.!frame.!entry
demo_session_03,28,1786094384.0434346,move,278,293,.!frame.!entry
demo_session_03,28,1786094384.0934346,move,289,299,.!frame.!entry
demo_session_03,28,1786094384.1434345,move,279,300,.!frame.!entry
demo_session_03,28,1786094384.1934345,move,294,291,.!frame.!button
demo_session_03,28,1786094384.2434344,move,306,303,.!frame.!button
demo_session_03,28,1786094384.2934344,move,310,303,.!frame.!button
demo_session_03,28,1786094384.3434343,move,293,313,.!frame.!button
demo_session_03,28,1786094384.3934343,move,293,301,.!frame.!button
demo_session_03,28,1786094384.4434342,move,288,296,.!frame.!button
demo_session_03,28,1786094384.4934342,move,309,317,.!frame.!button
demo_session_03,28,1786094384.5434341,move,311,302,.!frame.!button
demo_session_03,28,1786094384.593434,move,303,310,.!frame.!button
demo_session_03,28,1786094384.643434,move,313,301,.!frame.!button
demo_session_03,28,1786094384.693434,move,311,313,.!frame.!button
demo_session_03,28,1786094384.743434,move,310,302,.!frame.!button
demo_session_03,28,1786094384.793434,move,311,326,.!frame.!button
demo_session_03,28,1786094384.8434339,move,319,318,.!frame.!button
demo_session_03,28,1786094384.8934338,move,327,303,.!frame.!button
demo_session_03,28,1786094384.9434338,move,325,317,.!frame.!button
demo_session_03,28,1786094384.9934337,move,331,302,.!frame.!button
demo_session_03,28,1786094385.0434337,move,331,314,.!frame.!button
demo_session_03,28,1786094385.0934336,move,324,313,.!frame.!button
demo_session_03,28,1786094385.1434336,move,317,317,.!frame.!button
demo_session_03,28,1786094385.1934335,move,326,317,.!frame.!button
demo_session_03,28,1786094385.2434335,move,327,321,.!frame.!button
demo_session_03,28,1786094385.2934334,move,330,307,.!frame.!button
demo_session_03,28,1786094385.3434334,move,331,317,.!frame.!button
demo_session_03,28,1786094385.3934333,move,323,317,.!frame.!button
demo_session_03,28,1786094385.4434333,move,323,312,.!frame.!button
demo_session_03,28,1786094385.4934332,move,336,323,.!frame.!button
demo_session_03,28,1786094385.5434332,move,322,309,.!frame.!button
demo_session_03,28,1786094385.5934331,move,323,307,.!frame.!button
demo_session_03,28,1786094385.643433,move,350,329,.!frame.!button
demo_session_03,28,1786094385.693433,move,334,321,.!frame.!button
demo_session_03,28,1786094385.743433,move,361,320,.!frame.!button
demo_session_03,28,1786094385.793433,move,348,298,.!frame.!button
demo_session_03,28,1786094385.843433,move,334,315,.!frame.!button
demo_session_03,28,1786094385.8934329,move,345,333,.!frame.!button
demo_session_03,28,1786094385.9434328,move,339,320,.!frame.!button
demo_session_03,28,1786094385.9934328,move,355,332,.!frame.!button
demo_session_03,28,1786094386.0434327,move,333,329,.!frame.!button
demo_session_03,28,1786094386.137371,click,352,322,.!frame.!button
demo_session_03,29,1786094386.137371,move,147,212,.!frame.!entry
demo_session_03,29,1786094386.187371,move,158,197,.!frame.!entry
demo_session_03,29,1786094386.237371,move,143,190,.!frame.!entry
demo_session_03,29,1786094386.287371,move,124,197,.!frame.!entry
demo_session_03,29,1786094386.3373709,move,137,185,.!frame.!entry
demo_session_03,29,1786094386.3873708,move,152,195,.!frame.!entry
demo_session_03,29,1786094386.4373708,move,146,188,.!frame.!entry
demo_session_03,29,1786094386.4873707,move,143,183,.!frame.!entry
demo_session_03,29,1786094386.5373707,move,160,208,.!frame.!entry
demo_session_03,29,1786094386.5873706,move,158,197,.!frame.!entry
demo_session_03,29,1786094386.6373706,move,161,187,.!frame.!entry
demo_session_03,29,1786094386.6873705,move,151,212,.!frame.!entry
demo_session_03,29,1786094386.7373705,move,147,199,.!frame.!entry
demo_session_03,29,1786094386.7873704,move,164,217,.!frame.!entry
demo_session_03,29,1786094386.8373704,move,191,200,.!frame.!entry
demo_session_03,29,1786094386.8873703,move,177,211,.!frame.!entry
demo_session_03,29,1786094386.9373703,move,175,214,.!frame.!entry
demo_session_03,29,1786094386.9873703,move,169,215,.!frame.!entry
demo_session_03,29,1786094387.0373702,move,190,219,.!frame.!entry
demo_session_03,29,1786094387.0873702,move,181,224,.!frame.!entry
demo_session_03,29,1786094387.13737,move,160,227,.!frame.!entry
demo_session_03,29,1786094387.18737,move,180,215,.!frame.!entry
demo_session_03,29,1786094387.23737,move,182,225,.!frame.!entry
demo_session_03,29,1786094387.28737,move,193,220,.!frame.!entry
demo_session_03,29,1786094387.33737,move,189,218,.!frame.!entry
demo_session_03,29,1786094387.3873699,move,189,217,.!frame.!entry
demo_session_03,29,1786094387.4373698,move,175,208,.!frame.!entry
demo_session_03,29,1786094387.4873698,move,179,217,.!frame.!entry
demo_session_03,29,1786094387.5373697,move,186,204,.!frame.!entry
demo_session_03,29,1786094387.5873697,move,200,226,.!frame.!entry
demo_session_03,29,1786094387.6373696,move,179,229,.!frame.!entry
demo_session_03,29,1786094387.6873696,move,188,230,.!frame.!entry
demo_session_03,29,1786094387.7373695,move,203,239,.!frame.!entry
demo_session_03,29,1786094387.7873695,move,192,218,.!frame.!entry
demo_session_03,29,1786094387.8373694,move,200,225,.!frame.!entry
demo_session_03,29,1786094387.8873694,move,209,230,.!frame.!entry
demo_session_03,29,1786094387.9373693,move,211,220,.!frame.!entry
demo_session_03,29,1786094387.9873693,move,196,239,.!frame.!entry
demo_session_03,29,1786094388.0373693,move,209,239,.!frame.!entry
demo_session_03,29,1786094388.0873692,move,207,253,.!frame.!entry
demo_session_03,29,1786094388.1373692,move,212,227,.!frame.!entry
demo_session_03,29,1786094388.187369,move,204,241,.!frame.!entry
demo_session_03,29,1786094388.237369,move,226,251,.!frame.!entry
demo_session_03,29,1786094388.287369,move,211,244,.!frame.!entry
demo_session_03,29,1786094388.337369,move,208,238,.!frame.!entry
demo_session_03,29,1786094388.387369,move,224,251,.!frame.!entry
demo_session_03,29,1786094388.4373689,move,216,255,.!frame.!entry
demo_session_03,29,1786094388.4873688,move,215,238,.!frame.!entry
demo_session_03,29,1786094388.5373688,move,223,248,.!frame.!entry
demo_session_03,29,1786094388.5873687,move,224,242,.!frame.!entry
demo_session_03,29,1786094388.6373687,move,217,253,.!frame.!entry
demo_session_03,29,1786094388.6873686,move,236,244,.!frame.!entry
demo_session_03,29,1786094388.7373686,move,207,244,.!frame.!entry
demo_session_03,29,1786094388.7873685,move,215,248,.!frame.!entry
demo_session_03,29,1786094388.8373685,move,239,267,.!frame.!entry
demo_session_03,29,1786094388.8873684,move,251,246,.!frame.!entry
demo_session_03,29,1786094388.9373684,move,236,258,.!frame.!entry
demo_session_03,29,1786094388.9873683,move,221,250,.!frame.!entry
demo_session_03,29,1786094389.0373683,move,247,246,.!frame.!entry
demo_session_03,29,1786094389.0873682,move,233,262,.!frame.!entry
demo_session_03,29,1786094389.1373682,move,249,279,.!frame.!entry
demo_session_03,29,1786094389.1873682,move,242,265,.!frame.!entry
demo_session_03,29,1786094389.237368,move,249,264,.!frame.!entry
demo_session_03,29,1786094389.287368,move,245,260,.!frame.!entry
demo_session_03,29,1786094389.337368,move,261,265,.!frame.!entry
demo_session_03,29,1786094389.387368,move,243,260,.!frame.!entry
demo_session_03,29,1786094389.437368,move,258,264,.!frame.!entry
demo_session_03,29,1786094389.4873679,move,257,262,.!frame.!entry
demo_session_03,29,1786094389.5373678,move,272,262,.!frame.!entry
demo_session_03,29,1786094389.5873678,move,269,268,.!frame.!entry
demo_session_03,29,1786094389.6373677,move,257,267,.!frame.!entry
demo_session_03,29,1786094389.6873677,move,278,276,.!frame.!entry
demo_session_03,29,1786094389.7373676,move,264,265,.!frame.!entry
demo_session_03,29,1786094389.7873676,move,265,266,.!frame.!entry
demo_session_03,29,1786094389.8373675,move,271,267,.!frame.!entry
demo_session_03,29,1786094389.8873675,move,287,262,.!frame.!entry
demo_session_03,29,1786094389.9373674,move,285,274,.!frame.!entry
demo_session_03,29,1786094389.9873674,move,275,281,.!frame.!entry
demo_session_03,29,1786094390.0373673,move,278,266,.!frame.!entry
demo_session_03,29,1786094390.0873673,move,279,282,.!frame.!entry
demo_session_03,29,1786094390.1373672,move,292,267,.!frame.!entry
demo_session_03,29,1786094390.1873672,move,277,270,.!frame.!entry
demo_session_03,29,1786094390.2373672,move,286,286,.!frame.!entry
demo_session_03,29,1786094390.287367,move,283,294,.!frame.!entry
demo_session_03,29,1786094390.337367,move,310,281,.!frame.!button
demo_session_03,29,1786094390.387367,move,277,277,.!frame.!button
demo_session_03,29,1786094390.437367,move,302,290,.!frame.!button
demo_session_03,29,1786094390.487367,move,286,293,.!frame.!button
demo_session_03,29,1786094390.5373669,move,294,276,.!frame.!button
demo_session_03,29,1786094390.5873668,move,287,294,.!frame.!button
demo_session_03,29,1786094390.6373668,move,305,308,.!frame.!button
demo_session_03,29,1786094390.6873667,move,282,288,.!frame.!button
demo_session_03,29,1786094390.7373667,move,301,302,.!frame.!button
demo_session_03,29,1786094390.7873666,move,315,289,.!frame.!button
demo_session_03,29,1786094390.8373666,move,308,292,.!frame.!button
demo_session_03,29,1786094390.8873665,move,315,292,.!frame.!button
demo_session_03,29,1786094390.9373665,move,300,293,.!frame.!button
demo_session_03,29,1786094390.9873664,move,322,304,.!frame.!button
demo_session_03,29,1786094391.0373664,move,317,316,.!frame.!button
demo_session_03,29,1786094391.0873663,move,307,298,.!frame.!button
demo_session_03,29,1786094391.1373663,move,319,308,.!frame.!button
demo_session_03,29,1786094391.1873662,move,324,315,.!frame.!button
demo_session_03,29,1786094391.2373662,move,322,290,.!frame.!button
demo_session_03,29,1786094391.2873662,move,327,285,.!frame.!button
demo_session_03,29,1786094391.337366,move,325,279,.!frame.!button
demo_session_03,29,1786094391.387366,move,312,307,.!frame.!button
demo_session_03,29,1786094391.437366,move,322,307,.!frame.!button
demo_session_03,29,1786094391.487366,move,333,302,.!frame.!button
demo_session_03,29,1786094391.537366,move,338,301,.!frame.!button
demo_session_03,29,1786094391.5873659,move,322,304,.!frame.!button
demo_session_03,29,1786094391.6373658,move,347,313,.!frame.!button
demo_session_03,29,1786094391.6873658,move,336,301,.!frame.!button
demo_session_03,29,1786094391.7373657,move,346,320,.!frame.!button
demo_session_03,29,1786094391.7873657,move,348,306,.!frame.!button
demo_session_03,29,1786094391.8373656,move,332,323,.!frame.!button
demo_session_03,29,1786094391.8873656,move,345,325,.!frame.!button
demo_session_03,29,1786094391.9373655,move,349,305,.!frame.!button
demo_session_03,29,1786094391.9873655,move,345,308,.!frame.!button
demo_session_03,29,1786094392.0373654,move,336,320,.!frame.!button
demo_session_03,29,1786094392.0873654,move,370,303,.!frame.!button
demo_session_03,29,1786094392.1819189,click,350,320,.!frame.!button
demo_session_03,30,1786094409.9739585,move,351,231,.!frame.!entry
demo_session_03,30,1786094410.0239584,move,345,231,.!frame.!entry
demo_session_03,30,1786094410.0739584,move,354,233,.!frame.!entry
demo_session_03,30,1786094410.1239583,move,335,252,.!frame.!entry
demo_session_03,30,1786094410.1739583,move,346,233,.!frame.!entry
demo_session_03,30,1786094410.2239583,move,344,233,.!frame.!entry
demo_session_03,30,1786094410.2739582,move,349,233,.!frame.!entry
demo_session_03,30,1786094410.3239582,move,349,217,.!frame.!entry
demo_session_03,30,1786094410.373958,move,343,231,.!frame.!entry
demo_session_03,30,1786094410.423958,move,336,229,.!frame.!entry
demo_session_03,30,1786094410.473958,move,350,230,.!frame.!entry
demo_session_03,30,1786094410.523958,move,352,225,.!frame.!entry
demo_session_03,30,1786094410.573958,move,345,229,.!frame.!entry
demo_session_03,30,1786094410.6239579,move,354,239,.!frame.!entry
demo_session_03,30,1786094410.6739578,move,347,236,.!frame.!entry
demo_session_03,30,1786094410.7239578,move,351,242,.!frame.!entry
demo_session_03,30,1786094410.7739577,move,345,247,.!frame.!entry
demo_session_03,30,1786094410.8239577,move,333,250,.!frame.!entry
demo_session_03,30,1786094410.8739576,move,355,243,.!frame.!entry
demo_session_03,30,1786094410.9239576,move,346,241,.!frame.!entry
demo_session_03,30,1786094410.9739575,move,342,247,.!frame.!entry
demo_session_03,30,1786094411.0239575,move,352,238,.!frame.!entry
demo_session_03,30,1786094411.0739574,move,351,240,.!frame.!entry
demo_session_03,30,1786094411.1239574,move,362,260,.!frame.!entry
demo_session_03,30,1786094411.1739573,move,360,258,.!frame.!entry
demo_session_03,30,1786094411.2239573,move,359,236,.!frame.!entry
demo_session_03,30,1786094411.2739573,move,350,254,.!frame.!entry
demo_session_03,30,1786094411.3239572,move,331,263,.!frame.!entry
demo_session_03,30,1786094411.3739572,move,364,243,.!frame.!entry
demo_session_03,30,1786094411.423957,move,341,246,.!frame.!entry
demo_session_03,30,1786094411.473957,move,343,255,.!frame.!entry
demo_session_03,30,1786094411.523957,move,323,238,.!frame.!entry
demo_session_03,30,1786094411.573957,move,344,253,.!frame.!entry
demo_session_03,30,1786094411.623957,move,353,259,.!frame.!entry
demo_session_03,30,1786094411.6739569,move,347,257,.!frame.!entry
demo_session_03,30,1786094411.7239568,move,343,260,.!frame.!entry
demo_session_03,30,1786094411.7739568,move,355,258,.!frame.!entry
demo_session_03,30,1786094411.8239567,move,328,249,.!frame.!entry
demo_session_03,30,1786094411.8739567,move,339,257,.!frame.!entry
demo_session_03,30,1786094411.9239566,move,328,276,.!frame.!entry
demo_session_03,30,1786094411.9739566,move,342,258,.!frame.!entry
demo_session_03,30,1786094412.0239565,move,359,262,.!frame.!entry
demo_session_03,30,1786094412.0739565,move,355,260,.!frame.!entry
demo_session_03,30,1786094412.1239564,move,348,270,.!frame.!entry
demo_session_03,30,1786094412.1739564,move,347,262,.!frame.!entry
demo_session_03,30,1786094412.2239563,move,344,256,.!frame.!entry
demo_session_03,30,1786094412.2739563,move,340,270,.!frame.!entry
demo_session_03,30,1786094412.3239563,move,351,263,.!frame.!entry
demo_session_03,30,1786094412.3739562,move,346,265,.!frame.!entry
demo_session_03,30,1786094412.4239562,move,345,264,.!frame.!entry
demo_session_03,30,1786094412.473956,move,339,273,.!frame.!entry
demo_session_03,30,1786094412.523956,move,362,270,.!frame.!entry
demo_session_03,30,1786094412.573956,move,356,272,.!frame.!entry
demo_session_03,30,1786094412.623956,move,344,257,.!frame.!entry
demo_session_03,30,1786094412.673956,move,344,281,.!frame.!entry
demo_session_03,30,1786094412.7239559,move,344,282,.!frame.!entry
demo_session_03,30,1786094412.7739558,move,364,280,.!frame.!entry
demo_session_03,30,1786094412.8239558,move,353,277,.!frame.!entry
demo_session_03,30,1786094412.8739557,move,341,280,.!frame.!entry
demo_session_03,30,1786094412.9239557,move,322,268,.!frame.!entry
demo_session_03,30,1786094412.9739556,move,349,277,.!frame.!entry
demo_session_03,30,1786094413.0239556,move,352,277,.!frame.!entry
demo_session_03,30,1786094413.0739555,move,344,297,.!frame.!entry
demo_session_03,30,1786094413.1239555,move,344,286,.!frame.!entry
demo_session_03,30,1786094413.1739554,move,340,288,.!frame.!entry
demo_session_03,30,1786094413.2239554,move,342,292,.!frame.!entry
demo_session_03,30,1786094413.2739553,move,345,270,.!frame.!entry
demo_session_03,30,1786094413.3239553,move,344,285,.!frame.!entry
demo_session_03,30,1786094413.3739552,move,351,275,.!frame.!entry
demo_session_03,30,1786094413.4239552,move,333,275,.!frame.!entry
demo_session_03,30,1786094413.4739552,move,362,285,.!frame.!entry
demo_session_03,30,1786094413.523955,move,347,280,.!frame.!entry
demo_session_03,30,1786094413.573955,move,364,293,.!frame.!entry
demo_session_03,30,1786094413.623955,move,354,275,.!frame.!entry
demo_session_03,30,1786094413.673955,move,346,284,.!frame.!entry
demo_session_03,30,1786094413.723955,move,344,297,.!frame.!entry
demo_session_03,30,1786094413.7739549,move,349,299,.!frame.!entry
demo_session_03,30,1786094413.8239548,move,346,298,.!frame.!button
demo_session_03,30,1786094413.8739548,move,345,286,.!frame.!button
demo_session_03,30,1786094413.9239547,move,349,290,.!frame.!button
demo_session_03,30,1786094413.9739547,move,344,301,.!frame.!button
demo_session_03,30,1786094414.0239546,move,358,295,.!frame.!button
demo_session_03,30,1786094414.0739546,move,360,309,.!frame.!button
demo_session_03,30,1786094414.1239545,move,351,304,.!frame.!button
demo_session_03,30,1786094414.1739545,move,351,309,.!frame.!button
demo_session_03,30,1786094414.2239544,move,350,285,.!frame.!button
demo_session_03,30,1786094414.2739544,move,359,307,.!frame.!button
demo_session_03,30,1786094414.3239543,move,338,295,.!frame.!button
demo_session_03,30,1786094414.3739543,move,360,304,.!frame.!button
demo_session_03,30,1786094414.4239542,move,352,301,.!frame.!button
demo_session_03,30,1786094414.4739542,move,356,306,.!frame.!button
demo_session_03,30,1786094414.5239542,move,350,314,.!frame.!button
demo_session_03,30,1786094414.573954,move,348,295,.!frame.!button
demo_session_03,30,1786094414.623954,move,358,303,.!frame.!button
demo_session_03,30,1786094414.673954,move,356,306,.!frame.!button
demo_session_03,30,1786094414.723954,move,356,301,.!frame.!button
demo_session_03,30,1786094414.773954,move,344,315,.!frame.!button
demo_session_03,30,1786094414.8239539,move,348,316,.!frame.!button
demo_session_03,30,1786094414.8739538,move,339,328,.!frame.!button
demo_session_03,30,1786094414.9239538,move,365,323,.!frame.!button
demo_session_03,30,1786094414.9739537,move,349,312,.!frame.!button
demo_session_03,30,1786094415.0239537,move,345,316,.!frame.!button
demo_session_03,30,1786094415.0739536,move,347,312,.!frame.!button
demo_session_03,30,1786094415.1239536,move,344,310,.!frame.!button
demo_session_03,30,1786094415.1739535,move,352,323,.!frame.!button
demo_session_03,30,1786094415.2239535,move,350,324,.!frame.!button
demo_session_03,30,1786094415.2739534,move,355,314,.!frame.!button
demo_session_03,30,1786094415.3239534,move,349,328,.!frame.!button
demo_session_03,30,1786094415.3739533,move,358,323,.!frame.!button
demo_session_03,30,1786094415.4239533,move,349,311,.!frame.!button
demo_session_03,30,1786094415.4878817,click,344,314,.!frame.!button
demo_session_03,31,1786094415.4878817,move,480,239,.!frame.!entry
demo_session_03,31,1786094415.5378816,move,501,221,.!frame.!entry
demo_session_03,31,1786094415.5878816,move,503,230,.!frame.!entry
demo_session_03,31,1786094415.6378815,move,486,221,.!frame.!entry
demo_session_03,31,1786094415.6878815,move,479,243,.!frame.!entry
demo_session_03,31,1786094415.7378814,move,482,236,.!frame.!entry
demo_session_03,31,1786094415.7878814,move,478,225,.!frame.!entry
demo_session_03,31,1786094415.8378813,move,459,238,.!frame.!entry
demo_session_03,31,1786094415.8878813,move,467,228,.!frame.!entry
demo_session_03,31,1786094415.9378812,move,465,220,.!frame.!entry
demo_session_03,31,1786094415.9878812,move,472,235,.!frame.!entry
demo_session_03,31,1786094416.0378811,move,465,225,.!frame.!entry
demo_session_03,31,1786094416.087881,move,460,232,.!frame.!entry
demo_session_03,31,1786094416.137881,move,477,225,.!frame.!entry
demo_session_03,31,1786094416.187881,move,453,236,.!frame.!entry
demo_session_03,31,1786094416.237881,move,457,227,.!frame.!entry
demo_session_03,31,1786094416.287881,move,460,211,.!frame.!entry
demo_session_03,31,1786094416.3378808,move,463,237,.!frame.!entry
demo_session_03,31,1786094416.3878808,move,452,243,.!frame.!entry
demo_session_03,31,1786094416.4378808,move,456,255,.!frame.!entry
demo_session_03,31,1786094416.4878807,move,456,246,.!frame.!entry
demo_session_03,31,1786094416.5378807,move,464,246,.!frame.!entry
demo_session_03,31,1786094416.5878806,move,454,244,.!frame.!entry
demo_session_03,31,1786094416.6378806,move,447,251,.!frame.!entry
demo_session_03,31,1786094416.6878805,move,441,228,.!frame.!entry
demo_session_03,31,1786094416.7378805,move,454,248,.!frame.!entry
demo_session_03,31,1786094416.7878804,move,453,257,.!frame.!entry
demo_session_03,31,1786094416.8378804,move,447,245,.!frame.!entry
demo_session_03,31,1786094416.8878803,move,448,236,.!frame.!entry
demo_session_03,31,1786094416.9378803,move,444,263,.!frame.!entry
demo_session_03,31,1786094416.9878802,move,448,249,.!frame.!entry
demo_session_03,31,1786094417.0378802,move,429,240,.!frame.!entry
demo_session_03,31,1786094417.0878801,move,428,260,.!frame.!entry
demo_session_03,31,1786094417.13788,move,457,245,.!frame.!entry
demo_session_03,31,1786094417.18788,move,449,258,.!frame.!entry
demo_session_03,31,1786094417.23788,move,434,253,.!frame.!entry
demo_session_03,31,1786094417.28788,move,433,248,.!frame.!entry
demo_session_03,31,1786094417.33788,move,443,248,.!frame.!entry
demo_session_03,31,1786094417.3878798,move,431,244,.!frame.!entry
demo_session_03,31,1786094417.4378798,move,431,255,.!frame.!entry
demo_session_03,31,1786094417.4878798,move,433,266,.!frame.!entry
demo_session_03,31,1786094417.5378797,move,430,258,.!frame.!entry
demo_session_03,31,1786094417.5878797,move,432,266,.!frame.!entry
demo_session_03,31,1786094417.6378796,move,417,273,.!frame.!entry
demo_session_03,31,1786094417.6878796,move,426,271,.!frame.!entry
demo_session_03,31,1786094417.7378795,move,425,253,.!frame.!entry
demo_session_03,31,1786094417.7878795,move,414,259,.!frame.!entry
demo_session_03,31,1786094417.8378794,move,405,255,.!frame.!entry
demo_session_03,31,1786094417.8878794,move,408,261,.!frame.!entry
demo_session_03,31,1786094417.9378793,move,422,278,.!frame.!entry
demo_session_03,31,1786094417.9878793,move,407,272,.!frame.!entry
demo_session_03,31,1786094418.0378792,move,412,272,.!frame.!entry
demo_session_03,31,1786094418.0878792,move,417,273,.!frame.!entry
demo_session_03,31,1786094418.1378791,move,422,270,.!frame.!entry
demo_session_03,31,1786094418.187879,move,388,279,.!frame.!entry
demo_session_03,31,1786094418.237879,move,426,283,.!frame.!entry
demo_session_03,31,1786094418.287879,move,414,275,.!frame.!entry
demo_session_03,31,1786094418.337879,move,399,289,.!frame.!entry
demo_session_03,31,1786094418.387879,move,403,285,.!frame.!entry
demo_session_03,31,1786094418.4378788,move,411,264,.!frame.!entry
demo_session_03,31,1786094418.4878788,move,416,269,.!frame.!entry
demo_session_03,31,1786094418.5378788,move,397,277,.!frame.!entry
demo_session_03,31,1786094418.5878787,move,395,283,.!frame.!entry
demo_session_03,31,1786094418.6378787,move,406,306,.!frame.!entry
demo_session_03,31,1786094418.6878786,move,407,281,.!frame.!entry
demo_session_03,31,1786094418.7378786,move,401,279,.!frame.!entry
demo_session_03,31,1786094418.7878785,move,384,299,.!frame.!entry
demo_session_03,31,1786094418.8378785,move,389,298,.!frame.!entry
demo_session_03,31,1786094418.8878784,move,391,289,.!frame.!entry
demo_session_03,31,1786094418.9378784,move,384,292,.!frame.!entry
demo_session_03,31,1786094418.9878783,move,375,305,.!frame.!entry
demo_session_03,31,1786094419.0378783,move,398,274,.!frame.!entry
demo_session_03,31,1786094419.0878782,move,401,277,.!frame.!button
demo_session_03,31,1786094419.1378782,move,393,295,.!frame.!button
demo_session_03,31,1786094419.1878781,move,373,270,.!frame.!button
demo_session_03,31,1786094419.237878,move,379,293,.!frame.!button
demo_session_03,31,1786094419.287878,move,386,295,.!frame.!button
demo_session_03,31,1786094419.337878,move,371,286,.!frame.!button
demo_session_03,31,1786094419.387878,move,400,293,.!frame.!button
demo_session_03,31,1786094419.437878,move,376,293,.!frame.!button
demo_session_03,31,1786094419.4878778,move,386,298,.!frame.!button
demo_session_03,31,1786094419.5378778,move,385,303,.!frame.!button
demo_session_03,31,1786094419.5878778,move,367,316,.!frame.!button
demo_session_03,31,1786094419.6378777,move,378,293,.!frame.!button
demo_session_03,31,1786094419.6878777,move,369,319,.!frame.!button
demo_session_03,31,1786094419.7378776,move,367,300,.!frame.!button
demo_session_03,31,1786094419.7878776,move,363,307,.!frame.!button
demo_session_03,31,1786094419.8378775,move,361,309,.!frame.!button
demo_session_03,31,1786094419.8878775,move,363,310,.!frame.!button
demo_session_03,31,1786094419.9378774,move,363,292,.!frame.!button
demo_session_03,31,1786094419.9878774,move,380,293,.!frame.!button
demo_session_03,31,1786094420.0378773,move,363,319,.!frame.!button
demo_session_03,31,1786094420.0878773,move,350,301,.!frame.!button
demo_session_03,31,1786094420.1378772,move,379,304,.!frame.!button
demo_session_03,31,1786094420.1878772,move,348,328,.!frame.!button
demo_session_03,31,1786094420.2378771,move,350,320,.!frame.!button
demo_session_03,31,1786094420.287877,move,344,309,.!frame.!button
demo_session_03,31,1786094420.337877,move,363,320,.!frame.!button
demo_session_03,31,1786094420.387877,move,345,318,.!frame.!button
demo_session_03,31,1786094420.437877,move,344,320,.!frame.!button
demo_session_03,31,1786094420.487877,move,352,310,.!frame.!button
demo_session_03,31,1786094420.5378768,move,361,312,.!frame.!button
demo_session_03,31,1786094420.5878768,move,357,317,.!frame.!button
demo_session_03,31,1786094420.656603,click,349,319,.!frame.!button
demo_session_03,32,1786094420.656603,move,426,189,.!frame.!entry
demo_session_03,32,1786094420.706603,move,414,188,.!frame.!entry
demo_session_03,32,1786094420.756603,move,410,206,.!frame.!entry
demo_session_03,32,1786094420.806603,move,413,192,.!frame.!entry
demo_session_03,32,1786094420.856603,move,428,188,.!frame.!entry
demo_session_03,32,1786094420.9066029,move,405,190,.!frame.!entry
demo_session_03,32,1786094420.9566028,move,422,196,.!frame.!entry
demo_session_03,32,1786094421.0066028,move,414,193,.!frame.!entry
demo_session_03,32,1786094421.0566027,move,422,194,.!frame.!entry
demo_session_03,32,1786094421.1066027,move,418,199,.!frame.!entry
demo_session_03,32,1786094421.1566026,move,408,203,.!frame.!entry
demo_session_03,32,1786094421.2066026,move,415,185,.!frame.!entry
demo_session_03,32,1786094421.2566025,move,411,197,.!frame.!entry
demo_session_03,32,1786094421.3066025,move,414,198,.!frame.!entry
demo_session_03,32,1786094421.3566024,move,418,197,.!frame.!entry
demo_session_03,32,1786094421.4066024,move,414,203,.!frame.!entry
demo_session_03,32,1786094421.4566023,move,406,199,.!frame.!entry
demo_session_03,32,1786094421.5066023,move,408,204,.!frame.!entry
demo_session_03,32,1786094421.5566022,move,413,199,.!frame.!entry
demo_session_03,32,1786094421.6066022,move,407,214,.!frame.!entry
demo_session_03,32,1786094421.6566021,move,410,220,.!frame.!entry
demo_session_03,32,1786094421.706602,move,415,203,.!frame.!entry
demo_session_03,32,1786094421.756602,move,410,201,.!frame.!entry
demo_session_03,32,1786094421.806602,move,403,217,.!frame.!entry
demo_session_03,32,1786094421.856602,move,407,217,.!frame.!entry
demo_session_03,32,1786094421.906602,move,391,211,.!frame.!entry
demo_session_03,32,1786094421.9566019,move,404,221,.!frame.!entry
demo_session_03,32,1786094422.0066018,move,392,216,.!frame.!entry
demo_session_03,32,1786094422.0566018,move,401,216,.!frame.!entry
demo_session_03,32,1786094422.1066017,move,407,219,.!frame.!entry
demo_session_03,32,1786094422.1566017,move,397,230,.!frame.!entry
demo_session_03,32,1786094422.2066016,move,405,224,.!frame.!entry
demo_session_03,32,1786094422.2566016,move,401,213,.!frame.!entry
demo_session_03,32,1786094422.3066015,move,403,224,.!frame.!entry
demo_session_03,32,1786094422.3566015,move,394,217,.!frame.!entry
demo_session_03,32,1786094422.4066014,move,387,223,.!frame.!entry
demo_session_03,32,1786094422.4566014,move,399,246,.!frame.!entry
demo_session_03,32,1786094422.5066013,move,397,225,.!frame.!entry
demo_session_03,32,1786094422.5566013,move,404,232,.!frame.!entry
demo_session_03,32,1786094422.6066012,move,385,231,.!frame.!entry
demo_session_03,32,1786094422.6566012,move,395,227,.!frame.!entry
demo_session_03,32,1786094422.7066011,move,403,227,.!frame.!entry
demo_session_03,32,1786094422.756601,move,392,230,.!frame.!entry
demo_session_03,32,1786094422.806601,move,384,232,.!frame.!entry
demo_session_03,32,1786094422.856601,move,398,229,.!frame.!entry
demo_session_03,32,1786094422.906601,move,390,239,.!frame.!entry
demo_session_03,32,1786094422.956601,move,396,250,.!frame.!entry
demo_session_03,32,1786094423.0066009,move,389,242,.!frame.!entry
demo_session_03,32,1786094423.0566008,move,387,247,.!frame.!entry
demo_session_03,32,1786094423.1066008,move,397,246,.!frame.!entry
demo_session_03,32,1786094423.1566007,move,382,258,.!frame.!entry
demo_session_03,32,1786094423.2066007,move,388,239,.!frame.!entry
demo_session_03,32,1786094423.2566006,move,391,234,.!frame.!entry
demo_session_03,32,1786094423.3066006,move,389,254,.!frame.!entry
demo_session_03,32,1786094423.3566005,move,388,250,.!frame.!entry
demo_session_03,32,1786094423.4066005,move,390,252,.!frame.!entry
demo_session_03,32,1786094423.4566004,move,392,257,.!frame.!entry
demo_session_03,32,1786094423.5066004,move,373,251,.!frame.!entry
demo_session_03,32,1786094423.5566003,move,381,269,.!frame.!entry
demo_session_03,32,1786094423.6066003,move,377,256,.!frame.!entry
demo_session_03,32,1786094423.6566002,move,379,258,.!frame.!entry
demo_session_03,32,1786094423.7066002,move,384,249,.!frame.!entry
demo_session_03,32,1786094423.7566001,move,367,266,.!frame.!entry
demo_session_03,32,1786094423.8066,move,377,249,.!frame.!entry
demo_session_03,32,1786094423.8566,move,387,255,.!frame.!entry
demo_session_03,32,1786094423.9066,move,369,265,.!frame.!entry
demo_session_03,32,1786094423.9566,move,381,266,.!frame.!entry
demo_session_03,32,1786094424.0066,move,385,263,.!frame.!entry
demo_session_03,32,1786094424.0565999,move,380,260,.!frame.!entry
demo_session_03,32,1786094424.1065998,move,374,258,.!frame.!entry
demo_session_03,32,1786094424.1565998,move,391,285,.!frame.!entry
demo_session_03,32,1786094424.2065997,move,377,280,.!frame.!entry
demo_session_03,32,1786094424.2565997,move,369,279,.!frame.!entry
demo_session_03,32,1786094424.3065996,move,373,265,.!frame.!entry
demo_session_03,32,1786094424.3565996,move,377,276,.!frame.!entry
demo_session_03,32,1786094424.4065995,move,374,282,.!frame.!entry
demo_session_03,32,1786094424.4565995,move,366,285,.!frame.!button
demo_session_03,32,1786094424.5065994,move,369,288,.!frame.!button
demo_session_03,32,1786094424.5565994,move,367,281,.!frame.!button
demo_session_03,32,1786094424.6065993,move,389,279,.!frame.!button
demo_session_03,32,1786094424.6565993,move,368,280,.!frame.!button
demo_session_03,32,1786094424.7065992,move,386,294,.!frame.!button
demo_session_03,32,1786094424.7565992,move,363,295,.!frame.!button
demo_session_03,32,1786094424.8065991,move,360,285,.!frame.!button
demo_session_03,32,1786094424.856599,move,361,276,.!frame.!button
demo_session_03,32,1786094424.906599,move,369,278,.!frame.!button
demo_session_03,32,1786094424.956599,move,363,290,.!frame.!button
demo_session_03,32,1786094425.006599,move,359,296,.!frame.!button
demo_session_03,32,1786094425.056599,move,377,301,.!frame.!button
demo_session_03,32,1786094425.1065989,move,365,301,.!frame.!button
demo_session_03,32,1786094425.1565988,move,364,296,.!frame.!button
demo_session_03,32,1786094425.2065988,move,372,303,.!frame.!button
demo_session_03,32,1786094425.2565987,move,367,304,.!frame.!button
demo_session_03,32,1786094425.3065987,move,349,304,.!frame.!button
demo_session_03,32,1786094425.3565986,move,355,303,.!frame.!button
demo_session_03,32,1786094425.4065986,move,362,293,.!frame.!button
demo_session_03,32,1786094425.4565985,move,358,308,.!frame.!button
demo_session_03,32,1786094425.5065985,move,345,308,.!frame.!button
demo_session_03,32,1786094425.5565984,move,357,320,.!frame.!button
demo_session_03,32,1786094425.6065984,move,349,298,.!frame.!button
demo_session_03,32,1786094425.6565983,move,341,302,.!frame.!button
demo_session_03,32,1786094425.7065983,move,359,290,.!frame.!button
demo_session_03,32,1786094425.7565982,move,366,310,.!frame.!button
demo_session_03,32,1786094425.8065982,move,354,316,.!frame.!button
demo_session_03,32,1786094425.8565981,move,346,312,.!frame.!button
demo_session_03,32,1786094425.906598,move,357,314,.!frame.!button
demo_session_03,32,1786094425.956598,move,343,326,.!frame.!button
demo_session_03,32,1786094426.006598,move,342,335,.!frame.!button
demo_session_03,32,1786094426.056598,move,354,320,.!frame.!button
demo_session_03,32,1786094426.1474943,click,359,329,.!frame.!button
demo_session_03,33,1786094426.1474943,move,442,266,.!frame.!entry
demo_session_03,33,1786094426.1974943,move,451,265,.!frame.!entry
demo_session_03,33,1786094426.2474942,move,441,263,.!frame.!entry
demo_session_03,33,1786094426.2974942,move,426,275,.!frame.!entry
demo_session_03,33,1786094426.3474941,move,427,263,.!frame.!entry
demo_session_03,33,1786094426.397494,move,424,250,.!frame.!entry
demo_session_03,33,1786094426.447494,move,435,262,.!frame.!entry
demo_session_03,33,1786094426.497494,move,436,252,.!frame.!entry
demo_session_03,33,1786094426.547494,move,441,259,.!frame.!entry
demo_session_03,33,1786094426.597494,move,431,252,.!frame.!entry
demo_session_03,33,1786094426.6474938,move,435,264,.!frame.!entry
demo_session_03,33,1786094426.6974938,move,443,270,.!frame.!entry
demo_session_03,33,1786094426.7474937,move,434,263,.!frame.!entry
demo_session_03,33,1786094426.7974937,move,428,267,.!frame.!entry
demo_session_03,33,1786094426.8474936,move,426,271,.!frame.!entry
demo_session_03,33,1786094426.8974936,move,439,271,.!frame.!entry
demo_session_03,33,1786094426.9474936,move,443,271,.!frame.!entry
demo_session_03,33,1786094426.9974935,move,424,260,.!frame.!entry
demo_session_03,33,1786094427.0474935,move,427,268,.!frame.!entry
demo_session_03,33,1786094427.0974934,move,421,270,.!frame.!entry
demo_session_03,33,1786094427.1474934,move,420,274,.!frame.!entry
demo_session_03,33,1786094427.1974933,move,415,267,.!frame.!entry
demo_session_03,33,1786094427.2474933,move,427,264,.!frame.!entry
demo_session_03,33,1786094427.2974932,move,447,269,.!frame.!entry
demo_session_03,33,1786094427.3474932,move,415,263,.!frame.!entry
demo_session_03,33,1786094427.3974931,move,418,266,.!frame.!entry
demo_session_03,33,1786094427.447493,move,441,279,.!frame.!entry
demo_session_03,33,1786094427.497493,move,416,267,.!frame.!entry
demo_session_03,33,1786094427.547493,move,427,270,.!frame.!entry
demo_session_03,33,1786094427.597493,move,427,266,.!frame.!entry
demo_session_03,33,1786094427.647493,move,425,277,.!frame.!entry
demo_session_03,33,1786094427.6974928,move,414,270,.!frame.!entry
demo_session_03,33,1786094427.7474928,move,426,275,.!frame.!entry
demo_session_03,33,1786094427.7974927,move,406,263,.!frame.!entry
demo_session_03,33,1786094427.8474927,move,410,276,.!frame.!entry
demo_session_03,33,1786094427.8974926,move,417,277,.!frame.!entry
demo_session_03,33,1786094427.9474926,move,401,265,.!frame.!entry
demo_session_03,33,1786094427.9974926,move,401,273,.!frame.!entry
demo_session_03,33,1786094428.0474925,move,397,277,.!frame.!entry
demo_session_03,33,1786094428.0974925,move,412,260,.!frame.!entry
demo_session_03,33,1786094428.1474924,move,421,298,.!frame.!entry
demo_session_03,33,1786094428.1974924,move,410,280,.!frame.!entry
demo_session_03,33,1786094428.2474923,move,423,268,.!frame.!entry
demo_session_03,33,1786094428.2974923,move,407,300,.!frame.!entry
demo_session_03,33,1786094428.3474922,move,404,268,.!frame.!entry
demo_session_03,33,1786094428.3974922,move,413,283,.!frame.!entry
demo_session_03,33,1786094428.4474921,move,404,278,.!frame.!entry
demo_session_03,33,1786094428.497492,move,384,289,.!frame.!entry
demo_session_03,33,1786094428.547492,move,406,288,.!frame.!entry
demo_session_03,33,1786094428.597492,move,408,285,.!frame.!entry
demo_session_03,33,1786094428.647492,move,405,287,.!frame.!entry
demo_session_03,33,1786094428.697492,move,385,269,.!frame.!entry
demo_session_03,33,1786094428.7474918,move,395,289,.!frame.!entry
demo_session_03,33,1786094428.7974918,move,403,282,.!frame.!entry
demo_session_03,33,1786094428.8474917,move,397,277,.!frame.!entry
demo_session_03,33,1786094428.8974917,move,390,284,.!frame.!entry
demo_session_03,33,1786094428.9474916,move,403,292,.!frame.!entry
demo_session_03,33,1786094428.9974916,move,402,295,.!frame.!entry
demo_session_03,33,1786094429.0474916,move,408,286,.!frame.!entry
demo_session_03,33,1786094429.0974915,move,397,290,.!frame.!entry
demo_session_03,33,1786094429.1474915,move,401,274,.!frame.!entry
demo_session_03,33,1786094429.1974914,move,402,287,.!frame.!entry
demo_session_03,33,1786094429.2474914,move,408,303,.!frame.!entry
demo_session_03,33,1786094429.2974913,move,397,291,.!frame.!entry
demo_session_03,33,1786094429.3474913,move,401,277,.!frame.!entry
demo_session_03,33,1786094429.3974912,move,380,283,.!frame.!entry
demo_session_03,33,1786094429.4474912,move,405,296,.!frame.!entry
demo_session_03,33,1786094429.4974911,move,402,290,.!frame.!entry
demo_session_03,33,1786094429.547491,move,414,303,.!frame.!entry
demo_session_03,33,1786094429.597491,move,401,289,.!frame.!entry
demo_session_03,33,1786094429.647491,move,395,302,.!frame.!entry
demo_session_03,33,1786094429.697491,move,392,289,.!frame.!entry
demo_session_03,33,1786094429.747491,move,382,295,.!frame.!entry
demo_session_03,33,1786094429.7974908,move,402,297,.!frame.!entry
demo_session_03,33,1786094429.8474908,move,391,290,.!frame.!entry
demo_session_03,33,1786094429.8974907,move,371,296,.!frame.!entry
demo_session_03,33,1786094429.9474907,move,394,282,.!frame.!entry
demo_session_03,33,1786094429.9974906,move,380,273,.!frame.!entry
demo_session_03,33,1786094430.0474906,move,388,309,.!frame.!entry
demo_session_03,33,1786094430.0974905,move,382,297,.!frame.!entry
demo_session_03,33,1786094430.1474905,move,387,296,.!frame.!entry
demo_session_03,33,1786094430.1974905,move,390,298,.!frame.!entry
demo_session_03,33,1786094430.2474904,move,379,313,.!frame.!entry
demo_session_03,33,1786094430.2974904,move,382,297,.!frame.!entry
demo_session_03,33,1786094430.3474903,move,385,299,.!frame.!entry
demo_session_03,33,1786094430.3974903,move,392,308,.!frame.!entry
demo_session_03,33,1786094430.4474902,move,377,287,.!frame.!entry
demo_session_03,33,1786094430.4974902,move,386,300,.!frame.!entry
demo_session_03,33,1786094430.5474901,move,389,292,.!frame.!entry
demo_session_03,33,1786094430.59749,move,378,281,.!frame.!entry
demo_session_03,33,1786094430.64749,move,372,292,.!frame.!entry
demo_session_03,33,1786094430.69749,move,379,296,.!frame.!entry
demo_session_03,33,1786094430.74749,move,372,314,.!frame.!entry
demo_session_03,33,1786094430.79749,move,371,308,.!frame.!entry
demo_session_03,33,1786094430.8474898,move,377,301,.!frame.!button
demo_session_03,33,1786094430.8974898,move,374,305,.!frame.!button
demo_session_03,33,1786094430.9474897,move,374,301,.!frame.!button
demo_session_03,33,1786094430.9974897,move,387,295,.!frame.!button
demo_session_03,33,1786094431.0474896,move,376,310,.!frame.!button
demo_session_03,33,1786094431.0974896,move,384,302,.!frame.!button
demo_session_03,33,1786094431.1474895,move,357,303,.!frame.!button
demo_session_03,33,1786094431.1974895,move,363,303,.!frame.!button
demo_session_03,33,1786094431.2474895,move,384,312,.!frame.!button
demo_session_03,33,1786094431.2974894,move,389,300,.!frame.!button
demo_session_03,33,1786094431.3474894,move,384,304,.!frame.!button
demo_session_03,33,1786094431.3974893,move,371,314,.!frame.!button
demo_session_03,33,1786094431.4474893,move,376,315,.!frame.!button
demo_session_03,33,1786094431.4974892,move,374,315,.!frame.!button
demo_session_03,33,1786094431.5474892,move,361,310,.!frame.!button
demo_session_03,33,1786094431.597489,move,356,302,.!frame.!button
demo_session_03,33,1786094431.647489,move,355,310,.!frame.!button
demo_session_03,33,1786094431.697489,move,369,314,.!frame.!button
demo_session_03,33,1786094431.747489,move,387,304,.!frame.!button
demo_session_03,33,1786094431.797489,move,361,319,.!frame.!button
demo_session_03,33,1786094431.8474889,move,356,315,.!frame.!button
demo_session_03,33,1786094431.8974888,move,360,305,.!frame.!button
demo_session_03,33,1786094431.9474888,move,375,309,.!frame.!button
demo_session_03,33,1786094431.9974887,move,373,309,.!frame.!button
demo_session_03,33,1786094432.0474887,move,364,326,.!frame.!button
demo_session_03,33,1786094432.0974886,move,381,313,.!frame.!button
demo_session_03,33,1786094432.1474886,move,344,317,.!frame.!button
demo_session_03,33,1786094432.1974885,move,353,318,.!frame.!button
demo_session_03,33,1786094432.2474885,move,363,302,.!frame.!button
demo_session_03,33,1786094432.2974885,move,363,321,.!frame.!button
demo_session_03,33,1786094432.3474884,move,368,321,.!frame.!button
demo_session_03,33,1786094432.3974884,move,351,318,.!frame.!button
demo_session_03,33,1786094432.4474883,move,348,315,.!frame.!button
demo_session_03,33,1786094432.4974883,move,341,320,.!frame.!button
demo_session_03,33,1786094432.5474882,move,340,314,.!frame.!button
demo_session_03,33,1786094432.5974882,move,353,323,.!frame.!button
demo_session_03,33,1786094432.647488,move,350,318,.!frame.!button
demo_session_03,33,1786094432.697488,move,371,319,.!frame.!button
demo_session_03,33,1786094432.747488,move,361,317,.!frame.!button
demo_session_03,33,1786094432.797488,move,334,311,.!frame.!button
demo_session_03,33,1786094432.883381,click,347,317,.!frame.!button
demo_session_03,34,1786094432.883381,move,196,180,.!frame.!entry
demo_session_03,34,1786094432.9333808,move,191,188,.!frame.!entry
demo_session_03,34,1786094432.9833808,move,186,192,.!frame.!entry
demo_session_03,34,1786094433.0333807,move,194,205,.!frame.!entry
demo_session_03,34,1786094433.0833807,move,185,178,.!frame.!entry
demo_session_03,34,1786094433.1333807,move,197,185,.!frame.!entry
demo_session_03,34,1786094433.1833806,move,228,214,.!frame.!entry
demo_session_03,34,1786094433.2333806,move,216,195,.!frame.!entry
demo_session_03,34,1786094433.2833805,move,218,184,.!frame.!entry
demo_session_03,34,1786094433.3333805,move,202,200,.!frame.!entry
demo_session_03,34,1786094433.3833804,move,208,190,.!frame.!entry
demo_session_03,34,1786094433.4333804,move,216,203,.!frame.!entry
demo_session_03,34,1786094433.4833803,move,206,186,.!frame.!entry
demo_session_03,34,1786094433.5333803,move,215,195,.!frame.!entry
demo_session_03,34,1786094433.5833802,move,214,227,.!frame.!entry
demo_session_03,34,1786094433.6333802,move,226,203,.!frame.!entry
demo_session_03,34,1786094433.6833801,move,223,188,.!frame.!entry
demo_session_03,34,1786094433.73338,move,207,198,.!frame.!entry
demo_session_03,34,1786094433.78338,move,231,187,.!frame.!entry
demo_session_03,34,1786094433.83338,move,221,197,.!frame.!entry
demo_session_03,34,1786094433.88338,move,219,193,.!frame.!entry
demo_session_03,34,1786094433.93338,move,214,210,.!frame.!entry
demo_session_03,34,1786094433.9833798,move,237,197,.!frame.!entry
demo_session_03,34,1786094434.0333798,move,226,198,.!frame.!entry
demo_session_03,34,1786094434.0833797,move,237,198,.!frame.!entry
demo_session_03,34,1786094434.1333797,move,224,210,.!frame.!entry
demo_session_03,34,1786094434.1833797,move,227,218,.!frame.!entry
demo_session_03,34,1786094434.2333796,move,236,200,.!frame.!entry
demo_session_03,34,1786094434.2833796,move,234,223,.!frame.!entry
demo_session_03,34,1786094434.3333795,move,246,210,.!frame.!entry
demo_session_03,34,1786094434.3833795,move,225,218,.!frame.!entry
demo_session_03,34,1786094434.4333794,move,226,187,.!frame.!entry
demo_session_03,34,1786094434.4833794,move,230,231,.!frame.!entry
demo_session_03,34,1786094434.5333793,move,239,220,.!frame.!entry
demo_session_03,34,1786094434.5833793,move,241,220,.!frame.!entry
demo_session_03,34,1786094434.6333792,move,247,225,.!frame.!entry
demo_session_03,34,1786094434.6833792,move,235,212,.!frame.!entry
demo_session_03,34,1786094434.7333791,move,235,219,.!frame.!entry
demo_session_03,34,1786094434.783379,move,236,217,.!frame.!entry
demo_session_03,34,1786094434.833379,move,237,226,.!frame.!entry
demo_session_03,34,1786094434.883379,move,229,205,.!frame.!entry
demo_session_03,34,1786094434.933379,move,244,215,.!frame.!entry
demo_session_03,34,1786094434.983379,move,251,230,.!frame.!entry
demo_session_03,34,1786094435.0333788,move,261,218,.!frame.!entry
demo_session_03,34,1786094435.0833788,move,260,228,.!frame.!entry
demo_session_03,34,1786094435.1333787,move,258,231,.!frame.!entry
demo_session_03,34,1786094435.1833787,move,278,230,.!frame.!entry
demo_session_03,34,1786094435.2333786,move,244,237,.!frame.!entry
demo_session_03,34,1786094435.2833786,move,264,220,.!frame.!entry
demo_session_03,34,1786094435.3333786,move,244,226,.!frame.!entry
demo_session_03,34,1786094435.3833785,move,254,217,.!frame.!entry
demo_session_03,34,1786094435.4333785,move,257,242,.!frame.!entry
demo_session_03,34,1786094435.4833784,move,248,238,.!frame.!entry
demo_session_03,34,1786094435.5333784,move,253,236,.!frame.!entry
demo_session_03,34,1786094435.5833783,move,270,241,.!frame.!entry
demo_session_03,34,1786094435.6333783,move,277,229,.!frame.!entry
demo_session_03,34,1786094435.6833782,move,259,230,.!frame.!entry
demo_session_03,34,1786094435.7333782,move,257,229,.!frame.!entry
demo_session_03,34,1786094435.7833781,move,277,244,.!frame.!entry
demo_session_03,34,1786094435.833378,move,273,251,.!frame.!entry
demo_session_03,34,1786094435.883378,move,258,247,.!frame.!entry
demo_session_03,34,1786094435.933378,move,251,252,.!frame.!entry
demo_session_03,34,1786094435.983378,move,274,247,.!frame.!entry
demo_session_03,34,1786094436.033378,move,269,259,.!frame.!entry
demo_session_03,34,1786094436.0833778,move,257,255,.!frame.!entry
demo_session_03,34,1786094436.1333778,move,278,246,.!frame.!entry
demo_session_03,34,1786094436.1833777,move,268,251,.!frame.!entry
demo_session_03,34,1786094436.2333777,move,267,266,.!frame.!entry
demo_session_03,34,1786094436.2833776,move,265,236,.!frame.!entry
demo_session_03,34,1786094436.3333776,move,278,262,.!frame.!entry
demo_session_03,34,1786094436.3833776,move,282,263,.!frame.!entry
demo_session_03,34,1786094436.4333775,move,269,254,.!frame.!entry
demo_session_03,34,1786094436.4833775,move,279,263,.!frame.!entry
demo_session_03,34,1786094436.5333774,move,282,263,.!frame.!entry
demo_session_03,34,1786094436.5833774,move,273,258,.!frame.!entry
demo_session_03,34,1786094436.6333773,move,290,260,.!frame.!entry
demo_session_03,34,1786094436.6833773,move,298,264,.!frame.!entry
demo_session_03,34,1786094436.7333772,move,297,253,.!frame.!entry
demo_session_03,34,1786094436.7833772,move,287,252,.!frame.!entry
demo_session_03,34,1786094436.8333771,move,283,261,.!frame.!entry
demo_session_03,34,1786094436.883377,move,297,256,.!frame.!entry
demo_session_03,34,1786094436.933377,move,295,270,.!frame.!entry
demo_session_03,34,1786094436.983377,move,298,270,.!frame.!entry
demo_session_03,34,1786094437.033377,move,277,273,.!frame.!entry
demo_session_03,34,1786094437.083377,move,288,274,.!frame.!entry
demo_session_03,34,1786094437.1333768,move,286,273,.!frame.!entry
demo_session_03,34,1786094437.1833768,move,286,269,.!frame.!entry
demo_session_03,34,1786094437.2333767,move,297,262,.!frame.!entry
demo_session_03,34,1786094437.2833767,move,300,274,.!frame.!entry
demo_session_03,34,1786094437.3333766,move,296,278,.!frame.!entry
demo_session_03,34,1786094437.3833766,move,293,289,.!frame.!entry
demo_session_03,34,1786094437.4333766,move,292,276,.!frame.!entry
demo_session_03,34,1786094437.4833765,move,290,262,.!frame.!entry
demo_session_03,34,1786094437.5333765,move,303,284,.!frame.!entry
demo_session_03,34,1786094437.5833764,move,313,285,.!frame.!button
demo_session_03,34,1786094437.6333764,move,300,293,.!frame.!button
demo_session_03,34,1786094437.6833763,move,316,274,.!frame.!button
demo_session_03,34,1786094437.7333763,move,299,277,.!frame.!button
demo_session_03,34,1786094437.7833762,move,320,279,.!frame.!button
demo_session_03,34,1786094437.8333762,move,313,283,.!frame.!button
demo_session_03,34,1786094437.8833761,move,309,275,.!frame.!button
demo_session_03,34,1786094437.933376,move,311,301,.!frame.!button
demo_session_03,34,1786094437.983376,move,326,285,.!frame.!button
demo_session_03,34,1786094438.033376,move,322,296,.!frame.!button
demo_session_03,34,1786094438.083376,move,315,288,.!frame.!button
demo_session_03,34,1786094438.133376,move,314,303,.!frame.!button
demo_session_03,34,1786094438.1833758,move,333,286,.!frame.!button
demo_session_03,34,1786094438.2333758,move,304,273,.!frame.!button
demo_session_03,34,1786094438.2833757,move,326,302,.!frame.!button
demo_session_03,34,1786094438.3333757,move,313,302,.!frame.!button
demo_session_03,34,1786094438.3833756,move,322,295,.!frame.!button
demo_session_03,34,1786094438.4333756,move,319,294,.!frame.!button
demo_session_03,34,1786094438.4833755,move,312,307,.!frame.!button
demo_session_03,34,1786094438.5333755,move,326,298,.!frame.!button
demo_session_03,34,1786094438.5833755,move,337,287,.!frame.!button
demo_session_03,34,1786094438.6333754,move,332,322,.!frame.!button
demo_session_03,34,1786094438.6833754,move,304,291,.!frame.!button
demo_session_03,34,1786094438.7333753,move,332,305,.!frame.!button
demo_session_03,34,1786094438.7833753,move,325,310,.!frame.!button
demo_session_03,34,1786094438.8333752,move,330,307,.!frame.!button
demo_session_03,34,1786094438.8833752,move,328,326,.!frame.!button
demo_session_03,34,1786094438.9333751,move,358,310,.!frame.!button
demo_session_03,34,1786094438.983375,move,346,294,.!frame.!button
demo_session_03,34,1786094439.033375,move,338,325,.!frame.!button
demo_session_03,34,1786094439.083375,move,349,306,.!frame.!button
demo_session_03,34,1786094439.133375,move,325,310,.!frame.!button
demo_session_03,34,1786094439.183375,move,334,313,.!frame.!button
demo_session_03,34,1786094439.2333748,move,339,313,.!frame.!button
demo_session_03,34,1786094439.2833748,move,337,310,.!frame.!button
demo_session_03,34,1786094439.3333747,move,329,330,.!frame.!button
demo_session_03,34,1786094439.3833747,move,355,316,.!frame.!button
demo_session_03,34,1786094439.4333746,move,355,336,.!frame.!button
demo_session_03,34,1786094439.4833746,move,335,318,.!frame.!button
demo_session_03,34,1786094439.5333745,move,331,317,.!frame.!button
demo_session_03,34,1786094439.6056955,click,351,321,.!frame.!button
demo_session_03,35,1786094439.6056955,move,165,393,.!frame.!entry
demo_session_03,35,1786094439.6556954,move,165,388,.!frame.!entry
demo_session_03,35,1786094439.7056954,move,164,388,.!frame.!entry
demo_session_03,35,1786094439.7556953,move,172,378,.!frame.!entry
demo_session_03,35,1786094439.8056953,move,172,375,.!frame.!entry
demo_session_03,35,1786094439.8556952,move,178,376,.!frame.!entry
demo_session_03,35,1786094439.9056952,move,186,391,.!frame.!entry
demo_session_03,35,1786094439.9556952,move,173,367,.!frame.!entry
demo_session_03,35,1786094440.005695,move,187,383,.!frame.!entry
demo_session_03,35,1786094440.055695,move,194,382,.!frame.!entry
demo_session_03,35,1786094440.105695,move,181,385,.!frame.!entry
demo_session_03,35,1786094440.155695,move,189,383,.!frame.!entry
demo_session_03,35,1786094440.205695,move,197,383,.!frame.!entry
demo_session_03,35,1786094440.2556949,move,188,391,.!frame.!entry
demo_session_03,35,1786094440.3056948,move,183,374,.!frame.!entry
demo_session_03,35,1786094440.3556948,move,187,385,.!frame.!entry
demo_session_03,35,1786094440.4056947,move,192,396,.!frame.!entry
demo_session_03,35,1786094440.4556947,move,182,375,.!frame.!entry
demo_session_03,35,1786094440.5056946,move,173,370,.!frame.!entry
demo_session_03,35,1786094440.5556946,move,203,398,.!frame.!entry
demo_session_03,35,1786094440.6056945,move,203,372,.!frame.!entry
demo_session_03,35,1786094440.6556945,move,194,384,.!frame.!entry
demo_session_03,35,1786094440.7056944,move,206,388,.!frame.!entry
demo_session_03,35,1786094440.7556944,move,199,363,.!frame.!entry
demo_session_03,35,1786094440.8056943,move,199,384,.!frame.!entry
demo_session_03,35,1786094440.8556943,move,199,381,.!frame.!entry
demo_session_03,35,1786094440.9056942,move,213,371,.!frame.!entry
demo_session_03,35,1786094440.9556942,move,198,392,.!frame.!entry
demo_session_03,35,1786094441.0056942,move,197,386,.!frame.!entry
demo_session_03,35,1786094441.055694,move,208,366,.!frame.!entry
demo_session_03,35,1786094441.105694,move,197,383,.!frame.!entry
demo_session_03,35,1786094441.155694,move,201,372,.!frame.!entry
demo_session_03,35,1786094441.205694,move,195,383,.!frame.!entry
demo_session_03,35,1786094441.255694,move,205,370,.!frame.!entry
demo_session_03,35,1786094441.3056939,move,215,370,.!frame.!entry
demo_session_03,35,1786094441.3556938,move,218,376,.!frame.!entry
demo_session_03,35,1786094441.4056938,move,205,356,.!frame.!entry
demo_session_03,35,1786094441.4556937,move,210,372,.!frame.!entry
demo_session_03,35,1786094441.5056937,move,208,371,.!frame.!entry
demo_session_03,35,1786094441.5556936,move,216,372,.!frame.!entry
demo_session_03,35,1786094441.6056936,move,211,355,.!frame.!entry
demo_session_03,35,1786094441.6556935,move,211,368,.!frame.!entry
demo_session_03,35,1786094441.7056935,move,216,364,.!frame.!entry
demo_session_03,35,1786094441.7556934,move,203,354,.!frame.!entry
demo_session_03,35,1786094441.8056934,move,225,386,.!frame.!entry
demo_session_03,35,1786094441.8556933,move,221,354,.!frame.!entry
demo_session_03,35,1786094441.9056933,move,214,373,.!frame.!entry
demo_session_03,35,1786094441.9556932,move,239,367,.!frame.!entry
demo_session_03,35,1786094442.0056932,move,236,353,.!frame.!entry
demo_session_03,35,1786094442.0556931,move,228,361,.!frame.!entry
demo_session_03,35,1786094442.105693,move,229,354,.!frame.!entry
demo_session_03,35,1786094442.155693,move,235,360,.!frame.!entry
demo_session_03,35,1786094442.205693,move,230,389,.!frame.!entry
demo_session_03,35,1786094442.255693,move,231,357,.!frame.!entry
demo_session_03,35,1786094442.305693,move,218,351,.!frame.!entry
demo_session_03,35,1786094442.3556929,move,242,347,.!frame.!entry
demo_session_03,35,1786094442.4056928,move,237,351,.!frame.!entry
demo_session_03,35,1786094442.4556928,move,253,357,.!frame.!entry
demo_session_03,35,1786094442.5056927,move,239,359,.!frame.!entry
demo_session_03,35,1786094442.5556927,move,244,359,.!frame.!entry
demo_session_03,35,1786094442.6056926,move,240,339,.!frame.!entry
demo_session_03,35,1786094442.6556926,move,239,355,.!frame.!entry
demo_session_03,35,1786094442.7056925,move,245,351,.!frame.!entry
demo_session_03,35,1786094442.7556925,move,230,346,.!frame.!entry
demo_session_03,35,1786094442.8056924,move,248,361,.!frame.!entry
demo_session_03,35,1786094442.8556924,move,249,360,.!frame.!entry
demo_session_03,35,1786094442.9056923,move,243,352,.!frame.!entry
demo_session_03,35,1786094442.9556923,move,258,353,.!frame.!entry
demo_session_03,35,1786094443.0056922,move,250,356,.!frame.!entry
demo_session_03,35,1786094443.0556922,move,266,362,.!frame.!entry
demo_session_03,35,1786094443.1056921,move,256,352,.!frame.!entry
demo_session_03,35,1786094443.155692,move,244,358,.!frame.!entry
demo_session_03,35,1786094443.205692,move,264,351,.!frame.!entry
demo_session_03,35,1786094443.255692,move,262,358,.!frame.!entry
demo_session_03,35,1786094443.305692,move,256,355,.!frame.!entry
demo_session_03,35,1786094443.355692,move,275,347,.!frame.!entry
demo_session_03,35,1786094443.4056919,move,262,355,.!frame.!entry
demo_session_03,35,1786094443.4556918,move,273,349,.!frame.!entry
demo_session_03,35,1786094443.5056918,move,261,361,.!frame.!entry
demo_session_03,35,1786094443.5556917,move,265,336,.!frame.!entry
demo_session_03,35,1786094443.6056917,move,277,353,.!frame.!entry
demo_session_03,35,1786094443.6556916,move,244,335,.!frame.!entry
demo_session_03,35,1786094443.7056916,move,277,343,.!frame.!entry
demo_session_03,35,1786094443.7556915,move,275,360,.!frame.!entry
demo_session_03,35,1786094443.8056915,move,275,357,.!frame.!entry
demo_session_03,35,1786094443.8556914,move,286,350,.!frame.!entry
demo_session_03,35,1786094443.9056914,move,271,339,.!frame.!entry
demo_session_03,35,1786094443.9556913,move,280,370,.!frame.!entry
demo_session_03,35,1786094444.0056913,move,286,345,.!frame.!entry
demo_session_03,35,1786094444.0556912,move,283,348,.!frame.!entry
demo_session_03,35,1786094444.1056912,move,280,348,.!frame.!entry
demo_session_03,35,1786094444.1556911,move,281,355,.!frame.!entry
demo_session_03,35,1786094444.205691,move,276,361,.!frame.!entry
demo_session_03,35,1786094444.255691,move,296,343,.!frame.!entry
demo_session_03,35,1786094444.305691,move,284,337,.!frame.!entry
demo_session_03,35,1786094444.355691,move,285,360,.!frame.!entry
demo_session_03,35,1786094444.405691,move,290,345,.!frame.!entry
demo_session_03,35,1786094444.4556909,move,286,342,.!frame.!entry
demo_session_03,35,1786094444.5056908,move,297,346,.!frame.!entry
demo_session_03,35,1786094444.5556908,move,290,342,.!frame.!entry
demo_session_03,35,1786094444.6056907,move,291,340,.!frame.!entry
demo_session_03,35,1786094444.6556907,move,292,346,.!frame.!button
demo_session_03,35,1786094444.7056906,move,303,363,.!frame.!button
demo_session_03,35,1786094444.7556906,move,294,347,.!frame.!button
demo_session_03,35,1786094444.8056905,move,283,339,.!frame.!button
demo_session_03,35,1786094444.8556905,move,296,329,.!frame.!button
demo_session_03,35,1786094444.9056904,move,312,316,.!frame.!button
demo_session_03,35,1786094444.9556904,move,298,334,.!frame.!button
demo_session_03,35,1786094445.0056903,move,294,326,.!frame.!button
demo_session_03,35,1786094445.0556903,move,293,331,.!frame.!button
demo_session_03,35,1786094445.1056902,move,300,348,.!frame.!button
demo_session_03,35,1786094445.1556902,move,322,334,.!frame.!button
demo_session_03,35,1786094445.2056901,move,318,340,.!frame.!button
demo_session_03,35,1786094445.25569,move,314,332,.!frame.!button
demo_session_03,35,1786094445.30569,move,318,333,.!frame.!button
demo_session_03,35,1786094445.35569,move,306,342,.!frame.!button
demo_session_03,35,1786094445.40569,move,311,319,.!frame.!button
demo_session_03,35,1786094445.45569,move,305,335,.!frame.!button
demo_session_03,35,1786094445.5056899,move,316,330,.!frame.!button
demo_session_03,35,1786094445.5556898,move,310,345,.!frame.!button
demo_session_03,35,1786094445.6056898,move,314,333,.!frame.!button
demo_session_03,35,1786094445.6556897,move,325,331,.!frame.!button
demo_session_03,35,1786094445.7056897,move,320,334,.!frame.!button
demo_session_03,35,1786094445.7556896,move,320,337,.!frame.!button
demo_session_03,35,1786094445.8056896,move,329,324,.!frame.!button
demo_session_03,35,1786094445.8556895,move,326,330,.!frame.!button
demo_session_03,35,1786094445.9056895,move,331,339,.!frame.!button
demo_session_03,35,1786094445.9556894,move,349,330,.!frame.!button
demo_session_03,35,1786094446.0056894,move,335,317,.!frame.!button
demo_session_03,35,1786094446.0556893,move,346,328,.!frame.!button
demo_session_03,35,1786094446.1056893,move,335,330,.!frame.!button
demo_session_03,35,1786094446.1556892,move,340,328,.!frame.!button
demo_session_03,35,1786094446.2056892,move,331,329,.!frame.!button
demo_session_03,35,1786094446.2556891,move,342,327,.!frame.!button
demo_session_03,35,1786094446.305689,move,349,324,.!frame.!button
demo_session_03,35,1786094446.355689,move,331,321,.!frame.!button
demo_session_03,35,1786094446.405689,move,338,328,.!frame.!button
demo_session_03,35,1786094446.455689,move,339,344,.!frame.!button
demo_session_03,35,1786094446.505689,move,345,322,.!frame.!button
demo_session_03,35,1786094446.5556889,move,334,326,.!frame.!button
demo_session_03,35,1786094446.6056888,move,341,320,.!frame.!button
demo_session_03,35,1786094446.6556888,move,346,319,.!frame.!button
demo_session_03,35,1786094446.7056887,move,339,315,.!frame.!button
demo_session_03,35,1786094446.7556887,move,334,327,.!frame.!button
demo_session_03,35,1786094446.8056886,move,349,322,.!frame.!button
demo_session_03,35,1786094446.8648353,click,344,314,.!frame.!button
demo_session_03,36,1786094446.8648353,move,263,177,.!frame.!entry
demo_session_03,36,1786094446.9148352,move,257,173,.!frame.!entry
demo_session_03,36,1786094446.9648352,move,269,192,.!frame.!entry
demo_session_03,36,1786094447.0148351,move,252,176,.!frame.!entry
demo_session_03,36,1786094447.064835,move,263,177,.!frame.!entry
demo_session_03,36,1786094447.114835,move,255,187,.!frame.!entry
demo_session_03,36,1786094447.164835,move,247,177,.!frame.!entry
demo_session_03,36,1786094447.214835,move,264,178,.!frame.!entry
demo_session_03,36,1786094447.264835,move,279,184,.!frame.!entry
demo_session_03,36,1786094447.3148348,move,269,174,.!frame.!entry
demo_session_03,36,1786094447.3648348,move,255,185,.!frame.!entry
demo_session_03,36,1786094447.4148347,move,259,199,.!frame.!entry
demo_session_03,36,1786094447.4648347,move,268,190,.!frame.!entry
demo_session_03,36,1786094447.5148346,move,274,194,.!frame.!entry
demo_session_03,36,1786094447.5648346,move,274,197,.!frame.!entry
demo_session_03,36,1786094447.6148345,move,280,189,.!frame.!entry
demo_session_03,36,1786094447.6648345,move,256,188,.!frame.!entry
demo_session_03,36,1786094447.7148345,move,278,183,.!frame.!entry
demo_session_03,36,1786094447.7648344,move,263,191,.!frame.!entry
demo_session_03,36,1786094447.8148344,move,261,202,.!frame.!entry
demo_session_03,36,1786094447.8648343,move,247,197,.!frame.!entry
demo_session_03,36,1786094447.9148343,move,280,206,.!frame.!entry
demo_session_03,36,1786094447.9648342,move,268,184,.!frame.!entry
demo_session_03,36,1786094448.0148342,move,273,206,.!frame.!entry
demo_session_03,36,1786094448.064834,move,267,200,.!frame.!entry
demo_session_03,36,1786094448.114834,move,273,193,.!frame.!entry
demo_session_03,36,1786094448.164834,move,291,204,.!frame.!entry
demo_session_03,36,1786094448.214834,move,275,210,.!frame.!entry
demo_session_03,36,1786094448.264834,move,268,199,.!frame.!entry
demo_session_03,36,1786094448.3148339,move,276,209,.!frame.!entry
demo_session_03,36,1786094448.3648338,move,292,209,.!frame.!entry
demo_session_03,36,1786094448.4148338,move,277,209,.!frame.!entry
demo_session_03,36,1786094448.4648337,move,279,214,.!frame.!entry
demo_session_03,36,1786094448.5148337,move,287,213,.!frame.!entry
demo_session_03,36,1786094448.5648336,move,282,220,.!frame.!entry
demo_session_03,36,1786094448.6148336,move,301,215,.!frame.!entry
demo_session_03,36,1786094448.6648335,move,272,231,.!frame.!entry
demo_session_03,36,1786094448.7148335,move,282,221,.!frame.!entry
demo_session_03,36,1786094448.7648335,move,289,215,.!frame.!entry
demo_session_03,36,1786094448.8148334,move,295,221,.!frame.!entry
demo_session_03,36,1786094448.8648334,move,290,234,.!frame.!entry
demo_session_03,36,1786094448.9148333,move,296,225,.!frame.!entry
demo_session_03,36,1786094448.9648333,move,287,226,.!frame.!entry
demo_session_03,36,1786094449.0148332,move,296,236,.!frame.!entry
demo_session_03,36,1786094449.0648332,move,294,228,.!frame.!entry
demo_session_03,36,1786094449.114833,move,295,213,.!frame.!entry
demo_session_03,36,1786094449.164833,move,311,230,.!frame.!entry
demo_session_03,36,1786094449.214833,move,297,228,.!frame.!entry
demo_session_03,36,1786094449.264833,move,294,230,.!frame.!entry
demo_session_03,36,1786094449.314833,move,286,220,.!frame.!entry
demo_session_03,36,1786094449.3648329,move,303,240,.!frame.!entry
demo_session_03,36,1786094449.4148328,move,320,248,.!frame.!entry
demo_session_03,36,1786094449.4648328,move,308,242,.!frame.!entry
demo_session_03,36,1786094449.5148327,move,299,243,.!frame.!entry
demo_session_03,36,1786094449.5648327,move,300,247,.!frame.!entry
demo_session_03,36,1786094449.6148326,move,314,243,.!frame.!entry
demo_session_03,36,1786094449.6648326,move,321,242,.!frame.!entry
demo_session_03,36,1786094449.7148325,move,295,239,.!frame.!entry
demo_session_03,36,1786094449.7648325,move,306,251,.!frame.!entry
demo_session_03,36,1786094449.8148324,move,297,237,.!frame.!entry
demo_session_03,36,1786094449.8648324,move,296,239,.!frame.!entry
demo_session_03,36,1786094449.9148324,move,294,235,.!frame.!entry
demo_session_03,36,1786094449.9648323,move,299,257,.!frame.!entry
demo_session_03,36,1786094450.0148323,move,300,259,.!frame.!entry
demo_session_03,36,1786094450.0648322,move,309,233,.!frame.!entry
demo_session_03,36,1786094450.1148322,move,308,241,.!frame.!entry
demo_session_03,36,1786094450.164832,move,314,259,.!frame.!entry
demo_session_03,36,1786094450.214832,move,317,255,.!frame.!entry
demo_session_03,36,1786094450.264832,move,297,258,.!frame.!entry
demo_session_03,36,1786094450.314832,move,303,253,.!frame.!entry
demo_session_03,36,1786094450.364832,move,302,263,.!frame.!entry
demo_session_03,36,1786094450.4148319,move,309,272,.!frame.!entry
demo_session_03,36,1786094450.4648318,move,303,271,.!frame.!entry
demo_session_03,36,1786094450.5148318,move,305,272,.!frame.!entry
demo_session_03,36,1786094450.5648317,move,304,276,.!frame.!entry
demo_session_03,36,1786094450.6148317,move,333,271,.!frame.!entry
demo_session_03,36,1786094450.6648316,move,319,267,.!frame.!entry
demo_session_03,36,1786094450.7148316,move,312,264,.!frame.!entry
demo_session_03,36,1786094450.7648315,move,328,250,.!frame.!entry
demo_session_03,36,1786094450.8148315,move,325,262,.!frame.!entry
demo_session_03,36,1786094450.8648314,move,310,272,.!frame.!entry
demo_session_03,36,1786094450.9148314,move,340,264,.!frame.!entry
demo_session_03,36,1786094450.9648314,move,319,279,.!frame.!entry
demo_session_03,36,1786094451.0148313,move,315,261,.!frame.!entry
demo_session_03,36,1786094451.0648313,move,326,283,.!frame.!entry
demo_session_03,36,1786094451.1148312,move,312,265,.!frame.!entry
demo_session_03,36,1786094451.1648312,move,316,293,.!frame.!entry
demo_session_03,36,1786094451.214831,move,324,277,.!frame.!entry
demo_session_03,36,1786094451.264831,move,307,269,.!frame.!button
demo_session_03,36,1786094451.314831,move,325,277,.!frame.!button
demo_session_03,36,1786094451.364831,move,325,277,.!frame.!button
demo_session_03,36,1786094451.414831,move,320,294,.!frame.!button
demo_session_03,36,1786094451.4648309,move,312,298,.!frame.!button
demo_session_03,36,1786094451.5148308,move,317,279,.!frame.!button
demo_session_03,36,1786094451.5648308,move,339,282,.!frame.!button
demo_session_03,36,1786094451.6148307,move,319,288,.!frame.!button
demo_session_03,36,1786094451.6648307,move,325,274,.!frame.!button
demo_session_03,36,1786094451.7148306,move,321,286,.!frame.!button
demo_session_03,36,1786094451.7648306,move,339,281,.!frame.!button
demo_session_03,36,1786094451.8148305,move,336,297,.!frame.!button
demo_session_03,36,1786094451.8648305,move,344,289,.!frame.!button
demo_session_03,36,1786094451.9148304,move,343,282,.!frame.!button
demo_session_03,36,1786094451.9648304,move,339,292,.!frame.!button
demo_session_03,36,1786094452.0148304,move,304,283,.!frame.!button
demo_session_03,36,1786094452.0648303,move,344,298,.!frame.!button
demo_session_03,36,1786094452.1148303,move,318,290,.!frame.!button
demo_session_03,36,1786094452.1648302,move,336,307,.!frame.!button
demo_session_03,36,1786094452.2148302,move,352,299,.!frame.!button
demo_session_03,36,1786094452.26483,move,344,297,.!frame.!button
demo_session_03,36,1786094452.31483,move,323,316,.!frame.!button
demo_session_03,36,1786094452.36483,move,335,306,.!frame.!button
demo_session_03,36,1786094452.41483,move,335,313,.!frame.!button
demo_session_03,36,1786094452.46483,move,341,298,.!frame.!button
demo_session_03,36,1786094452.5148299,move,344,309,.!frame.!button
demo_session_03,36,1786094452.5648298,move,344,302,.!frame.!button
demo_session_03,36,1786094452.6148298,move,344,292,.!frame.!button
demo_session_03,36,1786094452.6648297,move,342,316,.!frame.!button
demo_session_03,36,1786094452.7148297,move,340,320,.!frame.!button
demo_session_03,36,1786094452.7648296,move,340,314,.!frame.!button
demo_session_03,36,1786094452.8148296,move,342,314,.!frame.!button
demo_session_03,36,1786094452.8648295,move,342,318,.!frame.!button
demo_session_03,36,1786094452.9148295,move,347,328,.!frame.!button
demo_session_03,36,1786094452.9648294,move,334,320,.!frame.!button
demo_session_03,36,1786094453.0148294,move,344,313,.!frame.!button
demo_session_03,36,1786094453.0648293,move,349,309,.!frame.!button
demo_session_03,36,1786094453.1148293,move,338,326,.!frame.!button
demo_session_03,36,1786094453.2101605,click,351,321,.!frame.!button
demo_session_03,37,1786094453.2101605,move,238,300,.!frame.!entry
demo_session_03,37,1786094453.2601604,move,240,311,.!frame.!entry
demo_session_03,37,1786094453.3101604,move,240,308,.!frame.!entry
demo_session_03,37,1786094453.3601604,move,237,299,.!frame.!entry
demo_session_03,37,1786094453.4101603,move,238,308,.!frame.!entry
demo_session_03,37,1786094453.4601603,move,243,307,.!frame.!entry
demo_session_03,37,1786094453.5101602,move,229,299,.!frame.!entry
demo_session_03,37,1786094453.5601602,move,238,309,.!frame.!entry
demo_session_03,37,1786094453.61016,move,233,308,.!frame.!entry
demo_session_03,37,1786094453.66016,move,223,310,.!frame.!entry
demo_session_03,37,1786094453.71016,move,224,301,.!frame.!entry
demo_session_03,37,1786094453.76016,move,237,307,.!frame.!entry
demo_session_03,37,1786094453.81016,move,245,300,.!frame.!entry
demo_session_03,37,1786094453.8601599,move,240,309,.!frame.!entry
demo_session_03,37,1786094453.9101598,move,228,311,.!frame.!entry
demo_session_03,37,1786094453.9601598,move,239,315,.!frame.!entry
demo_session_03,37,1786094454.0101597,move,250,305,.!frame.!entry
demo_session_03,37,1786094454.0601597,move,240,313,.!frame.!entry
demo_session_03,37,1786094454.1101596,move,236,304,.!frame.!entry
demo_session_03,37,1786094454.1601596,move,227,319,.!frame.!entry
demo_session_03,37,1786094454.2101595,move,253,305,.!frame.!entry
demo_session_03,37,1786094454.2601595,move,223,299,.!frame.!entry
demo_session_03,37,1786094454.3101594,move,251,323,.!frame.!entry
demo_session_03,37,1786094454.3601594,move,255,296,.!frame.!entry
demo_session_03,37,1786094454.4101593,move,258,296,.!frame.!entry
demo_session_03,37,1786094454.4601593,move,257,309,.!frame.!entry
demo_session_03,37,1786094454.5101593,move,248,300,.!frame.!entry
demo_session_03,37,1786094454.5601592,move,247,319,.!frame.!entry
demo_session_03,37,1786094454.6101592,move,261,302,.!frame.!entry
demo_session_03,37,1786094454.660159,move,265,309,.!frame.!entry
demo_session_03,37,1786094454.710159,move,262,321,.!frame.!entry
demo_session_03,37,1786094454.760159,move,260,325,.!frame.!entry
demo_session_03,37,1786094454.810159,move,265,309,.!frame.!entry
demo_session_03,37,1786094454.860159,move,255,316,.!frame.!entry
demo_session_03,37,1786094454.9101589,move,246,303,.!frame.!entry
demo_session_03,37,1786094454.9601588,move,275,295,.!frame.!entry
demo_session_03,37,1786094455.0101588,move,240,304,.!frame.!entry
demo_session_03,37,1786094455.0601587,move,263,306,.!frame.!entry
demo_session_03,37,1786094455.1101587,move,263,322,.!frame.!entry
demo_session_03,37,1786094455.1601586,move,273,304,.!frame.!entry
demo_session_03,37,1786094455.2101586,move,261,308,.!frame.!entry
demo_session_03,37,1786094455.2601585,move,276,314,.!frame.!entry
demo_session_03,37,1786094455.3101585,move,264,309,.!frame.!entry
demo_session_03,37,1786094455.3601584,move,265,297,.!frame.!entry
demo_session_03,37,1786094455.4101584,move,266,319,.!frame.!entry
demo_session_03,37,1786094455.4601583,move,262,297,.!frame.!entry
demo_session_03,37,1786094455.5101583,move,287,308,.!frame.!entry
demo_session_03,37,1786094455.5601583,move,264,304,.!frame.!entry
demo_session_03,37,1786094455.6101582,move,276,315,.!frame.!entry
demo_session_03,37,1786094455.6601582,move,274,305,.!frame.!entry
demo_session_03,37,1786094455.710158,move,286,319,.!frame.!entry
demo_session_03,37,1786094455.760158,move,270,303,.!frame.!entry
demo_session_03,37,1786094455.810158,move,286,311,.!frame.!entry
demo_session_03,37,1786094455.860158,move,267,298,.!frame.!entry
demo_session_03,37,1786094455.910158,move,270,311,.!frame.!entry
demo_session_03,37,1786094455.9601579,move,294,296,.!frame.!entry
demo_session_03,37,1786094456.0101578,move,272,317,.!frame.!entry
demo_session_03,37,1786094456.0601578,move,303,312,.!frame.!entry
demo_session_03,37,1786094456.1101577,move,278,310,.!frame.!entry
demo_session_03,37,1786094456.1601577,move,271,322,.!frame.!entry
demo_session_03,37,1786094456.2101576,move,292,292,.!frame.!entry
demo_session_03,37,1786094456.2601576,move,298,321,.!frame.!entry
demo_session_03,37,1786094456.3101575,move,278,312,.!frame.!entry
demo_session_03,37,1786094456.3601575,move,285,323,.!frame.!entry
demo_session_03,37,1786094456.4101574,move,295,307,.!frame.!entry
demo_session_03,37,1786094456.4601574,move,304,314,.!frame.!entry
demo_session_03,37,1786094456.5101573,move,286,329,.!frame.!entry
demo_session_03,37,1786094456.5601573,move,312,312,.!frame.!entry
demo_session_03,37,1786094456.6101573,move,290,317,.!frame.!entry
demo_session_03,37,1786094456.6601572,move,294,315,.!frame.!entry
demo_session_03,37,1786094456.7101572,move,303,307,.!frame.!entry
demo_session_03,37,1786094456.760157,move,301,332,.!frame.!entry
demo_session_03,37,1786094456.810157,move,321,315,.!frame.!entry
demo_session_03,37,1786094456.860157,move,316,314,.!frame.!entry
demo_session_03,37,1786094456.910157,move,308,305,.!frame.!entry
demo_session_03,37,1786094456.960157,move,303,317,.!frame.!entry
demo_session_03,37,1786094457.0101569,move,298,333,.!frame.!entry
demo_session_03,37,1786094457.0601568,move,290,322,.!frame.!entry
demo_session_03,37,1786094457.1101568,move,301,311,.!frame.!entry
demo_session_03,37,1786094457.1601567,move,304,326,.!frame.!entry
demo_session_03,37,1786094457.2101567,move,316,301,.!frame.!entry
demo_session_03,37,1786094457.2601566,move,312,317,.!frame.!entry
demo_session_03,37,1786094457.3101566,move,296,316,.!frame.!entry
demo_session_03,37,1786094457.3601565,move,312,321,.!frame.!entry
demo_session_03,37,1786094457.4101565,move,319,326,.!frame.!entry
demo_session_03,37,1786094457.4601564,move,327,311,.!frame.!entry
demo_session_03,37,1786094457.5101564,move,314,314,.!frame.!entry
demo_session_03,37,1786094457.5601563,move,295,311,.!frame.!button
demo_session_03,37,1786094457.6101563,move,308,317,.!frame.!button
demo_session_03,37,1786094457.6601562,move,311,314,.!frame.!button
demo_session_03,37,1786094457.7101562,move,312,335,.!frame.!button
demo_session_03,37,1786094457.7601562,move,326,318,.!frame.!button
demo_session_03,37,1786094457.810156,move,324,321,.!frame.!button
demo_session_03,37,1786094457.860156,move,331,327,.!frame.!button
demo_session_03,37,1786094457.910156,move,323,311,.!frame.!button
demo_session_03,37,1786094457.960156,move,322,313,.!frame.!button
demo_session_03,37,1786094458.010156,move,304,314,.!frame.!button
demo_session_03,37,1786094458.0601559,move,319,295,.!frame.!button
demo_session_03,37,1786094458.1101558,move,320,308,.!frame.!button
demo_session_03,37,1786094458.1601558,move,306,297,.!frame.!button
demo_session_03,37,1786094458.2101557,move,332,311,.!frame.!button
demo_session_03,37,1786094458.2601557,move,317,306,.!frame.!button
demo_session_03,37,1786094458.3101556,move,340,313,.!frame.!button
demo_session_03,37,1786094458.3601556,move,337,330,.!frame.!button
demo_session_03,37,1786094458.4101555,move,339,326,.!frame.!button
demo_session_03,37,1786094458.4601555,move,314,324,.!frame.!button
demo_session_03,37,1786094458.5101554,move,324,313,.!frame.!button
demo_session_03,37,1786094458.5601554,move,334,314,.!frame.!button
demo_session_03,37,1786094458.6101553,move,345,327,.!frame.!button
demo_session_03,37,1786094458.6601553,move,336,327,.!frame.!button
demo_session_03,37,1786094458.7101552,move,328,319,.!frame.!button
demo_session_03,37,1786094458.7601552,move,351,311,.!frame.!button
demo_session_03,37,1786094458.8101552,move,343,324,.!frame.!button
demo_session_03,37,1786094458.860155,move,336,316,.!frame.!button
demo_session_03,37,1786094458.910155,move,345,342,.!frame.!button
demo_session_03,37,1786094458.960155,move,349,308,.!frame.!button
demo_session_03,37,1786094459.010155,move,331,306,.!frame.!button
demo_session_03,37,1786094459.060155,move,330,321,.!frame.!button
demo_session_03,37,1786094459.1101549,move,335,320,.!frame.!button
demo_session_03,37,1786094459.1601548,move,341,323,.!frame.!button
demo_session_03,37,1786094459.2101548,move,367,323,.!frame.!button
demo_session_03,37,1786094459.2601547,move,345,332,.!frame.!button
demo_session_03,37,1786094459.3101547,move,342,326,.!frame.!button
demo_session_03,37,1786094459.3601546,move,362,303,.!frame.!button
demo_session_03,37,1786094459.4247296,click,366,336,.!frame.!button
demo_session_03,38,1786094459.4247296,move,563,320,.!frame.!entry
demo_session_03,38,1786094459.4747295,move,547,304,.!frame.!entry
demo_session_03,38,1786094459.5247295,move,548,305,.!frame.!entry
demo_session_03,38,1786094459.5747294,move,555,290,.!frame.!entry
demo_session_03,38,1786094459.6247294,move,547,290,.!frame.!entry
demo_session_03,38,1786094459.6747293,move,549,318,.!frame.!entry
demo_session_03,38,1786094459.7247293,move,530,299,.!frame.!entry
demo_session_03,38,1786094459.7747293,move,546,292,.!frame.!entry
demo_session_03,38,1786094459.8247292,move,536,304,.!frame.!entry
demo_session_03,38,1786094459.8747292,move,549,298,.!frame.!entry
demo_session_03,38,1786094459.924729,move,517,302,.!frame.!entry
demo_session_03,38,1786094459.974729,move,542,298,.!frame.!entry
demo_session_03,38,1786094460.024729,move,527,291,.!frame.!entry
demo_session_03,38,1786094460.074729,move,531,315,.!frame.!entry
demo_session_03,38,1786094460.124729,move,543,309,.!frame.!entry
demo_session_03,38,1786094460.1747289,move,531,320,.!frame.!entry
demo_session_03,38,1786094460.2247288,move,535,299,.!frame.!entry
demo_session_03,38,1786094460.2747288,move,537,299,.!frame.!entry
demo_session_03,38,1786094460.3247287,move,511,309,.!frame.!entry
demo_session_03,38,1786094460.3747287,move,522,322,.!frame.!entry
demo_session_03,38,1786094460.4247286,move,513,309,.!frame.!entry
demo_session_03,38,1786094460.4747286,move,510,326,.!frame.!entry
demo_session_03,38,1786094460.5247285,move,523,300,.!frame.!entry
demo_session_03,38,1786094460.5747285,move,532,320,.!frame.!entry
demo_session_03,38,1786094460.6247284,move,498,311,.!frame.!entry
demo_session_03,38,1786094460.6747284,move,504,316,.!frame.!entry
demo_session_03,38,1786094460.7247283,move,517,319,.!frame.!entry
demo_session_03,38,1786094460.7747283,move,522,307,.!frame.!entry
demo_session_03,38,1786094460.8247283,move,493,302,.!frame.!entry
demo_session_03,38,1786094460.8747282,move,519,307,.!frame.!entry
demo_session_03,38,1786094460.9247282,move,509,333,.!frame.!entry
demo_session_03,38,1786094460.974728,move,507,294,.!frame.!entry
demo_session_03,38,1786094461.024728,move,508,311,.!frame.!entry
demo_session_03,38,1786094461.074728,move,514,316,.!frame.!entry
demo_session_03,38,1786094461.124728,move,501,316,.!frame.!entry
demo_session_03,38,1786094461.174728,move,482,304,.!frame.!entry
demo_session_03,38,1786094461.2247279,move,486,310,.!frame.!entry
demo_session_03,38,1786094461.2747278,move,490,313,.!frame.!entry
demo_session_03,38,1786094461.3247278,move,492,311,.!frame.!entry
demo_session_03,38,1786094461.3747277,move,476,321,.!frame.!entry
demo_session_03,38,1786094461.4247277,move,487,300,.!frame.!entry
demo_session_03,38,1786094461.4747276,move,469,305,.!frame.!entry
demo_session_03,38,1786094461.5247276,move,483,318,.!frame.!entry
demo_session_03,38,1786094461.5747275,move,479,303,.!frame.!entry
demo_session_03,38,1786094461.6247275,move,485,301,.!frame.!entry
demo_session_03,38,1786094461.6747274,move,466,304,.!frame.!entry
demo_session_03,38,1786094461.7247274,move,468,315,.!frame.!entry
demo_session_03,38,1786094461.7747273,move,473,316,.!frame.!entry
demo_session_03,38,1786094461.8247273,move,469,311,.!frame.!entry
demo_session_03,38,1786094461.8747272,move,469,311,.!frame.!entry
demo_session_03,38,1786094461.9247272,move,452,288,.!frame.!entry
demo_session_03,38,1786094461.9747272,move,460,305,.!frame.!entry
demo_session_03,38,1786094462.024727,move,476,298,.!frame.!entry
demo_session_03,38,1786094462.074727,move,462,304,.!frame.!entry
demo_session_03,38,1786094462.124727,move,459,298,.!frame.!entry
demo_session_03,38,1786094462.174727,move,457,301,.!frame.!entry
demo_session_03,38,1786094462.224727,move,440,331,.!frame.!entry
demo_session_03,38,1786094462.2747269,move,460,309,.!frame.!entry
demo_session_03,38,1786094462.3247268,move,461,316,.!frame.!entry
demo_session_03,38,1786094462.3747268,move,441,314,.!frame.!entry
demo_session_03,38,1786094462.4247267,move,448,326,.!frame.!entry
demo_session_03,38,1786094462.4747267,move,450,320,.!frame.!entry
demo_session_03,38,1786094462.5247266,move,445,303,.!frame.!entry
demo_session_03,38,1786094462.5747266,move,444,297,.!frame.!entry
demo_session_03,38,1786094462.6247265,move,440,316,.!frame.!entry
demo_session_03,38,1786094462.6747265,move,450,314,.!frame.!entry
demo_session_03,38,1786094462.7247264,move,446,319,.!frame.!entry
demo_session_03,38,1786094462.7747264,move,420,303,.!frame.!entry
demo_session_03,38,1786094462.8247263,move,416,312,.!frame.!entry
demo_session_03,38,1786094462.8747263,move,442,310,.!frame.!entry
demo_session_03,38,1786094462.9247262,move,418,302,.!frame.!entry
demo_session_03,38,1786094462.9747262,move,439,321,.!frame.!entry
demo_session_03,38,1786094463.0247262,move,424,315,.!frame.!entry
demo_session_03,38,1786094463.074726,move,432,330,.!frame.!entry
demo_session_03,38,1786094463.124726,move,432,313,.!frame.!entry
demo_session_03,38,1786094463.174726,move,412,305,.!frame.!entry
demo_session_03,38,1786094463.224726,move,420,323,.!frame.!entry
demo_session_03,38,1786094463.274726,move,425,312,.!frame.!entry
demo_session_03,38,1786094463.3247259,move,428,317,.!frame.!entry
demo_session_03,38,1786094463.3747258,move,411,331,.!frame.!entry
demo_session_03,38,1786094463.4247258,move,397,315,.!frame.!button
demo_session_03,38,1786094463.4747257,move,411,315,.!frame.!button
demo_session_03,38,1786094463.5247257,move,406,315,.!frame.!button
demo_session_03,38,1786094463.5747256,move,383,297,.!frame.!button
demo_session_03,38,1786094463.6247256,move,399,317,.!frame.!button
demo_session_03,38,1786094463.6747255,move,389,316,.!frame.!button
demo_session_03,38,1786094463.7247255,move,404,319,.!frame.!button
demo_session_03,38,1786094463.7747254,move,401,307,.!frame.!button
demo_session_03,38,1786094463.8247254,move,400,307,.!frame.!button
demo_session_03,38,1786094463.8747253,move,414,318,.!frame.!button
demo_session_03,38,1786094463.9247253,move,395,316,.!frame.!button
demo_session_03,38,1786094463.9747252,move,392,302,.!frame.!button
demo_session_03,38,1786094464.0247252,move,389,316,.!frame.!button
demo_session_03,38,1786094464.0747252,move,380,325,.!frame.!button
demo_session_03,38,1786094464.124725,move,384,315,.!frame.!button
demo_session_03,38,1786094464.174725,move,394,323,.!frame.!button
demo_session_03,38,1786094464.224725,move,369,311,.!frame.!button
demo_session_03,38,1786094464.274725,move,383,317,.!frame.!button
demo_session_03,38,1786094464.324725,move,375,338,.!frame.!button
demo_session_03,38,1786094464.3747249,move,362,304,.!frame.!button
demo_session_03,38,1786094464.4247248,move,374,324,.!frame.!button
demo_session_03,38,1786094464.4747248,move,373,326,.!frame.!button
demo_session_03,38,1786094464.5247247,move,376,312,.!frame.!button
demo_session_03,38,1786094464.5747247,move,371,307,.!frame.!button
demo_session_03,38,1786094464.6247246,move,359,315,.!frame.!button
demo_session_03,38,1786094464.6747246,move,358,320,.!frame.!button
demo_session_03,38,1786094464.7247245,move,372,324,.!frame.!button
demo_session_03,38,1786094464.7747245,move,347,320,.!frame.!button
demo_session_03,38,1786094464.8247244,move,354,319,.!frame.!button
demo_session_03,38,1786094464.8747244,move,352,301,.!frame.!button
demo_session_03,38,1786094464.9247243,move,349,305,.!frame.!button
demo_session_03,38,1786094464.9747243,move,361,317,.!frame.!button
demo_session_03,38,1786094465.0247242,move,355,316,.!frame.!button
demo_session_03,38,1786094465.0747242,move,363,323,.!frame.!button
demo_session_03,38,1786094465.1381938,click,336,306,.!frame.!button
demo_session_03,39,1786094489.4786923,move,100,355,.!frame.!entry
demo_session_03,39,1786094489.5286922,move,105,353,.!frame.!entry
demo_session_03,39,1786094489.5786922,move,95,340,.!frame.!entry
demo_session_03,39,1786094489.6286922,move,96,360,.!frame.!entry
demo_session_03,39,1786094489.678692,move,87,366,.!frame.!entry
demo_session_03,39,1786094489.728692,move,127,361,.!frame.!entry
demo_session_03,39,1786094489.778692,move,116,382,.!frame.!entry
demo_session_03,39,1786094489.828692,move,123,382,.!frame.!entry
demo_session_03,39,1786094489.878692,move,125,366,.!frame.!entry
demo_session_03,39,1786094489.9286919,move,130,350,.!frame.!entry
demo_session_03,39,1786094489.9786918,move,119,357,.!frame.!entry
demo_session_03,39,1786094490.0286918,move,126,374,.!frame.!entry
demo_session_03,39,1786094490.0786917,move,138,361,.!frame.!entry
demo_session_03,39,1786094490.1286917,move,126,362,.!frame.!entry
demo_session_03,39,1786094490.1786916,move,160,341,.!frame.!entry
demo_session_03,39,1786094490.2286916,move,120,368,.!frame.!entry
demo_session_03,39,1786094490.2786915,move,128,366,.!frame.!entry
demo_session_03,39,1786094490.3286915,move,154,362,.!frame.!entry
demo_session_03,39,1786094490.3786914,move,134,340,.!frame.!entry
demo_session_03,39,1786094490.4286914,move,141,351,.!frame.!entry
demo_session_03,39,1786094490.4786913,move,150,366,.!frame.!entry
demo_session_03,39,1786094490.5286913,move,159,351,.!frame.!entry
demo_session_03,39,1786094490.5786912,move,148,358,.!frame.!entry
demo_session_03,39,1786094490.6286912,move,159,351,.!frame.!entry
demo_session_03,39,1786094490.6786911,move,152,366,.!frame.!entry
demo_session_03,39,1786094490.728691,move,158,366,.!frame.!entry
demo_session_03,39,1786094490.778691,move,167,357,.!frame.!entry
demo_session_03,39,1786094490.828691,move,157,345,.!frame.!entry
demo_session_03,39,1786094490.878691,move,162,335,.!frame.!entry
demo_session_03,39,1786094490.928691,move,187,363,.!frame.!entry
demo_session_03,39,1786094490.9786909,move,171,355,.!frame.!entry
demo_session_03,39,1786094491.0286908,move,185,371,.!frame.!entry
demo_session_03,39,1786094491.0786908,move,171,361,.!frame.!entry
demo_session_03,39,1786094491.1286907,move,198,347,.!frame.!entry
demo_session_03,39,1786094491.1786907,move,182,352,.!frame.!entry
demo_session_03,39,1786094491.2286906,move,184,353,.!frame.!entry
demo_session_03,39,1786094491.2786906,move,194,361,.!frame.!entry
demo_session_03,39,1786094491.3286905,move,183,326,.!frame.!entry
demo_session_03,39,1786094491.3786905,move,194,341,.!frame.!entry
demo_session_03,39,1786094491.4286904,move,186,333,.!frame.!entry
demo_session_03,39,1786094491.4786904,move,205,344,.!frame.!entry
demo_session_03,39,1786094491.5286903,move,194,335,.!frame.!entry
demo_session_03,39,1786094491.5786903,move,184,346,.!frame.!entry
demo_session_03,39,1786094491.6286902,move,197,356,.!frame.!entry
demo_session_03,39,1786094491.6786902,move,181,348,.!frame.!entry
demo_session_03,39,1786094491.7286901,move,187,355,.!frame.!entry
demo_session_03,39,1786094491.77869,move,191,362,.!frame.!entry
demo_session_03,39,1786094491.82869,move,212,347,.!frame.!entry
demo_session_03,39,1786094491.87869,move,212,360,.!frame.!entry
demo_session_03,39,1786094491.92869,move,220,340,.!frame.!entry
demo_session_03,39,1786094491.97869,move,219,348,.!frame.!entry
demo_session_03,39,1786094492.0286899,move,212,342,.!frame.!entry
demo_session_03,39,1786094492.0786898,move,217,340,.!frame.!entry
demo_session_03,39,1786094492.1286898,move,211,358,.!frame.!entry
demo_session_03,39,1786094492.1786897,move,246,349,.!frame.!entry
demo_session_03,39,1786094492.2286897,move,220,336,.!frame.!entry
demo_session_03,39,1786094492.2786896,move,223,334,.!frame.!entry
demo_session_03,39,1786094492.3286896,move,217,341,.!frame.!entry
demo_session_03,39,1786094492.3786895,move,232,344,.!frame.!entry
demo_session_03,39,1786094492.4286895,move,249,344,.!frame.!entry
demo_session_03,39,1786094492.4786894,move,224,340,.!frame.!entry
demo_session_03,39,1786094492.5286894,move,247,332,.!frame.!entry
demo_session_03,39,1786094492.5786893,move,234,341,.!frame.!entry
demo_session_03,39,1786094492.6286893,move,237,326,.!frame.!entry
demo_session_03,39,1786094492.6786892,move,250,333,.!frame.!entry
demo_session_03,39,1786094492.7286892,move,248,329,.!frame.!entry
demo_session_03,39,1786094492.7786891,move,235,328,.!frame.!entry
demo_session_03,39,1786094492.828689,move,244,333,.!frame.!entry
demo_session_03,39,1786094492.878689,move,255,348,.!frame.!entry
demo_session_03,39,1786094492.928689,move,243,333,.!frame.!entry
demo_session_03,39,1786094492.978689,move,271,331,.!frame.!entry
demo_session_03,39,1786094493.028689,move,266,325,.!frame.!entry
demo_session_03,39,1786094493.0786889,move,275,336,.!frame.!entry
demo_session_03,39,1786094493.1286888,move,278,325,.!frame.!entry
demo_session_03,39,1786094493.1786888,move,267,338,.!frame.!entry
demo_session_03,39,1786094493.2286887,move,242,336,.!frame.!entry
demo_session_03,39,1786094493.2786887,move,270,330,.!frame.!entry
demo_session_03,39,1786094493.3286886,move,284,343,.!frame.!entry
demo_session_03,39,1786094493.3786886,move,284,317,.!frame.!entry
demo_session_03,39,1786094493.4286885,move,285,357,.!frame.!button
demo_session_03,39,1786094493.4786885,move,289,333,.!frame.!button
demo_session_03,39,1786094493.5286884,move,278,323,.!frame.!button
demo_session_03,39,1786094493.5786884,move,271,332,.!frame.!button
demo_session_03,39,1786094493.6286883,move,314,329,.!frame.!button
demo_session_03,39,1786094493.6786883,move,271,331,.!frame.!button
demo_session_03,39,1786094493.7286882,move,298,326,.!frame.!button
demo_session_03,39,1786094493.7786882,move,285,343,.!frame.!button
demo_session_03,39,1786094493.8286881,move,281,335,.!frame.!button
demo_session_03,39,1786094493.878688,move,293,321,.!frame.!button
demo_session_03,39,1786094493.928688,move,295,325,.!frame.!button
demo_session_03,39,1786094493.978688,move,296,327,.!frame.!button
demo_session_03,39,1786094494.028688,move,308,333,.!frame.!button
demo_session_03,39,1786094494.078688,move,286,323,.!frame.!button
demo_session_03,39,1786094494.1286879,move,315,329,.!frame.!button
demo_session_03,39,1786094494.1786878,move,298,311,.!frame.!button
demo_session_03,39,1786094494.2286878,move,312,321,.!frame.!button
demo_session_03,39,1786094494.2786877,move,313,320,.!frame.!button
demo_session_03,39,1786094494.3286877,move,297,330,.!frame.!button
demo_session_03,39,1786094494.3786876,move,318,335,.!frame.!button
demo_session_03,39,1786094494.4286876,move,321,309,.!frame.!button
demo_session_03,39,1786094494.4786875,move,327,316,.!frame.!button
demo_session_03,39,1786094494.5286875,move,325,323,.!frame.!button
demo_session_03,39,1786094494.5786874,move,329,306,.!frame.!button
demo_session_03,39,1786094494.6286874,move,327,336,.!frame.!button
demo_session_03,39,1786094494.6786873,move,340,327,.!frame.!button
demo_session_03,39,1786094494.7286873,move,331,339,.!frame.!button
demo_session_03,39,1786094494.7786872,move,335,325,.!frame.!button
demo_session_03,39,1786094494.8286872,move,333,336,.!frame.!button
demo_session_03,39,1786094494.8786871,move,349,311,.!frame.!button
demo_session_03,39,1786094494.928687,move,337,327,.!frame.!button
demo_session_03,39,1786094494.978687,move,344,329,.!frame.!button
demo_session_03,39,1786094495.028687,move,357,311,.!frame.!button
demo_session_03,39,1786094495.078687,move,352,326,.!frame.!button
demo_session_03,39,1786094495.1340642,click,362,332,.!frame.!button
demo_session_03,40,1786094495.1340642,move,277,315,.!frame.!entry
demo_session_03,40,1786094495.1840641,move,273,299,.!frame.!entry
demo_session_03,40,1786094495.234064,move,278,305,.!frame.!entry
demo_session_03,40,1786094495.284064,move,279,298,.!frame.!entry
demo_session_03,40,1786094495.334064,move,290,314,.!frame.!entry
demo_session_03,40,1786094495.384064,move,281,308,.!frame.!entry
demo_session_03,40,1786094495.434064,move,284,316,.!frame.!entry
demo_session_03,40,1786094495.4840639,move,277,306,.!frame.!entry
demo_session_03,40,1786094495.5340638,move,263,301,.!frame.!entry
demo_session_03,40,1786094495.5840638,move,292,297,.!frame.!entry
demo_session_03,40,1786094495.6340637,move,284,295,.!frame.!entry
demo_session_03,40,1786094495.6840637,move,281,306,.!frame.!entry
demo_session_03,40,1786094495.7340636,move,274,289,.!frame.!entry
demo_session_03,40,1786094495.7840636,move,277,312,.!frame.!entry
demo_session_03,40,1786094495.8340635,move,290,305,.!frame.!entry
demo_session_03,40,1786094495.8840635,move,260,298,.!frame.!entry
demo_session_03,40,1786094495.9340634,move,279,313,.!frame.!entry
demo_session_03,40,1786094495.9840634,move,281,305,.!frame.!entry
demo_session_03,40,1786094496.0340633,move,285,295,.!frame.!entry
demo_session_03,40,1786094496.0840633,move,276,308,.!frame.!entry
demo_session_03,40,1786094496.1340632,move,298,307,.!frame.!entry
demo_session_03,40,1786094496.1840632,move,295,328,.!frame.!entry
demo_session_03,40,1786094496.2340631,move,286,305,.!frame.!entry
demo_session_03,40,1786094496.284063,move,295,322,.!frame.!entry
demo_session_03,40,1786094496.334063,move,299,303,.!frame.!entry
demo_session_03,40,1786094496.384063,move,284,308,.!frame.!entry
demo_session_03,40,1786094496.434063,move,311,298,.!frame.!entry
demo_session_03,40,1786094496.484063,move,304,289,.!frame.!entry
demo_session_03,40,1786094496.5340629,move,307,305,.!frame.!entry
demo_session_03,40,1786094496.5840628,move,282,312,.!frame.!entry
demo_session_03,40,1786094496.6340628,move,282,297,.!frame.!entry
demo_session_03,40,1786094496.6840627,move,298,308,.!frame.!entry
demo_session_03,40,1786094496.7340627,move,296,305,.!frame.!entry
demo_session_03,40,1786094496.7840626,move,294,303,.!frame.!entry
demo_session_03,40,1786094496.8340626,move,279,312,.!frame.!entry
demo_session_03,40,1786094496.8840625,move,305,316,.!frame.!entry
demo_session_03,40,1786094496.9340625,move,295,309,.!frame.!entry
demo_session_03,40,1786094496.9840624,move,284,302,.!frame.!entry
demo_session_03,40,1786094497.0340624,move,299,291,.!frame.!entry
demo_session_03,40,1786094497.0840623,move,298,320,.!frame.!entry
demo_session_03,40,1786094497.1340623,move,309,302,.!frame.!entry
demo_session_03,40,1786094497.1840622,move,288,325,.!frame.!entry
demo_session_03,40,1786094497.2340622,move,322,295,.!frame.!entry
demo_session_03,40,1786094497.2840621,move,282,316,.!frame.!entry
demo_session_03,40,1786094497.334062,move,312,300,.!frame.!entry
demo_session_03,40,1786094497.384062,move,306,318,.!frame.!entry
demo_session_03,40,1786094497.434062,move,305,321,.!frame.!entry
demo_session_03,40,1786094497.484062,move,297,298,.!frame.!entry
demo_session_03,40,1786094497.534062,move,323,306,.!frame.!entry
demo_session_03,40,1786094497.5840619,move,298,329,.!frame.!entry
demo_session_03,40,1786094497.6340618,move,297,305,.!frame.!entry
demo_session_03,40,1786094497.6840618,move,313,306,.!frame.!entry
demo_session_03,40,1786094497.7340617,move,293,297,.!frame.!entry
demo_session_03,40,1786094497.7840617,move,289,315,.!frame.!entry
demo_session_03,40,1786094497.8340616,move,308,322,.!frame.!entry
demo_session_03,40,1786094497.8840616,move,318,316,.!frame.!entry
demo_session_03,40,1786094497.9340615,move,316,323,.!frame.!entry
demo_session_03,40,1786094497.9840615,move,301,317,.!frame.!entry
demo_session_03,40,1786094498.0340614,move,320,307,.!frame.!entry
demo_session_03,40,1786094498.0840614,move,311,319,.!frame.!entry
demo_session_03,40,1786094498.1340613,move,304,294,.!frame.!entry
demo_session_03,40,1786094498.1840613,move,314,319,.!frame.!entry
demo_session_03,40,1786094498.2340612,move,310,319,.!frame.!entry
demo_session_03,40,1786094498.2840612,move,327,315,.!frame.!entry
demo_session_03,40,1786094498.3340611,move,314,314,.!frame.!entry
demo_session_03,40,1786094498.384061,move,321,313,.!frame.!entry
demo_session_03,40,1786094498.434061,move,319,317,.!frame.!entry
demo_session_03,40,1786094498.484061,move,316,307,.!frame.!entry
demo_session_03,40,1786094498.534061,move,339,314,.!frame.!entry
demo_session_03,40,1786094498.584061,move,333,320,.!frame.!entry
demo_session_03,40,1786094498.6340609,move,339,325,.!frame.!entry
demo_session_03,40,1786094498.6840608,move,310,305,.!frame.!entry
demo_session_03,40,1786094498.7340608,move,318,322,.!frame.!entry
demo_session_03,40,1786094498.7840607,move,332,320,.!frame.!entry
demo_session_03,40,1786094498.8340607,move,322,315,.!frame.!entry
demo_session_03,40,1786094498.8840606,move,319,312,.!frame.!entry
demo_session_03,40,1786094498.9340606,move,321,286,.!frame.!entry
demo_session_03,40,1786094498.9840605,move,321,313,.!frame.!entry
demo_session_03,40,1786094499.0340605,move,332,312,.!frame.!entry
demo_session_03,40,1786094499.0840604,move,325,311,.!frame.!entry
demo_session_03,40,1786094499.1340604,move,315,311,.!frame.!entry
demo_session_03,40,1786094499.1840603,move,313,312,.!frame.!entry
demo_session_03,40,1786094499.2340603,move,307,314,.!frame.!button
demo_session_03,40,1786094499.2840602,move,328,313,.!frame.!button
demo_session_03,40,1786094499.3340602,move,325,296,.!frame.!button
demo_session_03,40,1786094499.3840601,move,335,308,.!frame.!button
demo_session_03,40,1786094499.43406,move,326,316,.!frame.!button
demo_session_03,40,1786094499.48406,move,315,320,.!frame.!button
demo_session_03,40,1786094499.53406,move,347,323,.!frame.!button
demo_session_03,40,1786094499.58406,move,336,310,.!frame.!button
demo_session_03,40,1786094499.63406,move,320,294,.!frame.!button
demo_session_03,40,1786094499.6840599,move,332,327,.!frame.!button
demo_session_03,40,1786094499.7340598,move,344,313,.!frame.!button
demo_session_03,40,1786094499.7840598,move,327,324,.!frame.!button
demo_session_03,40,1786094499.8340597,move,342,319,.!frame.!button
demo_session_03,40,1786094499.8840597,move,337,313,.!frame.!button
demo_session_03,40,1786094499.9340596,move,324,307,.!frame.!button
demo_session_03,40,1786094499.9840596,move,347,312,.!frame.!button
demo_session_03,40,1786094500.0340595,move,357,309,.!frame.!button
demo_session_03,40,1786094500.0840595,move,333,327,.!frame.!button
demo_session_03,40,1786094500.1340594,move,363,302,.!frame.!button
demo_session_03,40,1786094500.1840594,move,332,291,.!frame.!button
demo_session_03,40,1786094500.2340593,move,340,326,.!frame.!button
demo_session_03,40,1786094500.2840593,move,326,307,.!frame.!button
demo_session_03,40,1786094500.3340592,move,350,330,.!frame.!button
demo_session_03,40,1786094500.3840592,move,346,330,.!frame.!button
demo_session_03,40,1786094500.4340591,move,345,328,.!frame.!button
demo_session_03,40,1786094500.484059,move,336,324,.!frame.!button
demo_session_03,40,1786094500.534059,move,353,324,.!frame.!button
demo_session_03,40,1786094500.584059,move,345,324,.!frame.!button
demo_session_03,40,1786094500.634059,move,347,300,.!frame.!button
demo_session_03,40,1786094500.684059,move,358,307,.!frame.!button
demo_session_03,40,1786094500.7340589,move,341,302,.!frame.!button
demo_session_03,40,1786094500.7840588,move,339,300,.!frame.!button
demo_session_03,40,1786094500.8340588,move,335,320,.!frame.!button
demo_session_03,40,1786094500.8840587,move,344,314,.!frame.!button
demo_session_03,40,1786094500.9340587,move,340,320,.!frame.!button
demo_session_03,40,1786094500.9840586,move,339,309,.!frame.!button
demo_session_03,40,1786094501.042281,click,369,339,.!frame.!button
demo_session_03,41,1786094501.042281,move,265,276,.!frame.!entry
demo_session_03,41,1786094501.0922809,move,266,283,.!frame.!entry
demo_session_03,41,1786094501.1422808,move,272,281,.!frame.!entry
demo_session_03,41,1786094501.1922808,move,258,275,.!frame.!entry
demo_session_03,41,1786094501.2422807,move,274,275,.!frame.!entry
demo_session_03,41,1786094501.2922807,move,255,278,.!frame.!entry
demo_session_03,41,1786094501.3422806,move,261,275,.!frame.!entry
demo_session_03,41,1786094501.3922806,move,267,287,.!frame.!entry
demo_session_03,41,1786094501.4422805,move,274,286,.!frame.!entry
demo_session_03,41,1786094501.4922805,move,257,271,.!frame.!entry
demo_session_03,41,1786094501.5422804,move,256,293,.!frame.!entry
demo_session_03,41,1786094501.5922804,move,253,283,.!frame.!entry
demo_session_03,41,1786094501.6422803,move,283,289,.!frame.!entry
demo_session_03,41,1786094501.6922803,move,277,285,.!frame.!entry
demo_session_03,41,1786094501.7422802,move,266,277,.!frame.!entry
demo_session_03,41,1786094501.7922802,move,273,282,.!frame.!entry
demo_session_03,41,1786094501.8422801,move,275,285,.!frame.!entry
demo_session_03,41,1786094501.89228,move,269,295,.!frame.!entry
demo_session_03,41,1786094501.94228,move,256,280,.!frame.!entry
demo_session_03,41,1786094501.99228,move,276,270,.!frame.!entry
demo_session_03,41,1786094502.04228,move,273,276,.!frame.!entry
demo_session_03,41,1786094502.09228,move,287,277,.!frame.!entry
demo_session_03,41,1786094502.1422799,move,274,287,.!frame.!entry
demo_session_03,41,1786094502.1922798,move,269,285,.!frame.!entry
demo_session_03,41,1786094502.2422798,move,266,284,.!frame.!entry
demo_session_03,41,1786094502.2922797,move,269,276,.!frame.!entry
demo_session_03,41,1786094502.3422797,move,291,280,.!frame.!entry
demo_session_03,41,1786094502.3922796,move,278,295,.!frame.!entry
demo_session_03,41,1786094502.4422796,move,270,285,.!frame.!entry
demo_session_03,41,1786094502.4922795,move,282,283,.!frame.!entry
demo_session_03,41,1786094502.5422795,move,291,277,.!frame.!entry
demo_session_03,41,1786094502.5922794,move,263,296,.!frame.!entry
demo_session_03,41,1786094502.6422794,move,292,289,.!frame.!entry
demo_session_03,41,1786094502.6922793,move,278,295,.!frame.!entry
demo_session_03,41,1786094502.7422793,move,275,268,.!frame.!entry
demo_session_03,41,1786094502.7922792,move,271,277,.!frame.!entry
demo_session_03,41,1786094502.8422792,move,287,300,.!frame.!entry
demo_session_03,41,1786094502.8922791,move,278,309,.!frame.!entry
demo_session_03,41,1786094502.942279,move,284,285,.!frame.!entry
demo_session_03,41,1786094502.992279,move,281,289,.!frame.!entry
demo_session_03,41,1786094503.042279,move,279,276,.!frame.!entry
demo_session_03,41,1786094503.092279,move,273,288,.!frame.!entry
demo_session_03,41,1786094503.142279,move,286,284,.!frame.!entry
demo_session_03,41,1786094503.1922789,move,293,291,.!frame.!entry
demo_session_03,41,1786094503.2422788,move,274,285,.!frame.!entry
demo_session_03,41,1786094503.2922788,move,269,302,.!frame.!entry
demo_session_03,41,1786094503.3422787,move,272,277,.!frame.!entry
demo_session_03,41,1786094503.3922787,move,298,282,.!frame.!entry
demo_session_03,41,1786094503.4422786,move,296,291,.!frame.!entry
demo_session_03,41,1786094503.4922786,move,277,317,.!frame.!entry
demo_session_03,41,1786094503.5422785,move,308,293,.!frame.!entry
demo_session_03,41,1786094503.5922785,move,266,282,.!frame.!entry
demo_session_03,41,1786094503.6422784,move,305,295,.!frame.!entry
demo_session_03,41,1786094503.6922784,move,282,320,.!frame.!entry
demo_session_03,41,1786094503.7422783,move,307,289,.!frame.!entry
demo_session_03,41,1786094503.7922783,move,317,297,.!frame.!entry
demo_session_03,41,1786094503.8422782,move,288,303,.!frame.!entry
demo_session_03,41,1786094503.8922782,move,289,291,.!frame.!entry
demo_session_03,41,1786094503.9422781,move,289,298,.!frame.!entry
demo_session_03,41,1786094503.992278,move,294,289,.!frame.!entry
demo_session_03,41,1786094504.042278,move,281,288,.!frame.!entry
demo_session_03,41,1786094504.092278,move,295,264,.!frame.!entry
demo_session_03,41,1786094504.142278,move,291,291,.!frame.!entry
demo_session_03,41,1786094504.192278,move,311,272,.!frame.!entry
demo_session_03,41,1786094504.2422779,move,289,285,.!frame.!entry
demo_session_03,41,1786094504.2922778,move,305,311,.!frame.!entry
demo_session_03,41,1786094504.3422778,move,304,316,.!frame.!entry
demo_session_03,41,1786094504.3922777,move,306,294,.!frame.!entry
demo_session_03,41,1786094504.4422777,move,291,302,.!frame.!entry
demo_session_03,41,1786094504.4922776,move,300,303,.!frame.!entry
demo_session_03,41,1786094504.5422776,move,294,289,.!frame.!entry
demo_session_03,41,1786094504.5922775,move,296,316,.!frame.!entry
demo_session_03,41,1786094504.6422775,move,295,281,.!frame.!entry
demo_session_03,41,1786094504.6922774,move,302,309,.!frame.!entry
demo_session_03,41,1786094504.7422774,move,310,318,.!frame.!entry
demo_session_03,41,1786094504.7922773,move,303,312,.!frame.!entry
demo_session_03,41,1786094504.8422773,move,312,270,.!frame.!entry
demo_session_03,41,1786094504.8922772,move,308,286,.!frame.!entry
demo_session_03,41,1786094504.9422772,move,317,303,.!frame.!entry
demo_session_03,41,1786094504.9922771,move,312,293,.!frame.!entry
demo_session_03,41,1786094505.042277,move,300,291,.!frame.!entry
demo_session_03,41,1786094505.092277,move,313,309,.!frame.!entry
demo_session_03,41,1786094505.142277,move,312,315,.!frame.!entry
demo_session_03,41,1786094505.192277,move,314,289,.!frame.!entry
demo_session_03,41,1786094505.242277,move,306,303,.!frame.!entry
demo_session_03,41,1786094505.2922769,move,307,295,.!frame.!entry
demo_session_03,41,1786094505.3422768,move,300,306,.!frame.!entry
demo_session_03,41,1786094505.3922768,move,305,319,.!frame.!entry
demo_session_03,41,1786094505.4422767,move,301,292,.!frame.!entry
demo_session_03,41,1786094505.4922767,move,316,325,.!frame.!entry
demo_session_03,41,1786094505.5422766,move,333,284,.!frame.!entry
demo_session_03,41,1786094505.5922766,move,330,300,.!frame.!entry
demo_session_03,41,1786094505.6422765,move,326,315,.!frame.!entry
demo_session_03,41,1786094505.6922765,move,316,295,.!frame.!entry
demo_session_03,41,1786094505.7422764,move,312,303,.!frame.!entry
demo_session_03,41,1786094505.7922764,move,315,324,.!frame.!entry
demo_session_03,41,1786094505.8422763,move,309,297,.!frame.!entry
demo_session_03,41,1786094505.8922763,move,312,296,.!frame.!entry
demo_session_03,41,1786094505.9422762,move,302,307,.!frame.!entry
demo_session_03,41,1786094505.9922762,move,329,313,.!frame.!entry
demo_session_03,41,1786094506.0422761,move,333,319,.!frame.!entry
demo_session_03,41,1786094506.092276,move,303,293,.!frame.!entry
demo_session_03,41,1786094506.142276,move,320,307,.!frame.!entry
demo_session_03,41,1786094506.192276,move,315,298,.!frame.!entry
demo_session_03,41,1786094506.242276,move,319,311,.!frame.!entry
demo_session_03,41,1786094506.292276,move,312,309,.!frame.!entry
demo_session_03,41,1786094506.3422759,move,322,297,.!frame.!entry
demo_session_03,41,1786094506.3922758,move,319,300,.!frame.!entry
demo_session_03,41,1786094506.4422758,move,323,296,.!frame.!entry
demo_session_03,41,1786094506.4922757,move,330,329,.!frame.!entry
demo_session_03,41,1786094506.5422757,move,325,312,.!frame.!button
demo_session_03,41,1786094506.5922756,move,309,302,.!frame.!button
demo_session_03,41,1786094506.6422756,move,355,311,.!frame.!button
demo_session_03,41,1786094506.6922755,move,323,302,.!frame.!button
demo_session_03,41,1786094506.7422755,move,317,320,.!frame.!button
demo_session_03,41,1786094506.7922754,move,326,318,.!frame.!button
demo_session_03,41,1786094506.8422754,move,322,303,.!frame.!button
demo_session_03,41,1786094506.8922753,move,328,304,.!frame.!button
demo_session_03,41,1786094506.9422753,move,337,306,.!frame.!button
demo_session_03,41,1786094506.9922752,move,329,315,.!frame.!button
demo_session_03,41,1786094507.0422752,move,311,296,.!frame.!button
demo_session_03,41,1786094507.0922751,move,338,306,.!frame.!button
demo_session_03,41,1786094507.142275,move,329,335,.!frame.!button
demo_session_03,41,1786094507.192275,move,340,298,.!frame.!button
demo_session_03,41,1786094507.242275,move,316,310,.!frame.!button
demo_session_03,41,1786094507.292275,move,332,314,.!frame.!button
demo_session_03,41,1786094507.342275,move,329,320,.!frame.!button
demo_session_03,41,1786094507.3922749,move,357,299,.!frame.!button
demo_session_03,41,1786094507.4422748,move,336,323,.!frame.!button
demo_session_03,41,1786094507.4922748,move,306,313,.!frame.!button
demo_session_03,41,1786094507.5422747,move,330,295,.!frame.!button
demo_session_03,41,1786094507.5922747,move,323,315,.!frame.!button
demo_session_03,41,1786094507.6422746,move,326,312,.!frame.!button
demo_session_03,41,1786094507.6922746,move,337,320,.!frame.!button
demo_session_03,41,1786094507.7422745,move,328,312,.!frame.!button
demo_session_03,41,1786094507.7922745,move,330,305,.!frame.!button
demo_session_03,41,1786094507.8422744,move,338,320,.!frame.!button
demo_session_03,41,1786094507.8922744,move,331,311,.!frame.!button
demo_session_03,41,1786094507.9422743,move,327,318,.!frame.!button
demo_session_03,41,1786094507.9922743,move,350,317,.!frame.!button
demo_session_03,41,1786094508.0422742,move,340,324,.!frame.!button
demo_session_03,41,1786094508.0922742,move,343,319,.!frame.!button
demo_session_03,41,1786094508.1422741,move,358,314,.!frame.!button
demo_session_03,41,1786094508.192274,move,324,326,.!frame.!button
demo_session_03,41,1786094508.242274,move,337,315,.!frame.!button
demo_session_03,41,1786094508.292274,move,339,295,.!frame.!button
demo_session_03,41,1786094508.342274,move,349,318,.!frame.!button
demo_session_03,41,1786094508.392274,move,360,296,.!frame.!button
demo_session_03,41,1786094508.4422739,move,365,312,.!frame.!button
demo_session_03,41,1786094508.4922738,move,352,295,.!frame.!button
demo_session_03,41,1786094508.5422738,move,338,298,.!frame.!button
demo_session_03,41,1786094508.5922737,move,340,327,.!frame.!button
demo_session_03,41,1786094508.6422737,move,337,353,.!frame.!button
demo_session_03,41,1786094508.6922736,move,344,326,.!frame.!button
demo_session_03,41,1786094508.7422736,move,334,327,.!frame.!button
demo_session_03,41,1786094508.7922735,move,344,327,.!frame.!button
demo_session_03,41,1786094508.8422735,move,367,332,.!frame.!button
demo_session_03,41,1786094508.8922734,move,351,301,.!frame.!button
demo_session_03,41,1786094508.96612,click,350,320,.!frame.!button
demo_session_03,42,1786094508.96612,move,583,260,.!frame.!entry
demo_session_03,42,1786094509.01612,move,591,290,.!frame.!entry
demo_session_03,42,1786094509.06612,move,567,278,.!frame.!entry
demo_session_03,42,1786094509.1161199,move,571,250,.!frame.!entry
demo_session_03,42,1786094509.1661198,move,571,259,.!frame.!entry
demo_session_03,42,1786094509.2161198,move,570,289,.!frame.!entry
demo_session_03,42,1786094509.2661197,move,570,273,.!frame.!entry
demo_session_03,42,1786094509.3161197,move,576,263,.!frame.!entry
demo_session_03,42,1786094509.3661196,move,554,272,.!frame.!entry
demo_session_03,42,1786094509.4161196,move,562,271,.!frame.!entry
demo_session_03,42,1786094509.4661195,move,558,267,.!frame.!entry
demo_session_03,42,1786094509.5161195,move,570,262,.!frame.!entry
demo_session_03,42,1786094509.5661194,move,548,280,.!frame.!entry
demo_session_03,42,1786094509.6161194,move,551,271,.!frame.!entry
demo_session_03,42,1786094509.6661193,move,539,271,.!frame.!entry
demo_session_03,42,1786094509.7161193,move,552,262,.!frame.!entry
demo_session_03,42,1786094509.7661192,move,538,282,.!frame.!entry
demo_session_03,42,1786094509.8161192,move,556,274,.!frame.!entry
demo_session_03,42,1786094509.8661191,move,550,271,.!frame.!entry
demo_session_03,42,1786094509.916119,move,549,250,.!frame.!entry
demo_session_03,42,1786094509.966119,move,549,279,.!frame.!entry
demo_session_03,42,1786094510.016119,move,524,255,.!frame.!entry
demo_session_03,42,1786094510.066119,move,527,267,.!frame.!entry
demo_session_03,42,1786094510.116119,move,547,275,.!frame.!entry
demo_session_03,42,1786094510.1661189,move,526,274,.!frame.!entry
demo_session_03,42,1786094510.2161188,move,533,274,.!frame.!entry
demo_session_03,42,1786094510.2661188,move,525,278,.!frame.!entry
demo_session_03,42,1786094510.3161187,move,520,282,.!frame.!entry
demo_session_03,42,1786094510.3661187,move,513,274,.!frame.!entry
demo_session_03,42,1786094510.4161186,move,513,295,.!frame.!entry
demo_session_03,42,1786094510.4661186,move,513,267,.!frame.!entry
demo_session_03,42,1786094510.5161185,move,525,282,.!frame.!entry
demo_session_03,42,1786094510.5661185,move,523,273,.!frame.!entry
demo_session_03,42,1786094510.6161184,move,504,296,.!frame.!entry
demo_session_03,42,1786094510.6661184,move,498,276,.!frame.!entry
demo_session_03,42,1786094510.7161183,move,502,284,.!frame.!entry
demo_session_03,42,1786094510.7661183,move,506,279,.!frame.!entry
demo_session_03,42,1786094510.8161182,move,504,285,.!frame.!entry
demo_session_03,42,1786094510.8661182,move,507,267,.!frame.!entry
demo_session_03,42,1786094510.9161181,move,509,272,.!frame.!entry
demo_session_03,42,1786094510.966118,move,496,268,.!frame.!entry
demo_session_03,42,1786094511.016118,move,489,291,.!frame.!entry
demo_session_03,42,1786094511.066118,move,500,276,.!frame.!entry
demo_session_03,42,1786094511.116118,move,497,278,.!frame.!entry
demo_session_03,42,1786094511.166118,move,492,297,.!frame.!entry
demo_session_03,42,1786094511.2161179,move,487,297,.!frame.!entry
demo_session_03,42,1786094511.2661178,move,473,294,.!frame.!entry
demo_session_03,42,1786094511.3161178,move,496,288,.!frame.!entry
demo_session_03,42,1786094511.3661177,move,499,275,.!frame.!entry
demo_session_03,42,1786094511.4161177,move,487,287,.!frame.!entry
demo_session_03,42,1786094511.4661176,move,485,278,.!frame.!entry
demo_session_03,42,1786094511.5161176,move,470,290,.!frame.!entry
demo_session_03,42,1786094511.5661175,move,473,273,.!frame.!entry
demo_session_03,42,1786094511.6161175,move,471,297,.!frame.!entry
demo_session_03,42,1786094511.6661174,move,478,295,.!frame.!entry
demo_session_03,42,1786094511.7161174,move,464,274,.!frame.!entry
demo_session_03,42,1786094511.7661173,move,465,310,.!frame.!entry
demo_session_03,42,1786094511.8161173,move,474,291,.!frame.!entry
demo_session_03,42,1786094511.8661172,move,483,285,.!frame.!entry
demo_session_03,42,1786094511.9161172,move,464,287,.!frame.!entry
demo_session_03,42,1786094511.9661171,move,450,278,.!frame.!entry
demo_session_03,42,1786094512.016117,move,466,290,.!frame.!entry
demo_session_03,42,1786094512.066117,move,444,290,.!frame.!entry
demo_session_03,42,1786094512.116117,move,450,308,.!frame.!entry
demo_session_03,42,1786094512.166117,move,430,295,.!frame.!entry
demo_session_03,42,1786094512.216117,move,462,299,.!frame.!entry
demo_session_03,42,1786094512.2661169,move,440,308,.!frame.!entry
demo_session_03,42,1786094512.3161168,move,447,306,.!frame.!entry
demo_session_03,42,1786094512.3661168,move,439,287,.!frame.!entry
demo_session_03,42,1786094512.4161167,move,431,294,.!frame.!entry
demo_session_03,42,1786094512.4661167,move,424,294,.!frame.!entry
demo_session_03,42,1786094512.5161166,move,433,307,.!frame.!entry
demo_session_03,42,1786094512.5661166,move,425,310,.!frame.!entry
demo_session_03,42,1786094512.6161165,move,431,302,.!frame.!entry
demo_session_03,42,1786094512.6661165,move,433,289,.!frame.!entry
demo_session_03,42,1786094512.7161164,move,437,289,.!frame.!entry
demo_session_03,42,1786094512.7661164,move,421,313,.!frame.!entry
demo_session_03,42,1786094512.8161163,move,414,287,.!frame.!entry
demo_session_03,42,1786094512.8661163,move,437,287,.!frame.!entry
demo_session_03,42,1786094512.9161162,move,413,307,.!frame.!entry
demo_session_03,42,1786094512.9661162,move,435,299,.!frame.!button
demo_session_03,42,1786094513.0161161,move,400,295,.!frame.!button
demo_session_03,42,1786094513.066116,move,408,302,.!frame.!button
demo_session_03,42,1786094513.116116,move,408,314,.!frame.!button
demo_session_03,42,1786094513.166116,move,411,290,.!frame.!button
demo_session_03,42,1786094513.216116,move,412,290,.!frame.!button
demo_session_03,42,1786094513.266116,move,411,293,.!frame.!button
demo_session_03,42,1786094513.3161159,move,395,307,.!frame.!button
demo_session_03,42,1786094513.3661158,move,415,293,.!frame.!button
demo_session_03,42,1786094513.4161158,move,405,288,.!frame.!button
demo_session_03,42,1786094513.4661157,move,395,291,.!frame.!button
demo_session_03,42,1786094513.5161157,move,388,306,.!frame.!button
demo_session_03,42,1786094513.5661156,move,384,311,.!frame.!button
demo_session_03,42,1786094513.6161156,move,400,307,.!frame.!button
demo_session_03,42,1786094513.6661155,move,386,317,.!frame.!button
demo_session_03,42,1786094513.7161155,move,382,316,.!frame.!button
demo_session_03,42,1786094513.7661154,move,385,309,.!frame.!button
demo_session_03,42,1786094513.8161154,move,389,307,.!frame.!button
demo_session_03,42,1786094513.8661153,move,371,310,.!frame.!button
demo_session_03,42,1786094513.9161153,move,379,296,.!frame.!button
demo_session_03,42,1786094513.9661152,move,387,315,.!frame.!button
demo_session_03,42,1786094514.0161152,move,370,316,.!frame.!button
demo_session_03,42,1786094514.0661151,move,385,321,.!frame.!button
demo_session_03,42,1786094514.116115,move,370,319,.!frame.!button
demo_session_03,42,1786094514.166115,move,367,328,.!frame.!button
demo_session_03,42,1786094514.216115,move,362,314,.!frame.!button
demo_session_03,42,1786094514.266115,move,369,316,.!frame.!button
demo_session_03,42,1786094514.316115,move,369,331,.!frame.!button
demo_session_03,42,1786094514.3661149,move,363,324,.!frame.!button
demo_session_03,42,1786094514.4161148,move,356,325,.!frame.!button
demo_session_03,42,1786094514.4661148,move,362,316,.!frame.!button
demo_session_03,42,1786094514.5161147,move,354,338,.!frame.!button
demo_session_03,42,1786094514.5661147,move,353,311,.!frame.!button
demo_session_03,42,1786094514.6161146,move,352,317,.!frame.!button
demo_session_03,42,1786094514.712906,click,355,325,.!frame.!button
demo_session_03,43,1786094514.712906,move,101,382,.!frame.!entry
demo_session_03,43,1786094514.7629058,move,104,404,.!frame.!entry
demo_session_03,43,1786094514.8129058,move,125,382,.!frame.!entry
demo_session_03,43,1786094514.8629057,move,119,413,.!frame.!entry
demo_session_03,43,1786094514.9129057,move,127,392,.!frame.!entry
demo_session_03,43,1786094514.9629056,move,139,403,.!frame.!entry
demo_session_03,43,1786094515.0129056,move,125,385,.!frame.!entry
demo_session_03,43,1786094515.0629056,move,147,396,.!frame.!entry
demo_session_03,43,1786094515.1129055,move,144,389,.!frame.!entry
demo_session_03,43,1786094515.1629055,move,153,396,.!frame.!entry
demo_session_03,43,1786094515.2129054,move,140,379,.!frame.!entry
demo_session_03,43,1786094515.2629054,move,115,379,.!frame.!entry
demo_session_03,43,1786094515.3129053,move,138,373,.!frame.!entry
demo_session_03,43,1786094515.3629053,move,159,363,.!frame.!entry
demo_session_03,43,1786094515.4129052,move,153,385,.!frame.!entry
demo_session_03,43,1786094515.4629052,move,138,402,.!frame.!entry
demo_session_03,43,1786094515.5129051,move,149,396,.!frame.!entry
demo_session_03,43,1786094515.562905,move,151,396,.!frame.!entry
demo_session_03,43,1786094515.612905,move,147,378,.!frame.!entry
demo_session_03,43,1786094515.662905,move,174,382,.!frame.!entry
demo_session_03,43,1786094515.712905,move,155,384,.!frame.!entry
demo_session_03,43,1786094515.762905,move,154,384,.!frame.!entry
demo_session_03,43,1786094515.8129048,move,149,388,.!frame.!entry
demo_session_03,43,1786094515.8629048,move,154,367,.!frame.!entry
demo_session_03,43,1786094515.9129047,move,163,396,.!frame.!entry
demo_session_03,43,1786094515.9629047,move,172,374,.!frame.!entry
demo_session_03,43,1786094516.0129046,move,152,385,.!frame.!entry
demo_session_03,43,1786094516.0629046,move,168,390,.!frame.!entry
demo_session_03,43,1786094516.1129045,move,168,390,.!frame.!entry
demo_session_03,43,1786094516.1629045,move,156,376,.!frame.!entry
demo_session_03,43,1786094516.2129045,move,176,369,.!frame.!entry
demo_session_03,43,1786094516.2629044,move,173,366,.!frame.!entry
demo_session_03,43,1786094516.3129044,move,154,374,.!frame.!entry
demo_session_03,43,1786094516.3629043,move,161,391,.!frame.!entry
demo_session_03,43,1786094516.4129043,move,187,361,.!frame.!entry
demo_session_03,43,1786094516.4629042,move,159,373,.!frame.!entry
demo_session_03,43,1786094516.5129042,move,189,372,.!frame.!entry
demo_session_03,43,1786094516.5629041,move,185,369,.!frame.!entry
demo_session_03,43,1786094516.612904,move,174,389,.!frame.!entry
demo_session_03,43,1786094516.662904,move,185,389,.!frame.!entry
demo_session_03,43,1786094516.712904,move,198,360,.!frame.!entry
demo_session_03,43,1786094516.762904,move,177,383,.!frame.!entry
demo_session_03,43,1786094516.812904,move,158,366,.!frame.!entry
demo_session_03,43,1786094516.8629038,move,187,378,.!frame.!entry
demo_session_03,43,1786094516.9129038,move,204,391,.!frame.!entry
demo_session_03,43,1786094516.9629037,move,195,369,.!frame.!entry
demo_session_03,43,1786094517.0129037,move,198,384,.!frame.!entry
demo_session_03,43,1786094517.0629036,move,191,385,.!frame.!entry
demo_session_03,43,1786094517.1129036,move,182,342,.!frame.!entry
demo_session_03,43,1786094517.1629035,move,200,384,.!frame.!entry
demo_session_03,43,1786094517.2129035,move,205,371,.!frame.!entry
demo_session_03,43,1786094517.2629035,move,199,357,.!frame.!entry
demo_session_03,43,1786094517.3129034,move,214,388,.!frame.!entry
demo_session_03,43,1786094517.3629034,move,194,365,.!frame.!entry
demo_session_03,43,1786094517.4129033,move,209,382,.!frame.!entry
demo_session_03,43,1786094517.4629033,move,211,384,.!frame.!entry
demo_session_03,43,1786094517.5129032,move,212,369,.!frame.!entry
demo_session_03,43,1786094517.5629032,move,199,374,.!frame.!entry
demo_session_03,43,1786094517.612903,move,206,366,.!frame.!entry
demo_session_03,43,1786094517.662903,move,228,365,.!frame.!entry
demo_session_03,43,1786094517.712903,move,213,364,.!frame.!entry
demo_session_03,43,1786094517.762903,move,218,386,.!frame.!entry
demo_session_03,43,1786094517.812903,move,210,365,.!frame.!entry
demo_session_03,43,1786094517.8629029,move,223,363,.!frame.!entry
demo_session_03,43,1786094517.9129028,move,224,375,.!frame.!entry
demo_session_03,43,1786094517.9629028,move,226,366,.!frame.!entry
demo_session_03,43,1786094518.0129027,move,204,340,.!frame.!entry
demo_session_03,43,1786094518.0629027,move,230,367,.!frame.!entry
demo_session_03,43,1786094518.1129026,move,238,355,.!frame.!entry
demo_session_03,43,1786094518.1629026,move,228,369,.!frame.!entry
demo_session_03,43,1786094518.2129025,move,228,358,.!frame.!entry
demo_session_03,43,1786094518.2629025,move,234,374,.!frame.!entry
demo_session_03,43,1786094518.3129025,move,239,367,.!frame.!entry
demo_session_03,43,1786094518.3629024,move,233,367,.!frame.!entry
demo_session_03,43,1786094518.4129024,move,224,359,.!frame.!entry
demo_session_03,43,1786094518.4629023,move,252,357,.!frame.!entry
demo_session_03,43,1786094518.5129023,move,240,360,.!frame.!entry
demo_session_03,43,1786094518.5629022,move,244,354,.!frame.!entry
demo_session_03,43,1786094518.6129022,move,240,359,.!frame.!entry
demo_session_03,43,1786094518.662902,move,255,359,.!frame.!entry
demo_session_03,43,1786094518.712902,move,253,345,.!frame.!entry
demo_session_03,43,1786094518.762902,move,266,348,.!frame.!entry
demo_session_03,43,1786094518.812902,move,237,343,.!frame.!entry
demo_session_03,43,1786094518.862902,move,232,343,.!frame.!entry
demo_session_03,43,1786094518.9129019,move,251,345,.!frame.!entry
demo_session_03,43,1786094518.9629018,move,262,338,.!frame.!entry
demo_session_03,43,1786094519.0129018,move,238,352,.!frame.!entry
demo_session_03,43,1786094519.0629017,move,272,355,.!frame.!entry
demo_session_03,43,1786094519.1129017,move,249,367,.!frame.!entry
demo_session_03,43,1786094519.1629016,move,261,353,.!frame.!entry
demo_session_03,43,1786094519.2129016,move,270,355,.!frame.!entry
demo_session_03,43,1786094519.2629015,move,261,358,.!frame.!entry
demo_session_03,43,1786094519.3129015,move,262,353,.!frame.!entry
demo_session_03,43,1786094519.3629014,move,247,357,.!frame.!entry
demo_session_03,43,1786094519.4129014,move,281,350,.!frame.!entry
demo_session_03,43,1786094519.4629014,move,252,335,.!frame.!entry
demo_session_03,43,1786094519.5129013,move,262,347,.!frame.!entry
demo_session_03,43,1786094519.5629013,move,285,357,.!frame.!entry
demo_session_03,43,1786094519.6129012,move,291,366,.!frame.!entry
demo_session_03,43,1786094519.6629012,move,284,331,.!frame.!entry
demo_session_03,43,1786094519.712901,move,291,350,.!frame.!entry
demo_session_03,43,1786094519.762901,move,285,348,.!frame.!entry
demo_session_03,43,1786094519.812901,move,301,334,.!frame.!button
demo_session_03,43,1786094519.862901,move,285,348,.!frame.!button
demo_session_03,43,1786094519.912901,move,282,322,.!frame.!button
demo_session_03,43,1786094519.9629009,move,283,338,.!frame.!button
demo_session_03,43,1786094520.0129008,move,291,339,.!frame.!button
demo_session_03,43,1786094520.0629008,move,280,358,.!frame.!button
demo_session_03,43,1786094520.1129007,move,295,326,.!frame.!button
demo_session_03,43,1786094520.1629007,move,283,342,.!frame.!button
demo_session_03,43,1786094520.2129006,move,306,348,.!frame.!button
demo_session_03,43,1786094520.2629006,move,297,330,.!frame.!button
demo_session_03,43,1786094520.3129005,move,309,338,.!frame.!button
demo_session_03,43,1786094520.3629005,move,302,326,.!frame.!button
demo_session_03,43,1786094520.4129004,move,295,317,.!frame.!button
demo_session_03,43,1786094520.4629004,move,307,350,.!frame.!button
demo_session_03,43,1786094520.5129004,move,292,357,.!frame.!button
demo_session_03,43,1786094520.5629003,move,312,330,.!frame.!button
demo_session_03,43,1786094520.6129003,move,313,327,.!frame.!button
demo_session_03,43,1786094520.6629002,move,306,318,.!frame.!button
demo_session_03,43,1786094520.7129002,move,311,333,.!frame.!button
demo_session_03,43,1786094520.7629,move,313,321,.!frame.!button
demo_session_03,43,1786094520.8129,move,298,321,.!frame.!button
demo_session_03,43,1786094520.8629,move,324,316,.!frame.!button
demo_session_03,43,1786094520.9129,move,321,337,.!frame.!button
demo_session_03,43,1786094520.9629,move,312,326,.!frame.!button
demo_session_03,43,1786094521.0128999,move,324,332,.!frame.!button
demo_session_03,43,1786094521.0628998,move,319,304,.!frame.!button
demo_session_03,43,1786094521.1128998,move,316,337,.!frame.!button
demo_session_03,43,1786094521.1628997,move,348,344,.!frame.!button
demo_session_03,43,1786094521.2128997,move,332,311,.!frame.!button
demo_session_03,43,1786094521.2628996,move,322,322,.!frame.!button
demo_session_03,43,1786094521.3128996,move,332,328,.!frame.!button
demo_session_03,43,1786094521.3628995,move,338,319,.!frame.!button
demo_session_03,43,1786094521.4128995,move,335,321,.!frame.!button
demo_session_03,43,1786094521.4628994,move,312,314,.!frame.!button
demo_session_03,43,1786094521.5128994,move,322,338,.!frame.!button
demo_session_03,43,1786094521.5628994,move,349,330,.!frame.!button
demo_session_03,43,1786094521.6128993,move,323,324,.!frame.!button
demo_session_03,43,1786094521.6628993,move,352,315,.!frame.!button
demo_session_03,43,1786094521.7128992,move,345,323,.!frame.!button
demo_session_03,43,1786094521.7628992,move,342,327,.!frame.!button
demo_session_03,43,1786094521.812899,move,330,318,.!frame.!button
demo_session_03,43,1786094521.862899,move,351,317,.!frame.!button
demo_session_03,43,1786094521.912899,move,363,319,.!frame.!button
demo_session_03,43,1786094521.962899,move,351,303,.!frame.!button
demo_session_03,43,1786094522.0327783,click,368,338,.!frame.!button
demo_session_03,44,1786094522.0327783,move,169,334,.!frame.!entry
demo_session_03,44,1786094522.0827782,move,168,336,.!frame.!entry
demo_session_03,44,1786094522.1327782,move,185,338,.!frame.!entry
demo_session_03,44,1786094522.1827781,move,161,327,.!frame.!entry
demo_session_03,44,1786094522.232778,move,175,328,.!frame.!entry
demo_session_03,44,1786094522.282778,move,182,344,.!frame.!entry
demo_session_03,44,1786094522.332778,move,168,337,.!frame.!entry
demo_session_03,44,1786094522.382778,move,190,332,.!frame.!entry
demo_session_03,44,1786094522.432778,move,185,337,.!frame.!entry
demo_session_03,44,1786094522.4827778,move,182,347,.!frame.!entry
demo_session_03,44,1786094522.5327778,move,174,318,.!frame.!entry
demo_session_03,44,1786094522.5827777,move,178,343,.!frame.!entry
demo_session_03,44,1786094522.6327777,move,176,363,.!frame.!entry
demo_session_03,44,1786094522.6827776,move,170,342,.!frame.!entry
demo_session_03,44,1786094522.7327776,move,186,337,.!frame.!entry
demo_session_03,44,1786094522.7827775,move,182,340,.!frame.!entry
demo_session_03,44,1786094522.8327775,move,204,342,.!frame.!entry
demo_session_03,44,1786094522.8827775,move,205,344,.!frame.!entry
demo_session_03,44,1786094522.9327774,move,192,339,.!frame.!entry
demo_session_03,44,1786094522.9827774,move,182,316,.!frame.!entry
demo_session_03,44,1786094523.0327773,move,194,326,.!frame.!entry
demo_session_03,44,1786094523.0827773,move,198,349,.!frame.!entry
demo_session_03,44,1786094523.1327772,move,190,351,.!frame.!entry
demo_session_03,44,1786094523.1827772,move,205,361,.!frame.!entry
demo_session_03,44,1786094523.232777,move,199,326,.!frame.!entry
demo_session_03,44,1786094523.282777,move,215,354,.!frame.!entry
demo_session_03,44,1786094523.332777,move,185,348,.!frame.!entry
demo_session_03,44,1786094523.382777,move,196,346,.!frame.!entry
demo_session_03,44,1786094523.432777,move,219,330,.!frame.!entry
demo_session_03,44,1786094523.4827769,move,205,343,.!frame.!entry
demo_session_03,44,1786094523.5327768,move,213,345,.!frame.!entry
demo_session_03,44,1786094523.5827768,move,199,329,.!frame.!entry
demo_session_03,44,1786094523.6327767,move,199,342,.!frame.!entry
demo_session_03,44,1786094523.6827767,move,209,341,.!frame.!entry
demo_session_03,44,1786094523.7327766,move,218,343,.!frame.!entry
demo_session_03,44,1786094523.7827766,move,216,333,.!frame.!entry
demo_session_03,44,1786094523.8327765,move,225,332,.!frame.!entry
demo_session_03,44,1786094523.8827765,move,197,333,.!frame.!entry
demo_session_03,44,1786094523.9327765,move,219,341,.!frame.!entry
demo_session_03,44,1786094523.9827764,move,217,354,.!frame.!entry
demo_session_03,44,1786094524.0327764,move,217,334,.!frame.!entry
demo_session_03,44,1786094524.0827763,move,210,346,.!frame.!entry
demo_session_03,44,1786094524.1327763,move,232,321,.!frame.!entry
demo_session_03,44,1786094524.1827762,move,223,317,.!frame.!entry
demo_session_03,44,1786094524.2327762,move,239,337,.!frame.!entry
demo_session_03,44,1786094524.282776,move,226,346,.!frame.!entry
demo_session_03,44,1786094524.332776,move,225,343,.!frame.!entry
demo_session_03,44,1786094524.382776,move,238,337,.!frame.!entry
demo_session_03,44,1786094524.432776,move,242,326,.!frame.!entry
demo_session_03,44,1786094524.482776,move,216,322,.!frame.!entry
demo_session_03,44,1786094524.5327759,move,235,320,.!frame.!entry
demo_session_03,44,1786094524.5827758,move,234,323,.!frame.!entry
demo_session_03,44,1786094524.6327758,move,231,337,.!frame.!entry
demo_session_03,44,1786094524.6827757,move,248,315,.!frame.!entry
demo_session_03,44,1786094524.7327757,move,254,338,.!frame.!entry
demo_session_03,44,1786094524.7827756,move,256,348,.!frame.!entry
demo_session_03,44,1786094524.8327756,move,246,336,.!frame.!entry
demo_session_03,44,1786094524.8827755,move,243,307,.!frame.!entry
demo_session_03,44,1786094524.9327755,move,252,327,.!frame.!entry
demo_session_03,44,1786094524.9827754,move,239,337,.!frame.!entry
demo_session_03,44,1786094525.0327754,move,249,321,.!frame.!entry
demo_session_03,44,1786094525.0827754,move,258,326,.!frame.!entry
demo_session_03,44,1786094525.1327753,move,251,331,.!frame.!entry
demo_session_03,44,1786094525.1827753,move,243,326,.!frame.!entry
demo_session_03,44,1786094525.2327752,move,258,322,.!frame.!entry
demo_session_03,44,1786094525.2827752,move,239,325,.!frame.!entry
demo_session_03,44,1786094525.332775,move,267,342,.!frame.!entry
demo_session_03,44,1786094525.382775,move,255,322,.!frame.!entry
demo_session_03,44,1786094525.432775,move,242,316,.!frame.!entry
demo_session_03,44,1786094525.482775,move,252,340,.!frame.!entry
demo_session_03,44,1786094525.532775,move,260,349,.!frame.!entry
demo_session_03,44,1786094525.5827749,move,249,318,.!frame.!entry
demo_session_03,44,1786094525.6327748,move,257,346,.!frame.!entry
demo_session_03,44,1786094525.6827748,move,249,319,.!frame.!entry
demo_session_03,44,1786094525.7327747,move,249,342,.!frame.!entry
demo_session_03,44,1786094525.7827747,move,247,338,.!frame.!entry
demo_session_03,44,1786094525.8327746,move,256,327,.!frame.!entry
demo_session_03,44,1786094525.8827746,move,273,345,.!frame.!entry
demo_session_03,44,1786094525.9327745,move,259,310,.!frame.!entry
demo_session_03,44,1786094525.9827745,move,261,327,.!frame.!entry
demo_session_03,44,1786094526.0327744,move,259,334,.!frame.!entry
demo_session_03,44,1786094526.0827744,move,282,330,.!frame.!entry
demo_session_03,44,1786094526.1327744,move,256,324,.!frame.!entry
demo_session_03,44,1786094526.1827743,move,281,329,.!frame.!entry
demo_session_03,44,1786094526.2327743,move,266,343,.!frame.!entry
demo_session_03,44,1786094526.2827742,move,272,351,.!frame.!entry
demo_session_03,44,1786094526.3327742,move,292,335,.!frame.!entry
demo_session_03,44,1786094526.382774,move,258,309,.!frame.!entry
demo_session_03,44,1786094526.432774,move,292,316,.!frame.!entry
demo_session_03,44,1786094526.482774,move,282,329,.!frame.!entry
demo_session_03,44,1786094526.532774,move,283,323,.!frame.!entry
demo_session_03,44,1786094526.582774,move,288,316,.!frame.!entry
demo_session_03,44,1786094526.6327739,move,290,323,.!frame.!entry
demo_session_03,44,1786094526.6827738,move,282,311,.!frame.!entry
demo_session_03,44,1786094526.7327738,move,298,318,.!frame.!entry
demo_session_03,44,1786094526.7827737,move,280,319,.!frame.!entry
demo_session_03,44,1786094526.8327737,move,297,329,.!frame.!entry
demo_session_03,44,1786094526.8827736,move,295,326,.!frame.!entry
demo_session_03,44,1786094526.9327736,move,289,309,.!frame.!entry
demo_session_03,44,1786094526.9827735,move,286,326,.!frame.!entry
demo_session_03,44,1786094527.0327735,move,277,326,.!frame.!entry
demo_session_03,44,1786094527.0827734,move,301,328,.!frame.!entry
demo_session_03,44,1786094527.1327734,move,305,328,.!frame.!button
demo_session_03,44,1786094527.1827734,move,309,337,.!frame.!button
demo_session_03,44,1786094527.2327733,move,323,339,.!frame.!button
demo_session_03,44,1786094527.2827733,move,286,345,.!frame.!button
demo_session_03,44,1786094527.3327732,move,304,324,.!frame.!button
demo_session_03,44,1786094527.3827732,move,282,325,.!frame.!button
demo_session_03,44,1786094527.432773,move,290,329,.!frame.!button
demo_session_03,44,1786094527.482773,move,303,333,.!frame.!button
demo_session_03,44,1786094527.532773,move,313,326,.!frame.!button
demo_session_03,44,1786094527.582773,move,320,319,.!frame.!button
demo_session_03,44,1786094527.632773,move,315,340,.!frame.!button
demo_session_03,44,1786094527.6827729,move,305,309,.!frame.!button
demo_session_03,44,1786094527.7327728,move,321,306,.!frame.!button
demo_session_03,44,1786094527.7827728,move,304,327,.!frame.!button
demo_session_03,44,1786094527.8327727,move,314,342,.!frame.!button
demo_session_03,44,1786094527.8827727,move,321,322,.!frame.!button
demo_session_03,44,1786094527.9327726,move,332,314,.!frame.!button
demo_session_03,44,1786094527.9827726,move,308,319,.!frame.!button
demo_session_03,44,1786094528.0327725,move,317,307,.!frame.!button
demo_session_03,44,1786094528.0827725,move,324,334,.!frame.!button
demo_session_03,44,1786094528.1327724,move,327,317,.!frame.!button
demo_session_03,44,1786094528.1827724,move,307,329,.!frame.!button
demo_session_03,44,1786094528.2327724,move,324,317,.!frame.!button
demo_session_03,44,1786094528.2827723,move,315,316,.!frame.!button
demo_session_03,44,1786094528.3327723,move,309,329,.!frame.!button
demo_session_03,44,1786094528.3827722,move,333,328,.!frame.!button
demo_session_03,44,1786094528.4327722,move,334,334,.!frame.!button
demo_session_03,44,1786094528.482772,move,326,336,.!frame.!button
demo_session_03,44,1786094528.532772,move,325,300,.!frame.!button
demo_session_03,44,1786094528.582772,move,351,327,.!frame.!button
demo_session_03,44,1786094528.632772,move,330,328,.!frame.!button
demo_session_03,44,1786094528.682772,move,328,329,.!frame.!button
demo_session_03,44,1786094528.7327719,move,343,332,.!frame.!button
demo_session_03,44,1786094528.7827718,move,341,308,.!frame.!button
demo_session_03,44,1786094528.8327718,move,338,329,.!frame.!button
demo_session_03,44,1786094528.8827717,move,332,319,.!frame.!button
demo_session_03,44,1786094528.9327717,move,334,330,.!frame.!button
demo_session_03,44,1786094528.9827716,move,343,311,.!frame.!button
demo_session_03,44,1786094529.0327716,move,351,305,.!frame.!button
demo_session_03,44,1786094529.0827715,move,330,306,.!frame.!button
demo_session_03,44,1786094529.1327715,move,348,322,.!frame.!button
demo_session_03,44,1786094529.1827714,move,336,295,.!frame.!button
demo_session_03,44,1786094529.2327714,move,352,304,.!frame.!button
demo_session_03,44,1786094529.2827713,move,367,312,.!frame.!button
demo_session_03,44,1786094529.3594003,click,341,311,.!frame.!button
demo_session_03,45,1786094529.3594003,move,544,319,.!frame.!entry
demo_session_03,45,1786094529.4094002,move,549,350,.!frame.!entry
demo_session_03,45,1786094529.4594002,move,562,339,.!frame.!entry
demo_session_03,45,1786094529.5094001,move,544,341,.!frame.!entry
demo_session_03,45,1786094529.5594,move,534,347,.!frame.!entry
demo_session_03,45,1786094529.6094,move,554,339,.!frame.!entry
demo_session_03,45,1786094529.6594,move,545,319,.!frame.!entry
demo_session_03,45,1786094529.7094,move,537,343,.!frame.!entry
demo_session_03,45,1786094529.7594,move,539,327,.!frame.!entry
demo_session_03,45,1786094529.8093998,move,543,351,.!frame.!entry
demo_session_03,45,1786094529.8593998,move,523,358,.!frame.!entry
demo_session_03,45,1786094529.9093997,move,530,354,.!frame.!entry
demo_session_03,45,1786094529.9593997,move,531,315,.!frame.!entry
demo_session_03,45,1786094530.0093997,move,529,338,.!frame.!entry
demo_session_03,45,1786094530.0593996,move,532,328,.!frame.!entry
demo_session_03,45,1786094530.1093996,move,530,344,.!frame.!entry
demo_session_03,45,1786094530.1593995,move,530,320,.!frame.!entry
demo_session_03,45,1786094530.2093995,move,529,330,.!frame.!entry
demo_session_03,45,1786094530.2593994,move,534,324,.!frame.!entry
demo_session_03,45,1786094530.3093994,move,535,326,.!frame.!entry
demo_session_03,45,1786094530.3593993,move,508,363,.!frame.!entry
demo_session_03,45,1786094530.4093993,move,501,356,.!frame.!entry
demo_session_03,45,1786094530.4593992,move,510,341,.!frame.!entry
demo_session_03,45,1786094530.5093992,move,503,332,.!frame.!entry
demo_session_03,45,1786094530.5593991,move,503,346,.!frame.!entry
demo_session_03,45,1786094530.609399,move,496,339,.!frame.!entry
demo_session_03,45,1786094530.659399,move,505,340,.!frame.!entry
demo_session_03,45,1786094530.709399,move,500,340,.!frame.!entry
demo_session_03,45,1786094530.759399,move,515,327,.!frame.!entry
demo_session_03,45,1786094530.809399,move,510,323,.!frame.!entry
demo_session_03,45,1786094530.8593988,move,493,345,.!frame.!entry
demo_session_03,45,1786094530.9093988,move,507,347,.!frame.!entry
demo_session_03,45,1786094530.9593987,move,487,329,.!frame.!entry
demo_session_03,45,1786094531.0093987,move,492,329,.!frame.!entry
demo_session_03,45,1786094531.0593987,move,510,324,.!frame.!entry
demo_session_03,45,1786094531.1093986,move,509,344,.!frame.!entry
demo_session_03,45,1786094531.1593986,move,492,349,.!frame.!entry
demo_session_03,45,1786094531.2093985,move,477,310,.!frame.!entry
demo_session_03,45,1786094531.2593985,move,481,342,.!frame.!entry
demo_session_03,45,1786094531.3093984,move,470,333,.!frame.!entry
demo_session_03,45,1786094531.3593984,move,493,338,.!frame.!entry
demo_session_03,45,1786094531.4093983,move,482,329,.!frame.!entry
demo_session_03,45,1786094531.4593983,move,471,343,.!frame.!entry
demo_session_03,45,1786094531.5093982,move,474,339,.!frame.!entry
demo_session_03,45,1786094531.5593982,move,482,329,.!frame.!entry
demo_session_03,45,1786094531.6093981,move,470,333,.!frame.!entry
demo_session_03,45,1786094531.659398,move,465,325,.!frame.!entry
demo_session_03,45,1786094531.709398,move,464,336,.!frame.!entry
demo_session_03,45,1786094531.759398,move,452,336,.!frame.!entry
demo_session_03,45,1786094531.809398,move,477,342,.!frame.!entry
demo_session_03,45,1786094531.859398,move,464,343,.!frame.!entry
demo_session_03,45,1786094531.9093978,move,483,334,.!frame.!entry
demo_session_03,45,1786094531.9593978,move,477,342,.!frame.!entry
demo_session_03,45,1786094532.0093977,move,444,325,.!frame.!entry
demo_session_03,45,1786094532.0593977,move,458,307,.!frame.!entry
demo_session_03,45,1786094532.1093976,move,453,337,.!frame.!entry
demo_session_03,45,1786094532.1593976,move,464,335,.!frame.!entry
demo_session_03,45,1786094532.2093976,move,470,347,.!frame.!entry
demo_session_03,45,1786094532.2593975,move,480,327,.!frame.!entry
demo_session_03,45,1786094532.3093975,move,438,308,.!frame.!entry
demo_session_03,45,1786094532.3593974,move,447,315,.!frame.!entry
demo_session_03,45,1786094532.4093974,move,450,339,.!frame.!entry
demo_session_03,45,1786094532.4593973,move,448,343,.!frame.!entry
demo_session_03,45,1786094532.5093973,move,448,320,.!frame.!entry
demo_session_03,45,1786094532.5593972,move,449,318,.!frame.!entry
demo_session_03,45,1786094532.6093972,move,431,335,.!frame.!entry
demo_session_03,45,1786094532.6593971,move,441,352,.!frame.!entry
demo_session_03,45,1786094532.709397,move,429,331,.!frame.!entry
demo_session_03,45,1786094532.759397,move,428,352,.!frame.!entry
demo_session_03,45,1786094532.809397,move,427,349,.!frame.!entry
demo_session_03,45,1786094532.859397,move,443,341,.!frame.!entry
demo_session_03,45,1786094532.909397,move,409,321,.!frame.!entry
demo_session_03,45,1786094532.9593968,move,429,329,.!frame.!entry
demo_session_03,45,1786094533.0093968,move,433,319,.!frame.!entry
demo_session_03,45,1786094533.0593967,move,442,315,.!frame.!entry
demo_session_03,45,1786094533.1093967,move,435,314,.!frame.!entry
demo_session_03,45,1786094533.1593966,move,414,327,.!frame.!entry
demo_session_03,45,1786094533.2093966,move,429,319,.!frame.!entry
demo_session_03,45,1786094533.2593966,move,416,341,.!frame.!entry
demo_session_03,45,1786094533.3093965,move,437,313,.!frame.!entry
demo_session_03,45,1786094533.3593965,move,394,327,.!frame.!entry
demo_session_03,45,1786094533.4093964,move,419,310,.!frame.!entry
demo_session_03,45,1786094533.4593964,move,408,332,.!frame.!entry
demo_session_03,45,1786094533.5093963,move,410,305,.!frame.!entry
demo_session_03,45,1786094533.5593963,move,436,321,.!frame.!entry
demo_session_03,45,1786094533.6093962,move,427,321,.!frame.!entry
demo_session_03,45,1786094533.6593962,move,418,327,.!frame.!button
demo_session_03,45,1786094533.7093961,move,405,306,.!frame.!button
demo_session_03,45,1786094533.759396,move,396,327,.!frame.!button
demo_session_03,45,1786094533.809396,move,396,320,.!frame.!button
demo_session_03,45,1786094533.859396,move,396,332,.!frame.!button
demo_session_03,45,1786094533.909396,move,405,325,.!frame.!button
demo_session_03,45,1786094533.959396,move,407,323,.!frame.!button
demo_session_03,45,1786094534.0093958,move,406,314,.!frame.!button
demo_session_03,45,1786094534.0593958,move,389,324,.!frame.!button
demo_session_03,45,1786094534.1093957,move,390,329,.!frame.!button
demo_session_03,45,1786094534.1593957,move,401,338,.!frame.!button
demo_session_03,45,1786094534.2093956,move,392,317,.!frame.!button
demo_session_03,45,1786094534.2593956,move,383,313,.!frame.!button
demo_session_03,45,1786094534.3093956,move,390,317,.!frame.!button
demo_session_03,45,1786094534.3593955,move,397,323,.!frame.!button
demo_session_03,45,1786094534.4093955,move,387,326,.!frame.!button
demo_session_03,45,1786094534.4593954,move,390,329,.!frame.!button
demo_session_03,45,1786094534.5093954,move,373,314,.!frame.!button
demo_session_03,45,1786094534.5593953,move,380,318,.!frame.!button
demo_session_03,45,1786094534.6093953,move,389,333,.!frame.!button
demo_session_03,45,1786094534.6593952,move,363,334,.!frame.!button
demo_session_03,45,1786094534.7093952,move,373,329,.!frame.!button
demo_session_03,45,1786094534.7593951,move,368,334,.!frame.!button
demo_session_03,45,1786094534.809395,move,365,303,.!frame.!button
demo_session_03,45,1786094534.859395,move,355,315,.!frame.!button
demo_session_03,45,1786094534.909395,move,349,312,.!frame.!button
demo_session_03,45,1786094534.959395,move,358,322,.!frame.!button
demo_session_03,45,1786094535.009395,move,359,329,.!frame.!button
demo_session_03,45,1786094535.0593948,move,382,323,.!frame.!button
demo_session_03,45,1786094535.1093948,move,371,316,.!frame.!button
demo_session_03,45,1786094535.1593947,move,376,314,.!frame.!button
demo_session_03,45,1786094535.2093947,move,357,307,.!frame.!button
demo_session_03,45,1786094535.2593946,move,358,329,.!frame.!button
demo_session_03,45,1786094535.3093946,move,347,324,.!frame.!button
demo_session_03,45,1786094535.3593946,move,362,339,.!frame.!button
demo_session_03,45,1786094535.4093945,move,362,338,.!frame.!button
demo_session_03,45,1786094535.4593945,move,333,303,.!frame.!button
demo_session_03,45,1786094535.518358,click,336,306,.!frame.!button
demo_session_03,46,1786094535.518358,move,492,208,.!frame.!entry
demo_session_03,46,1786094535.568358,move,499,205,.!frame.!entry
demo_session_03,46,1786094535.618358,move,501,191,.!frame.!entry
demo_session_03,46,1786094535.6683578,move,484,218,.!frame.!entry
demo_session_03,46,1786094535.7183578,move,496,228,.!frame.!entry
demo_session_03,46,1786094535.7683578,move,490,216,.!frame.!entry
demo_session_03,46,1786094535.8183577,move,469,231,.!frame.!entry
demo_session_03,46,1786094535.8683577,move,496,225,.!frame.!entry
demo_session_03,46,1786094535.9183576,move,485,242,.!frame.!entry
demo_session_03,46,1786094535.9683576,move,488,228,.!frame.!entry
demo_session_03,46,1786094536.0183575,move,480,236,.!frame.!entry
demo_session_03,46,1786094536.0683575,move,456,206,.!frame.!entry
demo_session_03,46,1786094536.1183574,move,480,234,.!frame.!entry
demo_session_03,46,1786094536.1683574,move,481,228,.!frame.!entry
demo_session_03,46,1786094536.2183573,move,465,233,.!frame.!entry
demo_session_03,46,1786094536.2683573,move,454,254,.!frame.!entry
demo_session_03,46,1786094536.3183572,move,466,223,.!frame.!entry
demo_session_03,46,1786094536.3683572,move,481,225,.!frame.!entry
demo_session_03,46,1786094536.4183571,move,478,237,.!frame.!entry
demo_session_03,46,1786094536.468357,move,472,236,.!frame.!entry
demo_session_03,46,1786094536.518357,move,482,241,.!frame.!entry
demo_session_03,46,1786094536.568357,move,475,219,.!frame.!entry
demo_session_03,46,1786094536.618357,move,477,240,.!frame.!entry
demo_session_03,46,1786094536.668357,move,475,248,.!frame.!entry
demo_session_03,46,1786094536.7183568,move,452,236,.!frame.!entry
demo_session_03,46,1786094536.7683568,move,448,246,.!frame.!entry
demo_session_03,46,1786094536.8183568,move,455,248,.!frame.!entry
demo_session_03,46,1786094536.8683567,move,459,262,.!frame.!entry
demo_session_03,46,1786094536.9183567,move,437,233,.!frame.!entry
demo_session_03,46,1786094536.9683566,move,457,248,.!frame.!entry
demo_session_03,46,1786094537.0183566,move,445,255,.!frame.!entry
demo_session_03,46,1786094537.0683565,move,445,231,.!frame.!entry
demo_session_03,46,1786094537.1183565,move,449,250,.!frame.!entry
demo_session_03,46,1786094537.1683564,move,453,250,.!frame.!entry
demo_session_03,46,1786094537.2183564,move,439,258,.!frame.!entry
demo_session_03,46,1786094537.2683563,move,441,253,.!frame.!entry
demo_session_03,46,1786094537.3183563,move,457,235,.!frame.!entry
demo_session_03,46,1786094537.3683562,move,430,234,.!frame.!entry
demo_session_03,46,1786094537.4183562,move,435,238,.!frame.!entry
demo_session_03,46,1786094537.4683561,move,457,249,.!frame.!entry
demo_session_03,46,1786094537.518356,move,448,252,.!frame.!entry
demo_session_03,46,1786094537.568356,move,455,249,.!frame.!entry
demo_session_03,46,1786094537.618356,move,450,259,.!frame.!entry
demo_session_03,46,1786094537.668356,move,428,249,.!frame.!entry
demo_session_03,46,1786094537.718356,move,430,259,.!frame.!entry
demo_session_03,46,1786094537.7683558,move,445,245,.!frame.!entry
demo_session_03,46,1786094537.8183558,move,439,262,.!frame.!entry
demo_session_03,46,1786094537.8683558,move,435,248,.!frame.!entry
demo_session_03,46,1786094537.9183557,move,439,239,.!frame.!entry
demo_session_03,46,1786094537.9683557,move,422,257,.!frame.!entry
demo_session_03,46,1786094538.0183556,move,431,268,.!frame.!entry
demo_session_03,46,1786094538.0683556,move,428,248,.!frame.!entry
demo_session_03,46,1786094538.1183555,move,418,259,.!frame.!entry
demo_session_03,46,1786094538.1683555,move,441,253,.!frame.!entry
demo_session_03,46,1786094538.2183554,move,425,256,.!frame.!entry
demo_session_03,46,1786094538.2683554,move,417,284,.!frame.!entry
demo_session_03,46,1786094538.3183553,move,415,265,.!frame.!entry
demo_session_03,46,1786094538.3683553,move,428,267,.!frame.!entry
demo_session_03,46,1786094538.4183552,move,411,223,.!frame.!entry
demo_session_03,46,1786094538.4683552,move,446,254,.!frame.!entry
demo_session_03,46,1786094538.5183551,move,404,265,.!frame.!entry
demo_session_03,46,1786094538.568355,move,434,264,.!frame.!entry
demo_session_03,46,1786094538.618355,move,421,260,.!frame.!entry
demo_session_03,46,1786094538.668355,move,404,272,.!frame.!entry
demo_session_03,46,1786094538.718355,move,416,289,.!frame.!entry
demo_session_03,46,1786094538.768355,move,413,280,.!frame.!entry
demo_session_03,46,1786094538.8183548,move,429,278,.!frame.!entry
demo_session_03,46,1786094538.8683548,move,429,256,.!frame.!entry
demo_session_03,46,1786094538.9183547,move,403,273,.!frame.!entry
demo_session_03,46,1786094538.9683547,move,400,266,.!frame.!entry
demo_session_03,46,1786094539.0183547,move,406,281,.!frame.!entry
demo_session_03,46,1786094539.0683546,move,405,290,.!frame.!entry
demo_session_03,46,1786094539.1183546,move,404,269,.!frame.!entry
demo_session_03,46,1786094539.1683545,move,409,283,.!frame.!entry
demo_session_03,46,1786094539.2183545,move,397,263,.!frame.!entry
demo_session_03,46,1786094539.2683544,move,412,277,.!frame.!entry
demo_session_03,46,1786094539.3183544,move,405,279,.!frame.!entry
demo_session_03,46,1786094539.3683543,move,390,285,.!frame.!entry
demo_session_03,46,1786094539.4183543,move,393,260,.!frame.!entry
demo_session_03,46,1786094539.4683542,move,387,282,.!frame.!entry
demo_session_03,46,1786094539.5183542,move,396,314,.!frame.!entry
demo_session_03,46,1786094539.5683541,move,407,292,.!frame.!entry
demo_session_03,46,1786094539.618354,move,394,289,.!frame.!entry
demo_session_03,46,1786094539.668354,move,381,290,.!frame.!entry
demo_session_03,46,1786094539.718354,move,386,302,.!frame.!entry
demo_session_03,46,1786094539.768354,move,387,287,.!frame.!button
demo_session_03,46,1786094539.818354,move,389,289,.!frame.!button
demo_session_03,46,1786094539.8683538,move,383,305,.!frame.!button
demo_session_03,46,1786094539.9183538,move,372,300,.!frame.!button
demo_session_03,46,1786094539.9683537,move,367,291,.!frame.!button
demo_session_03,46,1786094540.0183537,move,380,291,.!frame.!button
demo_session_03,46,1786094540.0683537,move,399,283,.!frame.!button
demo_session_03,46,1786094540.1183536,move,381,311,.!frame.!button
demo_session_03,46,1786094540.1683536,move,375,309,.!frame.!button
demo_session_03,46,1786094540.2183535,move,382,290,.!frame.!button
demo_session_03,46,1786094540.2683535,move,364,295,.!frame.!button
demo_session_03,46,1786094540.3183534,move,366,296,.!frame.!button
demo_session_03,46,1786094540.3683534,move,363,291,.!frame.!button
demo_session_03,46,1786094540.4183533,move,371,297,.!frame.!button
demo_session_03,46,1786094540.4683533,move,390,277,.!frame.!button
demo_session_03,46,1786094540.5183532,move,368,292,.!frame.!button
demo_session_03,46,1786094540.5683532,move,379,289,.!frame.!button
demo_session_03,46,1786094540.6183531,move,358,292,.!frame.!button
demo_session_03,46,1786094540.668353,move,372,288,.!frame.!button
demo_session_03,46,1786094540.718353,move,378,318,.!frame.!button
demo_session_03,46,1786094540.768353,move,358,303,.!frame.!button
demo_session_03,46,1786094540.818353,move,346,300,.!frame.!button
demo_session_03,46,1786094540.868353,move,374,287,.!frame.!button
demo_session_03,46,1786094540.9183528,move,382,295,.!frame.!button
demo_session_03,46,1786094540.9683528,move,365,301,.!frame.!button
demo_session_03,46,1786094541.0183527,move,365,300,.!frame.!button
demo_session_03,46,1786094541.0683527,move,356,298,.!frame.!button
demo_session_03,46,1786094541.1183527,move,363,301,.!frame.!button
demo_session_03,46,1786094541.1683526,move,341,303,.!frame.!button
demo_session_03,46,1786094541.2183526,move,357,314,.!frame.!button
demo_session_03,46,1786094541.2683525,move,360,325,.!frame.!button
demo_session_03,46,1786094541.3183525,move,363,313,.!frame.!button
demo_session_03,46,1786094541.3683524,move,355,317,.!frame.!button
demo_session_03,46,1786094541.4183524,move,364,328,.!frame.!button
demo_session_03,46,1786094541.4683523,move,340,294,.!frame.!button
demo_session_03,46,1786094541.5183523,move,334,329,.!frame.!button
demo_session_03,46,1786094541.5683522,move,341,331,.!frame.!button
demo_session_03,46,1786094541.6338737,click,339,309,.!frame.!button
demo_session_03,47,1786094541.6338737,move,538,369,.!frame.!entry
demo_session_03,47,1786094541.6838737,move,513,365,.!frame.!entry
demo_session_03,47,1786094541.7338736,move,510,370,.!frame.!entry
demo_session_03,47,1786094541.7838736,move,530,361,.!frame.!entry
demo_session_03,47,1786094541.8338735,move,519,347,.!frame.!entry
demo_session_03,47,1786094541.8838735,move,504,372,.!frame.!entry
demo_session_03,47,1786094541.9338734,move,517,371,.!frame.!entry
demo_session_03,47,1786094541.9838734,move,521,351,.!frame.!entry
demo_session_03,47,1786094542.0338733,move,539,382,.!frame.!entry
demo_session_03,47,1786094542.0838733,move,524,377,.!frame.!entry
demo_session_03,47,1786094542.1338732,move,517,364,.!frame.!entry
demo_session_03,47,1786094542.1838732,move,501,374,.!frame.!entry
demo_session_03,47,1786094542.2338731,move,505,359,.!frame.!entry
demo_session_03,47,1786094542.283873,move,527,378,.!frame.!entry
demo_session_03,47,1786094542.333873,move,494,370,.!frame.!entry
demo_session_03,47,1786094542.383873,move,509,358,.!frame.!entry
demo_session_03,47,1786094542.433873,move,501,347,.!frame.!entry
demo_session_03,47,1786094542.483873,move,503,348,.!frame.!entry
demo_session_03,47,1786094542.5338728,move,495,365,.!frame.!entry
demo_session_03,47,1786094542.5838728,move,505,372,.!frame.!entry
demo_session_03,47,1786094542.6338727,move,503,360,.!frame.!entry
demo_session_03,47,1786094542.6838727,move,502,355,.!frame.!entry
demo_session_03,47,1786094542.7338727,move,508,364,.!frame.!entry
demo_session_03,47,1786094542.7838726,move,485,369,.!frame.!entry
demo_session_03,47,1786094542.8338726,move,485,346,.!frame.!entry
demo_session_03,47,1786094542.8838725,move,487,363,.!frame.!entry
demo_session_03,47,1786094542.9338725,move,494,351,.!frame.!entry
demo_session_03,47,1786094542.9838724,move,494,370,.!frame.!entry
demo_session_03,47,1786094543.0338724,move,488,364,.!frame.!entry
demo_session_03,47,1786094543.0838723,move,478,350,.!frame.!entry
demo_session_03,47,1786094543.1338723,move,486,370,.!frame.!entry
demo_session_03,47,1786094543.1838722,move,484,358,.!frame.!entry
demo_session_03,47,1786094543.2338722,move,482,348,.!frame.!entry
demo_session_03,47,1786094543.2838721,move,477,334,.!frame.!entry
demo_session_03,47,1786094543.333872,move,474,354,.!frame.!entry
demo_session_03,47,1786094543.383872,move,484,366,.!frame.!entry
demo_session_03,47,1786094543.433872,move,467,354,.!frame.!entry
demo_session_03,47,1786094543.483872,move,460,348,.!frame.!entry
demo_session_03,47,1786094543.533872,move,478,357,.!frame.!entry
demo_session_03,47,1786094543.5838718,move,461,357,.!frame.!entry
demo_session_03,47,1786094543.6338718,move,481,364,.!frame.!entry
demo_session_03,47,1786094543.6838717,move,472,356,.!frame.!entry
demo_session_03,47,1786094543.7338717,move,455,338,.!frame.!entry
demo_session_03,47,1786094543.7838717,move,458,359,.!frame.!entry
demo_session_03,47,1786094543.8338716,move,473,362,.!frame.!entry
demo_session_03,47,1786094543.8838716,move,443,361,.!frame.!entry
demo_session_03,47,1786094543.9338715,move,456,343,.!frame.!entry
demo_session_03,47,1786094543.9838715,move,458,356,.!frame.!entry
demo_session_03,47,1786094544.0338714,move,470,350,.!frame.!entry
demo_session_03,47,1786094544.0838714,move,437,352,.!frame.!entry
demo_session_03,47,1786094544.1338713,move,450,337,.!frame.!entry
demo_session_03,47,1786094544.1838713,move,469,341,.!frame.!entry
demo_session_03,47,1786094544.2338712,move,449,340,.!frame.!entry
demo_session_03,47,1786094544.2838712,move,465,342,.!frame.!entry
demo_session_03,47,1786094544.3338711,move,447,343,.!frame.!entry
demo_session_03,47,1786094544.383871,move,450,348,.!frame.!entry
demo_session_03,47,1786094544.433871,move,458,348,.!frame.!entry
demo_session_03,47,1786094544.483871,move,447,337,.!frame.!entry
demo_session_03,47,1786094544.533871,move,463,360,.!frame.!entry
demo_session_03,47,1786094544.583871,move,451,356,.!frame.!entry
demo_session_03,47,1786094544.6338708,move,433,354,.!frame.!entry
demo_session_03,47,1786094544.6838708,move,448,348,.!frame.!entry
demo_session_03,47,1786094544.7338707,move,447,323,.!frame.!entry
demo_session_03,47,1786094544.7838707,move,432,340,.!frame.!entry
demo_session_03,47,1786094544.8338706,move,435,342,.!frame.!entry
demo_session_03,47,1786094544.8838706,move,441,355,.!frame.!entry
demo_session_03,47,1786094544.9338706,move,440,336,.!frame.!entry
demo_session_03,47,1786094544.9838705,move,439,322,.!frame.!entry
demo_session_03,47,1786094545.0338705,move,435,343,.!frame.!entry
demo_session_03,47,1786094545.0838704,move,423,339,.!frame.!entry
demo_session_03,47,1786094545.1338704,move,432,363,.!frame.!entry
demo_session_03,47,1786094545.1838703,move,425,344,.!frame.!entry
demo_session_03,47,1786094545.2338703,move,429,341,.!frame.!entry
demo_session_03,47,1786094545.2838702,move,422,349,.!frame.!entry
demo_session_03,47,1786094545.3338702,move,423,331,.!frame.!entry
demo_session_03,47,1786094545.3838701,move,420,334,.!frame.!entry
demo_session_03,47,1786094545.43387,move,418,339,.!frame.!entry
demo_session_03,47,1786094545.48387,move,403,354,.!frame.!entry
demo_session_03,47,1786094545.53387,move,396,355,.!frame.!entry
demo_session_03,47,1786094545.58387,move,422,333,.!frame.!entry
demo_session_03,47,1786094545.63387,move,417,327,.!frame.!entry
demo_session_03,47,1786094545.6838698,move,426,342,.!frame.!entry
demo_session_03,47,1786094545.7338698,move,417,336,.!frame.!entry
demo_session_03,47,1786094545.7838697,move,423,317,.!frame.!entry
demo_session_03,47,1786094545.8338697,move,411,342,.!frame.!entry
demo_session_03,47,1786094545.8838696,move,416,317,.!frame.!entry
demo_session_03,47,1786094545.9338696,move,391,321,.!frame.!entry
demo_session_03,47,1786094545.9838696,move,405,347,.!frame.!entry
demo_session_03,47,1786094546.0338695,move,409,328,.!frame.!entry
demo_session_03,47,1786094546.0838695,move,410,338,.!frame.!entry
demo_session_03,47,1786094546.1338694,move,390,331,.!frame.!entry
demo_session_03,47,1786094546.1838694,move,419,332,.!frame.!entry
demo_session_03,47,1786094546.2338693,move,404,331,.!frame.!button
demo_session_03,47,1786094546.2838693,move,407,332,.!frame.!button
demo_session_03,47,1786094546.3338692,move,381,324,.!frame.!button
demo_session_03,47,1786094546.3838692,move,409,327,.!frame.!button
demo_session_03,47,1786094546.4338691,move,392,328,.!frame.!button
demo_session_03,47,1786094546.483869,move,395,332,.!frame.!button
demo_session_03,47,1786094546.533869,move,394,325,.!frame.!button
demo_session_03,47,1786094546.583869,move,401,336,.!frame.!button
demo_session_03,47,1786094546.633869,move,399,315,.!frame.!button
demo_session_03,47,1786094546.683869,move,395,335,.!frame.!button
demo_session_03,47,1786094546.7338688,move,395,345,.!frame.!button
demo_session_03,47,1786094546.7838688,move,375,332,.!frame.!button
demo_session_03,47,1786094546.8338687,move,387,315,.!frame.!button
demo_session_03,47,1786094546.8838687,move,372,329,.!frame.!button
demo_session_03,47,1786094546.9338686,move,406,332,.!frame.!button
demo_session_03,47,1786094546.9838686,move,371,333,.!frame.!button
demo_session_03,47,1786094547.0338686,move,383,303,.!frame.!button
demo_session_03,47,1786094547.0838685,move,376,330,.!frame.!button
demo_session_03,47,1786094547.1338685,move,377,332,.!frame.!button
demo_session_03,47,1786094547.1838684,move,383,323,.!frame.!button
demo_session_03,47,1786094547.2338684,move,377,335,.!frame.!button
demo_session_03,47,1786094547.2838683,move,393,318,.!frame.!button
demo_session_03,47,1786094547.3338683,move,368,320,.!frame.!button
demo_session_03,47,1786094547.3838682,move,378,316,.!frame.!button
demo_session_03,47,1786094547.4338682,move,362,324,.!frame.!button
demo_session_03,47,1786094547.4838681,move,351,337,.!frame.!button
demo_session_03,47,1786094547.533868,move,373,355,.!frame.!button
demo_session_03,47,1786094547.583868,move,379,313,.!frame.!button
demo_session_03,47,1786094547.633868,move,345,315,.!frame.!button
demo_session_03,47,1786094547.683868,move,357,317,.!frame.!button
demo_session_03,47,1786094547.733868,move,351,318,.!frame.!button
demo_session_03,47,1786094547.7838678,move,363,339,.!frame.!button
demo_session_03,47,1786094547.8338678,move,360,319,.!frame.!button
demo_session_03,47,1786094547.8838677,move,355,336,.!frame.!button
demo_session_03,47,1786094547.9338677,move,362,308,.!frame.!button
demo_session_03,47,1786094547.9838676,move,358,324,.!frame.!button
demo_session_03,47,1786094548.0338676,move,340,300,.!frame.!button
demo_session_03,47,1786094548.0838675,move,345,311,.!frame.!button
demo_session_03,47,1786094548.1338675,move,354,323,.!frame.!button
demo_session_03,47,1786094548.1838675,move,366,312,.!frame.!button
demo_session_03,47,1786094548.2771754,click,362,332,.!frame.!button
demo_session_03,48,1786094548.2771754,move,520,117,.!frame.!entry
demo_session_03,48,1786094548.3271754,move,532,141,.!frame.!entry
demo_session_03,48,1786094548.3771753,move,533,124,.!frame.!entry
demo_session_03,48,1786094548.4271753,move,532,149,.!frame.!entry
demo_session_03,48,1786094548.4771752,move,539,126,.!frame.!entry
demo_session_03,48,1786094548.5271752,move,525,145,.!frame.!entry
demo_session_03,48,1786094548.5771751,move,529,163,.!frame.!entry
demo_session_03,48,1786094548.627175,move,532,144,.!frame.!entry
demo_session_03,48,1786094548.677175,move,519,139,.!frame.!entry
demo_session_03,48,1786094548.727175,move,497,134,.!frame.!entry
demo_session_03,48,1786094548.777175,move,537,143,.!frame.!entry
demo_session_03,48,1786094548.827175,move,505,160,.!frame.!entry
demo_session_03,48,1786094548.8771749,move,517,143,.!frame.!entry
demo_session_03,48,1786094548.9271748,move,516,143,.!frame.!entry
demo_session_03,48,1786094548.9771748,move,512,165,.!frame.!entry
demo_session_03,48,1786094549.0271747,move,507,146,.!frame.!entry
demo_session_03,48,1786094549.0771747,move,506,153,.!frame.!entry
demo_session_03,48,1786094549.1271746,move,517,163,.!frame.!entry
demo_session_03,48,1786094549.1771746,move,504,167,.!frame.!entry
demo_session_03,48,1786094549.2271745,move,481,157,.!frame.!entry
demo_session_03,48,1786094549.2771745,move,497,165,.!frame.!entry
demo_session_03,48,1786094549.3271744,move,484,173,.!frame.!entry
demo_session_03,48,1786094549.3771744,move,495,169,.!frame.!entry
demo_session_03,48,1786094549.4271743,move,488,143,.!frame.!entry
demo_session_03,48,1786094549.4771743,move,491,172,.!frame.!entry
demo_session_03,48,1786094549.5271742,move,496,170,.!frame.!entry
demo_session_03,48,1786094549.5771742,move,498,173,.!frame.!entry
demo_session_03,48,1786094549.6271741,move,507,172,.!frame.!entry
demo_session_03,48,1786094549.677174,move,491,181,.!frame.!entry
demo_session_03,48,1786094549.727174,move,492,197,.!frame.!entry
demo_session_03,48,1786094549.777174,move,498,176,.!frame.!entry
demo_session_03,48,1786094549.827174,move,458,197,.!frame.!entry
demo_session_03,48,1786094549.877174,move,481,185,.!frame.!entry
demo_session_03,48,1786094549.9271739,move,471,180,.!frame.!entry
demo_session_03,48,1786094549.9771738,move,478,179,.!frame.!entry
demo_session_03,48,1786094550.0271738,move,492,199,.!frame.!entry
demo_session_03,48,1786094550.0771737,move,472,190,.!frame.!entry
demo_session_03,48,1786094550.1271737,move,482,190,.!frame.!entry
demo_session_03,48,1786094550.1771736,move,490,179,.!frame.!entry
demo_session_03,48,1786094550.2271736,move,477,210,.!frame.!entry
demo_session_03,48,1786094550.2771735,move,476,199,.!frame.!entry
demo_session_03,48,1786094550.3271735,move,462,190,.!frame.!entry
demo_session_03,48,1786094550.3771734,move,479,189,.!frame.!entry
demo_session_03,48,1786094550.4271734,move,468,207,.!frame.!entry
demo_session_03,48,1786094550.4771733,move,483,223,.!frame.!entry
demo_session_03,48,1786094550.5271733,move,442,203,.!frame.!entry
demo_session_03,48,1786094550.5771732,move,474,200,.!frame.!entry
demo_session_03,48,1786094550.6271732,move,455,219,.!frame.!entry
demo_session_03,48,1786094550.6771731,move,453,201,.!frame.!entry
demo_session_03,48,1786094550.727173,move,437,177,.!frame.!entry
demo_session_03,48,1786094550.777173,move,443,232,.!frame.!entry
demo_session_03,48,1786094550.827173,move,450,197,.!frame.!entry
demo_session_03,48,1786094550.877173,move,443,206,.!frame.!entry
demo_session_03,48,1786094550.927173,move,440,217,.!frame.!entry
demo_session_03,48,1786094550.9771729,move,446,213,.!frame.!entry
demo_session_03,48,1786094551.0271728,move,447,214,.!frame.!entry
demo_session_03,48,1786094551.0771728,move,430,211,.!frame.!entry
demo_session_03,48,1786094551.1271727,move,429,210,.!frame.!entry
demo_session_03,48,1786094551.1771727,move,438,222,.!frame.!entry
demo_session_03,48,1786094551.2271726,move,440,233,.!frame.!entry
demo_session_03,48,1786094551.2771726,move,442,209,.!frame.!entry
demo_session_03,48,1786094551.3271725,move,448,234,.!frame.!entry
demo_session_03,48,1786094551.3771725,move,427,219,.!frame.!entry
demo_session_03,48,1786094551.4271724,move,442,216,.!frame.!entry
demo_session_03,48,1786094551.4771724,move,432,247,.!frame.!entry
demo_session_03,48,1786094551.5271723,move,454,229,.!frame.!entry
demo_session_03,48,1786094551.5771723,move,435,225,.!frame.!entry
demo_session_03,48,1786094551.6271722,move,427,237,.!frame.!entry
demo_session_03,48,1786094551.6771722,move,419,241,.!frame.!entry
demo_session_03,48,1786094551.7271721,move,430,234,.!frame.!entry
demo_session_03,48,1786094551.777172,move,438,265,.!frame.!entry
demo_session_03,48,1786094551.827172,move,437,231,.!frame.!entry
demo_session_03,48,1786094551.877172,move,426,248,.!frame.!entry
demo_session_03,48,1786094551.927172,move,407,236,.!frame.!entry
demo_session_03,48,1786094551.977172,move,414,241,.!frame.!entry
demo_session_03,48,1786094552.0271719,move,430,251,.!frame.!entry
demo_session_03,48,1786094552.0771718,move,427,268,.!frame.!entry
demo_session_03,48,1786094552.1271718,move,424,249,.!frame.!entry
demo_session_03,48,1786094552.1771717,move,431,250,.!frame.!entry
demo_session_03,48,1786094552.2271717,move,432,268,.!frame.!entry
demo_session_03,48,1786094552.2771716,move,422,253,.!frame.!entry
demo_session_03,48,1786094552.3271716,move,408,254,.!frame.!entry
demo_session_03,48,1786094552.3771715,move,412,261,.!frame.!entry
demo_session_03,48,1786094552.4271715,move,425,254,.!frame.!entry
demo_session_03,48,1786094552.4771714,move,423,258,.!frame.!button
demo_session_03,48,1786094552.5271714,move,387,274,.!frame.!button
demo_session_03,48,1786094552.5771713,move,423,254,.!frame.!button
demo_session_03,48,1786094552.6271713,move,388,253,.!frame.!button
demo_session_03,48,1786094552.6771712,move,408,260,.!frame.!button
demo_session_03,48,1786094552.7271712,move,415,268,.!frame.!button
demo_session_03,48,1786094552.7771711,move,418,278,.!frame.!button
demo_session_03,48,1786094552.827171,move,413,255,.!frame.!button
demo_session_03,48,1786094552.877171,move,389,270,.!frame.!button
demo_session_03,48,1786094552.927171,move,402,288,.!frame.!button
demo_session_03,48,1786094552.977171,move,384,266,.!frame.!button
demo_session_03,48,1786094553.027171,move,396,281,.!frame.!button
demo_session_03,48,1786094553.0771708,move,393,262,.!frame.!button
demo_session_03,48,1786094553.1271708,move,381,284,.!frame.!button
demo_session_03,48,1786094553.1771708,move,379,282,.!frame.!button
demo_session_03,48,1786094553.2271707,move,376,282,.!frame.!button
demo_session_03,48,1786094553.2771707,move,374,268,.!frame.!button
demo_session_03,48,1786094553.3271706,move,378,302,.!frame.!button
demo_session_03,48,1786094553.3771706,move,381,299,.!frame.!button
demo_session_03,48,1786094553.4271705,move,379,293,.!frame.!button
demo_session_03,48,1786094553.4771705,move,385,287,.!frame.!button
demo_session_03,48,1786094553.5271704,move,375,304,.!frame.!button
demo_session_03,48,1786094553.5771704,move,375,298,.!frame.!button
demo_session_03,48,1786094553.6271703,move,359,320,.!frame.!button
demo_session_03,48,1786094553.6771703,move,357,295,.!frame.!button
demo_session_03,48,1786094553.7271702,move,361,312,.!frame.!button
demo_session_03,48,1786094553.7771702,move,357,302,.!frame.!button
demo_session_03,48,1786094553.8271701,move,372,306,.!frame.!button
demo_session_03,48,1786094553.87717,move,347,306,.!frame.!button
demo_session_03,48,1786094553.92717,move,353,321,.!frame.!button
demo_session_03,48,1786094553.97717,move,340,281,.!frame.!button
demo_session_03,48,1786094554.02717,move,367,311,.!frame.!button
demo_session_03,48,1786094554.07717,move,350,325,.!frame.!button
demo_session_03,48,1786094554.1271698,move,356,310,.!frame.!button
demo_session_03,48,1786094554.1771698,move,345,324,.!frame.!button
demo_session_03,48,1786094554.2271698,move,351,324,.!frame.!button
demo_session_03,48,1786094554.2771697,move,350,311,.!frame.!button
demo_session_03,48,1786094554.3763006,click,356,326,.!frame.!button
demo_session_03,49,1786094554.3763006,move,376,398,.!frame.!entry
demo_session_03,49,1786094554.4263005,move,373,374,.!frame.!entry
demo_session_03,49,1786094554.4763005,move,355,387,.!frame.!entry
demo_session_03,49,1786094554.5263004,move,359,396,.!frame.!entry
demo_session_03,49,1786094554.5763004,move,355,378,.!frame.!entry
demo_session_03,49,1786094554.6263003,move,355,408,.!frame.!entry
demo_session_03,49,1786094554.6763003,move,355,404,.!frame.!entry
demo_session_03,49,1786094554.7263002,move,362,392,.!frame.!entry
demo_session_03,49,1786094554.7763002,move,362,363,.!frame.!entry
demo_session_03,49,1786094554.8263001,move,346,387,.!frame.!entry
demo_session_03,49,1786094554.8763,move,345,375,.!frame.!entry
demo_session_03,49,1786094554.9263,move,368,381,.!frame.!entry
demo_session_03,49,1786094554.9763,move,357,394,.!frame.!entry
demo_session_03,49,1786094555.0263,move,349,383,.!frame.!entry
demo_session_03,49,1786094555.0763,move,344,383,.!frame.!entry
demo_session_03,49,1786094555.1262999,move,364,389,.!frame.!entry
demo_session_03,49,1786094555.1762998,move,352,397,.!frame.!entry
demo_session_03,49,1786094555.2262998,move,370,405,.!frame.!entry
demo_session_03,49,1786094555.2762997,move,367,369,.!frame.!entry
demo_session_03,49,1786094555.3262997,move,355,387,.!frame.!entry
demo_session_03,49,1786094555.3762996,move,366,385,.!frame.!entry
demo_session_03,49,1786094555.4262996,move,359,379,.!frame.!entry
demo_session_03,49,1786094555.4762995,move,351,387,.!frame.!entry
demo_session_03,49,1786094555.5262995,move,351,369,.!frame.!entry
demo_session_03,49,1786094555.5762994,move,361,379,.!frame.!entry
demo_session_03,49,1786094555.6262994,move,363,382,.!frame.!entry
demo_session_03,49,1786094555.6762993,move,368,372,.!frame.!entry
demo_session_03,49,1786094555.7262993,move,355,404,.!frame.!entry
demo_session_03,49,1786094555.7762992,move,347,377,.!frame.!entry
demo_session_03,49,1786094555.8262992,move,355,374,.!frame.!entry
demo_session_03,49,1786094555.8762991,move,363,375,.!frame.!entry
demo_session_03,49,1786094555.926299,move,350,380,.!frame.!entry
demo_session_03,49,1786094555.976299,move,343,374,.!frame.!entry
demo_session_03,49,1786094556.026299,move,372,390,.!frame.!entry
demo_session_03,49,1786094556.076299,move,347,370,.!frame.!entry
demo_session_03,49,1786094556.126299,move,358,361,.!frame.!entry
demo_session_03,49,1786094556.1762989,move,348,376,.!frame.!entry
demo_session_03,49,1786094556.2262988,move,359,375,.!frame.!entry
demo_session_03,49,1786094556.2762988,move,354,393,.!frame.!entry
demo_session_03,49,1786094556.3262987,move,368,331,.!frame.!entry
demo_session_03,49,1786094556.3762987,move,328,358,.!frame.!entry
demo_session_03,49,1786094556.4262986,move,355,375,.!frame.!entry
demo_session_03,49,1786094556.4762986,move,355,384,.!frame.!entry
demo_session_03,49,1786094556.5262985,move,343,371,.!frame.!entry
demo_session_03,49,1786094556.5762985,move,351,383,.!frame.!entry
demo_session_03,49,1786094556.6262984,move,343,365,.!frame.!entry
demo_session_03,49,1786094556.6762984,move,363,379,.!frame.!entry
demo_session_03,49,1786094556.7262983,move,355,383,.!frame.!entry
demo_session_03,49,1786094556.7762983,move,370,378,.!frame.!entry
demo_session_03,49,1786094556.8262982,move,339,373,.!frame.!entry
demo_session_03,49,1786094556.8762982,move,369,383,.!frame.!entry
demo_session_03,49,1786094556.9262981,move,365,371,.!frame.!entry
demo_session_03,49,1786094556.976298,move,346,374,.!frame.!entry
demo_session_03,49,1786094557.026298,move,379,383,.!frame.!entry
demo_session_03,49,1786094557.076298,move,352,361,.!frame.!entry
demo_session_03,49,1786094557.126298,move,348,373,.!frame.!entry
demo_session_03,49,1786094557.176298,move,364,399,.!frame.!entry
demo_session_03,49,1786094557.2262979,move,362,370,.!frame.!entry
demo_session_03,49,1786094557.2762978,move,370,376,.!frame.!entry
demo_session_03,49,1786094557.3262978,move,375,363,.!frame.!entry
demo_session_03,49,1786094557.3762977,move,345,382,.!frame.!entry
demo_session_03,49,1786094557.4262977,move,342,362,.!frame.!entry
demo_session_03,49,1786094557.4762976,move,358,361,.!frame.!entry
demo_session_03,49,1786094557.5262976,move,368,351,.!frame.!entry
demo_session_03,49,1786094557.5762975,move,367,378,.!frame.!entry
demo_session_03,49,1786094557.6262975,move,348,356,.!frame.!entry
demo_session_03,49,1786094557.6762974,move,343,383,.!frame.!entry
demo_session_03,49,1786094557.7262974,move,351,370,.!frame.!entry
demo_session_03,49,1786094557.7762973,move,351,357,.!frame.!entry
demo_session_03,49,1786094557.8262973,move,340,383,.!frame.!entry
demo_session_03,49,1786094557.8762972,move,374,357,.!frame.!entry
demo_session_03,49,1786094557.9262972,move,336,359,.!frame.!entry
demo_session_03,49,1786094557.9762971,move,344,376,.!frame.!entry
demo_session_03,49,1786094558.026297,move,338,365,.!frame.!entry
demo_session_03,49,1786094558.076297,move,346,386,.!frame.!entry
demo_session_03,49,1786094558.126297,move,363,360,.!frame.!entry
demo_session_03,49,1786094558.176297,move,345,350,.!frame.!entry
demo_session_03,49,1786094558.226297,move,355,360,.!frame.!entry
demo_session_03,49,1786094558.2762969,move,364,347,.!frame.!entry
demo_session_03,49,1786094558.3262968,move,344,371,.!frame.!entry
demo_session_03,49,1786094558.3762968,move,359,364,.!frame.!entry
demo_session_03,49,1786094558.4262967,move,357,362,.!frame.!entry
demo_session_03,49,1786094558.4762967,move,367,369,.!frame.!entry
demo_session_03,49,1786094558.5262966,move,359,358,.!frame.!entry
demo_session_03,49,1786094558.5762966,move,353,348,.!frame.!entry
demo_session_03,49,1786094558.6262965,move,340,345,.!frame.!entry
demo_session_03,49,1786094558.6762965,move,386,357,.!frame.!entry
demo_session_03,49,1786094558.7262964,move,350,349,.!frame.!entry
demo_session_03,49,1786094558.7762964,move,361,346,.!frame.!entry
demo_session_03,49,1786094558.8262963,move,346,363,.!frame.!entry
demo_session_03,49,1786094558.8762963,move,359,360,.!frame.!entry
demo_session_03,49,1786094558.9262962,move,355,344,.!frame.!entry
demo_session_03,49,1786094558.9762962,move,361,345,.!frame.!entry
demo_session_03,49,1786094559.0262961,move,379,345,.!frame.!entry
demo_session_03,49,1786094559.076296,move,366,348,.!frame.!entry
demo_session_03,49,1786094559.126296,move,360,352,.!frame.!entry
demo_session_03,49,1786094559.176296,move,368,367,.!frame.!entry
demo_session_03,49,1786094559.226296,move,372,342,.!frame.!entry
demo_session_03,49,1786094559.276296,move,332,345,.!frame.!entry
demo_session_03,49,1786094559.3262959,move,329,360,.!frame.!entry
demo_session_03,49,1786094559.3762958,move,366,336,.!frame.!entry
demo_session_03,49,1786094559.4262958,move,365,354,.!frame.!entry
demo_session_03,49,1786094559.4762957,move,365,347,.!frame.!entry
demo_session_03,49,1786094559.5262957,move,346,359,.!frame.!entry
demo_session_03,49,1786094559.5762956,move,362,352,.!frame.!entry
demo_session_03,49,1786094559.6262956,move,349,352,.!frame.!entry
demo_session_03,49,1786094559.6762955,move,336,346,.!frame.!entry
demo_session_03,49,1786094559.7262955,move,344,350,.!frame.!entry
demo_session_03,49,1786094559.7762954,move,355,361,.!frame.!entry
demo_session_03,49,1786094559.8262954,move,354,344,.!frame.!entry
demo_session_03,49,1786094559.8762953,move,341,350,.!frame.!entry
demo_session_03,49,1786094559.9262953,move,335,335,.!frame.!entry
demo_session_03,49,1786094559.9762952,move,363,339,.!frame.!entry
demo_session_03,49,1786094560.0262952,move,362,341,.!frame.!entry
demo_session_03,49,1786094560.0762951,move,332,351,.!frame.!entry
demo_session_03,49,1786094560.126295,move,348,343,.!frame.!entry
demo_session_03,49,1786094560.176295,move,358,340,.!frame.!entry
demo_session_03,49,1786094560.226295,move,352,354,.!frame.!entry
demo_session_03,49,1786094560.276295,move,346,315,.!frame.!entry
demo_session_03,49,1786094560.326295,move,365,361,.!frame.!entry
demo_session_03,49,1786094560.3762949,move,325,330,.!frame.!entry
demo_session_03,49,1786094560.4262948,move,342,326,.!frame.!entry
demo_session_03,49,1786094560.4762948,move,348,334,.!frame.!entry
demo_session_03,49,1786094560.5262947,move,343,328,.!frame.!button
demo_session_03,49,1786094560.5762947,move,349,349,.!frame.!button
demo_session_03,49,1786094560.6262946,move,351,324,.!frame.!button
demo_session_03,49,1786094560.6762946,move,359,328,.!frame.!button
demo_session_03,49,1786094560.7262945,move,349,362,.!frame.!button
demo_session_03,49,1786094560.7762945,move,362,333,.!frame.!button
demo_session_03,49,1786094560.8262944,move,371,339,.!frame.!button
demo_session_03,49,1786094560.8762944,move,359,328,.!frame.!button
demo_session_03,49,1786094560.9262943,move,369,349,.!frame.!button
demo_session_03,49,1786094560.9762943,move,374,322,.!frame.!button
demo_session_03,49,1786094561.0262942,move,321,322,.!frame.!button
demo_session_03,49,1786094561.0762942,move,342,326,.!frame.!button
demo_session_03,49,1786094561.1262941,move,347,331,.!frame.!button
demo_session_03,49,1786094561.176294,move,343,347,.!frame.!button
demo_session_03,49,1786094561.226294,move,328,334,.!frame.!button
demo_session_03,49,1786094561.276294,move,350,326,.!frame.!button
demo_session_03,49,1786094561.326294,move,330,337,.!frame.!button
demo_session_03,49,1786094561.376294,move,338,354,.!frame.!button
demo_session_03,49,1786094561.4262938,move,359,318,.!frame.!button
demo_session_03,49,1786094561.4762938,move,358,321,.!frame.!button
demo_session_03,49,1786094561.5262938,move,356,345,.!frame.!button
demo_session_03,49,1786094561.5762937,move,344,328,.!frame.!button
demo_session_03,49,1786094561.6262937,move,347,346,.!frame.!button
demo_session_03,49,1786094561.6762936,move,341,350,.!frame.!button
demo_session_03,49,1786094561.7262936,move,363,309,.!frame.!button
demo_session_03,49,1786094561.7762935,move,351,358,.!frame.!button
demo_session_03,49,1786094561.8262935,move,357,333,.!frame.!button
demo_session_03,49,1786094561.8762934,move,336,311,.!frame.!button
demo_session_03,49,1786094561.9262934,move,352,363,.!frame.!button
demo_session_03,49,1786094561.9762933,move,341,319,.!frame.!button
demo_session_03,49,1786094562.0262933,move,347,308,.!frame.!button
demo_session_03,49,1786094562.0762932,move,374,326,.!frame.!button
demo_session_03,49,1786094562.1262932,move,365,336,.!frame.!button
demo_session_03,49,1786094562.1762931,move,339,315,.!frame.!button
demo_session_03,49,1786094562.226293,move,346,341,.!frame.!button
demo_session_03,49,1786094562.276293,move,356,311,.!frame.!button
demo_session_03,49,1786094562.326293,move,338,331,.!frame.!button
demo_session_03,49,1786094562.376293,move,342,327,.!frame.!button
demo_session_03,49,1786094562.426293,move,351,340,.!frame.!button
demo_session_03,49,1786094562.4762928,move,342,315,.!frame.!button
demo_session_03,49,1786094562.5262928,move,363,335,.!frame.!button
demo_session_03,49,1786094562.5762928,move,345,325,.!frame.!button
demo_session_03,49,1786094562.6262927,move,348,310,.!frame.!button
demo_session_03,49,1786094562.6762927,move,341,333,.!frame.!button
demo_session_03,49,1786094562.7262926,move,338,314,.!frame.!button
demo_session_03,49,1786094562.7762926,move,351,328,.!frame.!button
demo_session_03,49,1786094562.8262925,move,351,324,.!frame.!button
demo_session_03,49,1786094562.8762925,move,347,336,.!frame.!button
demo_session_03,49,1786094562.9262924,move,324,319,.!frame.!button
demo_session_03,49,1786094562.9762924,move,360,311,.!frame.!button
demo_session_03,49,1786094563.0262923,move,367,316,.!frame.!button
demo_session_03,49,1786094563.0762923,move,339,310,.!frame.!button
demo_session_03,49,1786094563.1262922,move,349,318,.!frame.!button
demo_session_03,49,1786094563.1947463,click,357,327,.!frame.!button
demo_session_03,50,1786094563.1947463,move,137,240,.!frame.!entry
demo_session_03,50,1786094563.2447462,move,159,236,.!frame.!entry
demo_session_03,50,1786094563.2947462,move,173,238,.!frame.!entry
demo_session_03,50,1786094563.344746,move,164,254,.!frame.!entry
demo_session_03,50,1786094563.394746,move,157,255,.!frame.!entry
demo_session_03,50,1786094563.444746,move,163,241,.!frame.!entry
demo_session_03,50,1786094563.494746,move,170,265,.!frame.!entry
demo_session_03,50,1786094563.544746,move,159,246,.!frame.!entry
demo_session_03,50,1786094563.5947459,move,162,265,.!frame.!entry
demo_session_03,50,1786094563.6447458,move,164,259,.!frame.!entry
demo_session_03,50,1786094563.6947458,move,188,254,.!frame.!entry
demo_session_03,50,1786094563.7447457,move,176,252,.!frame.!entry
demo_session_03,50,1786094563.7947457,move,155,260,.!frame.!entry
demo_session_03,50,1786094563.8447456,move,186,256,.!frame.!entry
demo_session_03,50,1786094563.8947456,move,191,259,.!frame.!entry
demo_session_03,50,1786094563.9447455,move,180,245,.!frame.!entry
demo_session_03,50,1786094563.9947455,move,193,251,.!frame.!entry
demo_session_03,50,1786094564.0447454,move,183,251,.!frame.!entry
demo_session_03,50,1786094564.0947454,move,186,257,.!frame.!entry
demo_session_03,50,1786094564.1447453,move,202,253,.!frame.!entry
demo_session_03,50,1786094564.1947453,move,196,259,.!frame.!entry
demo_session_03,50,1786094564.2447453,move,194,279,.!frame.!entry
demo_session_03,50,1786094564.2947452,move,189,259,.!frame.!entry
demo_session_03,50,1786094564.3447452,move,189,253,.!frame.!entry
demo_session_03,50,1786094564.394745,move,203,268,.!frame.!entry
demo_session_03,50,1786094564.444745,move,186,260,.!frame.!entry
demo_session_03,50,1786094564.494745,move,196,276,.!frame.!entry
demo_session_03,50,1786094564.544745,move,192,280,.!frame.!entry
demo_session_03,50,1786094564.594745,move,209,252,.!frame.!entry
demo_session_03,50,1786094564.6447449,move,190,256,.!frame.!entry
demo_session_03,50,1786094564.6947448,move,205,277,.!frame.!entry
demo_session_03,50,1786094564.7447448,move,201,275,.!frame.!entry
demo_session_03,50,1786094564.7947447,move,213,234,.!frame.!entry
demo_session_03,50,1786094564.8447447,move,204,259,.!frame.!entry
demo_session_03,50,1786094564.8947446,move,201,268,.!frame.!entry
demo_session_03,50,1786094564.9447446,move,199,262,.!frame.!entry
demo_session_03,50,1786094564.9947445,move,210,257,.!frame.!entry
demo_session_03,50,1786094565.0447445,move,212,274,.!frame.!entry
demo_session_03,50,1786094565.0947444,move,185,269,.!frame.!entry
demo_session_03,50,1786094565.1447444,move,209,274,.!frame.!entry
demo_session_03,50,1786094565.1947443,move,218,258,.!frame.!entry
demo_session_03,50,1786094565.2447443,move,228,270,.!frame.!entry
demo_session_03,50,1786094565.2947443,move,203,286,.!frame.!entry
demo_session_03,50,1786094565.3447442,move,218,260,.!frame.!entry
demo_session_03,50,1786094565.3947442,move,204,265,.!frame.!entry
demo_session_03,50,1786094565.444744,move,236,254,.!frame.!entry
demo_session_03,50,1786094565.494744,move,215,281,.!frame.!entry
demo_session_03,50,1786094565.544744,move,238,256,.!frame.!entry
demo_session_03,50,1786094565.594744,move,220,266,.!frame.!entry
demo_session_03,50,1786094565.644744,move,238,277,.!frame.!entry
demo_session_03,50,1786094565.6947439,move,255,282,.!frame.!entry
demo_session_03,50,1786094565.7447438,move,241,273,.!frame.!entry
demo_session_03,50,1786094565.7947438,move,239,265,.!frame.!entry
demo_session_03,50,1786094565.8447437,move,243,251,.!frame.!entry
demo_session_03,50,1786094565.8947437,move,210,280,.!frame.!entry
demo_session_03,50,1786094565.9447436,move,253,257,.!frame.!entry
demo_session_03,50,1786094565.9947436,move,248,270,.!frame.!entry
demo_session_03,50,1786094566.0447435,move,251,284,.!frame.!entry
demo_session_03,50,1786094566.0947435,move,235,271,.!frame.!entry
demo_session_03,50,1786094566.1447434,move,257,263,.!frame.!entry
demo_session_03,50,1786094566.1947434,move,234,287,.!frame.!entry
demo_session_03,50,1786094566.2447433,move,250,268,.!frame.!entry
demo_session_03,50,1786094566.2947433,move,278,252,.!frame.!entry
demo_session_03,50,1786094566.3447433,move,248,259,.!frame.!entry
demo_session_03,50,1786094566.3947432,move,262,291,.!frame.!entry
demo_session_03,50,1786094566.4447432,move,264,295,.!frame.!entry
demo_session_03,50,1786094566.494743,move,249,287,.!frame.!entry
demo_session_03,50,1786094566.544743,move,264,278,.!frame.!entry
demo_session_03,50,1786094566.594743,move,256,291,.!frame.!entry
demo_session_03,50,1786094566.644743,move,264,289,.!frame.!entry
demo_session_03,50,1786094566.694743,move,260,265,.!frame.!entry
demo_session_03,50,1786094566.7447429,move,279,293,.!frame.!entry
demo_session_03,50,1786094566.7947428,move,242,284,.!frame.!entry
demo_session_03,50,1786094566.8447428,move,252,276,.!frame.!entry
demo_session_03,50,1786094566.8947427,move,259,286,.!frame.!entry
demo_session_03,50,1786094566.9447427,move,271,281,.!frame.!entry
demo_session_03,50,1786094566.9947426,move,274,301,.!frame.!entry
demo_session_03,50,1786094567.0447426,move,282,269,.!frame.!entry
demo_session_03,50,1786094567.0947425,move,258,293,.!frame.!entry
demo_session_03,50,1786094567.1447425,move,270,286,.!frame.!entry
demo_session_03,50,1786094567.1947424,move,286,290,.!frame.!entry
demo_session_03,50,1786094567.2447424,move,287,290,.!frame.!entry
demo_session_03,50,1786094567.2947423,move,287,296,.!frame.!entry
demo_session_03,50,1786094567.3447423,move,274,296,.!frame.!entry
demo_session_03,50,1786094567.3947423,move,276,280,.!frame.!entry
demo_session_03,50,1786094567.4447422,move,280,295,.!frame.!entry
demo_session_03,50,1786094567.4947422,move,296,304,.!frame.!entry
demo_session_03,50,1786094567.544742,move,294,292,.!frame.!entry
demo_session_03,50,1786094567.594742,move,298,315,.!frame.!entry
demo_session_03,50,1786094567.644742,move,275,305,.!frame.!entry
demo_session_03,50,1786094567.694742,move,296,298,.!frame.!entry
demo_session_03,50,1786094567.744742,move,287,317,.!frame.!button
demo_session_03,50,1786094567.7947419,move,309,297,.!frame.!button
demo_session_03,50,1786094567.8447418,move,283,295,.!frame.!button
demo_session_03,50,1786094567.8947418,move,293,309,.!frame.!button
demo_session_03,50,1786094567.9447417,move,310,321,.!frame.!button
demo_session_03,50,1786094567.9947417,move,284,324,.!frame.!button
demo_session_03,50,1786094568.0447416,move,303,293,.!frame.!button
demo_session_03,50,1786094568.0947416,move,324,296,.!frame.!button
demo_session_03,50,1786094568.1447415,move,300,310,.!frame.!button
demo_session_03,50,1786094568.1947415,move,293,303,.!frame.!button
demo_session_03,50,1786094568.2447414,move,329,311,.!frame.!button
demo_session_03,50,1786094568.2947414,move,300,300,.!frame.!button
demo_session_03,50,1786094568.3447413,move,307,308,.!frame.!button
demo_session_03,50,1786094568.3947413,move,321,305,.!frame.!button
demo_session_03,50,1786094568.4447412,move,314,332,.!frame.!button
demo_session_03,50,1786094568.4947412,move,321,301,.!frame.!button
demo_session_03,50,1786094568.5447412,move,317,320,.!frame.!button
demo_session_03,50,1786094568.594741,move,318,323,.!frame.!button
demo_session_03,50,1786094568.644741,move,315,284,.!frame.!button
demo_session_03,50,1786094568.694741,move,318,303,.!frame.!button
demo_session_03,50,1786094568.744741,move,334,297,.!frame.!button
demo_session_03,50,1786094568.794741,move,352,309,.!frame.!button
demo_session_03,50,1786094568.8447409,move,340,302,.!frame.!button
demo_session_03,50,1786094568.8947408,move,329,315,.!frame.!button
demo_session_03,50,1786094568.9447408,move,331,305,.!frame.!button
demo_session_03,50,1786094568.9947407,move,318,295,.!frame.!button
demo_session_03,50,1786094569.0447407,move,346,325,.!frame.!button
demo_session_03,50,1786094569.0947406,move,346,304,.!frame.!button
demo_session_03,50,1786094569.1447406,move,335,299,.!frame.!button
demo_session_03,50,1786094569.1947405,move,320,317,.!frame.!button
demo_session_03,50,1786094569.2447405,move,324,305,.!frame.!button
demo_session_03,50,1786094569.2947404,move,329,297,.!frame.!button
demo_session_03,50,1786094569.3447404,move,354,308,.!frame.!button
demo_session_03,50,1786094569.3947403,move,323,303,.!frame.!button
demo_session_03,50,1786094569.4447403,move,336,313,.!frame.!button
demo_session_03,50,1786094569.4947402,move,355,304,.!frame.!button
demo_session_03,50,1786094569.5447402,move,351,309,.!frame.!button
demo_session_03,50,1786094569.5947402,move,343,319,.!frame.!button
demo_session_03,50,1786094569.64474,move,356,336,.!frame.!button
demo_session_03,50,1786094569.7269607,click,331,301,.!frame.!button
