session_id,question_index,timestamp,event_type,x,y,target_element
demo_session_01,1,1786094205.2252638,move,429,350,.!frame.!entry
demo_session_01,1,1786094205.2752638,move,436,348,.!frame.!entry
demo_session_01,1,1786094205.3252637,move,436,339,.!frame.!entry
demo_session_01,1,1786094205.3752637,move,427,338,.!frame.!entry
demo_session_01,1,1786094205.4252636,move,422,350,.!frame.!entry
demo_session_01,1,1786094205.4752636,move,434,344,.!frame.!entry
demo_session_01,1,1786094205.5252635,move,431,343,.!frame.!entry
demo_session_01,1,1786094205.5752635,move,425,339,.!frame.!entry
demo_session_01,1,1786094205.6252635,move,429,346,.!frame.!entry
demo_session_01,1,1786094205.6752634,move,418,343,.!frame.!entry
demo_session_01,1,1786094205.7252634,move,424,334,.!frame.!entry
demo_session_01,1,1786094205.7752633,move,425,347,.!frame.!entry
demo_session_01,1,1786094205.8252633,move,429,332,.!frame.!entry
demo_session_01,1,1786094205.8752632,move,410,334,.!frame.!entry
demo_session_01,1,1786094205.9252632,move,421,337,.!frame.!entry
demo_session_01,1,1786094205.975263,move,418,339,.!frame.!entry
demo_session_01,1,1786094206.025263,move,425,335,.!frame.!entry
demo_session_01,1,1786094206.075263,move,413,339,.!frame.!entry
demo_session_01,1,1786094206.125263,move,417,344,.!frame.!entry
demo_session_01,1,1786094206.175263,move,417,343,.!frame.!entry
demo_session_01,1,1786094206.2252629,move,409,341,.!frame.!entry
demo_session_01,1,1786094206.2752628,move,411,337,.!frame.!entry
demo_session_01,1,1786094206.3252628,move,421,341,.!frame.!entry
demo_session_01,1,1786094206.3752627,move,416,337,.!frame.!entry
demo_session_01,1,1786094206.4252627,move,407,326,.!frame.!entry
demo_session_01,1,1786094206.4752626,move,411,334,.!frame.!entry
demo_session_01,1,1786094206.5252626,move,404,329,.!frame.!entry
demo_session_01,1,1786094206.5752625,move,403,343,.!frame.!entry
demo_session_01,1,1786094206.6252625,move,406,327,.!frame.!entry
demo_session_01,1,1786094206.6752625,move,406,335,.!frame.!entry
demo_session_01,1,1786094206.7252624,move,402,337,.!frame.!entry
demo_session_01,1,1786094206.7752624,move,403,334,.!frame.!entry
demo_session_01,1,1786094206.8252623,move,408,332,.!frame.!entry
demo_session_01,1,1786094206.8752623,move,406,331,.!frame.!entry
demo_session_01,1,1786094206.9252622,move,392,325,.!frame.!entry
demo_session_01,1,1786094206.9752622,move,396,323,.!frame.!entry
demo_session_01,1,1786094207.025262,move,392,339,.!frame.!entry
demo_session_01,1,1786094207.075262,move,398,330,.!frame.!entry
demo_session_01,1,1786094207.125262,move,398,328,.!frame.!entry
demo_session_01,1,1786094207.175262,move,395,344,.!frame.!entry
demo_session_01,1,1786094207.225262,move,392,336,.!frame.!entry
demo_session_01,1,1786094207.2752619,move,390,334,.!frame.!entry
demo_session_01,1,1786094207.3252618,move,395,326,.!frame.!entry
demo_session_01,1,1786094207.3752618,move,392,333,.!frame.!entry
demo_session_01,1,1786094207.4252617,move,393,329,.!frame.!entry
demo_session_01,1,1786094207.4752617,move,389,329,.!frame.!entry
demo_session_01,1,1786094207.5252616,move,387,335,.!frame.!entry
demo_session_01,1,1786094207.5752616,move,383,336,.!frame.!entry
demo_session_01,1,1786094207.6252615,move,382,329,.!frame.!entry
demo_session_01,1,1786094207.6752615,move,384,323,.!frame.!entry
demo_session_01,1,1786094207.7252614,move,378,331,.!frame.!entry
demo_session_01,1,1786094207.7752614,move,386,325,.!frame.!entry
demo_session_01,1,1786094207.8252614,move,382,332,.!frame.!entry
demo_session_01,1,1786094207.8752613,move,386,326,.!frame.!entry
demo_session_01,1,1786094207.9252613,move,392,328,.!frame.!entry
demo_session_01,1,1786094207.9752612,move,371,315,.!frame.!entry
demo_session_01,1,1786094208.0252612,move,382,324,.!frame.!entry
demo_session_01,1,1786094208.075261,move,387,328,.!frame.!entry
demo_session_01,1,1786094208.125261,move,376,330,.!frame.!button
demo_session_01,1,1786094208.175261,move,373,326,.!frame.!button
demo_session_01,1,1786094208.225261,move,379,334,.!frame.!button
demo_session_01,1,1786094208.275261,move,373,327,.!frame.!button
demo_session_01,1,1786094208.3252609,move,364,330,.!frame.!button
demo_session_01,1,1786094208.3752608,move,365,319,.!frame.!button
demo_session_01,1,1786094208.4252608,move,370,318,.!frame.!button
demo_session_01,1,1786094208.4752607,move,372,326,.!frame.!button
demo_session_01,1,1786094208.5252607,move,361,323,.!frame.!button
demo_session_01,1,1786094208.5752606,move,360,337,.!frame.!button
demo_session_01,1,1786094208.6252606,move,360,338,.!frame.!button
demo_session_01,1,1786094208.6752605,move,360,330,.!frame.!button
demo_session_01,1,1786094208.7252605,move,359,327,.!frame.!button
demo_session_01,1,1786094208.7752604,move,361,325,.!frame.!button
demo_session_01,1,1786094208.8252604,move,356,325,.!frame.!button
demo_session_01,1,1786094208.8752604,move,358,317,.!frame.!button
demo_session_01,1,1786094208.9252603,move,355,326,.!frame.!button
demo_session_01,1,1786094208.9752603,move,356,329,.!frame.!button
demo_session_01,1,1786094209.0252602,move,357,332,.!frame.!button
demo_session_01,1,1786094209.0752602,move,363,316,.!frame.!button
demo_session_01,1,1786094209.12526,move,351,312,.!frame.!button
demo_session_01,1,1786094209.17526,move,354,325,.!frame.!button
demo_session_01,1,1786094209.22526,move,343,318,.!frame.!button
demo_session_01,1,1786094209.27526,move,358,322,.!frame.!button
demo_session_01,1,1786094209.32526,move,353,317,.!frame.!button
demo_session_01,1,1786094209.3907702,click,349,319,.!frame.!button
demo_session_01,2,1786094209.3907702,move,130,127,.!frame.!entry
demo_session_01,2,1786094209.4407701,move,122,128,.!frame.!entry
demo_session_01,2,1786094209.49077,move,135,142,.!frame.!entry
demo_session_01,2,1786094209.54077,move,133,136,.!frame.!entry
demo_session_01,2,1786094209.59077,move,129,136,.!frame.!entry
demo_session_01,2,1786094209.64077,move,140,143,.!frame.!entry
demo_session_01,2,1786094209.69077,move,153,147,.!frame.!entry
demo_session_01,2,1786094209.7407699,move,149,152,.!frame.!entry
demo_session_01,2,1786094209.7907698,move,147,143,.!frame.!entry
demo_session_01,2,1786094209.8407698,move,152,155,.!frame.!entry
demo_session_01,2,1786094209.8907697,move,149,159,.!frame.!entry
demo_session_01,2,1786094209.9407697,move,150,153,.!frame.!entry
demo_session_01,2,1786094209.9907696,move,158,156,.!frame.!entry
demo_session_01,2,1786094210.0407696,move,160,160,.!frame.!entry
demo_session_01,2,1786094210.0907695,move,167,169,.!frame.!entry
demo_session_01,2,1786094210.1407695,move,159,161,.!frame.!entry
demo_session_01,2,1786094210.1907694,move,169,165,.!frame.!entry
demo_session_01,2,1786094210.2407694,move,171,170,.!frame.!entry
demo_session_01,2,1786094210.2907693,move,176,165,.!frame.!entry
demo_session_01,2,1786094210.3407693,move,177,176,.!frame.!entry
demo_session_01,2,1786094210.3907692,move,174,176,.!frame.!entry
demo_session_01,2,1786094210.4407692,move,176,177,.!frame.!entry
demo_session_01,2,1786094210.4907691,move,176,177,.!frame.!entry
demo_session_01,2,1786094210.540769,move,188,180,.!frame.!entry
demo_session_01,2,1786094210.590769,move,184,184,.!frame.!entry
demo_session_01,2,1786094210.640769,move,197,196,.!frame.!entry
demo_session_01,2,1786094210.690769,move,196,188,.!frame.!entry
demo_session_01,2,1786094210.740769,move,205,188,.!frame.!entry
demo_session_01,2,1786094210.7907689,move,198,193,.!frame.!entry
demo_session_01,2,1786094210.8407688,move,195,193,.!frame.!entry
demo_session_01,2,1786094210.8907688,move,209,195,.!frame.!entry
demo_session_01,2,1786094210.9407687,move,212,201,.!frame.!entry
demo_session_01,2,1786094210.9907687,move,199,196,.!frame.!entry
demo_session_01,2,1786094211.0407686,move,209,201,.!frame.!entry
demo_session_01,2,1786094211.0907686,move,205,197,.!frame.!entry
demo_session_01,2,1786094211.1407685,move,206,207,.!frame.!entry
demo_session_01,2,1786094211.1907685,move,227,198,.!frame.!entry
demo_session_01,2,1786094211.2407684,move,224,211,.!frame.!entry
demo_session_01,2,1786094211.2907684,move,216,223,.!frame.!entry
demo_session_01,2,1786094211.3407683,move,230,213,.!frame.!entry
demo_session_01,2,1786094211.3907683,move,228,223,.!frame.!entry
demo_session_01,2,1786094211.4407682,move,234,229,.!frame.!entry
demo_session_01,2,1786094211.4907682,move,232,227,.!frame.!entry
demo_session_01,2,1786094211.5407681,move,232,213,.!frame.!entry
demo_session_01,2,1786094211.590768,move,230,224,.!frame.!entry
demo_session_01,2,1786094211.640768,move,245,221,.!frame.!entry
demo_session_01,2,1786094211.690768,move,241,233,.!frame.!entry
demo_session_01,2,1786094211.740768,move,240,235,.!frame.!entry
demo_session_01,2,1786094211.790768,move,247,227,.!frame.!entry
demo_session_01,2,1786094211.8407679,move,239,246,.!frame.!entry
demo_session_01,2,1786094211.8907678,move,252,244,.!frame.!entry
demo_session_01,2,1786094211.9407678,move,257,240,.!frame.!entry
demo_session_01,2,1786094211.9907677,move,268,247,.!frame.!entry
demo_session_01,2,1786094212.0407677,move,266,247,.!frame.!entry
demo_session_01,2,1786094212.0907676,move,264,249,.!frame.!entry
demo_session_01,2,1786094212.1407676,move,268,244,.!frame.!entry
demo_session_01,2,1786094212.1907675,move,270,246,.!frame.!entry
demo_session_01,2,1786094212.2407675,move,284,253,.!frame.!entry
demo_session_01,2,1786094212.2907674,move,274,248,.!frame.!entry
demo_session_01,2,1786094212.3407674,move,273,259,.!frame.!entry
demo_session_01,2,1786094212.3907673,move,295,254,.!frame.!entry
demo_session_01,2,1786094212.4407673,move,286,265,.!frame.!button
demo_session_01,2,1786094212.4907672,move,284,267,.!frame.!button
demo_session_01,2,1786094212.5407672,move,283,263,.!frame.!button
demo_session_01,2,1786094212.5907671,move,290,270,.!frame.!button
demo_session_01,2,1786094212.640767,move,293,275,.!frame.!button
demo_session_01,2,1786094212.690767,move,298,272,.!frame.!button
demo_session_01,2,1786094212.740767,move,298,290,.!frame.!button
demo_session_01,2,1786094212.790767,move,301,269,.!frame.!button
demo_session_01,2,1786094212.840767,move,310,274,.!frame.!button
demo_session_01,2,1786094212.8907669,move,303,277,.!frame.!button
demo_session_01,2,1786094212.9407668,move,306,285,.!frame.!button
demo_session_01,2,1786094212.9907668,move,319,282,.!frame.!button
demo_session_01,2,1786094213.0407667,move,319,284,.!frame.!button
demo_session_01,2,1786094213.0907667,move,312,296,.!frame.!button
demo_session_01,2,1786094213.1407666,move,312,295,.!frame.!button
demo_session_01,2,1786094213.1907666,move,320,305,.!frame.!button
demo_session_01,2,1786094213.2407665,move,326,290,.!frame.!button
demo_session_01,2,1786094213.2907665,move,325,291,.!frame.!button
demo_session_01,2,1786094213.3407664,move,329,299,.!frame.!button
demo_session_01,2,1786094213.3907664,move,335,315,.!frame.!button
demo_session_01,2,1786094213.4407663,move,340,306,.!frame.!button
demo_session_01,2,1786094213.4907663,move,330,312,.!frame.!button
demo_session_01,2,1786094213.5407662,move,338,316,.!frame.!button
demo_session_01,2,1786094213.5907662,move,330,315,.!frame.!button
demo_session_01,2,1786094213.6407661,move,352,304,.!frame.!button
demo_session_01,2,1786094213.690766,move,346,312,.!frame.!button
demo_session_01,2,1786094213.740766,move,356,324,.!frame.!button
demo_session_01,2,1786094213.791072,click,351,321,.!frame.!button
demo_session_01,3,1786094213.791072,move,165,251,.!frame.!entry
demo_session_01,3,1786094213.8410718,move,172,242,.!frame.!entry
demo_session_01,3,1786094213.8910718,move,168,241,.!frame.!entry
demo_session_01,3,1786094213.9410717,move,171,253,.!frame.!entry
demo_session_01,3,1786094213.9910717,move,164,251,.!frame.!entry
demo_session_01,3,1786094214.0410717,move,179,254,.!frame.!entry
demo_session_01,3,1786094214.0910716,move,183,245,.!frame.!entry
demo_session_01,3,1786094214.1410716,move,177,242,.!frame.!entry
demo_session_01,3,1786094214.1910715,move,182,256,.!frame.!entry
demo_session_01,3,1786094214.2410715,move,185,252,.!frame.!entry
demo_session_01,3,1786094214.2910714,move,187,249,.!frame.!entry
demo_session_01,3,1786094214.3410714,move,195,253,.!frame.!entry
demo_session_01,3,1786094214.3910713,move,196,251,.!frame.!entry
demo_session_01,3,1786094214.4410713,move,203,263,.!frame.!entry
demo_session_01,3,1786094214.4910712,move,183,254,.!frame.!entry
demo_session_01,3,1786094214.5410712,move,201,263,.!frame.!entry
demo_session_01,3,1786094214.5910711,move,210,254,.!frame.!entry
demo_session_01,3,1786094214.641071,move,200,259,.!frame.!entry
demo_session_01,3,1786094214.691071,move,206,264,.!frame.!entry
demo_session_01,3,1786094214.741071,move,206,261,.!frame.!entry
demo_session_01,3,1786094214.791071,move,218,261,.!frame.!entry
demo_session_01,3,1786094214.841071,move,214,261,.!frame.!entry
demo_session_01,3,1786094214.8910708,move,218,256,.!frame.!entry
demo_session_01,3,1786094214.9410708,move,222,265,.!frame.!entry
demo_session_01,3,1786094214.9910707,move,226,264,.!frame.!entry
demo_session_01,3,1786094215.0410707,move,227,271,.!frame.!entry
demo_session_01,3,1786094215.0910707,move,224,267,.!frame.!entry
demo_session_01,3,1786094215.1410706,move,221,268,.!frame.!entry
demo_session_01,3,1786094215.1910706,move,227,275,.!frame.!entry
demo_session_01,3,1786094215.2410705,move,233,269,.!frame.!entry
demo_session_01,3,1786094215.2910705,move,238,275,.!frame.!entry
demo_session_01,3,1786094215.3410704,move,239,276,.!frame.!entry
demo_session_01,3,1786094215.3910704,move,242,277,.!frame.!entry
demo_session_01,3,1786094215.4410703,move,239,278,.!frame.!entry
demo_session_01,3,1786094215.4910703,move,251,271,.!frame.!entry
demo_session_01,3,1786094215.5410702,move,240,284,.!frame.!entry
demo_session_01,3,1786094215.5910702,move,243,282,.!frame.!entry
demo_session_01,3,1786094215.6410701,move,245,271,.!frame.!entry
demo_session_01,3,1786094215.69107,move,260,278,.!frame.!entry
demo_session_01,3,1786094215.74107,move,264,282,.!frame.!entry
demo_session_01,3,1786094215.79107,move,257,278,.!frame.!entry
demo_session_01,3,1786094215.84107,move,262,283,.!frame.!entry
demo_session_01,3,1786094215.89107,move,262,282,.!frame.!entry
demo_session_01,3,1786094215.9410698,move,268,284,.!frame.!entry
demo_session_01,3,1786094215.9910698,move,266,283,.!frame.!entry
demo_session_01,3,1786094216.0410697,move,269,282,.!frame.!entry
demo_session_01,3,1786094216.0910697,move,275,285,.!frame.!entry
demo_session_01,3,1786094216.1410697,move,276,291,.!frame.!entry
demo_session_01,3,1786094216.1910696,move,276,285,.!frame.!entry
demo_session_01,3,1786094216.2410696,move,277,289,.!frame.!entry
demo_session_01,3,1786094216.2910695,move,280,290,.!frame.!entry
demo_session_01,3,1786094216.3410695,move,279,289,.!frame.!entry
demo_session_01,3,1786094216.3910694,move,284,301,.!frame.!entry
demo_session_01,3,1786094216.4410694,move,286,298,.!frame.!entry
demo_session_01,3,1786094216.4910693,move,286,285,.!frame.!entry
demo_session_01,3,1786094216.5410693,move,291,297,.!frame.!entry
demo_session_01,3,1786094216.5910692,move,289,300,.!frame.!button
demo_session_01,3,1786094216.6410692,move,296,295,.!frame.!button
demo_session_01,3,1786094216.6910691,move,304,297,.!frame.!button
demo_session_01,3,1786094216.741069,move,305,297,.!frame.!button
demo_session_01,3,1786094216.791069,move,302,298,.!frame.!button
demo_session_01,3,1786094216.841069,move,300,308,.!frame.!button
demo_session_01,3,1786094216.891069,move,318,308,.!frame.!button
demo_session_01,3,1786094216.941069,move,309,303,.!frame.!button
demo_session_01,3,1786094216.9910688,move,316,298,.!frame.!button
demo_session_01,3,1786094217.0410688,move,317,295,.!frame.!button
demo_session_01,3,1786094217.0910687,move,311,304,.!frame.!button
demo_session_01,3,1786094217.1410687,move,325,313,.!frame.!button
demo_session_01,3,1786094217.1910686,move,318,302,.!frame.!button
demo_session_01,3,1786094217.2410686,move,332,299,.!frame.!button
demo_session_01,3,1786094217.2910686,move,321,302,.!frame.!button
demo_session_01,3,1786094217.3410685,move,330,310,.!frame.!button
demo_session_01,3,1786094217.3910685,move,337,312,.!frame.!button
demo_session_01,3,1786094217.4410684,move,329,312,.!frame.!button
demo_session_01,3,1786094217.4910684,move,333,314,.!frame.!button
demo_session_01,3,1786094217.5410683,move,341,318,.!frame.!button
demo_session_01,3,1786094217.5910683,move,339,319,.!frame.!button
demo_session_01,3,1786094217.6410682,move,348,316,.!frame.!button
demo_session_01,3,1786094217.6910682,move,341,316,.!frame.!button
demo_session_01,3,1786094217.7410681,move,351,323,.!frame.!button
demo_session_01,3,1786094217.791068,move,339,319,.!frame.!button
demo_session_01,3,1786094217.8834496,click,348,318,.!frame.!button
demo_session_01,4,1786094217.8834496,move,584,296,.!frame.!entry
demo_session_01,4,1786094217.9334495,move,572,292,.!frame.!entry
demo_session_01,4,1786094217.9834495,move,574,300,.!frame.!entry
demo_session_01,4,1786094218.0334494,move,581,297,.!frame.!entry
demo_session_01,4,1786094218.0834494,move,573,292,.!frame.!entry
demo_session_01,4,1786094218.1334493,move,561,301,.!frame.!entry
demo_session_01,4,1786094218.1834493,move,565,301,.!frame.!entry
demo_session_01,4,1786094218.2334492,move,556,297,.!frame.!entry
demo_session_01,4,1786094218.2834492,move,557,301,.!frame.!entry
demo_session_01,4,1786094218.3334491,move,553,298,.!frame.!entry
demo_session_01,4,1786094218.383449,move,551,299,.!frame.!entry
demo_session_01,4,1786094218.433449,move,544,300,.!frame.!entry
demo_session_01,4,1786094218.483449,move,544,298,.!frame.!entry
demo_session_01,4,1786094218.533449,move,537,291,.!frame.!entry
demo_session_01,4,1786094218.583449,move,527,300,.!frame.!entry
demo_session_01,4,1786094218.6334488,move,532,293,.!frame.!entry
demo_session_01,4,1786094218.6834488,move,526,300,.!frame.!entry
demo_session_01,4,1786094218.7334487,move,523,301,.!frame.!entry
demo_session_01,4,1786094218.7834487,move,527,292,.!frame.!entry
demo_session_01,4,1786094218.8334486,move,522,298,.!frame.!entry
demo_session_01,4,1786094218.8834486,move,518,302,.!frame.!entry
demo_session_01,4,1786094218.9334486,move,514,296,.!frame.!entry
demo_session_01,4,1786094218.9834485,move,515,304,.!frame.!entry
demo_session_01,4,1786094219.0334485,move,511,300,.!frame.!entry
demo_session_01,4,1786094219.0834484,move,494,300,.!frame.!entry
demo_session_01,4,1786094219.1334484,move,501,302,.!frame.!entry
demo_session_01,4,1786094219.1834483,move,502,300,.!frame.!entry
demo_session_01,4,1786094219.2334483,move,492,302,.!frame.!entry
demo_session_01,4,1786094219.2834482,move,498,303,.!frame.!entry
demo_session_01,4,1786094219.3334482,move,487,302,.!frame.!entry
demo_session_01,4,1786094219.3834481,move,483,299,.!frame.!entry
demo_session_01,4,1786094219.433448,move,485,305,.!frame.!entry
demo_session_01,4,1786094219.483448,move,480,298,.!frame.!entry
demo_session_01,4,1786094219.533448,move,476,298,.!frame.!entry
demo_session_01,4,1786094219.583448,move,472,308,.!frame.!entry
demo_session_01,4,1786094219.633448,move,476,306,.!frame.!entry
demo_session_01,4,1786094219.6834478,move,473,301,.!frame.!entry
demo_session_01,4,1786094219.7334478,move,466,307,.!frame.!entry
demo_session_01,4,1786094219.7834477,move,462,308,.!frame.!entry
demo_session_01,4,1786094219.8334477,move,460,299,.!frame.!entry
demo_session_01,4,1786094219.8834476,move,452,307,.!frame.!entry
demo_session_01,4,1786094219.9334476,move,451,307,.!frame.!entry
demo_session_01,4,1786094219.9834476,move,446,303,.!frame.!entry
demo_session_01,4,1786094220.0334475,move,441,305,.!frame.!entry
demo_session_01,4,1786094220.0834475,move,440,300,.!frame.!entry
demo_session_01,4,1786094220.1334474,move,435,308,.!frame.!entry
demo_session_01,4,1786094220.1834474,move,434,313,.!frame.!entry
demo_session_01,4,1786094220.2334473,move,428,309,.!frame.!entry
demo_session_01,4,1786094220.2834473,move,431,312,.!frame.!entry
demo_session_01,4,1786094220.3334472,move,425,314,.!frame.!entry
demo_session_01,4,1786094220.3834472,move,416,318,.!frame.!entry
demo_session_01,4,1786094220.4334471,move,421,311,.!frame.!entry
demo_session_01,4,1786094220.483447,move,420,309,.!frame.!button
demo_session_01,4,1786094220.533447,move,407,314,.!frame.!button
demo_session_01,4,1786094220.583447,move,413,313,.!frame.!button
demo_session_01,4,1786094220.633447,move,401,315,.!frame.!button
demo_session_01,4,1786094220.683447,move,414,320,.!frame.!button
demo_session_01,4,1786094220.7334468,move,406,312,.!frame.!button
demo_session_01,4,1786094220.7834468,move,401,320,.!frame.!button
demo_session_01,4,1786094220.8334467,move,398,311,.!frame.!button
demo_session_01,4,1786094220.8834467,move,398,306,.!frame.!button
demo_session_01,4,1786094220.9334466,move,386,314,.!frame.!button
demo_session_01,4,1786094220.9834466,move,383,322,.!frame.!button
demo_session_01,4,1786094221.0334466,move,383,309,.!frame.!button
demo_session_01,4,1786094221.0834465,move,383,320,.!frame.!button
demo_session_01,4,1786094221.1334465,move,374,325,.!frame.!button
demo_session_01,4,1786094221.1834464,move,379,316,.!frame.!button
demo_session_01,4,1786094221.2334464,move,377,314,.!frame.!button
demo_session_01,4,1786094221.2834463,move,363,316,.!frame.!button
demo_session_01,4,1786094221.3334463,move,367,323,.!frame.!button
demo_session_01,4,1786094221.3834462,move,362,312,.!frame.!button
demo_session_01,4,1786094221.4334462,move,354,319,.!frame.!button
demo_session_01,4,1786094221.4834461,move,355,325,.!frame.!button
demo_session_01,4,1786094221.533446,move,352,323,.!frame.!button
demo_session_01,4,1786094221.583446,move,355,326,.!frame.!button
demo_session_01,4,1786094221.6621323,click,347,317,.!frame.!button
demo_session_01,5,1786094221.6621323,move,305,242,.!frame.!entry
demo_session_01,5,1786094221.7121322,move,305,242,.!frame.!entry
demo_session_01,5,1786094221.7621322,move,309,245,.!frame.!entry
demo_session_01,5,1786094221.8121321,move,310,234,.!frame.!entry
demo_session_01,5,1786094221.862132,move,300,251,.!frame.!entry
demo_session_01,5,1786094221.912132,move,313,253,.!frame.!entry
demo_session_01,5,1786094221.962132,move,320,242,.!frame.!entry
demo_session_01,5,1786094222.012132,move,311,240,.!frame.!entry
demo_session_01,5,1786094222.062132,move,322,245,.!frame.!entry
demo_session_01,5,1786094222.1121318,move,307,244,.!frame.!entry
demo_session_01,5,1786094222.1621318,move,311,244,.!frame.!entry
demo_session_01,5,1786094222.2121317,move,311,248,.!frame.!entry
demo_session_01,5,1786094222.2621317,move,314,256,.!frame.!entry
demo_session_01,5,1786094222.3121316,move,314,258,.!frame.!entry
demo_session_01,5,1786094222.3621316,move,311,263,.!frame.!entry
demo_session_01,5,1786094222.4121315,move,309,246,.!frame.!entry
demo_session_01,5,1786094222.4621315,move,313,253,.!frame.!entry
demo_session_01,5,1786094222.5121315,move,310,260,.!frame.!entry
demo_session_01,5,1786094222.5621314,move,315,254,.!frame.!entry
demo_session_01,5,1786094222.6121314,move,316,255,.!frame.!entry
demo_session_01,5,1786094222.6621313,move,322,257,.!frame.!entry
demo_session_01,5,1786094222.7121313,move,315,263,.!frame.!entry
demo_session_01,5,1786094222.7621312,move,324,265,.!frame.!entry
demo_session_01,5,1786094222.8121312,move,317,262,.!frame.!entry
demo_session_01,5,1786094222.862131,move,312,257,.!frame.!entry
demo_session_01,5,1786094222.912131,move,319,253,.!frame.!entry
demo_session_01,5,1786094222.962131,move,313,255,.!frame.!entry
demo_session_01,5,1786094223.012131,move,318,263,.!frame.!entry
demo_session_01,5,1786094223.062131,move,319,259,.!frame.!entry
demo_session_01,5,1786094223.1121309,move,328,257,.!frame.!entry
demo_session_01,5,1786094223.1621308,move,315,274,.!frame.!entry
demo_session_01,5,1786094223.2121308,move,318,256,.!frame.!entry
demo_session_01,5,1786094223.2621307,move,325,267,.!frame.!entry
demo_session_01,5,1786094223.3121307,move,319,268,.!frame.!entry
demo_session_01,5,1786094223.3621306,move,322,257,.!frame.!entry
demo_session_01,5,1786094223.4121306,move,322,265,.!frame.!entry
demo_session_01,5,1786094223.4621305,move,327,270,.!frame.!entry
demo_session_01,5,1786094223.5121305,move,319,267,.!frame.!entry
demo_session_01,5,1786094223.5621305,move,324,263,.!frame.!entry
demo_session_01,5,1786094223.6121304,move,326,268,.!frame.!entry
demo_session_01,5,1786094223.6621304,move,329,270,.!frame.!entry
demo_session_01,5,1786094223.7121303,move,323,270,.!frame.!entry
demo_session_01,5,1786094223.7621303,move,315,264,.!frame.!entry
demo_session_01,5,1786094223.8121302,move,324,274,.!frame.!entry
demo_session_01,5,1786094223.8621302,move,320,273,.!frame.!entry
demo_session_01,5,1786094223.91213,move,318,277,.!frame.!entry
demo_session_01,5,1786094223.96213,move,331,269,.!frame.!entry
demo_session_01,5,1786094224.01213,move,327,272,.!frame.!entry
demo_session_01,5,1786094224.06213,move,331,273,.!frame.!entry
demo_session_01,5,1786094224.11213,move,327,284,.!frame.!entry
demo_session_01,5,1786094224.1621299,move,324,272,.!frame.!entry
demo_session_01,5,1786094224.2121298,move,323,271,.!frame.!entry
demo_session_01,5,1786094224.2621298,move,334,269,.!frame.!entry
demo_session_01,5,1786094224.3121297,move,324,273,.!frame.!entry
demo_session_01,5,1786094224.3621297,move,328,276,.!frame.!entry
demo_session_01,5,1786094224.4121296,move,331,281,.!frame.!entry
demo_session_01,5,1786094224.4621296,move,324,283,.!frame.!entry
demo_session_01,5,1786094224.5121295,move,323,278,.!frame.!entry
demo_session_01,5,1786094224.5621295,move,324,284,.!frame.!entry
demo_session_01,5,1786094224.6121294,move,332,291,.!frame.!entry
demo_session_01,5,1786094224.6621294,move,329,288,.!frame.!entry
demo_session_01,5,1786094224.7121294,move,332,292,.!frame.!entry
demo_session_01,5,1786094224.7621293,move,325,286,.!frame.!entry
demo_session_01,5,1786094224.8121293,move,322,287,.!frame.!entry
demo_session_01,5,1786094224.8621292,move,340,281,.!frame.!entry
demo_session_01,5,1786094224.9121292,move,328,286,.!frame.!entry
demo_session_01,5,1786094224.962129,move,322,282,.!frame.!entry
demo_session_01,5,1786094225.012129,move,337,284,.!frame.!entry
demo_session_01,5,1786094225.062129,move,331,289,.!frame.!entry
demo_session_01,5,1786094225.112129,move,334,285,.!frame.!entry
demo_session_01,5,1786094225.162129,move,334,292,.!frame.!entry
demo_session_01,5,1786094225.2121289,move,334,291,.!frame.!entry
demo_session_01,5,1786094225.2621288,move,340,292,.!frame.!entry
demo_session_01,5,1786094225.3121288,move,340,294,.!frame.!entry
demo_session_01,5,1786094225.3621287,move,330,295,.!frame.!entry
demo_session_01,5,1786094225.4121287,move,334,290,.!frame.!entry
demo_session_01,5,1786094225.4621286,move,338,289,.!frame.!entry
demo_session_01,5,1786094225.5121286,move,337,301,.!frame.!entry
demo_session_01,5,1786094225.5621285,move,342,294,.!frame.!entry
demo_session_01,5,1786094225.6121285,move,340,293,.!frame.!entry
demo_session_01,5,1786094225.6621284,move,334,306,.!frame.!button
demo_session_01,5,1786094225.7121284,move,338,301,.!frame.!button
demo_session_01,5,1786094225.7621284,move,341,306,.!frame.!button
demo_session_01,5,1786094225.8121283,move,339,298,.!frame.!button
demo_session_01,5,1786094225.8621283,move,336,303,.!frame.!button
demo_session_01,5,1786094225.9121282,move,335,301,.!frame.!button
demo_session_01,5,1786094225.9621282,move,336,306,.!frame.!button
demo_session_01,5,1786094226.012128,move,342,304,.!frame.!button
demo_session_01,5,1786094226.062128,move,338,306,.!frame.!button
demo_session_01,5,1786094226.112128,move,332,301,.!frame.!button
demo_session_01,5,1786094226.162128,move,337,306,.!frame.!button
demo_session_01,5,1786094226.212128,move,337,312,.!frame.!button
demo_session_01,5,1786094226.2621279,move,344,306,.!frame.!button
demo_session_01,5,1786094226.3121278,move,340,305,.!frame.!button
demo_session_01,5,1786094226.3621278,move,349,305,.!frame.!button
demo_session_01,5,1786094226.4121277,move,341,313,.!frame.!button
demo_session_01,5,1786094226.4621277,move,354,306,.!frame.!button
demo_session_01,5,1786094226.5121276,move,343,306,.!frame.!button
demo_session_01,5,1786094226.5621276,move,348,312,.!frame.!button
demo_session_01,5,1786094226.6121275,move,340,317,.!frame.!button
demo_session_01,5,1786094226.6621275,move,343,314,.!frame.!button
demo_session_01,5,1786094226.7121274,move,342,311,.!frame.!button
demo_session_01,5,1786094226.7621274,move,350,310,.!frame.!button
demo_session_01,5,1786094226.8121274,move,342,321,.!frame.!button
demo_session_01,5,1786094226.8621273,move,343,310,.!frame.!button
demo_session_01,5,1786094226.9121273,move,340,313,.!frame.!button
demo_session_01,5,1786094226.9621272,move,350,317,.!frame.!button
demo_session_01,5,1786094227.0121272,move,348,321,.!frame.!button
demo_session_01,5,1786094227.062127,move,350,323,.!frame.!button
demo_session_01,5,1786094227.112127,move,349,319,.!frame.!button
demo_session_01,5,1786094227.162127,move,347,322,.!frame.!button
demo_session_01,5,1786094227.212127,move,349,317,.!frame.!button
demo_session_01,5,1786094227.262127,move,355,317,.!frame.!button
demo_session_01,5,1786094227.3121269,move,347,327,.!frame.!button
demo_session_01,5,1786094227.3775406,click,353,323,.!frame.!button
demo_session_01,6,1786094227.3775406,move,576,331,.!frame.!entry
demo_session_01,6,1786094227.4275405,move,575,342,.!frame.!entry
demo_session_01,6,1786094227.4775405,move,565,335,.!frame.!entry
demo_session_01,6,1786094227.5275404,move,558,329,.!frame.!entry
demo_session_01,6,1786094227.5775404,move,567,330,.!frame.!entry
demo_session_01,6,1786094227.6275403,move,570,336,.!frame.!entry
demo_session_01,6,1786094227.6775403,move,567,328,.!frame.!entry
demo_session_01,6,1786094227.7275403,move,564,334,.!frame.!entry
demo_session_01,6,1786094227.7775402,move,555,331,.!frame.!entry
demo_session_01,6,1786094227.8275402,move,553,335,.!frame.!entry
demo_session_01,6,1786094227.87754,move,552,330,.!frame.!entry
demo_session_01,6,1786094227.92754,move,546,329,.!frame.!entry
demo_session_01,6,1786094227.97754,move,549,329,.!frame.!entry
demo_session_01,6,1786094228.02754,move,545,336,.!frame.!entry
demo_session_01,6,1786094228.07754,move,540,333,.!frame.!entry
demo_session_01,6,1786094228.1275399,move,532,327,.!frame.!entry
demo_session_01,6,1786094228.1775398,move,536,327,.!frame.!entry
demo_session_01,6,1786094228.2275398,move,527,334,.!frame.!entry
demo_session_01,6,1786094228.2775397,move,531,334,.!frame.!entry
demo_session_01,6,1786094228.3275397,move,522,334,.!frame.!entry
demo_session_01,6,1786094228.3775396,move,524,332,.!frame.!entry
demo_session_01,6,1786094228.4275396,move,519,329,.!frame.!entry
demo_session_01,6,1786094228.4775395,move,523,328,.!frame.!entry
demo_session_01,6,1786094228.5275395,move,516,337,.!frame.!entry
demo_session_01,6,1786094228.5775394,move,516,336,.!frame.!entry
demo_session_01,6,1786094228.6275394,move,512,331,.!frame.!entry
demo_session_01,6,1786094228.6775393,move,516,328,.!frame.!entry
demo_session_01,6,1786094228.7275393,move,506,323,.!frame.!entry
demo_session_01,6,1786094228.7775393,move,507,330,.!frame.!entry
demo_session_01,6,1786094228.8275392,move,500,332,.!frame.!entry
demo_session_01,6,1786094228.8775392,move,502,324,.!frame.!entry
demo_session_01,6,1786094228.927539,move,492,328,.!frame.!entry
demo_session_01,6,1786094228.977539,move,495,324,.!frame.!entry
demo_session_01,6,1786094229.027539,move,487,323,.!frame.!entry
demo_session_01,6,1786094229.077539,move,488,332,.!frame.!entry
demo_session_01,6,1786094229.127539,move,476,327,.!frame.!entry
demo_session_01,6,1786094229.1775389,move,481,322,.!frame.!entry
demo_session_01,6,1786094229.2275388,move,485,329,.!frame.!entry
demo_session_01,6,1786094229.2775388,move,476,330,.!frame.!entry
demo_session_01,6,1786094229.3275387,move,469,327,.!frame.!entry
demo_session_01,6,1786094229.3775387,move,476,323,.!frame.!entry
demo_session_01,6,1786094229.4275386,move,469,323,.!frame.!entry
demo_session_01,6,1786094229.4775386,move,460,323,.!frame.!entry
demo_session_01,6,1786094229.5275385,move,470,328,.!frame.!entry
demo_session_01,6,1786094229.5775385,move,456,327,.!frame.!entry
demo_session_01,6,1786094229.6275384,move,450,329,.!frame.!entry
demo_session_01,6,1786094229.6775384,move,451,321,.!frame.!entry
demo_session_01,6,1786094229.7275383,move,452,316,.!frame.!entry
demo_session_01,6,1786094229.7775383,move,445,328,.!frame.!entry
demo_session_01,6,1786094229.8275383,move,447,326,.!frame.!entry
demo_session_01,6,1786094229.8775382,move,452,325,.!frame.!entry
demo_session_01,6,1786094229.9275382,move,445,331,.!frame.!entry
demo_session_01,6,1786094229.977538,move,443,321,.!frame.!entry
demo_session_01,6,1786094230.027538,move,426,333,.!frame.!entry
demo_session_01,6,1786094230.077538,move,425,325,.!frame.!entry
demo_session_01,6,1786094230.127538,move,430,316,.!frame.!entry
demo_session_01,6,1786094230.177538,move,429,322,.!frame.!entry
demo_session_01,6,1786094230.2275379,move,424,324,.!frame.!entry
demo_session_01,6,1786094230.2775378,move,422,325,.!frame.!entry
demo_session_01,6,1786094230.3275378,move,421,320,.!frame.!entry
demo_session_01,6,1786094230.3775377,move,427,320,.!frame.!button
demo_session_01,6,1786094230.4275377,move,418,330,.!frame.!button
demo_session_01,6,1786094230.4775376,move,406,325,.!frame.!button
demo_session_01,6,1786094230.5275376,move,406,318,.!frame.!button
demo_session_01,6,1786094230.5775375,move,409,321,.!frame.!button
demo_session_01,6,1786094230.6275375,move,401,325,.!frame.!button
demo_session_01,6,1786094230.6775374,move,404,318,.!frame.!button
demo_session_01,6,1786094230.7275374,move,394,329,.!frame.!button
demo_session_01,6,1786094230.7775373,move,404,326,.!frame.!button
demo_session_01,6,1786094230.8275373,move,397,323,.!frame.!button
demo_session_01,6,1786094230.8775373,move,391,324,.!frame.!button
demo_session_01,6,1786094230.9275372,move,391,325,.!frame.!button
demo_session_01,6,1786094230.9775372,move,385,318,.!frame.!button
demo_session_01,6,1786094231.027537,move,379,319,.!frame.!button
demo_session_01,6,1786094231.077537,move,387,328,.!frame.!button
demo_session_01,6,1786094231.127537,move,370,325,.!frame.!button
demo_session_01,6,1786094231.177537,move,368,319,.!frame.!button
demo_session_01,6,1786094231.227537,move,370,322,.!frame.!button
demo_session_01,6,1786094231.2775369,move,363,322,.!frame.!button
demo_session_01,6,1786094231.3275368,move,368,316,.!frame.!button
demo_session_01,6,1786094231.3775368,move,360,324,.!frame.!button
demo_session_01,6,1786094231.4275367,move,364,320,.!frame.!button
demo_session_01,6,1786094231.4775367,move,366,313,.!frame.!button
demo_session_01,6,1786094231.5275366,move,365,321,.!frame.!button
demo_session_01,6,1786094231.5775366,move,348,318,.!frame.!button
demo_session_01,6,1786094231.6275365,move,348,319,.!frame.!button
demo_session_01,6,1786094231.7082453,click,350,320,.!frame.!button
demo_session_01,7,1786094231.7082453,move,381,275,.!frame.!entry
demo_session_01,7,1786094231.7582452,move,370,278,.!frame.!entry
demo_session_01,7,1786094231.8082452,move,375,281,.!frame.!entry
demo_session_01,7,1786094231.8582451,move,373,278,.!frame.!entry
demo_session_01,7,1786094231.908245,move,371,284,.!frame.!entry
demo_session_01,7,1786094231.958245,move,368,286,.!frame.!entry
demo_session_01,7,1786094232.008245,move,365,281,.!frame.!entry
demo_session_01,7,1786094232.058245,move,377,285,.!frame.!entry
demo_session_01,7,1786094232.108245,move,371,279,.!frame.!entry
demo_session_01,7,1786094232.1582448,move,366,288,.!frame.!entry
demo_session_01,7,1786094232.2082448,move,355,299,.!frame.!entry
demo_session_01,7,1786094232.2582448,move,370,292,.!frame.!entry
demo_session_01,7,1786094232.3082447,move,368,292,.!frame.!entry
demo_session_01,7,1786094232.3582447,move,366,282,.!frame.!entry
demo_session_01,7,1786094232.4082446,move,362,288,.!frame.!entry
demo_session_01,7,1786094232.4582446,move,384,299,.!frame.!entry
demo_session_01,7,1786094232.5082445,move,376,285,.!frame.!entry
demo_session_01,7,1786094232.5582445,move,368,291,.!frame.!entry
demo_session_01,7,1786094232.6082444,move,368,292,.!frame.!entry
demo_session_01,7,1786094232.6582444,move,364,289,.!frame.!entry
demo_session_01,7,1786094232.7082443,move,373,289,.!frame.!entry
demo_session_01,7,1786094232.7582443,move,362,292,.!frame.!entry
demo_session_01,7,1786094232.8082442,move,365,298,.!frame.!entry
demo_session_01,7,1786094232.8582442,move,359,293,.!frame.!entry
demo_session_01,7,1786094232.9082441,move,365,294,.!frame.!entry
demo_session_01,7,1786094232.958244,move,368,290,.!frame.!entry
demo_session_01,7,1786094233.008244,move,368,292,.!frame.!entry
demo_session_01,7,1786094233.058244,move,364,285,.!frame.!entry
demo_session_01,7,1786094233.108244,move,363,305,.!frame.!entry
demo_session_01,7,1786094233.158244,move,373,297,.!frame.!entry
demo_session_01,7,1786094233.2082438,move,368,306,.!frame.!entry
demo_session_01,7,1786094233.2582438,move,363,291,.!frame.!entry
demo_session_01,7,1786094233.3082438,move,358,302,.!frame.!entry
demo_session_01,7,1786094233.3582437,move,359,297,.!frame.!entry
demo_session_01,7,1786094233.4082437,move,371,299,.!frame.!entry
demo_session_01,7,1786094233.4582436,move,351,299,.!frame.!entry
demo_session_01,7,1786094233.5082436,move,359,301,.!frame.!entry
demo_session_01,7,1786094233.5582435,move,363,299,.!frame.!entry
demo_session_01,7,1786094233.6082435,move,349,303,.!frame.!entry
demo_session_01,7,1786094233.6582434,move,365,303,.!frame.!entry
demo_session_01,7,1786094233.7082434,move,354,287,.!frame.!entry
demo_session_01,7,1786094233.7582433,move,368,303,.!frame.!entry
demo_session_01,7,1786094233.8082433,move,357,295,.!frame.!entry
demo_session_01,7,1786094233.8582432,move,364,304,.!frame.!entry
demo_session_01,7,1786094233.9082432,move,358,295,.!frame.!entry
demo_session_01,7,1786094233.9582431,move,352,287,.!frame.!entry
demo_session_01,7,1786094234.008243,move,368,314,.!frame.!entry
demo_session_01,7,1786094234.058243,move,350,299,.!frame.!entry
demo_session_01,7,1786094234.108243,move,361,298,.!frame.!entry
demo_session_01,7,1786094234.158243,move,358,302,.!frame.!entry
demo_session_01,7,1786094234.208243,move,357,303,.!frame.!entry
demo_session_01,7,1786094234.2582428,move,351,313,.!frame.!entry
demo_session_01,7,1786094234.3082428,move,348,306,.!frame.!entry
demo_session_01,7,1786094234.3582428,move,356,307,.!frame.!entry
demo_session_01,7,1786094234.4082427,move,353,298,.!frame.!entry
demo_session_01,7,1786094234.4582427,move,366,305,.!frame.!entry
demo_session_01,7,1786094234.5082426,move,346,312,.!frame.!entry
demo_session_01,7,1786094234.5582426,move,361,310,.!frame.!entry
demo_session_01,7,1786094234.6082425,move,363,311,.!frame.!button
demo_session_01,7,1786094234.6582425,move,359,321,.!frame.!button
demo_session_01,7,1786094234.7082424,move,354,298,.!frame.!button
demo_session_01,7,1786094234.7582424,move,350,308,.!frame.!button
demo_session_01,7,1786094234.8082423,move,355,300,.!frame.!button
demo_session_01,7,1786094234.8582423,move,361,305,.!frame.!button
demo_session_01,7,1786094234.9082422,move,353,307,.!frame.!button
demo_session_01,7,1786094234.9582422,move,352,316,.!frame.!button
demo_session_01,7,1786094235.0082421,move,358,315,.!frame.!button
demo_session_01,7,1786094235.058242,move,360,318,.!frame.!button
demo_session_01,7,1786094235.108242,move,352,315,.!frame.!button
demo_session_01,7,1786094235.158242,move,359,315,.!frame.!button
demo_session_01,7,1786094235.208242,move,352,306,.!frame.!button
demo_session_01,7,1786094235.258242,move,345,305,.!frame.!button
demo_session_01,7,1786094235.3082418,move,350,310,.!frame.!button
demo_session_01,7,1786094235.3582418,move,355,321,.!frame.!button
demo_session_01,7,1786094235.4082417,move,355,310,.!frame.!button
demo_session_01,7,1786094235.4582417,move,348,321,.!frame.!button
demo_session_01,7,1786094235.5082417,move,344,314,.!frame.!button
demo_session_01,7,1786094235.5582416,move,357,323,.!frame.!button
demo_session_01,7,1786094235.6082416,move,352,313,.!frame.!button
demo_session_01,7,1786094235.6582415,move,347,307,.!frame.!button
demo_session_01,7,1786094235.7082415,move,345,319,.!frame.!button
demo_session_01,7,1786094235.7582414,move,344,322,.!frame.!button
demo_session_01,7,1786094235.8082414,move,355,313,.!frame.!button
demo_session_01,7,1786094235.9065766,click,352,322,.!frame.!button
demo_session_01,8,1786094235.9065766,move,440,207,.!frame.!entry
demo_session_01,8,1786094235.9565766,move,443,217,.!frame.!entry
demo_session_01,8,1786094236.0065765,move,427,214,.!frame.!entry
demo_session_01,8,1786094236.0565765,move,444,215,.!frame.!entry
demo_session_01,8,1786094236.1065764,move,430,221,.!frame.!entry
demo_session_01,8,1786094236.1565764,move,429,219,.!frame.!entry
demo_session_01,8,1786094236.2065763,move,435,226,.!frame.!entry
demo_session_01,8,1786094236.2565763,move,436,215,.!frame.!entry
demo_session_01,8,1786094236.3065763,move,423,233,.!frame.!entry
demo_session_01,8,1786094236.3565762,move,426,228,.!frame.!entry
demo_session_01,8,1786094236.4065762,move,416,227,.!frame.!entry
demo_session_01,8,1786094236.456576,move,421,229,.!frame.!entry
demo_session_01,8,1786094236.506576,move,421,229,.!frame.!entry
demo_session_01,8,1786094236.556576,move,419,230,.!frame.!entry
demo_session_01,8,1786094236.606576,move,427,225,.!frame.!entry
demo_session_01,8,1786094236.656576,move,418,236,.!frame.!entry
demo_session_01,8,1786094236.7065759,move,418,229,.!frame.!entry
demo_session_01,8,1786094236.7565758,move,418,247,.!frame.!entry
demo_session_01,8,1786094236.8065758,move,418,231,.!frame.!entry
demo_session_01,8,1786094236.8565757,move,425,246,.!frame.!entry
demo_session_01,8,1786094236.9065757,move,418,242,.!frame.!entry
demo_session_01,8,1786094236.9565756,move,420,234,.!frame.!entry
demo_session_01,8,1786094237.0065756,move,399,244,.!frame.!entry
demo_session_01,8,1786094237.0565755,move,403,241,.!frame.!entry
demo_session_01,8,1786094237.1065755,move,410,252,.!frame.!entry
demo_session_01,8,1786094237.1565754,move,406,250,.!frame.!entry
demo_session_01,8,1786094237.2065754,move,411,245,.!frame.!entry
demo_session_01,8,1786094237.2565753,move,407,249,.!frame.!entry
demo_session_01,8,1786094237.3065753,move,402,249,.!frame.!entry
demo_session_01,8,1786094237.3565753,move,400,254,.!frame.!entry
demo_session_01,8,1786094237.4065752,move,409,252,.!frame.!entry
demo_session_01,8,1786094237.4565752,move,407,268,.!frame.!entry
demo_session_01,8,1786094237.506575,move,399,265,.!frame.!entry
demo_session_01,8,1786094237.556575,move,411,262,.!frame.!entry
demo_session_01,8,1786094237.606575,move,401,260,.!frame.!entry
demo_session_01,8,1786094237.656575,move,408,265,.!frame.!entry
demo_session_01,8,1786094237.706575,move,397,257,.!frame.!entry
demo_session_01,8,1786094237.7565749,move,386,260,.!frame.!entry
demo_session_01,8,1786094237.8065748,move,395,259,.!frame.!entry
demo_session_01,8,1786094237.8565748,move,384,258,.!frame.!entry
demo_session_01,8,1786094237.9065747,move,398,269,.!frame.!entry
demo_session_01,8,1786094237.9565747,move,385,274,.!frame.!entry
demo_session_01,8,1786094238.0065746,move,391,270,.!frame.!entry
demo_session_01,8,1786094238.0565746,move,390,270,.!frame.!entry
demo_session_01,8,1786094238.1065745,move,382,280,.!frame.!entry
demo_session_01,8,1786094238.1565745,move,391,277,.!frame.!entry
demo_session_01,8,1786094238.2065744,move,386,281,.!frame.!entry
demo_session_01,8,1786094238.2565744,move,393,277,.!frame.!entry
demo_session_01,8,1786094238.3065743,move,385,271,.!frame.!entry
demo_session_01,8,1786094238.3565743,move,383,270,.!frame.!entry
demo_session_01,8,1786094238.4065742,move,375,278,.!frame.!entry
demo_session_01,8,1786094238.4565742,move,382,286,.!frame.!entry
demo_session_01,8,1786094238.5065742,move,377,283,.!frame.!entry
demo_session_01,8,1786094238.556574,move,376,287,.!frame.!entry
demo_session_01,8,1786094238.606574,move,378,283,.!frame.!entry
demo_session_01,8,1786094238.656574,move,367,290,.!frame.!button
demo_session_01,8,1786094238.706574,move,376,288,.!frame.!button
demo_session_01,8,1786094238.756574,move,363,292,.!frame.!button
demo_session_01,8,1786094238.8065739,move,372,287,.!frame.!button
demo_session_01,8,1786094238.8565738,move,370,289,.!frame.!button
demo_session_01,8,1786094238.9065738,move,368,293,.!frame.!button
demo_session_01,8,1786094238.9565737,move,366,296,.!frame.!button
demo_session_01,8,1786094239.0065737,move,366,295,.!frame.!button
demo_session_01,8,1786094239.0565736,move,370,297,.!frame.!button
demo_session_01,8,1786094239.1065736,move,367,294,.!frame.!button
demo_session_01,8,1786094239.1565735,move,376,298,.!frame.!button
demo_session_01,8,1786094239.2065735,move,361,310,.!frame.!button
demo_session_01,8,1786094239.2565734,move,362,303,.!frame.!button
demo_session_01,8,1786094239.3065734,move,352,303,.!frame.!button
demo_session_01,8,1786094239.3565733,move,353,307,.!frame.!button
demo_session_01,8,1786094239.4065733,move,356,305,.!frame.!button
demo_session_01,8,1786094239.4565732,move,357,306,.!frame.!button
demo_session_01,8,1786094239.5065732,move,354,305,.!frame.!button
demo_session_01,8,1786094239.5565732,move,345,310,.!frame.!button
demo_session_01,8,1786094239.606573,move,349,316,.!frame.!button
demo_session_01,8,1786094239.656573,move,356,313,.!frame.!button
demo_session_01,8,1786094239.706573,move,345,305,.!frame.!button
demo_session_01,8,1786094239.756573,move,353,322,.!frame.!button
demo_session_01,8,1786094239.806573,move,353,319,.!frame.!button
demo_session_01,8,1786094239.858468,click,356,326,.!frame.!button
demo_session_01,9,1786094239.858468,move,517,283,.!frame.!entry
demo_session_01,9,1786094239.908468,move,515,286,.!frame.!entry
demo_session_01,9,1786094239.958468,move,521,291,.!frame.!entry
demo_session_01,9,1786094240.008468,move,515,292,.!frame.!entry
demo_session_01,9,1786094240.0584679,move,512,275,.!frame.!entry
demo_session_01,9,1786094240.1084678,move,518,286,.!frame.!entry
demo_session_01,9,1786094240.1584678,move,510,277,.!frame.!entry
demo_session_01,9,1786094240.2084677,move,498,281,.!frame.!entry
demo_session_01,9,1786094240.2584677,move,500,288,.!frame.!entry
demo_session_01,9,1786094240.3084676,move,516,283,.!frame.!entry
demo_session_01,9,1786094240.3584676,move,498,281,.!frame.!entry
demo_session_01,9,1786094240.4084675,move,496,293,.!frame.!entry
demo_session_01,9,1786094240.4584675,move,504,293,.!frame.!entry
demo_session_01,9,1786094240.5084674,move,504,293,.!frame.!entry
demo_session_01,9,1786094240.5584674,move,491,291,.!frame.!entry
demo_session_01,9,1786094240.6084673,move,482,292,.!frame.!entry
demo_session_01,9,1786094240.6584673,move,498,293,.!frame.!entry
demo_session_01,9,1786094240.7084672,move,481,291,.!frame.!entry
demo_session_01,9,1786094240.7584672,move,482,290,.!frame.!entry
demo_session_01,9,1786094240.8084671,move,473,291,.!frame.!entry
demo_session_01,9,1786094240.858467,move,483,290,.!frame.!entry
demo_session_01,9,1786094240.908467,move,490,289,.!frame.!entry
demo_session_01,9,1786094240.958467,move,467,290,.!frame.!entry
demo_session_01,9,1786094241.008467,move,471,295,.!frame.!entry
demo_session_01,9,1786094241.058467,move,466,294,.!frame.!entry
demo_session_01,9,1786094241.1084669,move,461,301,.!frame.!entry
demo_session_01,9,1786094241.1584668,move,470,296,.!frame.!entry
demo_session_01,9,1786094241.2084668,move,458,308,.!frame.!entry
demo_session_01,9,1786094241.2584667,move,457,289,.!frame.!entry
demo_session_01,9,1786094241.3084667,move,449,295,.!frame.!entry
demo_session_01,9,1786094241.3584666,move,458,294,.!frame.!entry
demo_session_01,9,1786094241.4084666,move,458,293,.!frame.!entry
demo_session_01,9,1786094241.4584665,move,460,297,.!frame.!entry
demo_session_01,9,1786094241.5084665,move,458,308,.!frame.!entry
demo_session_01,9,1786094241.5584664,move,449,293,.!frame.!entry
demo_session_01,9,1786094241.6084664,move,450,307,.!frame.!entry
demo_session_01,9,1786094241.6584663,move,445,301,.!frame.!entry
demo_session_01,9,1786094241.7084663,move,442,306,.!frame.!entry
demo_session_01,9,1786094241.7584662,move,445,299,.!frame.!entry
demo_session_01,9,1786094241.8084662,move,436,300,.!frame.!entry
demo_session_01,9,1786094241.8584661,move,438,291,.!frame.!entry
demo_session_01,9,1786094241.908466,move,442,297,.!frame.!entry
demo_session_01,9,1786094241.958466,move,436,302,.!frame.!entry
demo_session_01,9,1786094242.008466,move,437,302,.!frame.!entry
demo_session_01,9,1786094242.058466,move,424,302,.!frame.!entry
demo_session_01,9,1786094242.108466,move,418,301,.!frame.!entry
demo_session_01,9,1786094242.1584659,move,426,310,.!frame.!entry
demo_session_01,9,1786094242.2084658,move,424,322,.!frame.!entry
demo_session_01,9,1786094242.2584658,move,435,299,.!frame.!entry
demo_session_01,9,1786094242.3084657,move,422,308,.!frame.!entry
demo_session_01,9,1786094242.3584657,move,405,305,.!frame.!entry
demo_session_01,9,1786094242.4084656,move,417,315,.!frame.!entry
demo_session_01,9,1786094242.4584656,move,414,299,.!frame.!entry
demo_session_01,9,1786094242.5084655,move,409,302,.!frame.!entry
demo_session_01,9,1786094242.5584655,move,424,304,.!frame.!entry
demo_session_01,9,1786094242.6084654,move,411,303,.!frame.!entry
demo_session_01,9,1786094242.6584654,move,416,300,.!frame.!entry
demo_session_01,9,1786094242.7084653,move,397,300,.!frame.!entry
demo_session_01,9,1786094242.7584653,move,405,300,.!frame.!entry
demo_session_01,9,1786094242.8084652,move,411,302,.!frame.!entry
demo_session_01,9,1786094242.8584652,move,392,299,.!frame.!button
demo_session_01,9,1786094242.9084651,move,397,299,.!frame.!button
demo_session_01,9,1786094242.958465,move,408,301,.!frame.!button
demo_session_01,9,1786094243.008465,move,394,308,.!frame.!button
demo_session_01,9,1786094243.058465,move,392,307,.!frame.!button
demo_session_01,9,1786094243.108465,move,399,307,.!frame.!button
demo_session_01,9,1786094243.158465,move,393,315,.!frame.!button
demo_session_01,9,1786094243.2084649,move,385,314,.!frame.!button
demo_session_01,9,1786094243.2584648,move,381,310,.!frame.!button
demo_session_01,9,1786094243.3084648,move,378,309,.!frame.!button
demo_session_01,9,1786094243.3584647,move,372,304,.!frame.!button
demo_session_01,9,1786094243.4084647,move,373,311,.!frame.!button
demo_session_01,9,1786094243.4584646,move,371,300,.!frame.!button
demo_session_01,9,1786094243.5084646,move,381,315,.!frame.!button
demo_session_01,9,1786094243.5584645,move,373,315,.!frame.!button
demo_session_01,9,1786094243.6084645,move,371,310,.!frame.!button
demo_session_01,9,1786094243.6584644,move,370,321,.!frame.!button
demo_session_01,9,1786094243.7084644,move,358,305,.!frame.!button
demo_session_01,9,1786094243.7584643,move,357,311,.!frame.!button
demo_session_01,9,1786094243.8084643,move,367,313,.!frame.!button
demo_session_01,9,1786094243.8584642,move,361,326,.!frame.!button
demo_session_01,9,1786094243.9084642,move,365,325,.!frame.!button
demo_session_01,9,1786094243.9584641,move,351,315,.!frame.!button
demo_session_01,9,1786094244.008464,move,362,314,.!frame.!button
demo_session_01,9,1786094244.058464,move,355,320,.!frame.!button
demo_session_01,9,1786094244.108464,move,351,317,.!frame.!button
demo_session_01,9,1786094244.1899462,click,350,320,.!frame.!button
demo_session_01,10,1786094244.1899462,move,375,320,.!frame.!entry
demo_session_01,10,1786094244.2399461,move,384,317,.!frame.!entry
demo_session_01,10,1786094244.289946,move,372,322,.!frame.!entry
demo_session_01,10,1786094244.339946,move,385,321,.!frame.!entry
demo_session_01,10,1786094244.389946,move,383,318,.!frame.!entry
demo_session_01,10,1786094244.439946,move,377,322,.!frame.!entry
demo_session_01,10,1786094244.489946,move,382,326,.!frame.!entry
demo_session_01,10,1786094244.5399458,move,375,314,.!frame.!entry
demo_session_01,10,1786094244.5899458,move,380,322,.!frame.!entry
demo_session_01,10,1786094244.6399457,move,378,317,.!frame.!entry
demo_session_01,10,1786094244.6899457,move,372,317,.!frame.!entry
demo_session_01,10,1786094244.7399457,move,367,316,.!frame.!entry
demo_session_01,10,1786094244.7899456,move,370,320,.!frame.!entry
demo_session_01,10,1786094244.8399456,move,373,323,.!frame.!entry
demo_session_01,10,1786094244.8899455,move,374,316,.!frame.!entry
demo_session_01,10,1786094244.9399455,move,369,323,.!frame.!entry
demo_session_01,10,1786094244.9899454,move,371,312,.!frame.!entry
demo_session_01,10,1786094245.0399454,move,380,315,.!frame.!entry
demo_session_01,10,1786094245.0899453,move,365,312,.!frame.!entry
demo_session_01,10,1786094245.1399453,move,375,324,.!frame.!entry
demo_session_01,10,1786094245.1899452,move,378,322,.!frame.!entry
demo_session_01,10,1786094245.2399452,move,371,318,.!frame.!entry
demo_session_01,10,1786094245.2899451,move,372,323,.!frame.!entry
demo_session_01,10,1786094245.339945,move,373,316,.!frame.!entry
demo_session_01,10,1786094245.389945,move,374,321,.!frame.!entry
demo_session_01,10,1786094245.439945,move,371,311,.!frame.!entry
demo_session_01,10,1786094245.489945,move,379,320,.!frame.!entry
demo_session_01,10,1786094245.539945,move,373,309,.!frame.!entry
demo_session_01,10,1786094245.5899448,move,364,321,.!frame.!entry
demo_session_01,10,1786094245.6399448,move,368,305,.!frame.!entry
demo_session_01,10,1786094245.6899447,move,369,312,.!frame.!entry
demo_session_01,10,1786094245.7399447,move,368,321,.!frame.!entry
demo_session_01,10,1786094245.7899446,move,374,317,.!frame.!entry
demo_session_01,10,1786094245.8399446,move,370,312,.!frame.!entry
demo_session_01,10,1786094245.8899446,move,360,316,.!frame.!entry
demo_session_01,10,1786094245.9399445,move,368,327,.!frame.!entry
demo_session_01,10,1786094245.9899445,move,369,316,.!frame.!entry
demo_session_01,10,1786094246.0399444,move,364,309,.!frame.!entry
demo_session_01,10,1786094246.0899444,move,370,318,.!frame.!entry
demo_session_01,10,1786094246.1399443,move,363,308,.!frame.!entry
demo_session_01,10,1786094246.1899443,move,370,320,.!frame.!entry
demo_session_01,10,1786094246.2399442,move,371,315,.!frame.!entry
demo_session_01,10,1786094246.2899442,move,357,318,.!frame.!entry
demo_session_01,10,1786094246.3399441,move,360,322,.!frame.!entry
demo_session_01,10,1786094246.389944,move,369,318,.!frame.!entry
demo_session_01,10,1786094246.439944,move,367,328,.!frame.!entry
demo_session_01,10,1786094246.489944,move,367,312,.!frame.!entry
demo_session_01,10,1786094246.539944,move,361,315,.!frame.!entry
demo_session_01,10,1786094246.589944,move,372,315,.!frame.!entry
demo_session_01,10,1786094246.6399438,move,363,321,.!frame.!entry
demo_session_01,10,1786094246.6899438,move,358,316,.!frame.!entry
demo_session_01,10,1786094246.7399437,move,366,308,.!frame.!entry
demo_session_01,10,1786094246.7899437,move,365,313,.!frame.!entry
demo_session_01,10,1786094246.8399436,move,366,320,.!frame.!entry
demo_session_01,10,1786094246.8899436,move,371,317,.!frame.!entry
demo_session_01,10,1786094246.9399436,move,368,327,.!frame.!entry
demo_session_01,10,1786094246.9899435,move,378,323,.!frame.!entry
demo_session_01,10,1786094247.0399435,move,359,307,.!frame.!entry
demo_session_01,10,1786094247.0899434,move,361,313,.!frame.!entry
demo_session_01,10,1786094247.1399434,move,364,316,.!frame.!entry
demo_session_01,10,1786094247.1899433,move,353,312,.!frame.!entry
demo_session_01,10,1786094247.2399433,move,351,325,.!frame.!entry
demo_session_01,10,1786094247.2899432,move,367,318,.!frame.!entry
demo_session_01,10,1786094247.3399432,move,360,325,.!frame.!button
demo_session_01,10,1786094247.3899431,move,351,328,.!frame.!button
demo_session_01,10,1786094247.439943,move,357,320,.!frame.!button
demo_session_01,10,1786094247.489943,move,352,324,.!frame.!button
demo_session_01,10,1786094247.539943,move,367,311,.!frame.!button
demo_session_01,10,1786094247.589943,move,363,318,.!frame.!button
demo_session_01,10,1786094247.639943,move,359,325,.!frame.!button
demo_session_01,10,1786094247.6899428,move,358,322,.!frame.!button
demo_session_01,10,1786094247.7399428,move,344,316,.!frame.!button
demo_session_01,10,1786094247.7899427,move,360,315,.!frame.!button
demo_session_01,10,1786094247.8399427,move,342,312,.!frame.!button
demo_session_01,10,1786094247.8899426,move,345,316,.!frame.!button
demo_session_01,10,1786094247.9399426,move,348,323,.!frame.!button
demo_session_01,10,1786094247.9899426,move,363,325,.!frame.!button
demo_session_01,10,1786094248.0399425,move,361,320,.!frame.!button
demo_session_01,10,1786094248.0899425,move,350,328,.!frame.!button
demo_session_01,10,1786094248.1399424,move,346,321,.!frame.!button
demo_session_01,10,1786094248.1899424,move,359,318,.!frame.!button
demo_session_01,10,1786094248.2399423,move,351,318,.!frame.!button
demo_session_01,10,1786094248.2899423,move,349,320,.!frame.!button
demo_session_01,10,1786094248.3399422,move,350,312,.!frame.!button
demo_session_01,10,1786094248.3899422,move,350,317,.!frame.!button
demo_session_01,10,1786094248.4399421,move,352,325,.!frame.!button
demo_session_01,10,1786094248.489942,move,342,322,.!frame.!button
demo_session_01,10,1786094248.539942,move,348,328,.!frame.!button
demo_session_01,10,1786094248.589942,move,345,317,.!frame.!button
demo_session_01,10,1786094248.639942,move,351,321,.!frame.!button
demo_session_01,10,1786094248.689942,move,357,322,.!frame.!button
demo_session_01,10,1786094248.7731912,click,348,318,.!frame.!button
demo_session_01,11,1786094248.7731912,move,219,262,.!frame.!entry
demo_session_01,11,1786094248.8231912,move,211,275,.!frame.!entry
demo_session_01,11,1786094248.873191,move,211,277,.!frame.!entry
demo_session_01,11,1786094248.923191,move,216,280,.!frame.!entry
demo_session_01,11,1786094248.973191,move,228,269,.!frame.!entry
demo_session_01,11,1786094249.023191,move,216,270,.!frame.!entry
demo_session_01,11,1786094249.073191,move,225,267,.!frame.!entry
demo_session_01,11,1786094249.1231909,move,220,276,.!frame.!entry
demo_session_01,11,1786094249.1731908,move,217,279,.!frame.!entry
demo_session_01,11,1786094249.2231908,move,231,281,.!frame.!entry
demo_session_01,11,1786094249.2731907,move,225,269,.!frame.!entry
demo_session_01,11,1786094249.3231907,move,230,282,.!frame.!entry
demo_session_01,11,1786094249.3731906,move,228,274,.!frame.!entry
demo_session_01,11,1786094249.4231906,move,222,273,.!frame.!entry
demo_session_01,11,1786094249.4731905,move,237,280,.!frame.!entry
demo_session_01,11,1786094249.5231905,move,226,278,.!frame.!entry
demo_session_01,11,1786094249.5731905,move,230,277,.!frame.!entry
demo_session_01,11,1786094249.6231904,move,233,276,.!frame.!entry
demo_session_01,11,1786094249.6731904,move,240,277,.!frame.!entry
demo_session_01,11,1786094249.7231903,move,236,284,.!frame.!entry
demo_session_01,11,1786094249.7731903,move,250,274,.!frame.!entry
demo_session_01,11,1786094249.8231902,move,244,275,.!frame.!entry
demo_session_01,11,1786094249.8731902,move,242,272,.!frame.!entry
demo_session_01,11,1786094249.92319,move,241,283,.!frame.!entry
demo_session_01,11,1786094249.97319,move,248,279,.!frame.!entry
demo_session_01,11,1786094250.02319,move,252,286,.!frame.!entry
demo_session_01,11,1786094250.07319,move,259,287,.!frame.!entry
demo_session_01,11,1786094250.12319,move,256,291,.!frame.!entry
demo_session_01,11,1786094250.1731899,move,254,290,.!frame.!entry
demo_session_01,11,1786094250.2231898,move,245,291,.!frame.!entry
demo_session_01,11,1786094250.2731898,move,258,292,.!frame.!entry
demo_session_01,11,1786094250.3231897,move,254,280,.!frame.!entry
demo_session_01,11,1786094250.3731897,move,257,280,.!frame.!entry
demo_session_01,11,1786094250.4231896,move,262,288,.!frame.!entry
demo_session_01,11,1786094250.4731896,move,254,288,.!frame.!entry
demo_session_01,11,1786094250.5231895,move,259,278,.!frame.!entry
demo_session_01,11,1786094250.5731895,move,267,286,.!frame.!entry
demo_session_01,11,1786094250.6231894,move,259,283,.!frame.!entry
demo_session_01,11,1786094250.6731894,move,270,278,.!frame.!entry
demo_session_01,11,1786094250.7231894,move,272,296,.!frame.!entry
demo_session_01,11,1786094250.7731893,move,266,299,.!frame.!entry
demo_session_01,11,1786094250.8231893,move,288,290,.!frame.!entry
demo_session_01,11,1786094250.8731892,move,271,289,.!frame.!entry
demo_session_01,11,1786094250.9231892,move,266,287,.!frame.!entry
demo_session_01,11,1786094250.973189,move,277,291,.!frame.!entry
demo_session_01,11,1786094251.023189,move,272,293,.!frame.!entry
demo_session_01,11,1786094251.073189,move,279,289,.!frame.!entry
demo_session_01,11,1786094251.123189,move,278,305,.!frame.!entry
demo_session_01,11,1786094251.173189,move,272,297,.!frame.!entry
demo_session_01,11,1786094251.2231889,move,290,285,.!frame.!entry
demo_session_01,11,1786094251.2731888,move,285,301,.!frame.!entry
demo_session_01,11,1786094251.3231888,move,293,303,.!frame.!entry
demo_session_01,11,1786094251.3731887,move,280,296,.!frame.!entry
demo_session_01,11,1786094251.4231887,move,293,301,.!frame.!entry
demo_session_01,11,1786094251.4731886,move,285,294,.!frame.!entry
demo_session_01,11,1786094251.5231886,move,299,293,.!frame.!entry
demo_session_01,11,1786094251.5731885,move,297,295,.!frame.!entry
demo_session_01,11,1786094251.6231885,move,303,298,.!frame.!entry
demo_session_01,11,1786094251.6731884,move,287,302,.!frame.!entry
demo_session_01,11,1786094251.7231884,move,301,305,.!frame.!entry
demo_session_01,11,1786094251.7731884,move,306,305,.!frame.!entry
demo_session_01,11,1786094251.8231883,move,297,305,.!frame.!entry
demo_session_01,11,1786094251.8731883,move,301,315,.!frame.!entry
demo_session_01,11,1786094251.9231882,move,309,304,.!frame.!entry
demo_session_01,11,1786094251.9731882,move,300,305,.!frame.!entry
demo_session_01,11,1786094252.023188,move,307,302,.!frame.!entry
demo_session_01,11,1786094252.073188,move,304,294,.!frame.!button
demo_session_01,11,1786094252.123188,move,316,300,.!frame.!button
demo_session_01,11,1786094252.173188,move,308,303,.!frame.!button
demo_session_01,11,1786094252.223188,move,301,314,.!frame.!button
demo_session_01,11,1786094252.2731879,move,314,311,.!frame.!button
demo_session_01,11,1786094252.3231878,move,318,318,.!frame.!button
demo_session_01,11,1786094252.3731878,move,313,309,.!frame.!button
demo_session_01,11,1786094252.4231877,move,328,313,.!frame.!button
demo_session_01,11,1786094252.4731877,move,321,306,.!frame.!button
demo_session_01,11,1786094252.5231876,move,323,302,.!frame.!button
demo_session_01,11,1786094252.5731876,move,325,303,.!frame.!button
demo_session_01,11,1786094252.6231875,move,330,312,.!frame.!button
demo_session_01,11,1786094252.6731875,move,336,311,.!frame.!button
demo_session_01,11,1786094252.7231874,move,332,321,.!frame.!button
demo_session_01,11,1786094252.7731874,move,322,319,.!frame.!button
demo_session_01,11,1786094252.8231874,move,327,307,.!frame.!button
demo_session_01,11,1786094252.8731873,move,334,313,.!frame.!button
demo_session_01,11,1786094252.9231873,move,328,318,.!frame.!button
demo_session_01,11,1786094252.9731872,move,337,325,.!frame.!button
demo_session_01,11,1786094253.0231872,move,346,322,.!frame.!button
demo_session_01,11,1786094253.073187,move,337,321,.!frame.!button
demo_session_01,11,1786094253.123187,move,332,320,.!frame.!button
demo_session_01,11,1786094253.173187,move,344,313,.!frame.!button
demo_session_01,11,1786094253.223187,move,342,316,.!frame.!button
demo_session_01,11,1786094253.273187,move,345,316,.!frame.!button
demo_session_01,11,1786094253.3231869,move,346,321,.!frame.!button
demo_session_01,11,1786094253.3731868,move,344,322,.!frame.!button
demo_session_01,11,1786094253.4231868,move,339,316,.!frame.!button
demo_session_01,11,1786094253.4731867,move,354,317,.!frame.!button
demo_session_01,11,1786094253.5596566,click,348,318,.!frame.!button
demo_session_01,12,1786094253.5596566,move,175,130,.!frame.!entry
demo_session_01,12,1786094253.6096566,move,189,128,.!frame.!entry
demo_session_01,12,1786094253.6596565,move,177,135,.!frame.!entry
demo_session_01,12,1786094253.7096565,move,194,137,.!frame.!entry
demo_session_01,12,1786094253.7596564,move,188,149,.!frame.!entry
demo_session_01,12,1786094253.8096564,move,179,138,.!frame.!entry
demo_session_01,12,1786094253.8596563,move,194,139,.!frame.!entry
demo_session_01,12,1786094253.9096563,move,189,155,.!frame.!entry
demo_session_01,12,1786094253.9596562,move,204,151,.!frame.!entry
demo_session_01,12,1786094254.0096562,move,189,158,.!frame.!entry
demo_session_01,12,1786094254.0596561,move,190,153,.!frame.!entry
demo_session_01,12,1786094254.109656,move,209,157,.!frame.!entry
demo_session_01,12,1786094254.159656,move,203,158,.!frame.!entry
demo_session_01,12,1786094254.209656,move,207,153,.!frame.!entry
demo_session_01,12,1786094254.259656,move,200,170,.!frame.!entry
demo_session_01,12,1786094254.309656,move,207,171,.!frame.!entry
demo_session_01,12,1786094254.3596559,move,211,165,.!frame.!entry
demo_session_01,12,1786094254.4096558,move,217,176,.!frame.!entry
demo_session_01,12,1786094254.4596558,move,222,170,.!frame.!entry
demo_session_01,12,1786094254.5096557,move,214,169,.!frame.!entry
demo_session_01,12,1786094254.5596557,move,227,169,.!frame.!entry
demo_session_01,12,1786094254.6096556,move,222,183,.!frame.!entry
demo_session_01,12,1786094254.6596556,move,231,183,.!frame.!entry
demo_session_01,12,1786094254.7096555,move,237,178,.!frame.!entry
demo_session_01,12,1786094254.7596555,move,239,188,.!frame.!entry
demo_session_01,12,1786094254.8096554,move,234,196,.!frame.!entry
demo_session_01,12,1786094254.8596554,move,244,192,.!frame.!entry
demo_session_01,12,1786094254.9096553,move,245,201,.!frame.!entry
demo_session_01,12,1786094254.9596553,move,237,197,.!frame.!entry
demo_session_01,12,1786094255.0096552,move,245,206,.!frame.!entry
demo_session_01,12,1786094255.0596552,move,257,202,.!frame.!entry
demo_session_01,12,1786094255.1096551,move,240,206,.!frame.!entry
demo_session_01,12,1786094255.159655,move,254,210,.!frame.!entry
demo_session_01,12,1786094255.209655,move,251,204,.!frame.!entry
demo_session_01,12,1786094255.259655,move,239,209,.!frame.!entry
demo_session_01,12,1786094255.309655,move,250,216,.!frame.!entry
demo_session_01,12,1786094255.359655,move,258,214,.!frame.!entry
demo_session_01,12,1786094255.4096549,move,269,221,.!frame.!entry
demo_session_01,12,1786094255.4596548,move,260,224,.!frame.!entry
demo_session_01,12,1786094255.5096548,move,275,232,.!frame.!entry
demo_session_01,12,1786094255.5596547,move,258,222,.!frame.!entry
demo_session_01,12,1786094255.6096547,move,273,235,.!frame.!entry
demo_session_01,12,1786094255.6596546,move,257,233,.!frame.!entry
demo_session_01,12,1786094255.7096546,move,269,234,.!frame.!entry
demo_session_01,12,1786094255.7596545,move,276,228,.!frame.!entry
demo_session_01,12,1786094255.8096545,move,271,243,.!frame.!entry
demo_session_01,12,1786094255.8596544,move,286,243,.!frame.!entry
demo_session_01,12,1786094255.9096544,move,291,246,.!frame.!entry
demo_session_01,12,1786094255.9596543,move,278,241,.!frame.!entry
demo_session_01,12,1786094256.0096543,move,296,238,.!frame.!entry
demo_session_01,12,1786094256.0596542,move,293,263,.!frame.!entry
demo_session_01,12,1786094256.1096542,move,296,253,.!frame.!entry
demo_session_01,12,1786094256.1596541,move,287,248,.!frame.!entry
demo_session_01,12,1786094256.209654,move,289,259,.!frame.!entry
demo_session_01,12,1786094256.259654,move,280,263,.!frame.!entry
demo_session_01,12,1786094256.309654,move,291,268,.!frame.!entry
demo_session_01,12,1786094256.359654,move,302,268,.!frame.!button
demo_session_01,12,1786094256.409654,move,304,266,.!frame.!button
demo_session_01,12,1786094256.4596539,move,302,273,.!frame.!button
demo_session_01,12,1786094256.5096538,move,310,276,.!frame.!button
demo_session_01,12,1786094256.5596538,move,304,282,.!frame.!button
demo_session_01,12,1786094256.6096537,move,308,271,.!frame.!button
demo_session_01,12,1786094256.6596537,move,316,276,.!frame.!button
demo_session_01,12,1786094256.7096536,move,322,286,.!frame.!button
demo_session_01,12,1786094256.7596536,move,324,282,.!frame.!button
demo_session_01,12,1786094256.8096535,move,318,276,.!frame.!button
demo_session_01,12,1786094256.8596535,move,329,281,.!frame.!button
demo_session_01,12,1786094256.9096534,move,321,288,.!frame.!button
demo_session_01,12,1786094256.9596534,move,334,296,.!frame.!button
demo_session_01,12,1786094257.0096533,move,335,293,.!frame.!button
demo_session_01,12,1786094257.0596533,move,314,297,.!frame.!button
demo_session_01,12,1786094257.1096532,move,327,315,.!frame.!button
demo_session_01,12,1786094257.1596532,move,343,297,.!frame.!button
demo_session_01,12,1786094257.2096531,move,330,307,.!frame.!button
demo_session_01,12,1786094257.259653,move,343,308,.!frame.!button
demo_session_01,12,1786094257.309653,move,336,320,.!frame.!button
demo_session_01,12,1786094257.359653,move,356,310,.!frame.!button
demo_session_01,12,1786094257.409653,move,348,316,.!frame.!button
demo_session_01,12,1786094257.459653,move,344,311,.!frame.!button
demo_session_01,12,1786094257.5096529,move,344,317,.!frame.!button
demo_session_01,12,1786094257.590988,click,350,320,.!frame.!button
demo_session_01,13,1786094257.590988,move,244,185,.!frame.!entry
demo_session_01,13,1786094257.6409879,move,231,191,.!frame.!entry
demo_session_01,13,1786094257.6909878,move,252,191,.!frame.!entry
demo_session_01,13,1786094257.7409878,move,247,197,.!frame.!entry
demo_session_01,13,1786094257.7909877,move,243,197,.!frame.!entry
demo_session_01,13,1786094257.8409877,move,246,207,.!frame.!entry
demo_session_01,13,1786094257.8909876,move,250,200,.!frame.!entry
demo_session_01,13,1786094257.9409876,move,256,205,.!frame.!entry
demo_session_01,13,1786094257.9909875,move,253,210,.!frame.!entry
demo_session_01,13,1786094258.0409875,move,260,202,.!frame.!entry
demo_session_01,13,1786094258.0909874,move,259,201,.!frame.!entry
demo_session_01,13,1786094258.1409874,move,260,202,.!frame.!entry
demo_session_01,13,1786094258.1909873,move,259,211,.!frame.!entry
demo_session_01,13,1786094258.2409873,move,252,215,.!frame.!entry
demo_session_01,13,1786094258.2909873,move,265,208,.!frame.!entry
demo_session_01,13,1786094258.3409872,move,248,216,.!frame.!entry
demo_session_01,13,1786094258.3909872,move,251,226,.!frame.!entry
demo_session_01,13,1786094258.440987,move,255,211,.!frame.!entry
demo_session_01,13,1786094258.490987,move,260,231,.!frame.!entry
demo_session_01,13,1786094258.540987,move,267,218,.!frame.!entry
demo_session_01,13,1786094258.590987,move,265,222,.!frame.!entry
demo_session_01,13,1786094258.640987,move,278,228,.!frame.!entry
demo_session_01,13,1786094258.6909869,move,266,224,.!frame.!entry
demo_session_01,13,1786094258.7409868,move,275,225,.!frame.!entry
demo_session_01,13,1786094258.7909868,move,277,232,.!frame.!entry
demo_session_01,13,1786094258.8409867,move,277,229,.!frame.!entry
demo_session_01,13,1786094258.8909867,move,274,233,.!frame.!entry
demo_session_01,13,1786094258.9409866,move,271,235,.!frame.!entry
demo_session_01,13,1786094258.9909866,move,278,241,.!frame.!entry
demo_session_01,13,1786094259.0409865,move,276,247,.!frame.!entry
demo_session_01,13,1786094259.0909865,move,279,243,.!frame.!entry
demo_session_01,13,1786094259.1409864,move,285,250,.!frame.!entry
demo_session_01,13,1786094259.1909864,move,275,243,.!frame.!entry
demo_session_01,13,1786094259.2409863,move,278,246,.!frame.!entry
demo_session_01,13,1786094259.2909863,move,291,250,.!frame.!entry
demo_session_01,13,1786094259.3409863,move,286,258,.!frame.!entry
demo_session_01,13,1786094259.3909862,move,294,252,.!frame.!entry
demo_session_01,13,1786094259.4409862,move,288,246,.!frame.!entry
demo_session_01,13,1786094259.490986,move,298,248,.!frame.!entry
demo_session_01,13,1786094259.540986,move,300,257,.!frame.!entry
demo_session_01,13,1786094259.590986,move,294,260,.!frame.!entry
demo_session_01,13,1786094259.640986,move,287,261,.!frame.!entry
demo_session_01,13,1786094259.690986,move,302,256,.!frame.!entry
demo_session_01,13,1786094259.7409859,move,307,265,.!frame.!entry
demo_session_01,13,1786094259.7909858,move,306,264,.!frame.!entry
demo_session_01,13,1786094259.8409858,move,313,257,.!frame.!entry
demo_session_01,13,1786094259.8909857,move,302,267,.!frame.!entry
demo_session_01,13,1786094259.9409857,move,312,282,.!frame.!entry
demo_session_01,13,1786094259.9909856,move,307,268,.!frame.!entry
demo_session_01,13,1786094260.0409856,move,315,274,.!frame.!entry
demo_session_01,13,1786094260.0909855,move,313,273,.!frame.!entry
demo_session_01,13,1786094260.1409855,move,313,283,.!frame.!entry
demo_session_01,13,1786094260.1909854,move,309,271,.!frame.!entry
demo_session_01,13,1786094260.2409854,move,316,292,.!frame.!entry
demo_session_01,13,1786094260.2909853,move,320,275,.!frame.!entry
demo_session_01,13,1786094260.3409853,move,311,279,.!frame.!button
demo_session_01,13,1786094260.3909853,move,310,274,.!frame.!button
demo_session_01,13,1786094260.4409852,move,317,283,.!frame.!button
demo_session_01,13,1786094260.4909852,move,316,296,.!frame.!button
demo_session_01,13,1786094260.540985,move,332,284,.!frame.!button
demo_session_01,13,1786094260.590985,move,326,294,.!frame.!button
demo_session_01,13,1786094260.640985,move,326,290,.!frame.!button
demo_session_01,13,1786094260.690985,move,328,298,.!frame.!button
demo_session_01,13,1786094260.740985,move,330,289,.!frame.!button
demo_session_01,13,1786094260.7909849,move,329,301,.!frame.!button
demo_session_01,13,1786094260.8409848,move,337,307,.!frame.!button
demo_session_01,13,1786094260.8909848,move,338,304,.!frame.!button
demo_session_01,13,1786094260.9409847,move,335,295,.!frame.!button
demo_session_01,13,1786094260.9909847,move,342,308,.!frame.!button
demo_session_01,13,1786094261.0409846,move,335,307,.!frame.!button
demo_session_01,13,1786094261.0909846,move,331,319,.!frame.!button
demo_session_01,13,1786094261.1409845,move,334,299,.!frame.!button
demo_session_01,13,1786094261.1909845,move,346,299,.!frame.!button
demo_session_01,13,1786094261.2409844,move,336,312,.!frame.!button
demo_session_01,13,1786094261.2909844,move,336,311,.!frame.!button
demo_session_01,13,1786094261.3409843,move,349,330,.!frame.!button
demo_session_01,13,1786094261.3909843,move,350,320,.!frame.!button
demo_session_01,13,1786094261.4409842,move,347,317,.!frame.!button
demo_session_01,13,1786094261.4909842,move,353,320,.!frame.!button
demo_session_01,13,1786094261.556338,click,346,316,.!frame.!button
demo_session_01,14,1786094261.556338,move,404,347,.!frame.!entry
demo_session_01,14,1786094261.606338,move,408,353,.!frame.!entry
demo_session_01,14,1786094261.656338,move,391,321,.!frame.!entry
demo_session_01,14,1786094261.706338,move,395,346,.!frame.!entry
demo_session_01,14,1786094261.756338,move,390,348,.!frame.!entry
demo_session_01,14,1786094261.8063378,move,408,336,.!frame.!entry
demo_session_01,14,1786094261.8563378,move,397,343,.!frame.!entry
demo_session_01,14,1786094261.9063377,move,392,331,.!frame.!entry
demo_session_01,14,1786094261.9563377,move,397,339,.!frame.!entry
demo_session_01,14,1786094262.0063376,move,393,339,.!frame.!entry
demo_session_01,14,1786094262.0563376,move,401,334,.!frame.!entry
demo_session_01,14,1786094262.1063375,move,386,339,.!frame.!entry
demo_session_01,14,1786094262.1563375,move,385,347,.!frame.!entry
demo_session_01,14,1786094262.2063375,move,382,346,.!frame.!entry
demo_session_01,14,1786094262.2563374,move,400,337,.!frame.!entry
demo_session_01,14,1786094262.3063374,move,396,342,.!frame.!entry
demo_session_01,14,1786094262.3563373,move,386,343,.!frame.!entry
demo_session_01,14,1786094262.4063373,move,376,326,.!frame.!entry
demo_session_01,14,1786094262.4563372,move,383,346,.!frame.!entry
demo_session_01,14,1786094262.5063372,move,379,331,.!frame.!entry
demo_session_01,14,1786094262.556337,move,395,342,.!frame.!entry
demo_session_01,14,1786094262.606337,move,390,337,.!frame.!entry
demo_session_01,14,1786094262.656337,move,379,341,.!frame.!entry
demo_session_01,14,1786094262.706337,move,391,334,.!frame.!entry
demo_session_01,14,1786094262.756337,move,396,343,.!frame.!entry
demo_session_01,14,1786094262.8063369,move,377,336,.!frame.!entry
demo_session_01,14,1786094262.8563368,move,389,332,.!frame.!entry
demo_session_01,14,1786094262.9063368,move,379,335,.!frame.!entry
demo_session_01,14,1786094262.9563367,move,379,357,.!frame.!entry
demo_session_01,14,1786094263.0063367,move,395,330,.!frame.!entry
demo_session_01,14,1786094263.0563366,move,381,330,.!frame.!entry
demo_session_01,14,1786094263.1063366,move,390,343,.!frame.!entry
demo_session_01,14,1786094263.1563365,move,394,329,.!frame.!entry
demo_session_01,14,1786094263.2063365,move,384,318,.!frame.!entry
demo_session_01,14,1786094263.2563365,move,382,331,.!frame.!entry
demo_session_01,14,1786094263.3063364,move,389,332,.!frame.!entry
demo_session_01,14,1786094263.3563364,move,387,327,.!frame.!entry
demo_session_01,14,1786094263.4063363,move,366,341,.!frame.!entry
demo_session_01,14,1786094263.4563363,move,378,342,.!frame.!entry
demo_session_01,14,1786094263.5063362,move,384,329,.!frame.!entry
demo_session_01,14,1786094263.5563362,move,369,334,.!frame.!entry
demo_session_01,14,1786094263.606336,move,372,338,.!frame.!entry
demo_session_01,14,1786094263.656336,move,366,341,.!frame.!entry
demo_session_01,14,1786094263.706336,move,379,339,.!frame.!entry
demo_session_01,14,1786094263.756336,move,373,333,.!frame.!entry
demo_session_01,14,1786094263.806336,move,379,329,.!frame.!entry
demo_session_01,14,1786094263.8563359,move,372,332,.!frame.!entry
demo_session_01,14,1786094263.9063358,move,355,332,.!frame.!entry
demo_session_01,14,1786094263.9563358,move,370,331,.!frame.!entry
demo_session_01,14,1786094264.0063357,move,368,335,.!frame.!entry
demo_session_01,14,1786094264.0563357,move,357,340,.!frame.!entry
demo_session_01,14,1786094264.1063356,move,375,330,.!frame.!entry
demo_session_01,14,1786094264.1563356,move,372,323,.!frame.!entry
demo_session_01,14,1786094264.2063355,move,374,320,.!frame.!entry
demo_session_01,14,1786094264.2563355,move,374,331,.!frame.!entry
demo_session_01,14,1786094264.3063354,move,366,322,.!frame.!entry
demo_session_01,14,1786094264.3563354,move,362,322,.!frame.!entry
demo_session_01,14,1786094264.4063354,move,390,339,.!frame.!entry
demo_session_01,14,1786094264.4563353,move,356,317,.!frame.!entry
demo_session_01,14,1786094264.5063353,move,368,324,.!frame.!entry
demo_session_01,14,1786094264.5563352,move,370,322,.!frame.!entry
demo_session_01,14,1786094264.6063352,move,367,331,.!frame.!entry
demo_session_01,14,1786094264.656335,move,364,325,.!frame.!entry
demo_session_01,14,1786094264.706335,move,377,328,.!frame.!entry
demo_session_01,14,1786094264.756335,move,376,326,.!frame.!entry
demo_session_01,14,1786094264.806335,move,357,341,.!frame.!button
demo_session_01,14,1786094264.856335,move,360,334,.!frame.!button
demo_session_01,14,1786094264.9063349,move,350,330,.!frame.!button
demo_session_01,14,1786094264.9563348,move,370,330,.!frame.!button
demo_session_01,14,1786094265.0063348,move,358,323,.!frame.!button
demo_session_01,14,1786094265.0563347,move,368,310,.!frame.!button
demo_session_01,14,1786094265.1063347,move,366,322,.!frame.!button
demo_session_01,14,1786094265.1563346,move,365,317,.!frame.!button
demo_session_01,14,1786094265.2063346,move,350,334,.!frame.!button
demo_session_01,14,1786094265.2563345,move,355,321,.!frame.!button
demo_session_01,14,1786094265.3063345,move,348,315,.!frame.!button
demo_session_01,14,1786094265.3563344,move,363,320,.!frame.!button
demo_session_01,14,1786094265.4063344,move,351,313,.!frame.!button
demo_session_01,14,1786094265.4563344,move,359,322,.!frame.!button
demo_session_01,14,1786094265.5063343,move,362,326,.!frame.!button
demo_session_01,14,1786094265.5563343,move,367,314,.!frame.!button
demo_session_01,14,1786094265.6063342,move,342,330,.!frame.!button
demo_session_01,14,1786094265.6563342,move,351,319,.!frame.!button
demo_session_01,14,1786094265.706334,move,351,322,.!frame.!button
demo_session_01,14,1786094265.756334,move,361,318,.!frame.!button
demo_session_01,14,1786094265.806334,move,353,320,.!frame.!button
demo_session_01,14,1786094265.856334,move,354,316,.!frame.!button
demo_session_01,14,1786094265.906334,move,355,314,.!frame.!button
demo_session_01,14,1786094265.9563339,move,347,325,.!frame.!button
demo_session_01,14,1786094266.0063338,move,350,323,.!frame.!button
demo_session_01,14,1786094266.0563338,move,344,330,.!frame.!button
demo_session_01,14,1786094266.1063337,move,352,319,.!frame.!button
demo_session_01,14,1786094266.1563337,move,346,315,.!frame.!button
demo_session_01,14,1786094266.2274394,click,352,322,.!frame.!button
demo_session_01,15,1786094266.2274394,move,398,312,.!frame.!entry
demo_session_01,15,1786094266.2774394,move,396,310,.!frame.!entry
demo_session_01,15,1786094266.3274393,move,407,306,.!frame.!entry
demo_session_01,15,1786094266.3774393,move,390,318,.!frame.!entry
demo_session_01,15,1786094266.4274392,move,392,315,.!frame.!entry
demo_session_01,15,1786094266.4774392,move,395,303,.!frame.!entry
demo_session_01,15,1786094266.527439,move,400,312,.!frame.!entry
demo_session_01,15,1786094266.577439,move,398,308,.!frame.!entry
demo_session_01,15,1786094266.627439,move,392,300,.!frame.!entry
demo_session_01,15,1786094266.677439,move,387,316,.!frame.!entry
demo_session_01,15,1786094266.727439,move,388,319,.!frame.!entry
demo_session_01,15,1786094266.7774389,move,387,306,.!frame.!entry
demo_session_01,15,1786094266.8274388,move,389,317,.!frame.!entry
demo_session_01,15,1786094266.8774388,move,395,321,.!frame.!entry
demo_session_01,15,1786094266.9274387,move,388,303,.!frame.!entry
demo_session_01,15,1786094266.9774387,move,393,311,.!frame.!entry
demo_session_01,15,1786094267.0274386,move,384,314,.!frame.!entry
demo_session_01,15,1786094267.0774386,move,396,310,.!frame.!entry
demo_session_01,15,1786094267.1274385,move,386,320,.!frame.!entry
demo_session_01,15,1786094267.1774385,move,381,314,.!frame.!entry
demo_session_01,15,1786094267.2274384,move,386,320,.!frame.!entry
demo_session_01,15,1786094267.2774384,move,396,317,.!frame.!entry
demo_session_01,15,1786094267.3274384,move,378,316,.!frame.!entry
demo_session_01,15,1786094267.3774383,move,379,312,.!frame.!entry
demo_session_01,15,1786094267.4274383,move,387,313,.!frame.!entry
demo_session_01,15,1786094267.4774382,move,367,310,.!frame.!entry
demo_session_01,15,1786094267.5274382,move,384,309,.!frame.!entry
demo_session_01,15,1786094267.577438,move,374,319,.!frame.!entry
demo_session_01,15,1786094267.627438,move,370,312,.!frame.!entry
demo_session_01,15,1786094267.677438,move,387,314,.!frame.!entry
demo_session_01,15,1786094267.727438,move,370,313,.!frame.!entry
demo_session_01,15,1786094267.777438,move,374,323,.!frame.!entry
demo_session_01,15,1786094267.8274379,move,383,324,.!frame.!entry
demo_session_01,15,1786094267.8774378,move,375,296,.!frame.!entry
demo_session_01,15,1786094267.9274378,move,372,307,.!frame.!entry
demo_session_01,15,1786094267.9774377,move,376,320,.!frame.!entry
demo_session_01,15,1786094268.0274377,move,377,323,.!frame.!entry
demo_session_01,15,1786094268.0774376,move,381,320,.!frame.!entry
demo_session_01,15,1786094268.1274376,move,372,320,.!frame.!entry
demo_session_01,15,1786094268.1774375,move,379,310,.!frame.!entry
demo_session_01,15,1786094268.2274375,move,368,312,.!frame.!entry
demo_session_01,15,1786094268.2774374,move,368,326,.!frame.!entry
demo_session_01,15,1786094268.3274374,move,368,328,.!frame.!entry
demo_session_01,15,1786094268.3774374,move,365,317,.!frame.!entry
demo_session_01,15,1786094268.4274373,move,370,313,.!frame.!entry
demo_session_01,15,1786094268.4774373,move,371,310,.!frame.!entry
demo_session_01,15,1786094268.5274372,move,369,312,.!frame.!entry
demo_session_01,15,1786094268.5774372,move,365,323,.!frame.!entry
demo_session_01,15,1786094268.627437,move,362,321,.!frame.!entry
demo_session_01,15,1786094268.677437,move,368,320,.!frame.!entry
demo_session_01,15,1786094268.727437,move,370,326,.!frame.!entry
demo_session_01,15,1786094268.777437,move,368,322,.!frame.!entry
demo_session_01,15,1786094268.827437,move,357,306,.!frame.!entry
demo_session_01,15,1786094268.8774369,move,362,309,.!frame.!entry
demo_session_01,15,1786094268.9274368,move,373,318,.!frame.!entry
demo_session_01,15,1786094268.9774368,move,356,319,.!frame.!entry
demo_session_01,15,1786094269.0274367,move,366,325,.!frame.!entry
demo_session_01,15,1786094269.0774367,move,362,317,.!frame.!button
demo_session_01,15,1786094269.1274366,move,362,314,.!frame.!button
demo_session_01,15,1786094269.1774366,move,363,320,.!frame.!button
demo_session_01,15,1786094269.2274365,move,360,321,.!frame.!button
demo_session_01,15,1786094269.2774365,move,360,318,.!frame.!button
demo_session_01,15,1786094269.3274364,move,359,313,.!frame.!button
demo_session_01,15,1786094269.3774364,move,358,323,.!frame.!button
demo_session_01,15,1786094269.4274364,move,357,314,.!frame.!button
demo_session_01,15,1786094269.4774363,move,357,310,.!frame.!button
demo_session_01,15,1786094269.5274363,move,371,307,.!frame.!button
demo_session_01,15,1786094269.5774362,move,361,312,.!frame.!button
demo_session_01,15,1786094269.6274362,move,359,323,.!frame.!button
demo_session_01,15,1786094269.677436,move,349,318,.!frame.!button
demo_session_01,15,1786094269.727436,move,363,320,.!frame.!button
demo_session_01,15,1786094269.777436,move,346,312,.!frame.!button
demo_session_01,15,1786094269.827436,move,362,322,.!frame.!button
demo_session_01,15,1786094269.877436,move,362,329,.!frame.!button
demo_session_01,15,1786094269.9274359,move,359,316,.!frame.!button
demo_session_01,15,1786094269.9774358,move,355,309,.!frame.!button
demo_session_01,15,1786094270.0274358,move,351,322,.!frame.!button
demo_session_01,15,1786094270.0774357,move,346,321,.!frame.!button
demo_session_01,15,1786094270.1274357,move,344,316,.!frame.!button
demo_session_01,15,1786094270.1774356,move,357,314,.!frame.!button
demo_session_01,15,1786094270.2274356,move,353,317,.!frame.!button
demo_session_01,15,1786094270.2774355,move,344,321,.!frame.!button
demo_session_01,15,1786094270.3537905,click,347,317,.!frame.!button
demo_session_01,16,1786094270.3537905,move,438,307,.!frame.!entry
demo_session_01,16,1786094270.4037905,move,439,298,.!frame.!entry
demo_session_01,16,1786094270.4537904,move,429,299,.!frame.!entry
demo_session_01,16,1786094270.5037904,move,435,303,.!frame.!entry
demo_session_01,16,1786094270.5537903,move,426,301,.!frame.!entry
demo_session_01,16,1786094270.6037903,move,426,296,.!frame.!entry
demo_session_01,16,1786094270.6537902,move,416,300,.!frame.!entry
demo_session_01,16,1786094270.7037902,move,422,305,.!frame.!entry
demo_session_01,16,1786094270.7537901,move,428,292,.!frame.!entry
demo_session_01,16,1786094270.80379,move,417,285,.!frame.!entry
demo_session_01,16,1786094270.85379,move,428,304,.!frame.!entry
demo_session_01,16,1786094270.90379,move,427,312,.!frame.!entry
demo_session_01,16,1786094270.95379,move,429,295,.!frame.!entry
demo_session_01,16,1786094271.00379,move,421,307,.!frame.!entry
demo_session_01,16,1786094271.0537899,move,427,294,.!frame.!entry
demo_session_01,16,1786094271.1037898,move,418,311,.!frame.!entry
demo_session_01,16,1786094271.1537898,move,417,299,.!frame.!entry
demo_session_01,16,1786094271.2037897,move,411,301,.!frame.!entry
demo_session_01,16,1786094271.2537897,move,426,289,.!frame.!entry
demo_session_01,16,1786094271.3037896,move,424,311,.!frame.!entry
demo_session_01,16,1786094271.3537896,move,414,307,.!frame.!entry
demo_session_01,16,1786094271.4037895,move,419,306,.!frame.!entry
demo_session_01,16,1786094271.4537895,move,413,296,.!frame.!entry
demo_session_01,16,1786094271.5037894,move,406,318,.!frame.!entry
demo_session_01,16,1786094271.5537894,move,414,293,.!frame.!entry
demo_session_01,16,1786094271.6037893,move,411,305,.!frame.!entry
demo_session_01,16,1786094271.6537893,move,406,307,.!frame.!entry
demo_session_01,16,1786094271.7037892,move,431,307,.!frame.!entry
demo_session_01,16,1786094271.7537892,move,413,312,.!frame.!entry
demo_session_01,16,1786094271.8037891,move,412,301,.!frame.!entry
demo_session_01,16,1786094271.853789,move,393,301,.!frame.!entry
demo_session_01,16,1786094271.903789,move,404,315,.!frame.!entry
demo_session_01,16,1786094271.953789,move,414,300,.!frame.!entry
demo_session_01,16,1786094272.003789,move,402,313,.!frame.!entry
demo_session_01,16,1786094272.053789,move,400,309,.!frame.!entry
demo_session_01,16,1786094272.1037889,move,407,311,.!frame.!entry
demo_session_01,16,1786094272.1537888,move,395,314,.!frame.!entry
demo_session_01,16,1786094272.2037888,move,401,300,.!frame.!entry
demo_session_01,16,1786094272.2537887,move,395,306,.!frame.!entry
demo_session_01,16,1786094272.3037887,move,403,320,.!frame.!entry
demo_session_01,16,1786094272.3537886,move,406,308,.!frame.!entry
demo_session_01,16,1786094272.4037886,move,403,312,.!frame.!entry
demo_session_01,16,1786094272.4537885,move,404,296,.!frame.!entry
demo_session_01,16,1786094272.5037885,move,395,297,.!frame.!entry
demo_session_01,16,1786094272.5537884,move,396,294,.!frame.!entry
demo_session_01,16,1786094272.6037884,move,396,307,.!frame.!entry
demo_session_01,16,1786094272.6537883,move,391,294,.!frame.!entry
demo_session_01,16,1786094272.7037883,move,388,312,.!frame.!entry
demo_session_01,16,1786094272.7537882,move,388,315,.!frame.!entry
demo_session_01,16,1786094272.8037882,move,395,299,.!frame.!entry
demo_session_01,16,1786094272.8537881,move,405,302,.!frame.!entry
demo_session_01,16,1786094272.903788,move,390,309,.!frame.!entry
demo_session_01,16,1786094272.953788,move,396,317,.!frame.!entry
demo_session_01,16,1786094273.003788,move,387,305,.!frame.!entry
demo_session_01,16,1786094273.053788,move,367,306,.!frame.!entry
demo_session_01,16,1786094273.103788,move,396,324,.!frame.!entry
demo_session_01,16,1786094273.1537879,move,385,294,.!frame.!entry
demo_session_01,16,1786094273.2037878,move,390,307,.!frame.!entry
demo_session_01,16,1786094273.2537878,move,386,309,.!frame.!entry
demo_session_01,16,1786094273.3037877,move,370,309,.!frame.!entry
demo_session_01,16,1786094273.3537877,move,382,303,.!frame.!entry
demo_session_01,16,1786094273.4037876,move,388,303,.!frame.!entry
demo_session_01,16,1786094273.4537876,move,378,300,.!frame.!entry
demo_session_01,16,1786094273.5037875,move,391,316,.!frame.!entry
demo_session_01,16,1786094273.5537875,move,380,307,.!frame.!entry
demo_session_01,16,1786094273.6037874,move,387,307,.!frame.!entry
demo_session_01,16,1786094273.6537874,move,376,300,.!frame.!entry
demo_session_01,16,1786094273.7037873,move,381,308,.!frame.!entry
demo_session_01,16,1786094273.7537873,move,378,318,.!frame.!entry
demo_session_01,16,1786094273.8037872,move,384,308,.!frame.!entry
demo_session_01,16,1786094273.8537872,move,366,318,.!frame.!entry
demo_session_01,16,1786094273.9037871,move,384,294,.!frame.!entry
demo_session_01,16,1786094273.953787,move,375,322,.!frame.!entry
demo_session_01,16,1786094274.003787,move,385,313,.!frame.!entry
demo_session_01,16,1786094274.053787,move,373,318,.!frame.!entry
demo_session_01,16,1786094274.103787,move,370,312,.!frame.!button
demo_session_01,16,1786094274.153787,move,368,306,.!frame.!button
demo_session_01,16,1786094274.2037868,move,366,313,.!frame.!button
demo_session_01,16,1786094274.2537868,move,361,316,.!frame.!button
demo_session_01,16,1786094274.3037868,move,370,316,.!frame.!button
demo_session_01,16,1786094274.3537867,move,367,318,.!frame.!button
demo_session_01,16,1786094274.4037867,move,369,316,.!frame.!button
demo_session_01,16,1786094274.4537866,move,357,320,.!frame.!button
demo_session_01,16,1786094274.5037866,move,365,320,.!frame.!button
demo_session_01,16,1786094274.5537865,move,379,321,.!frame.!button
demo_session_01,16,1786094274.6037865,move,363,321,.!frame.!button
demo_session_01,16,1786094274.6537864,move,371,314,.!frame.!button
demo_session_01,16,1786094274.7037864,move,367,304,.!frame.!button
demo_session_01,16,1786094274.7537863,move,366,309,.!frame.!button
demo_session_01,16,1786094274.8037863,move,359,322,.!frame.!button
demo_session_01,16,1786094274.8537862,move,363,325,.!frame.!button
demo_session_01,16,1786094274.9037862,move,352,317,.!frame.!button
demo_session_01,16,1786094274.9537861,move,362,317,.!frame.!button
demo_session_01,16,1786094275.003786,move,357,310,.!frame.!button
demo_session_01,16,1786094275.053786,move,359,326,.!frame.!button
demo_session_01,16,1786094275.103786,move,356,310,.!frame.!button
demo_session_01,16,1786094275.153786,move,354,328,.!frame.!button
demo_session_01,16,1786094275.203786,move,350,305,.!frame.!button
demo_session_01,16,1786094275.2537858,move,367,320,.!frame.!button
demo_session_01,16,1786094275.3037858,move,341,325,.!frame.!button
demo_session_01,16,1786094275.3537858,move,351,315,.!frame.!button
demo_session_01,16,1786094275.4037857,move,346,323,.!frame.!button
demo_session_01,16,1786094275.4537857,move,350,313,.!frame.!button
demo_session_01,16,1786094275.5037856,move,350,332,.!frame.!button
demo_session_01,16,1786094275.5537856,move,351,319,.!frame.!button
demo_session_01,16,1786094275.6037855,move,367,321,.!frame.!button
demo_session_01,16,1786094275.6537855,move,358,321,.!frame.!button
demo_session_01,16,1786094275.7388055,click,345,315,.!frame.!button
demo_session_01,17,1786094275.7388055,move,122,105,.!frame.!entry
demo_session_01,17,1786094275.7888055,move,123,94,.!frame.!entry
demo_session_01,17,1786094275.8388054,move,133,100,.!frame.!entry
demo_session_01,17,1786094275.8888054,move,128,105,.!frame.!entry
demo_session_01,17,1786094275.9388053,move,141,108,.!frame.!entry
demo_session_01,17,1786094275.9888053,move,134,111,.!frame.!entry
demo_session_01,17,1786094276.0388052,move,132,113,.!frame.!entry
demo_session_01,17,1786094276.0888052,move,128,114,.!frame.!entry
demo_session_01,17,1786094276.1388052,move,136,110,.!frame.!entry
demo_session_01,17,1786094276.188805,move,136,106,.!frame.!entry
demo_session_01,17,1786094276.238805,move,144,115,.!frame.!entry
demo_session_01,17,1786094276.288805,move,144,126,.!frame.!entry
demo_session_01,17,1786094276.338805,move,147,115,.!frame.!entry
demo_session_01,17,1786094276.388805,move,147,124,.!frame.!entry
demo_session_01,17,1786094276.4388049,move,147,137,.!frame.!entry
demo_session_01,17,1786094276.4888048,move,157,131,.!frame.!entry
demo_session_01,17,1786094276.5388048,move,150,124,.!frame.!entry
demo_session_01,17,1786094276.5888047,move,133,138,.!frame.!entry
demo_session_01,17,1786094276.6388047,move,146,137,.!frame.!entry
demo_session_01,17,1786094276.6888046,move,153,126,.!frame.!entry
demo_session_01,17,1786094276.7388046,move,150,146,.!frame.!entry
demo_session_01,17,1786094276.7888045,move,145,122,.!frame.!entry
demo_session_01,17,1786094276.8388045,move,165,132,.!frame.!entry
demo_session_01,17,1786094276.8888044,move,154,137,.!frame.!entry
demo_session_01,17,1786094276.9388044,move,160,146,.!frame.!entry
demo_session_01,17,1786094276.9888043,move,155,139,.!frame.!entry
demo_session_01,17,1786094277.0388043,move,158,138,.!frame.!entry
demo_session_01,17,1786094277.0888042,move,173,143,.!frame.!entry
demo_session_01,17,1786094277.1388042,move,174,144,.!frame.!entry
demo_session_01,17,1786094277.1888041,move,162,148,.!frame.!entry
demo_session_01,17,1786094277.238804,move,164,155,.!frame.!entry
demo_session_01,17,1786094277.288804,move,173,159,.!frame.!entry
demo_session_01,17,1786094277.338804,move,174,162,.!frame.!entry
demo_session_01,17,1786094277.388804,move,174,168,.!frame.!entry
demo_session_01,17,1786094277.438804,move,171,151,.!frame.!entry
demo_session_01,17,1786094277.4888039,move,182,162,.!frame.!entry
demo_session_01,17,1786094277.5388038,move,173,152,.!frame.!entry
demo_session_01,17,1786094277.5888038,move,174,169,.!frame.!entry
demo_session_01,17,1786094277.6388037,move,179,168,.!frame.!entry
demo_session_01,17,1786094277.6888037,move,185,176,.!frame.!entry
demo_session_01,17,1786094277.7388036,move,187,158,.!frame.!entry
demo_session_01,17,1786094277.7888036,move,185,164,.!frame.!entry
demo_session_01,17,1786094277.8388035,move,181,160,.!frame.!entry
demo_session_01,17,1786094277.8888035,move,178,168,.!frame.!entry
demo_session_01,17,1786094277.9388034,move,202,164,.!frame.!entry
demo_session_01,17,1786094277.9888034,move,199,164,.!frame.!entry
demo_session_01,17,1786094278.0388033,move,204,174,.!frame.!entry
demo_session_01,17,1786094278.0888033,move,210,171,.!frame.!entry
demo_session_01,17,1786094278.1388032,move,199,180,.!frame.!entry
demo_session_01,17,1786094278.1888032,move,212,171,.!frame.!entry
demo_session_01,17,1786094278.2388031,move,195,174,.!frame.!entry
demo_session_01,17,1786094278.288803,move,200,185,.!frame.!entry
demo_session_01,17,1786094278.338803,move,206,192,.!frame.!entry
demo_session_01,17,1786094278.388803,move,196,179,.!frame.!entry
demo_session_01,17,1786094278.438803,move,208,181,.!frame.!entry
demo_session_01,17,1786094278.488803,move,210,199,.!frame.!entry
demo_session_01,17,1786094278.5388029,move,209,194,.!frame.!entry
demo_session_01,17,1786094278.5888028,move,214,184,.!frame.!entry
demo_session_01,17,1786094278.6388028,move,211,200,.!frame.!entry
demo_session_01,17,1786094278.6888027,move,220,172,.!frame.!entry
demo_session_01,17,1786094278.7388027,move,199,207,.!frame.!entry
demo_session_01,17,1786094278.7888026,move,218,191,.!frame.!entry
demo_session_01,17,1786094278.8388026,move,226,198,.!frame.!entry
demo_session_01,17,1786094278.8888025,move,209,208,.!frame.!entry
demo_session_01,17,1786094278.9388025,move,214,203,.!frame.!entry
demo_session_01,17,1786094278.9888024,move,221,206,.!frame.!entry
demo_session_01,17,1786094279.0388024,move,227,214,.!frame.!entry
demo_session_01,17,1786094279.0888023,move,221,209,.!frame.!entry
demo_session_01,17,1786094279.1388023,move,235,213,.!frame.!entry
demo_session_01,17,1786094279.1888022,move,228,207,.!frame.!entry
demo_session_01,17,1786094279.2388022,move,236,204,.!frame.!entry
demo_session_01,17,1786094279.2888021,move,226,196,.!frame.!entry
demo_session_01,17,1786094279.338802,move,250,218,.!frame.!entry
demo_session_01,17,1786094279.388802,move,227,218,.!frame.!entry
demo_session_01,17,1786094279.438802,move,233,210,.!frame.!entry
demo_session_01,17,1786094279.488802,move,239,203,.!frame.!entry
demo_session_01,17,1786094279.538802,move,251,209,.!frame.!entry
demo_session_01,17,1786094279.5888019,move,233,229,.!frame.!entry
demo_session_01,17,1786094279.6388018,move,247,234,.!frame.!entry
demo_session_01,17,1786094279.6888018,move,237,226,.!frame.!entry
demo_session_01,17,1786094279.7388017,move,240,222,.!frame.!entry
demo_session_01,17,1786094279.7888017,move,245,226,.!frame.!entry
demo_session_01,17,1786094279.8388016,move,263,218,.!frame.!entry
demo_session_01,17,1786094279.8888016,move,249,237,.!frame.!entry
demo_session_01,17,1786094279.9388015,move,244,220,.!frame.!entry
demo_session_01,17,1786094279.9888015,move,250,237,.!frame.!entry
demo_session_01,17,1786094280.0388014,move,257,231,.!frame.!entry
demo_session_01,17,1786094280.0888014,move,263,245,.!frame.!entry
demo_session_01,17,1786094280.1388013,move,269,240,.!frame.!entry
demo_session_01,17,1786094280.1888013,move,256,233,.!frame.!entry
demo_session_01,17,1786094280.2388012,move,267,253,.!frame.!entry
demo_session_01,17,1786094280.2888012,move,268,237,.!frame.!entry
demo_session_01,17,1786094280.3388011,move,280,251,.!frame.!entry
demo_session_01,17,1786094280.388801,move,267,247,.!frame.!entry
demo_session_01,17,1786094280.438801,move,283,262,.!frame.!entry
demo_session_01,17,1786094280.488801,move,272,259,.!frame.!entry
demo_session_01,17,1786094280.538801,move,278,241,.!frame.!entry
demo_session_01,17,1786094280.588801,move,265,243,.!frame.!entry
demo_session_01,17,1786094280.6388009,move,273,250,.!frame.!entry
demo_session_01,17,1786094280.6888008,move,269,249,.!frame.!entry
demo_session_01,17,1786094280.7388008,move,277,258,.!frame.!entry
demo_session_01,17,1786094280.7888007,move,280,252,.!frame.!button
demo_session_01,17,1786094280.8388007,move,286,267,.!frame.!button
demo_session_01,17,1786094280.8888006,move,276,253,.!frame.!button
demo_session_01,17,1786094280.9388006,move,284,256,.!frame.!button
demo_session_01,17,1786094280.9888005,move,295,264,.!frame.!button
demo_session_01,17,1786094281.0388005,move,290,261,.!frame.!button
demo_session_01,17,1786094281.0888004,move,295,273,.!frame.!button
demo_session_01,17,1786094281.1388004,move,290,267,.!frame.!button
demo_session_01,17,1786094281.1888003,move,282,252,.!frame.!button
demo_session_01,17,1786094281.2388003,move,290,259,.!frame.!button
demo_session_01,17,1786094281.2888002,move,292,264,.!frame.!button
demo_session_01,17,1786094281.3388002,move,309,282,.!frame.!button
demo_session_01,17,1786094281.3888001,move,307,285,.!frame.!button
demo_session_01,17,1786094281.4388,move,311,275,.!frame.!button
demo_session_01,17,1786094281.4888,move,305,282,.!frame.!button
demo_session_01,17,1786094281.5388,move,300,271,.!frame.!button
demo_session_01,17,1786094281.5888,move,307,283,.!frame.!button
demo_session_01,17,1786094281.6388,move,314,276,.!frame.!button
demo_session_01,17,1786094281.6887999,move,315,285,.!frame.!button
demo_session_01,17,1786094281.7387998,move,316,285,.!frame.!button
demo_session_01,17,1786094281.7887998,move,314,288,.!frame.!button
demo_session_01,17,1786094281.8387997,move,322,280,.!frame.!button
demo_session_01,17,1786094281.8887997,move,324,285,.!frame.!button
demo_session_01,17,1786094281.9387996,move,312,291,.!frame.!button
demo_session_01,17,1786094281.9887996,move,320,303,.!frame.!button
demo_session_01,17,1786094282.0387995,move,325,279,.!frame.!button
demo_session_01,17,1786094282.0887995,move,330,285,.!frame.!button
demo_session_01,17,1786094282.1387994,move,325,287,.!frame.!button
demo_session_01,17,1786094282.1887994,move,338,304,.!frame.!button
demo_session_01,17,1786094282.2387993,move,324,304,.!frame.!button
demo_session_01,17,1786094282.2887993,move,332,290,.!frame.!button
demo_session_01,17,1786094282.3387992,move,338,311,.!frame.!button
demo_session_01,17,1786094282.3887992,move,337,300,.!frame.!button
demo_session_01,17,1786094282.4387991,move,327,311,.!frame.!button
demo_session_01,17,1786094282.488799,move,337,307,.!frame.!button
demo_session_01,17,1786094282.538799,move,330,297,.!frame.!button
demo_session_01,17,1786094282.588799,move,350,322,.!frame.!button
demo_session_01,17,1786094282.638799,move,340,305,.!frame.!button
demo_session_01,17,1786094282.688799,move,343,316,.!frame.!button
demo_session_01,17,1786094282.7387989,move,329,316,.!frame.!button
demo_session_01,17,1786094282.7887988,move,338,309,.!frame.!button
demo_session_01,17,1786094282.8387988,move,356,315,.!frame.!button
demo_session_01,17,1786094282.8887987,move,347,324,.!frame.!button
demo_session_01,17,1786094282.9387987,move,346,316,.!frame.!button
demo_session_01,17,1786094283.0251114,click,346,316,.!frame.!button
demo_session_01,18,1786094288.8833418,move,290,268,.!frame.!entry
demo_session_01,18,1786094288.9333417,move,274,252,.!frame.!entry
demo_session_01,18,1786094288.9833417,move,273,265,.!frame.!entry
demo_session_01,18,1786094289.0333416,move,272,258,.!frame.!entry
demo_session_01,18,1786094289.0833416,move,273,275,.!frame.!entry
demo_session_01,18,1786094289.1333416,move,273,254,.!frame.!entry
demo_session_01,18,1786094289.1833415,move,278,280,.!frame.!entry
demo_session_01,18,1786094289.2333415,move,285,272,.!frame.!entry
demo_session_01,18,1786094289.2833414,move,279,257,.!frame.!entry
demo_session_01,18,1786094289.3333414,move,283,259,.!frame.!entry
demo_session_01,18,1786094289.3833413,move,299,267,.!frame.!entry
demo_session_01,18,1786094289.4333413,move,283,286,.!frame.!entry
demo_session_01,18,1786094289.4833412,move,291,261,.!frame.!entry
demo_session_01,18,1786094289.5333412,move,288,271,.!frame.!entry
demo_session_01,18,1786094289.5833411,move,277,273,.!frame.!entry
demo_session_01,18,1786094289.633341,move,279,265,.!frame.!entry
demo_session_01,18,1786094289.683341,move,284,262,.!frame.!entry
demo_session_01,18,1786094289.733341,move,292,272,.!frame.!entry
demo_session_01,18,1786094289.783341,move,292,276,.!frame.!entry
demo_session_01,18,1786094289.833341,move,311,292,.!frame.!entry
demo_session_01,18,1786094289.8833408,move,297,275,.!frame.!entry
demo_session_01,18,1786094289.9333408,move,289,280,.!frame.!entry
demo_session_01,18,1786094289.9833407,move,299,284,.!frame.!entry
demo_session_01,18,1786094290.0333407,move,305,277,.!frame.!entry
demo_session_01,18,1786094290.0833406,move,291,275,.!frame.!entry
demo_session_01,18,1786094290.1333406,move,304,275,.!frame.!entry
demo_session_01,18,1786094290.1833405,move,297,270,.!frame.!entry
demo_session_01,18,1786094290.2333405,move,291,281,.!frame.!entry
demo_session_01,18,1786094290.2833405,move,309,283,.!frame.!entry
demo_session_01,18,1786094290.3333404,move,302,282,.!frame.!entry
demo_session_01,18,1786094290.3833404,move,306,269,.!frame.!entry
demo_session_01,18,1786094290.4333403,move,299,271,.!frame.!entry
demo_session_01,18,1786094290.4833403,move,303,278,.!frame.!entry
demo_session_01,18,1786094290.5333402,move,319,286,.!frame.!entry
demo_session_01,18,1786094290.5833402,move,312,273,.!frame.!entry
demo_session_01,18,1786094290.6333401,move,302,289,.!frame.!entry
demo_session_01,18,1786094290.68334,move,312,294,.!frame.!entry
demo_session_01,18,1786094290.73334,move,309,288,.!frame.!entry
demo_session_01,18,1786094290.78334,move,309,285,.!frame.!entry
demo_session_01,18,1786094290.83334,move,305,297,.!frame.!entry
demo_session_01,18,1786094290.88334,move,318,284,.!frame.!entry
demo_session_01,18,1786094290.9333398,move,304,283,.!frame.!entry
demo_session_01,18,1786094290.9833398,move,307,290,.!frame.!entry
demo_session_01,18,1786094291.0333397,move,312,281,.!frame.!entry
demo_session_01,18,1786094291.0833397,move,297,289,.!frame.!entry
demo_session_01,18,1786094291.1333396,move,305,286,.!frame.!entry
demo_session_01,18,1786094291.1833396,move,304,297,.!frame.!entry
demo_session_01,18,1786094291.2333395,move,303,297,.!frame.!entry
demo_session_01,18,1786094291.2833395,move,315,300,.!frame.!entry
demo_session_01,18,1786094291.3333395,move,312,297,.!frame.!entry
demo_session_01,18,1786094291.3833394,move,310,293,.!frame.!entry
demo_session_01,18,1786094291.4333394,move,306,287,.!frame.!entry
demo_session_01,18,1786094291.4833393,move,330,295,.!frame.!entry
demo_session_01,18,1786094291.5333393,move,321,286,.!frame.!entry
demo_session_01,18,1786094291.5833392,move,307,291,.!frame.!entry
demo_session_01,18,1786094291.6333392,move,323,305,.!frame.!entry
demo_session_01,18,1786094291.683339,move,318,295,.!frame.!entry
demo_session_01,18,1786094291.733339,move,325,308,.!frame.!entry
demo_session_01,18,1786094291.783339,move,326,288,.!frame.!entry
demo_session_01,18,1786094291.833339,move,332,299,.!frame.!entry
demo_session_01,18,1786094291.883339,move,315,292,.!frame.!entry
demo_session_01,18,1786094291.9333389,move,323,306,.!frame.!entry
demo_session_01,18,1786094291.9833388,move,313,299,.!frame.!entry
demo_session_01,18,1786094292.0333388,move,331,296,.!frame.!entry
demo_session_01,18,1786094292.0833387,move,336,307,.!frame.!entry
demo_session_01,18,1786094292.1333387,move,321,292,.!frame.!entry
demo_session_01,18,1786094292.1833386,move,331,297,.!frame.!entry
demo_session_01,18,1786094292.2333386,move,325,306,.!frame.!button
demo_session_01,18,1786094292.2833385,move,332,328,.!frame.!button
demo_session_01,18,1786094292.3333385,move,333,303,.!frame.!button
demo_session_01,18,1786094292.3833385,move,315,315,.!frame.!button
demo_session_01,18,1786094292.4333384,move,324,310,.!frame.!button
demo_session_01,18,1786094292.4833384,move,332,315,.!frame.!button
demo_session_01,18,1786094292.5333383,move,316,310,.!frame.!button
demo_session_01,18,1786094292.5833383,move,320,308,.!frame.!button
demo_session_01,18,1786094292.6333382,move,339,299,.!frame.!button
demo_session_01,18,1786094292.6833382,move,340,306,.!frame.!button
demo_session_01,18,1786094292.733338,move,339,310,.!frame.!button
demo_session_01,18,1786094292.783338,move,338,311,.!frame.!button
demo_session_01,18,1786094292.833338,move,334,305,.!frame.!button
demo_session_01,18,1786094292.883338,move,348,307,.!frame.!button
demo_session_01,18,1786094292.933338,move,346,306,.!frame.!button
demo_session_01,18,1786094292.9833379,move,341,310,.!frame.!button
demo_session_01,18,1786094293.0333378,move,341,316,.!frame.!button
demo_session_01,18,1786094293.0833378,move,343,314,.!frame.!button
demo_session_01,18,1786094293.1333377,move,328,315,.!frame.!button
demo_session_01,18,1786094293.1833377,move,336,316,.!frame.!button
demo_session_01,18,1786094293.2333376,move,344,310,.!frame.!button
demo_session_01,18,1786094293.2833376,move,341,322,.!frame.!button
demo_session_01,18,1786094293.3333375,move,346,316,.!frame.!button
demo_session_01,18,1786094293.3833375,move,349,315,.!frame.!button
demo_session_01,18,1786094293.4333375,move,364,317,.!frame.!button
demo_session_01,18,1786094293.4833374,move,359,317,.!frame.!button
demo_session_01,18,1786094293.5333374,move,357,322,.!frame.!button
demo_session_01,18,1786094293.5833373,move,346,318,.!frame.!button
demo_session_01,18,1786094293.6333373,move,348,316,.!frame.!button
demo_session_01,18,1786094293.7055273,click,350,320,.!frame.!button
demo_session_01,19,1786094313.0944524,move,259,139,.!frame.!entry
demo_session_01,19,1786094313.1444523,move,259,146,.!frame.!entry
demo_session_01,19,1786094313.1944523,move,268,151,.!frame.!entry
demo_session_01,19,1786094313.2444522,move,245,152,.!frame.!entry
demo_session_01,19,1786094313.2944522,move,268,166,.!frame.!entry
demo_session_01,19,1786094313.3444521,move,258,155,.!frame.!entry
demo_session_01,19,1786094313.394452,move,262,158,.!frame.!entry
demo_session_01,19,1786094313.444452,move,264,161,.!frame.!entry
demo_session_01,19,1786094313.494452,move,263,165,.!frame.!entry
demo_session_01,19,1786094313.544452,move,252,167,.!frame.!entry
demo_session_01,19,1786094313.594452,move,272,171,.!frame.!entry
demo_session_01,19,1786094313.6444519,move,280,173,.!frame.!entry
demo_session_01,19,1786094313.6944518,move,265,177,.!frame.!entry
demo_session_01,19,1786094313.7444518,move,272,175,.!frame.!entry
demo_session_01,19,1786094313.7944517,move,276,183,.!frame.!entry
demo_session_01,19,1786094313.8444517,move,274,177,.!frame.!entry
demo_session_01,19,1786094313.8944516,move,275,176,.!frame.!entry
demo_session_01,19,1786094313.9444516,move,274,187,.!frame.!entry
demo_session_01,19,1786094313.9944515,move,286,184,.!frame.!entry
demo_session_01,19,1786094314.0444515,move,276,186,.!frame.!entry
demo_session_01,19,1786094314.0944514,move,277,188,.!frame.!entry
demo_session_01,19,1786094314.1444514,move,275,187,.!frame.!entry
demo_session_01,19,1786094314.1944513,move,286,202,.!frame.!entry
demo_session_01,19,1786094314.2444513,move,287,201,.!frame.!entry
demo_session_01,19,1786094314.2944512,move,273,209,.!frame.!entry
demo_session_01,19,1786094314.3444512,move,287,208,.!frame.!entry
demo_session_01,19,1786094314.3944511,move,286,202,.!frame.!entry
demo_session_01,19,1786094314.444451,move,286,194,.!frame.!entry
demo_session_01,19,1786094314.494451,move,286,206,.!frame.!entry
demo_session_01,19,1786094314.544451,move,292,210,.!frame.!entry
demo_session_01,19,1786094314.594451,move,288,203,.!frame.!entry
demo_session_01,19,1786094314.644451,move,295,200,.!frame.!entry
demo_session_01,19,1786094314.6944509,move,291,208,.!frame.!entry
demo_session_01,19,1786094314.7444508,move,284,220,.!frame.!entry
demo_session_01,19,1786094314.7944508,move,281,209,.!frame.!entry
demo_session_01,19,1786094314.8444507,move,290,226,.!frame.!entry
demo_session_01,19,1786094314.8944507,move,296,220,.!frame.!entry
demo_session_01,19,1786094314.9444506,move,292,223,.!frame.!entry
demo_session_01,19,1786094314.9944506,move,304,228,.!frame.!entry
demo_session_01,19,1786094315.0444505,move,299,238,.!frame.!entry
demo_session_01,19,1786094315.0944505,move,291,233,.!frame.!entry
demo_session_01,19,1786094315.1444504,move,297,229,.!frame.!entry
demo_session_01,19,1786094315.1944504,move,293,237,.!frame.!entry
demo_session_01,19,1786094315.2444503,move,302,226,.!frame.!entry
demo_session_01,19,1786094315.2944503,move,305,233,.!frame.!entry
demo_session_01,19,1786094315.3444502,move,305,233,.!frame.!entry
demo_session_01,19,1786094315.3944502,move,303,234,.!frame.!entry
demo_session_01,19,1786094315.4444501,move,310,244,.!frame.!entry
demo_session_01,19,1786094315.49445,move,305,249,.!frame.!entry
demo_session_01,19,1786094315.54445,move,301,238,.!frame.!entry
demo_session_01,19,1786094315.59445,move,317,246,.!frame.!entry
demo_session_01,19,1786094315.64445,move,308,246,.!frame.!entry
demo_session_01,19,1786094315.69445,move,304,252,.!frame.!entry
demo_session_01,19,1786094315.7444499,move,314,248,.!frame.!entry
demo_session_01,19,1786094315.7944498,move,315,249,.!frame.!entry
demo_session_01,19,1786094315.8444498,move,302,260,.!frame.!entry
demo_session_01,19,1786094315.8944497,move,328,256,.!frame.!entry
demo_session_01,19,1786094315.9444497,move,312,266,.!frame.!entry
demo_session_01,19,1786094315.9944496,move,319,265,.!frame.!entry
demo_session_01,19,1786094316.0444496,move,313,261,.!frame.!entry
demo_session_01,19,1786094316.0944495,move,315,268,.!frame.!entry
demo_session_01,19,1786094316.1444495,move,320,266,.!frame.!entry
demo_session_01,19,1786094316.1944494,move,315,269,.!frame.!entry
demo_session_01,19,1786094316.2444494,move,321,269,.!frame.!button
demo_session_01,19,1786094316.2944493,move,313,270,.!frame.!button
demo_session_01,19,1786094316.3444493,move,324,285,.!frame.!button
demo_session_01,19,1786094316.3944492,move,321,266,.!frame.!button
demo_session_01,19,1786094316.4444492,move,335,281,.!frame.!button
demo_session_01,19,1786094316.4944491,move,315,276,.!frame.!button
demo_session_01,19,1786094316.544449,move,316,282,.!frame.!button
demo_session_01,19,1786094316.594449,move,332,269,.!frame.!button
demo_session_01,19,1786094316.644449,move,329,275,.!frame.!button
demo_session_01,19,1786094316.694449,move,327,273,.!frame.!button
demo_session_01,19,1786094316.744449,move,337,276,.!frame.!button
demo_session_01,19,1786094316.7944489,move,333,292,.!frame.!button
demo_session_01,19,1786094316.8444488,move,338,288,.!frame.!button
demo_session_01,19,1786094316.8944488,move,336,295,.!frame.!button
demo_session_01,19,1786094316.9444487,move,332,294,.!frame.!button
demo_session_01,19,1786094316.9944487,move,335,292,.!frame.!button
demo_session_01,19,1786094317.0444486,move,331,297,.!frame.!button
demo_session_01,19,1786094317.0944486,move,337,292,.!frame.!button
demo_session_01,19,1786094317.1444485,move,347,304,.!frame.!button
demo_session_01,19,1786094317.1944485,move,335,311,.!frame.!button
demo_session_01,19,1786094317.2444484,move,339,315,.!frame.!button
demo_session_01,19,1786094317.2944484,move,348,309,.!frame.!button
demo_session_01,19,1786094317.3444483,move,349,304,.!frame.!button
demo_session_01,19,1786094317.3944483,move,346,310,.!frame.!button
demo_session_01,19,1786094317.4444482,move,358,309,.!frame.!button
demo_session_01,19,1786094317.4944482,move,351,311,.!frame.!button
demo_session_01,19,1786094317.5444481,move,353,317,.!frame.!button
demo_session_01,19,1786094317.594448,move,345,329,.!frame.!button
demo_session_01,19,1786094317.6560826,click,351,321,.!frame.!button
demo_session_01,20,1786094317.6560826,move,220,380,.!frame.!entry
demo_session_01,20,1786094317.7060826,move,199,393,.!frame.!entry
demo_session_01,20,1786094317.7560825,move,204,386,.!frame.!entry
demo_session_01,20,1786094317.8060825,move,200,385,.!frame.!entry
demo_session_01,20,1786094317.8560824,move,209,383,.!frame.!entry
demo_session_01,20,1786094317.9060824,move,207,407,.!frame.!entry
demo_session_01,20,1786094317.9560823,move,211,373,.!frame.!entry
demo_session_01,20,1786094318.0060823,move,216,380,.!frame.!entry
demo_session_01,20,1786094318.0560822,move,211,388,.!frame.!entry
demo_session_01,20,1786094318.1060822,move,215,383,.!frame.!entry
demo_session_01,20,1786094318.1560822,move,214,378,.!frame.!entry
demo_session_01,20,1786094318.206082,move,224,385,.!frame.!entry
demo_session_01,20,1786094318.256082,move,213,381,.!frame.!entry
demo_session_01,20,1786094318.306082,move,219,379,.!frame.!entry
demo_session_01,20,1786094318.356082,move,217,376,.!frame.!entry
demo_session_01,20,1786094318.406082,move,218,378,.!frame.!entry
demo_session_01,20,1786094318.4560819,move,228,391,.!frame.!entry
demo_session_01,20,1786094318.5060818,move,223,380,.!frame.!entry
demo_session_01,20,1786094318.5560818,move,227,373,.!frame.!entry
demo_session_01,20,1786094318.6060817,move,234,381,.!frame.!entry
demo_session_01,20,1786094318.6560817,move,238,382,.!frame.!entry
demo_session_01,20,1786094318.7060816,move,234,374,.!frame.!entry
demo_session_01,20,1786094318.7560816,move,235,372,.!frame.!entry
demo_session_01,20,1786094318.8060815,move,228,370,.!frame.!entry
demo_session_01,20,1786094318.8560815,move,242,358,.!frame.!entry
demo_session_01,20,1786094318.9060814,move,246,363,.!frame.!entry
demo_session_01,20,1786094318.9560814,move,231,370,.!frame.!entry
demo_session_01,20,1786094319.0060813,move,250,365,.!frame.!entry
demo_session_01,20,1786094319.0560813,move,258,363,.!frame.!entry
demo_session_01,20,1786094319.1060812,move,246,368,.!frame.!entry
demo_session_01,20,1786094319.1560812,move,250,373,.!frame.!entry
demo_session_01,20,1786094319.2060812,move,259,385,.!frame.!entry
demo_session_01,20,1786094319.256081,move,249,364,.!frame.!entry
demo_session_01,20,1786094319.306081,move,252,359,.!frame.!entry
demo_session_01,20,1786094319.356081,move,268,359,.!frame.!entry
demo_session_01,20,1786094319.406081,move,252,372,.!frame.!entry
demo_session_01,20,1786094319.456081,move,256,351,.!frame.!entry
demo_session_01,20,1786094319.5060809,move,263,360,.!frame.!entry
demo_session_01,20,1786094319.5560808,move,266,355,.!frame.!entry
demo_session_01,20,1786094319.6060808,move,257,355,.!frame.!entry
demo_session_01,20,1786094319.6560807,move,260,361,.!frame.!entry
demo_session_01,20,1786094319.7060807,move,263,366,.!frame.!entry
demo_session_01,20,1786094319.7560806,move,264,358,.!frame.!entry
demo_session_01,20,1786094319.8060806,move,258,364,.!frame.!entry
demo_session_01,20,1786094319.8560805,move,264,355,.!frame.!entry
demo_session_01,20,1786094319.9060805,move,279,361,.!frame.!entry
demo_session_01,20,1786094319.9560804,move,277,359,.!frame.!entry
demo_session_01,20,1786094320.0060804,move,273,352,.!frame.!entry
demo_session_01,20,1786094320.0560803,move,267,357,.!frame.!entry
demo_session_01,20,1786094320.1060803,move,273,359,.!frame.!entry
demo_session_01,20,1786094320.1560802,move,273,354,.!frame.!entry
demo_session_01,20,1786094320.2060802,move,270,355,.!frame.!entry
demo_session_01,20,1786094320.2560802,move,284,351,.!frame.!entry
demo_session_01,20,1786094320.30608,move,282,370,.!frame.!entry
demo_session_01,20,1786094320.35608,move,285,346,.!frame.!entry
demo_session_01,20,1786094320.40608,move,282,355,.!frame.!entry
demo_session_01,20,1786094320.45608,move,275,337,.!frame.!entry
demo_session_01,20,1786094320.50608,move,287,342,.!frame.!entry
demo_session_01,20,1786094320.5560799,move,284,344,.!frame.!entry
demo_session_01,20,1786094320.6060798,move,283,349,.!frame.!entry
demo_session_01,20,1786094320.6560798,move,299,342,.!frame.!entry
demo_session_01,20,1786094320.7060797,move,300,346,.!frame.!entry
demo_session_01,20,1786094320.7560797,move,292,349,.!frame.!entry
demo_session_01,20,1786094320.8060796,move,289,346,.!frame.!entry
demo_session_01,20,1786094320.8560796,move,294,351,.!frame.!entry
demo_session_01,20,1786094320.9060795,move,300,353,.!frame.!entry
demo_session_01,20,1786094320.9560795,move,297,361,.!frame.!entry
demo_session_01,20,1786094321.0060794,move,298,347,.!frame.!entry
demo_session_01,20,1786094321.0560794,move,306,342,.!frame.!entry
demo_session_01,20,1786094321.1060793,move,295,331,.!frame.!entry
demo_session_01,20,1786094321.1560793,move,303,336,.!frame.!entry
demo_session_01,20,1786094321.2060792,move,309,335,.!frame.!entry
demo_session_01,20,1786094321.2560792,move,303,344,.!frame.!button
demo_session_01,20,1786094321.3060791,move,311,340,.!frame.!button
demo_session_01,20,1786094321.356079,move,307,335,.!frame.!button
demo_session_01,20,1786094321.406079,move,314,329,.!frame.!button
demo_session_01,20,1786094321.456079,move,311,336,.!frame.!button
demo_session_01,20,1786094321.506079,move,320,334,.!frame.!button
demo_session_01,20,1786094321.556079,move,319,331,.!frame.!button
demo_session_01,20,1786094321.6060789,move,302,336,.!frame.!button
demo_session_01,20,1786094321.6560788,move,318,340,.!frame.!button
demo_session_01,20,1786094321.7060788,move,319,337,.!frame.!button
demo_session_01,20,1786094321.7560787,move,329,337,.!frame.!button
demo_session_01,20,1786094321.8060787,move,335,325,.!frame.!button
demo_session_01,20,1786094321.8560786,move,314,330,.!frame.!button
demo_session_01,20,1786094321.9060786,move,318,321,.!frame.!button
demo_session_01,20,1786094321.9560785,move,320,324,.!frame.!button
demo_session_01,20,1786094322.0060785,move,322,334,.!frame.!button
demo_session_01,20,1786094322.0560784,move,329,321,.!frame.!button
demo_session_01,20,1786094322.1060784,move,326,322,.!frame.!button
demo_session_01,20,1786094322.1560783,move,337,341,.!frame.!button
demo_session_01,20,1786094322.2060783,move,336,321,.!frame.!button
demo_session_01,20,1786094322.2560782,move,334,322,.!frame.!button
demo_session_01,20,1786094322.3060782,move,346,334,.!frame.!button
demo_session_01,20,1786094322.3560781,move,331,319,.!frame.!button
demo_session_01,20,1786094322.406078,move,337,315,.!frame.!button
demo_session_01,20,1786094322.456078,move,334,323,.!frame.!button
demo_session_01,20,1786094322.506078,move,343,313,.!frame.!button
demo_session_01,20,1786094322.556078,move,349,326,.!frame.!button
demo_session_01,20,1786094322.606078,move,329,316,.!frame.!button
demo_session_01,20,1786094322.6560779,move,337,314,.!frame.!button
demo_session_01,20,1786094322.7060778,move,343,322,.!frame.!button
demo_session_01,20,1786094322.7560778,move,339,329,.!frame.!button
demo_session_01,20,1786094322.8398705,click,353,323,.!frame.!button
demo_session_01,21,1786094322.8398705,move,239,122,.!frame.!entry
demo_session_01,21,1786094322.8898704,move,238,106,.!frame.!entry
demo_session_01,21,1786094322.9398704,move,247,118,.!frame.!entry
demo_session_01,21,1786094322.9898703,move,257,118,.!frame.!entry
demo_session_01,21,1786094323.0398703,move,262,129,.!frame.!entry
demo_session_01,21,1786094323.0898702,move,250,121,.!frame.!entry
demo_session_01,21,1786094323.1398702,move,235,124,.!frame.!entry
demo_session_01,21,1786094323.18987,move,246,134,.!frame.!entry
demo_session_01,21,1786094323.23987,move,244,119,.!frame.!entry
demo_session_01,21,1786094323.28987,move,243,124,.!frame.!entry
demo_session_01,21,1786094323.33987,move,251,126,.!frame.!entry
demo_session_01,21,1786094323.38987,move,258,132,.!frame.!entry
demo_session_01,21,1786094323.4398699,move,258,136,.!frame.!entry
demo_session_01,21,1786094323.4898698,move,260,147,.!frame.!entry
demo_session_01,21,1786094323.5398698,move,264,131,.!frame.!entry
demo_session_01,21,1786094323.5898697,move,254,145,.!frame.!entry
demo_session_01,21,1786094323.6398697,move,254,145,.!frame.!entry
demo_session_01,21,1786094323.6898696,move,264,151,.!frame.!entry
demo_session_01,21,1786094323.7398696,move,265,142,.!frame.!entry
demo_session_01,21,1786094323.7898695,move,256,146,.!frame.!entry
demo_session_01,21,1786094323.8398695,move,268,150,.!frame.!entry
demo_session_01,21,1786094323.8898695,move,265,161,.!frame.!entry
demo_session_01,21,1786094323.9398694,move,265,154,.!frame.!entry
demo_session_01,21,1786094323.9898694,move,276,146,.!frame.!entry
demo_session_01,21,1786094324.0398693,move,270,167,.!frame.!entry
demo_session_01,21,1786094324.0898693,move,271,174,.!frame.!entry
demo_session_01,21,1786094324.1398692,move,268,170,.!frame.!entry
demo_session_01,21,1786094324.1898692,move,271,163,.!frame.!entry
demo_session_01,21,1786094324.239869,move,279,165,.!frame.!entry
demo_session_01,21,1786094324.289869,move,266,181,.!frame.!entry
demo_session_01,21,1786094324.339869,move,258,167,.!frame.!entry
demo_session_01,21,1786094324.389869,move,274,178,.!frame.!entry
demo_session_01,21,1786094324.439869,move,286,173,.!frame.!entry
demo_session_01,21,1786094324.4898689,move,275,169,.!frame.!entry
demo_session_01,21,1786094324.5398688,move,289,180,.!frame.!entry
demo_session_01,21,1786094324.5898688,move,261,177,.!frame.!entry
demo_session_01,21,1786094324.6398687,move,279,186,.!frame.!entry
demo_session_01,21,1786094324.6898687,move,276,189,.!frame.!entry
demo_session_01,21,1786094324.7398686,move,292,187,.!frame.!entry
demo_session_01,21,1786094324.7898686,move,285,185,.!frame.!entry
demo_session_01,21,1786094324.8398685,move,285,196,.!frame.!entry
demo_session_01,21,1786094324.8898685,move,277,192,.!frame.!entry
demo_session_01,21,1786094324.9398685,move,293,212,.!frame.!entry
demo_session_01,21,1786094324.9898684,move,288,198,.!frame.!entry
demo_session_01,21,1786094325.0398684,move,286,197,.!frame.!entry
demo_session_01,21,1786094325.0898683,move,305,200,.!frame.!entry
demo_session_01,21,1786094325.1398683,move,295,208,.!frame.!entry
demo_session_01,21,1786094325.1898682,move,292,206,.!frame.!entry
demo_session_01,21,1786094325.2398682,move,298,217,.!frame.!entry
demo_session_01,21,1786094325.289868,move,296,208,.!frame.!entry
demo_session_01,21,1786094325.339868,move,302,222,.!frame.!entry
demo_session_01,21,1786094325.389868,move,294,215,.!frame.!entry
demo_session_01,21,1786094325.439868,move,297,233,.!frame.!entry
demo_session_01,21,1786094325.489868,move,306,226,.!frame.!entry
demo_session_01,21,1786094325.5398679,move,301,211,.!frame.!entry
demo_session_01,21,1786094325.5898678,move,302,225,.!frame.!entry
demo_session_01,21,1786094325.6398678,move,311,227,.!frame.!entry
demo_session_01,21,1786094325.6898677,move,292,248,.!frame.!entry
demo_session_01,21,1786094325.7398677,move,305,246,.!frame.!entry
demo_session_01,21,1786094325.7898676,move,314,234,.!frame.!entry
demo_session_01,21,1786094325.8398676,move,292,226,.!frame.!entry
demo_session_01,21,1786094325.8898675,move,314,236,.!frame.!entry
demo_session_01,21,1786094325.9398675,move,314,237,.!frame.!entry
demo_session_01,21,1786094325.9898674,move,313,237,.!frame.!entry
demo_session_01,21,1786094326.0398674,move,326,245,.!frame.!entry
demo_session_01,21,1786094326.0898674,move,305,237,.!frame.!entry
demo_session_01,21,1786094326.1398673,move,319,244,.!frame.!entry
demo_session_01,21,1786094326.1898673,move,320,235,.!frame.!entry
demo_session_01,21,1786094326.2398672,move,321,246,.!frame.!entry
demo_session_01,21,1786094326.2898672,move,319,245,.!frame.!entry
demo_session_01,21,1786094326.339867,move,341,266,.!frame.!button
demo_session_01,21,1786094326.389867,move,325,256,.!frame.!button
demo_session_01,21,1786094326.439867,move,313,270,.!frame.!button
demo_session_01,21,1786094326.489867,move,314,252,.!frame.!button
demo_session_01,21,1786094326.539867,move,316,269,.!frame.!button
demo_session_01,21,1786094326.5898669,move,310,270,.!frame.!button
demo_session_01,21,1786094326.6398668,move,322,259,.!frame.!button
demo_session_01,21,1786094326.6898668,move,339,272,.!frame.!button
demo_session_01,21,1786094326.7398667,move,329,278,.!frame.!button
demo_session_01,21,1786094326.7898667,move,329,284,.!frame.!button
demo_session_01,21,1786094326.8398666,move,328,291,.!frame.!button
demo_session_01,21,1786094326.8898666,move,345,279,.!frame.!button
demo_session_01,21,1786094326.9398665,move,327,291,.!frame.!button
demo_session_01,21,1786094326.9898665,move,343,297,.!frame.!button
demo_session_01,21,1786094327.0398664,move,332,293,.!frame.!button
demo_session_01,21,1786094327.0898664,move,335,293,.!frame.!button
demo_session_01,21,1786094327.1398664,move,332,298,.!frame.!button
demo_session_01,21,1786094327.1898663,move,338,304,.!frame.!button
demo_session_01,21,1786094327.2398663,move,339,293,.!frame.!button
demo_session_01,21,1786094327.2898662,move,334,299,.!frame.!button
demo_session_01,21,1786094327.3398662,move,348,289,.!frame.!button
demo_session_01,21,1786094327.389866,move,332,305,.!frame.!button
demo_session_01,21,1786094327.439866,move,334,313,.!frame.!button
demo_session_01,21,1786094327.489866,move,348,298,.!frame.!button
demo_session_01,21,1786094327.539866,move,342,311,.!frame.!button
demo_session_01,21,1786094327.589866,move,344,317,.!frame.!button
demo_session_01,21,1786094327.6398659,move,344,309,.!frame.!button
demo_session_01,21,1786094327.6898658,move,342,321,.!frame.!button
demo_session_01,21,1786094327.7398658,move,357,317,.!frame.!button
demo_session_01,21,1786094327.7898657,move,348,321,.!frame.!button
demo_session_01,21,1786094327.8674145,click,354,324,.!frame.!button
demo_session_01,22,1786094351.9839687,move,151,139,.!frame.!entry
demo_session_01,22,1786094352.0339687,move,162,149,.!frame.!entry
demo_session_01,22,1786094352.0839686,move,141,150,.!frame.!entry
demo_session_01,22,1786094352.1339686,move,171,135,.!frame.!entry
demo_session_01,22,1786094352.1839685,move,160,150,.!frame.!entry
demo_session_01,22,1786094352.2339685,move,159,155,.!frame.!entry
demo_session_01,22,1786094352.2839684,move,153,150,.!frame.!entry
demo_session_01,22,1786094352.3339684,move,171,145,.!frame.!entry
demo_session_01,22,1786094352.3839684,move,143,149,.!frame.!entry
demo_session_01,22,1786094352.4339683,move,158,153,.!frame.!entry
demo_session_01,22,1786094352.4839683,move,154,150,.!frame.!entry
demo_session_01,22,1786094352.5339682,move,162,142,.!frame.!entry
demo_session_01,22,1786094352.5839682,move,155,154,.!frame.!entry
demo_session_01,22,1786094352.633968,move,182,147,.!frame.!entry
demo_session_01,22,1786094352.683968,move,181,161,.!frame.!entry
demo_session_01,22,1786094352.733968,move,173,153,.!frame.!entry
demo_session_01,22,1786094352.783968,move,161,147,.!frame.!entry
demo_session_01,22,1786094352.833968,move,186,170,.!frame.!entry
demo_session_01,22,1786094352.8839679,move,174,148,.!frame.!entry
demo_session_01,22,1786094352.9339678,move,171,165,.!frame.!entry
demo_session_01,22,1786094352.9839678,move,184,162,.!frame.!entry
demo_session_01,22,1786094353.0339677,move,186,178,.!frame.!entry
demo_session_01,22,1786094353.0839677,move,182,167,.!frame.!entry
demo_session_01,22,1786094353.1339676,move,171,165,.!frame.!entry
demo_session_01,22,1786094353.1839676,move,177,173,.!frame.!entry
demo_session_01,22,1786094353.2339675,move,181,165,.!frame.!entry
demo_session_01,22,1786094353.2839675,move,184,169,.!frame.!entry
demo_session_01,22,1786094353.3339674,move,189,180,.!frame.!entry
demo_session_01,22,1786094353.3839674,move,175,167,.!frame.!entry
demo_session_01,22,1786094353.4339674,move,182,176,.!frame.!entry
demo_session_01,22,1786094353.4839673,move,185,181,.!frame.!entry
demo_session_01,22,1786094353.5339673,move,200,183,.!frame.!entry
demo_session_01,22,1786094353.5839672,move,199,181,.!frame.!entry
demo_session_01,22,1786094353.6339672,move,203,178,.!frame.!entry
demo_session_01,22,1786094353.683967,move,201,177,.!frame.!entry
demo_session_01,22,1786094353.733967,move,192,166,.!frame.!entry
demo_session_01,22,1786094353.783967,move,187,159,.!frame.!entry
demo_session_01,22,1786094353.833967,move,197,177,.!frame.!entry
demo_session_01,22,1786094353.883967,move,188,187,.!frame.!entry
demo_session_01,22,1786094353.9339669,move,191,186,.!frame.!entry
demo_session_01,22,1786094353.9839668,move,199,174,.!frame.!entry
demo_session_01,22,1786094354.0339668,move,201,181,.!frame.!entry
demo_session_01,22,1786094354.0839667,move,203,181,.!frame.!entry
demo_session_01,22,1786094354.1339667,move,193,189,.!frame.!entry
demo_session_01,22,1786094354.1839666,move,206,194,.!frame.!entry
demo_session_01,22,1786094354.2339666,move,226,199,.!frame.!entry
demo_session_01,22,1786094354.2839665,move,193,184,.!frame.!entry
demo_session_01,22,1786094354.3339665,move,193,192,.!frame.!entry
demo_session_01,22,1786094354.3839664,move,195,191,.!frame.!entry
demo_session_01,22,1786094354.4339664,move,207,202,.!frame.!entry
demo_session_01,22,1786094354.4839664,move,211,201,.!frame.!entry
demo_session_01,22,1786094354.5339663,move,202,194,.!frame.!entry
demo_session_01,22,1786094354.5839663,move,214,188,.!frame.!entry
demo_session_01,22,1786094354.6339662,move,208,201,.!frame.!entry
demo_session_01,22,1786094354.6839662,move,231,194,.!frame.!entry
demo_session_01,22,1786094354.733966,move,215,191,.!frame.!entry
demo_session_01,22,1786094354.783966,move,215,184,.!frame.!entry
demo_session_01,22,1786094354.833966,move,221,200,.!frame.!entry
demo_session_01,22,1786094354.883966,move,232,192,.!frame.!entry
demo_session_01,22,1786094354.933966,move,211,197,.!frame.!entry
demo_session_01,22,1786094354.9839659,move,219,219,.!frame.!entry
demo_session_01,22,1786094355.0339658,move,227,211,.!frame.!entry
demo_session_01,22,1786094355.0839658,move,229,213,.!frame.!entry
demo_session_01,22,1786094355.1339657,move,220,203,.!frame.!entry
demo_session_01,22,1786094355.1839657,move,231,209,.!frame.!entry
demo_session_01,22,1786094355.2339656,move,214,213,.!frame.!entry
demo_session_01,22,1786094355.2839656,move,237,218,.!frame.!entry
demo_session_01,22,1786094355.3339655,move,225,207,.!frame.!entry
demo_session_01,22,1786094355.3839655,move,246,224,.!frame.!entry
demo_session_01,22,1786094355.4339654,move,222,225,.!frame.!entry
demo_session_01,22,1786094355.4839654,move,232,211,.!frame.!entry
demo_session_01,22,1786094355.5339653,move,232,216,.!frame.!entry
demo_session_01,22,1786094355.5839653,move,234,216,.!frame.!entry
demo_session_01,22,1786094355.6339653,move,249,225,.!frame.!entry
demo_session_01,22,1786094355.6839652,move,241,219,.!frame.!entry
demo_session_01,22,1786094355.7339652,move,254,220,.!frame.!entry
demo_session_01,22,1786094355.783965,move,237,227,.!frame.!entry
demo_session_01,22,1786094355.833965,move,255,233,.!frame.!entry
demo_session_01,22,1786094355.883965,move,261,212,.!frame.!entry
demo_session_01,22,1786094355.933965,move,234,240,.!frame.!entry
demo_session_01,22,1786094355.983965,move,248,229,.!frame.!entry
demo_session_01,22,1786094356.0339649,move,248,225,.!frame.!entry
demo_session_01,22,1786094356.0839648,move,250,231,.!frame.!entry
demo_session_01,22,1786094356.1339648,move,252,232,.!frame.!entry
demo_session_01,22,1786094356.1839647,move,250,247,.!frame.!entry
demo_session_01,22,1786094356.2339647,move,261,228,.!frame.!entry
demo_session_01,22,1786094356.2839646,move,271,249,.!frame.!entry
demo_session_01,22,1786094356.3339646,move,263,232,.!frame.!entry
demo_session_01,22,1786094356.3839645,move,267,239,.!frame.!entry
demo_session_01,22,1786094356.4339645,move,254,242,.!frame.!entry
demo_session_01,22,1786094356.4839644,move,266,240,.!frame.!entry
demo_session_01,22,1786094356.5339644,move,259,230,.!frame.!entry
demo_session_01,22,1786094356.5839643,move,268,248,.!frame.!entry
demo_session_01,22,1786094356.6339643,move,276,238,.!frame.!entry
demo_session_01,22,1786094356.6839643,move,257,241,.!frame.!entry
demo_session_01,22,1786094356.7339642,move,266,231,.!frame.!entry
demo_session_01,22,1786094356.7839642,move,266,242,.!frame.!entry
demo_session_01,22,1786094356.833964,move,273,256,.!frame.!entry
demo_session_01,22,1786094356.883964,move,285,253,.!frame.!entry
demo_session_01,22,1786094356.933964,move,266,243,.!frame.!entry
demo_session_01,22,1786094356.983964,move,271,254,.!frame.!entry
demo_session_01,22,1786094357.033964,move,270,260,.!frame.!entry
demo_session_01,22,1786094357.0839639,move,270,259,.!frame.!entry
demo_session_01,22,1786094357.1339638,move,267,254,.!frame.!entry
demo_session_01,22,1786094357.1839638,move,279,253,.!frame.!entry
demo_session_01,22,1786094357.2339637,move,282,258,.!frame.!entry
demo_session_01,22,1786094357.2839637,move,291,250,.!frame.!entry
demo_session_01,22,1786094357.3339636,move,291,259,.!frame.!entry
demo_session_01,22,1786094357.3839636,move,283,266,.!frame.!entry
demo_session_01,22,1786094357.4339635,move,289,262,.!frame.!entry
demo_session_01,22,1786094357.4839635,move,268,259,.!frame.!entry
demo_session_01,22,1786094357.5339634,move,304,270,.!frame.!entry
demo_session_01,22,1786094357.5839634,move,273,256,.!frame.!entry
demo_session_01,22,1786094357.6339633,move,288,268,.!frame.!entry
demo_session_01,22,1786094357.6839633,move,298,263,.!frame.!entry
demo_session_01,22,1786094357.7339633,move,288,263,.!frame.!entry
demo_session_01,22,1786094357.7839632,move,294,272,.!frame.!button
demo_session_01,22,1786094357.8339632,move,288,270,.!frame.!button
demo_session_01,22,1786094357.883963,move,301,278,.!frame.!button
demo_session_01,22,1786094357.933963,move,290,264,.!frame.!button
demo_session_01,22,1786094357.983963,move,299,279,.!frame.!button
demo_session_01,22,1786094358.033963,move,297,270,.!frame.!button
demo_session_01,22,1786094358.083963,move,301,285,.!frame.!button
demo_session_01,22,1786094358.1339629,move,299,279,.!frame.!button
demo_session_01,22,1786094358.1839628,move,303,261,.!frame.!button
demo_session_01,22,1786094358.2339628,move,308,285,.!frame.!button
demo_session_01,22,1786094358.2839627,move,296,279,.!frame.!button
demo_session_01,22,1786094358.3339627,move,297,287,.!frame.!button
demo_session_01,22,1786094358.3839626,move,308,287,.!frame.!button
demo_session_01,22,1786094358.4339626,move,301,269,.!frame.!button
demo_session_01,22,1786094358.4839625,move,308,286,.!frame.!button
demo_session_01,22,1786094358.5339625,move,311,276,.!frame.!button
demo_session_01,22,1786094358.5839624,move,310,283,.!frame.!button
demo_session_01,22,1786094358.6339624,move,319,269,.!frame.!button
demo_session_01,22,1786094358.6839623,move,311,286,.!frame.!button
demo_session_01,22,1786094358.7339623,move,307,297,.!frame.!button
demo_session_01,22,1786094358.7839622,move,306,288,.!frame.!button
demo_session_01,22,1786094358.8339622,move,323,278,.!frame.!button
demo_session_01,22,1786094358.8839622,move,321,290,.!frame.!button
demo_session_01,22,1786094358.933962,move,311,293,.!frame.!button
demo_session_01,22,1786094358.983962,move,326,304,.!frame.!button
demo_session_01,22,1786094359.033962,move,327,284,.!frame.!button
demo_session_01,22,1786094359.083962,move,325,304,.!frame.!button
demo_session_01,22,1786094359.133962,move,329,284,.!frame.!button
demo_session_01,22,1786094359.1839619,move,326,284,.!frame.!button
demo_session_01,22,1786094359.2339618,move,323,295,.!frame.!button
demo_session_01,22,1786094359.2839618,move,326,298,.!frame.!button
demo_session_01,22,1786094359.3339617,move,325,306,.!frame.!button
demo_session_01,22,1786094359.3839617,move,328,315,.!frame.!button
demo_session_01,22,1786094359.4339616,move,320,302,.!frame.!button
demo_session_01,22,1786094359.4839616,move,329,311,.!frame.!button
demo_session_01,22,1786094359.5339615,move,334,299,.!frame.!button
demo_session_01,22,1786094359.5839615,move,330,298,.!frame.!button
demo_session_01,22,1786094359.6339614,move,331,305,.!frame.!button
demo_session_01,22,1786094359.6839614,move,340,306,.!frame.!button
demo_session_01,22,1786094359.7339613,move,332,311,.!frame.!button
demo_session_01,22,1786094359.7839613,move,338,306,.!frame.!button
demo_session_01,22,1786094359.8339612,move,338,303,.!frame.!button
demo_session_01,22,1786094359.8839612,move,344,314,.!frame.!button
demo_session_01,22,1786094359.9339612,move,338,303,.!frame.!button
demo_session_01,22,1786094359.983961,move,345,323,.!frame.!button
demo_session_01,22,1786094360.033961,move,353,298,.!frame.!button
demo_session_01,22,1786094360.083961,move,349,314,.!frame.!button
demo_session_01,22,1786094360.133961,move,343,315,.!frame.!button
demo_session_01,22,1786094360.183961,move,354,317,.!frame.!button
demo_session_01,22,1786094360.2339609,move,355,307,.!frame.!button
demo_session_01,22,1786094360.3144188,click,359,329,.!frame.!button
demo_session_01,23,1786094360.3144188,move,581,212,.!frame.!entry
demo_session_01,23,1786094360.3644187,move,598,207,.!frame.!entry
demo_session_01,23,1786094360.4144187,move,578,223,.!frame.!entry
demo_session_01,23,1786094360.4644186,move,587,219,.!frame.!entry
demo_session_01,23,1786094360.5144186,move,567,230,.!frame.!entry
demo_session_01,23,1786094360.5644186,move,570,227,.!frame.!entry
demo_session_01,23,1786094360.6144185,move,573,236,.!frame.!entry
demo_session_01,23,1786094360.6644185,move,563,213,.!frame.!entry
demo_session_01,23,1786094360.7144184,move,574,219,.!frame.!entry
demo_session_01,23,1786094360.7644184,move,569,242,.!frame.!entry
demo_session_01,23,1786094360.8144183,move,576,243,.!frame.!entry
demo_session_01,23,1786094360.8644183,move,564,241,.!frame.!entry
demo_session_01,23,1786094360.9144182,move,551,226,.!frame.!entry
demo_session_01,23,1786094360.9644182,move,555,234,.!frame.!entry
demo_session_01,23,1786094361.0144181,move,562,232,.!frame.!entry
demo_session_01,23,1786094361.064418,move,543,240,.!frame.!entry
demo_session_01,23,1786094361.114418,move,542,253,.!frame.!entry
demo_session_01,23,1786094361.164418,move,549,227,.!frame.!entry
demo_session_01,23,1786094361.214418,move,547,233,.!frame.!entry
demo_session_01,23,1786094361.264418,move,531,240,.!frame.!entry
demo_session_01,23,1786094361.3144178,move,538,251,.!frame.!entry
demo_session_01,23,1786094361.3644178,move,539,234,.!frame.!entry
demo_session_01,23,1786094361.4144177,move,541,237,.!frame.!entry
demo_session_01,23,1786094361.4644177,move,530,243,.!frame.!entry
demo_session_01,23,1786094361.5144176,move,523,242,.!frame.!entry
demo_session_01,23,1786094361.5644176,move,522,243,.!frame.!entry
demo_session_01,23,1786094361.6144176,move,524,253,.!frame.!entry
demo_session_01,23,1786094361.6644175,move,519,251,.!frame.!entry
demo_session_01,23,1786094361.7144175,move,505,245,.!frame.!entry
demo_session_01,23,1786094361.7644174,move,515,246,.!frame.!entry
demo_session_01,23,1786094361.8144174,move,523,251,.!frame.!entry
demo_session_01,23,1786094361.8644173,move,514,249,.!frame.!entry
demo_session_01,23,1786094361.9144173,move,516,253,.!frame.!entry
demo_session_01,23,1786094361.9644172,move,502,251,.!frame.!entry
demo_session_01,23,1786094362.0144172,move,524,250,.!frame.!entry
demo_session_01,23,1786094362.0644171,move,504,248,.!frame.!entry
demo_session_01,23,1786094362.114417,move,507,249,.!frame.!entry
demo_session_01,23,1786094362.164417,move,492,261,.!frame.!entry
demo_session_01,23,1786094362.214417,move,482,260,.!frame.!entry
demo_session_01,23,1786094362.264417,move,502,261,.!frame.!entry
demo_session_01,23,1786094362.314417,move,489,254,.!frame.!entry
demo_session_01,23,1786094362.3644168,move,490,274,.!frame.!entry
demo_session_01,23,1786094362.4144168,move,482,259,.!frame.!entry
demo_session_01,23,1786094362.4644167,move,474,265,.!frame.!entry
demo_session_01,23,1786094362.5144167,move,480,273,.!frame.!entry
demo_session_01,23,1786094362.5644166,move,478,258,.!frame.!entry
demo_session_01,23,1786094362.6144166,move,481,270,.!frame.!entry
demo_session_01,23,1786094362.6644166,move,464,267,.!frame.!entry
demo_session_01,23,1786094362.7144165,move,467,276,.!frame.!entry
demo_session_01,23,1786094362.7644165,move,471,269,.!frame.!entry
demo_session_01,23,1786094362.8144164,move,457,270,.!frame.!entry
demo_session_01,23,1786094362.8644164,move,462,274,.!frame.!entry
demo_session_01,23,1786094362.9144163,move,460,264,.!frame.!entry
demo_session_01,23,1786094362.9644163,move,444,283,.!frame.!entry
demo_session_01,23,1786094363.0144162,move,463,278,.!frame.!entry
demo_session_01,23,1786094363.0644162,move,468,281,.!frame.!entry
demo_session_01,23,1786094363.1144161,move,456,290,.!frame.!entry
demo_session_01,23,1786094363.164416,move,461,286,.!frame.!entry
demo_session_01,23,1786094363.214416,move,450,287,.!frame.!entry
demo_session_01,23,1786094363.264416,move,443,276,.!frame.!entry
demo_session_01,23,1786094363.314416,move,448,279,.!frame.!entry
demo_session_01,23,1786094363.364416,move,449,273,.!frame.!entry
demo_session_01,23,1786094363.4144158,move,452,295,.!frame.!entry
demo_session_01,23,1786094363.4644158,move,445,276,.!frame.!entry
demo_session_01,23,1786094363.5144157,move,424,281,.!frame.!entry
demo_session_01,23,1786094363.5644157,move,437,286,.!frame.!entry
demo_session_01,23,1786094363.6144156,move,433,287,.!frame.!entry
demo_session_01,23,1786094363.6644156,move,427,284,.!frame.!entry
demo_session_01,23,1786094363.7144156,move,427,298,.!frame.!entry
demo_session_01,23,1786094363.7644155,move,424,286,.!frame.!entry
demo_session_01,23,1786094363.8144155,move,417,301,.!frame.!button
demo_session_01,23,1786094363.8644154,move,423,295,.!frame.!button
demo_session_01,23,1786094363.9144154,move,407,295,.!frame.!button
demo_session_01,23,1786094363.9644153,move,409,300,.!frame.!button
demo_session_01,23,1786094364.0144153,move,407,280,.!frame.!button
demo_session_01,23,1786094364.0644152,move,411,294,.!frame.!button
demo_session_01,23,1786094364.1144152,move,401,295,.!frame.!button
demo_session_01,23,1786094364.1644151,move,400,306,.!frame.!button
demo_session_01,23,1786094364.214415,move,394,298,.!frame.!button
demo_session_01,23,1786094364.264415,move,386,307,.!frame.!button
demo_session_01,23,1786094364.314415,move,389,305,.!frame.!button
demo_session_01,23,1786094364.364415,move,381,298,.!frame.!button
demo_session_01,23,1786094364.414415,move,390,308,.!frame.!button
demo_session_01,23,1786094364.4644148,move,387,314,.!frame.!button
demo_session_01,23,1786094364.5144148,move,381,302,.!frame.!button
demo_session_01,23,1786094364.5644147,move,373,303,.!frame.!button
demo_session_01,23,1786094364.6144147,move,372,303,.!frame.!button
demo_session_01,23,1786094364.6644146,move,380,303,.!frame.!button
demo_session_01,23,1786094364.7144146,move,376,321,.!frame.!button
demo_session_01,23,1786094364.7644145,move,374,316,.!frame.!button
demo_session_01,23,1786094364.8144145,move,373,301,.!frame.!button
demo_session_01,23,1786094364.8644145,move,372,315,.!frame.!button
demo_session_01,23,1786094364.9144144,move,378,293,.!frame.!button
demo_session_01,23,1786094364.9644144,move,353,317,.!frame.!button
demo_session_01,23,1786094365.0144143,move,359,299,.!frame.!button
demo_session_01,23,1786094365.0644143,move,367,322,.!frame.!button
demo_session_01,23,1786094365.1144142,move,350,318,.!frame.!button
demo_session_01,23,1786094365.1644142,move,343,313,.!frame.!button
demo_session_01,23,1786094365.2144141,move,343,327,.!frame.!button
demo_session_01,23,1786094365.264414,move,345,323,.!frame.!button
demo_session_01,23,1786094365.3594074,click,361,331,.!frame.!button
demo_session_01,24,1786094365.3594074,move,369,293,.!frame.!entry
demo_session_01,24,1786094365.4094074,move,373,281,.!frame.!entry
demo_session_01,24,1786094365.4594073,move,365,299,.!frame.!entry
demo_session_01,24,1786094365.5094073,move,369,283,.!frame.!entry
demo_session_01,24,1786094365.5594072,move,366,294,.!frame.!entry
demo_session_01,24,1786094365.6094072,move,360,288,.!frame.!entry
demo_session_01,24,1786094365.6594071,move,363,283,.!frame.!entry
demo_session_01,24,1786094365.709407,move,362,296,.!frame.!entry
demo_session_01,24,1786094365.759407,move,364,289,.!frame.!entry
demo_session_01,24,1786094365.809407,move,360,294,.!frame.!entry
demo_session_01,24,1786094365.859407,move,369,283,.!frame.!entry
demo_session_01,24,1786094365.909407,move,367,291,.!frame.!entry
demo_session_01,24,1786094365.9594069,move,378,299,.!frame.!entry
demo_session_01,24,1786094366.0094068,move,354,298,.!frame.!entry
demo_session_01,24,1786094366.0594068,move,365,277,.!frame.!entry
demo_session_01,24,1786094366.1094067,move,360,293,.!frame.!entry
demo_session_01,24,1786094366.1594067,move,366,286,.!frame.!entry
demo_session_01,24,1786094366.2094066,move,362,294,.!frame.!entry
demo_session_01,24,1786094366.2594066,move,361,293,.!frame.!entry
demo_session_01,24,1786094366.3094065,move,368,293,.!frame.!entry
demo_session_01,24,1786094366.3594065,move,366,285,.!frame.!entry
demo_session_01,24,1786094366.4094064,move,361,290,.!frame.!entry
demo_session_01,24,1786094366.4594064,move,363,289,.!frame.!entry
demo_session_01,24,1786094366.5094063,move,379,302,.!frame.!entry
demo_session_01,24,1786094366.5594063,move,352,294,.!frame.!entry
demo_session_01,24,1786094366.6094062,move,362,296,.!frame.!entry
demo_session_01,24,1786094366.6594062,move,348,305,.!frame.!entry
demo_session_01,24,1786094366.7094061,move,356,292,.!frame.!entry
demo_session_01,24,1786094366.759406,move,359,302,.!frame.!entry
demo_session_01,24,1786094366.809406,move,359,297,.!frame.!entry
demo_session_01,24,1786094366.859406,move,365,295,.!frame.!entry
demo_session_01,24,1786094366.909406,move,363,290,.!frame.!entry
demo_session_01,24,1786094366.959406,move,364,295,.!frame.!entry
demo_session_01,24,1786094367.0094059,move,367,302,.!frame.!entry
demo_session_01,24,1786094367.0594058,move,360,299,.!frame.!entry
demo_session_01,24,1786094367.1094058,move,355,303,.!frame.!entry
demo_session_01,24,1786094367.1594057,move,351,297,.!frame.!entry
demo_session_01,24,1786094367.2094057,move,366,305,.!frame.!entry
demo_session_01,24,1786094367.2594056,move,358,298,.!frame.!entry
demo_session_01,24,1786094367.3094056,move,362,303,.!frame.!entry
demo_session_01,24,1786094367.3594055,move,366,290,.!frame.!entry
demo_session_01,24,1786094367.4094055,move,353,309,.!frame.!entry
demo_session_01,24,1786094367.4594054,move,353,308,.!frame.!entry
demo_session_01,24,1786094367.5094054,move,355,309,.!frame.!entry
demo_session_01,24,1786094367.5594053,move,354,306,.!frame.!entry
demo_session_01,24,1786094367.6094053,move,349,300,.!frame.!entry
demo_session_01,24,1786094367.6594052,move,359,304,.!frame.!entry
demo_session_01,24,1786094367.7094052,move,345,300,.!frame.!entry
demo_session_01,24,1786094367.7594051,move,350,309,.!frame.!entry
demo_session_01,24,1786094367.809405,move,357,299,.!frame.!entry
demo_session_01,24,1786094367.859405,move,362,307,.!frame.!entry
demo_session_01,24,1786094367.909405,move,355,305,.!frame.!entry
demo_session_01,24,1786094367.959405,move,355,290,.!frame.!entry
demo_session_01,24,1786094368.009405,move,340,295,.!frame.!entry
demo_session_01,24,1786094368.0594049,move,359,300,.!frame.!entry
demo_session_01,24,1786094368.1094048,move,358,302,.!frame.!entry
demo_session_01,24,1786094368.1594048,move,353,299,.!frame.!entry
demo_session_01,24,1786094368.2094047,move,344,302,.!frame.!entry
demo_session_01,24,1786094368.2594047,move,349,318,.!frame.!entry
demo_session_01,24,1786094368.3094046,move,360,305,.!frame.!entry
demo_session_01,24,1786094368.3594046,move,346,309,.!frame.!entry
demo_session_01,24,1786094368.4094045,move,352,312,.!frame.!entry
demo_session_01,24,1786094368.4594045,move,363,300,.!frame.!entry
demo_session_01,24,1786094368.5094044,move,359,307,.!frame.!entry
demo_session_01,24,1786094368.5594044,move,351,305,.!frame.!entry
demo_session_01,24,1786094368.6094043,move,368,315,.!frame.!entry
demo_session_01,24,1786094368.6594043,move,344,314,.!frame.!button
demo_session_01,24,1786094368.7094042,move,370,325,.!frame.!button
demo_session_01,24,1786094368.7594042,move,361,312,.!frame.!button
demo_session_01,24,1786094368.8094041,move,352,312,.!frame.!button
demo_session_01,24,1786094368.859404,move,340,304,.!frame.!button
demo_session_01,24,1786094368.909404,move,351,314,.!frame.!button
demo_session_01,24,1786094368.959404,move,348,320,.!frame.!button
demo_session_01,24,1786094369.009404,move,361,303,.!frame.!button
demo_session_01,24,1786094369.059404,move,346,320,.!frame.!button
demo_session_01,24,1786094369.1094038,move,352,314,.!frame.!button
demo_session_01,24,1786094369.1594038,move,337,312,.!frame.!button
demo_session_01,24,1786094369.2094038,move,344,307,.!frame.!button
demo_session_01,24,1786094369.2594037,move,345,319,.!frame.!button
demo_session_01,24,1786094369.3094037,move,356,304,.!frame.!button
demo_session_01,24,1786094369.3594036,move,345,294,.!frame.!button
demo_session_01,24,1786094369.4094036,move,359,312,.!frame.!button
demo_session_01,24,1786094369.4594035,move,364,317,.!frame.!button
demo_session_01,24,1786094369.5094035,move,358,320,.!frame.!button
demo_session_01,24,1786094369.5594034,move,348,324,.!frame.!button
demo_session_01,24,1786094369.6094034,move,357,309,.!frame.!button
demo_session_01,24,1786094369.6594033,move,358,321,.!frame.!button
demo_session_01,24,1786094369.7094033,move,360,316,.!frame.!button
demo_session_01,24,1786094369.7594032,move,357,310,.!frame.!button
demo_session_01,24,1786094369.8094032,move,352,307,.!frame.!button
demo_session_01,24,1786094369.8594031,move,354,304,.!frame.!button
demo_session_01,24,1786094369.909403,move,358,320,.!frame.!button
demo_session_01,24,1786094369.959403,move,353,326,.!frame.!button
demo_session_01,24,1786094370.009403,move,355,323,.!frame.!button
demo_session_01,24,1786094370.0851738,click,348,318,.!frame.!button
demo_session_01,25,1786094370.0851738,move,410,89,.!frame.!entry
demo_session_01,25,1786094370.1351738,move,394,94,.!frame.!entry
demo_session_01,25,1786094370.1851737,move,398,95,.!frame.!entry
demo_session_01,25,1786094370.2351737,move,392,111,.!frame.!entry
demo_session_01,25,1786094370.2851737,move,402,112,.!frame.!entry
demo_session_01,25,1786094370.3351736,move,387,112,.!frame.!entry
demo_session_01,25,1786094370.3851736,move,403,117,.!frame.!entry
demo_session_01,25,1786094370.4351735,move,382,111,.!frame.!entry
demo_session_01,25,1786094370.4851735,move,398,124,.!frame.!entry
demo_session_01,25,1786094370.5351734,move,375,124,.!frame.!entry
demo_session_01,25,1786094370.5851734,move,397,107,.!frame.!entry
demo_session_01,25,1786094370.6351733,move,389,118,.!frame.!entry
demo_session_01,25,1786094370.6851733,move,389,114,.!frame.!entry
demo_session_01,25,1786094370.7351732,move,388,128,.!frame.!entry
demo_session_01,25,1786094370.7851732,move,384,123,.!frame.!entry
demo_session_01,25,1786094370.8351731,move,396,129,.!frame.!entry
demo_session_01,25,1786094370.885173,move,390,133,.!frame.!entry
demo_session_01,25,1786094370.935173,move,385,131,.!frame.!entry
demo_session_01,25,1786094370.985173,move,387,135,.!frame.!entry
demo_session_01,25,1786094371.035173,move,392,149,.!frame.!entry
demo_session_01,25,1786094371.085173,move,390,134,.!frame.!entry
demo_session_01,25,1786094371.1351728,move,395,143,.!frame.!entry
demo_session_01,25,1786094371.1851728,move,387,141,.!frame.!entry
demo_session_01,25,1786094371.2351727,move,389,128,.!frame.!entry
demo_session_01,25,1786094371.2851727,move,384,143,.!frame.!entry
demo_session_01,25,1786094371.3351727,move,381,155,.!frame.!entry
demo_session_01,25,1786094371.3851726,move,385,142,.!frame.!entry
demo_session_01,25,1786094371.4351726,move,390,151,.!frame.!entry
demo_session_01,25,1786094371.4851725,move,387,153,.!frame.!entry
demo_session_01,25,1786094371.5351725,move,383,152,.!frame.!entry
demo_session_01,25,1786094371.5851724,move,378,146,.!frame.!entry
demo_session_01,25,1786094371.6351724,move,382,157,.!frame.!entry
demo_session_01,25,1786094371.6851723,move,390,158,.!frame.!entry
demo_session_01,25,1786094371.7351723,move,378,163,.!frame.!entry
demo_session_01,25,1786094371.7851722,move,377,165,.!frame.!entry
demo_session_01,25,1786094371.8351722,move,392,162,.!frame.!entry
demo_session_01,25,1786094371.8851721,move,391,184,.!frame.!entry
demo_session_01,25,1786094371.935172,move,384,165,.!frame.!entry
demo_session_01,25,1786094371.985172,move,388,175,.!frame.!entry
demo_session_01,25,1786094372.035172,move,366,176,.!frame.!entry
demo_session_01,25,1786094372.085172,move,381,176,.!frame.!entry
demo_session_01,25,1786094372.135172,move,373,174,.!frame.!entry
demo_session_01,25,1786094372.1851718,move,386,170,.!frame.!entry
demo_session_01,25,1786094372.2351718,move,377,173,.!frame.!entry
demo_session_01,25,1786094372.2851717,move,367,173,.!frame.!entry
demo_session_01,25,1786094372.3351717,move,384,182,.!frame.!entry
demo_session_01,25,1786094372.3851717,move,378,182,.!frame.!entry
demo_session_01,25,1786094372.4351716,move,373,190,.!frame.!entry
demo_session_01,25,1786094372.4851716,move,371,186,.!frame.!entry
demo_session_01,25,1786094372.5351715,move,384,181,.!frame.!entry
demo_session_01,25,1786094372.5851715,move,372,183,.!frame.!entry
demo_session_01,25,1786094372.6351714,move,366,193,.!frame.!entry
demo_session_01,25,1786094372.6851714,move,379,201,.!frame.!entry
demo_session_01,25,1786094372.7351713,move,374,202,.!frame.!entry
demo_session_01,25,1786094372.7851713,move,396,212,.!frame.!entry
demo_session_01,25,1786094372.8351712,move,372,211,.!frame.!entry
demo_session_01,25,1786094372.8851712,move,376,210,.!frame.!entry
demo_session_01,25,1786094372.9351711,move,368,204,.!frame.!entry
demo_session_01,25,1786094372.985171,move,386,203,.!frame.!entry
demo_session_01,25,1786094373.035171,move,374,211,.!frame.!entry
demo_session_01,25,1786094373.085171,move,357,209,.!frame.!entry
demo_session_01,25,1786094373.135171,move,365,222,.!frame.!entry
demo_session_01,25,1786094373.185171,move,365,214,.!frame.!entry
demo_session_01,25,1786094373.2351708,move,376,219,.!frame.!entry
demo_session_01,25,1786094373.2851708,move,361,224,.!frame.!entry
demo_session_01,25,1786094373.3351707,move,370,215,.!frame.!entry
demo_session_01,25,1786094373.3851707,move,375,236,.!frame.!entry
demo_session_01,25,1786094373.4351707,move,357,231,.!frame.!entry
demo_session_01,25,1786094373.4851706,move,364,223,.!frame.!entry
demo_session_01,25,1786094373.5351706,move,368,223,.!frame.!entry
demo_session_01,25,1786094373.5851705,move,373,233,.!frame.!entry
demo_session_01,25,1786094373.6351705,move,371,225,.!frame.!entry
demo_session_01,25,1786094373.6851704,move,356,235,.!frame.!entry
demo_session_01,25,1786094373.7351704,move,365,240,.!frame.!entry
demo_session_01,25,1786094373.7851703,move,365,237,.!frame.!entry
demo_session_01,25,1786094373.8351703,move,373,242,.!frame.!entry
demo_session_01,25,1786094373.8851702,move,373,230,.!frame.!entry
demo_session_01,25,1786094373.9351702,move,371,241,.!frame.!entry
demo_session_01,25,1786094373.9851701,move,362,242,.!frame.!entry
demo_session_01,25,1786094374.03517,move,364,241,.!frame.!entry
demo_session_01,25,1786094374.08517,move,361,234,.!frame.!entry
demo_session_01,25,1786094374.13517,move,364,255,.!frame.!entry
demo_session_01,25,1786094374.18517,move,352,256,.!frame.!entry
demo_session_01,25,1786094374.23517,move,366,250,.!frame.!entry
demo_session_01,25,1786094374.2851698,move,355,258,.!frame.!entry
demo_session_01,25,1786094374.3351698,move,354,252,.!frame.!button
demo_session_01,25,1786094374.3851697,move,357,260,.!frame.!button
demo_session_01,25,1786094374.4351697,move,361,260,.!frame.!button
demo_session_01,25,1786094374.4851696,move,356,259,.!frame.!button
demo_session_01,25,1786094374.5351696,move,353,277,.!frame.!button
demo_session_01,25,1786094374.5851696,move,360,265,.!frame.!button
demo_session_01,25,1786094374.6351695,move,367,262,.!frame.!button
demo_session_01,25,1786094374.6851695,move,363,278,.!frame.!button
demo_session_01,25,1786094374.7351694,move,374,258,.!frame.!button
demo_session_01,25,1786094374.7851694,move,355,274,.!frame.!button
demo_session_01,25,1786094374.8351693,move,354,275,.!frame.!button
demo_session_01,25,1786094374.8851693,move,358,274,.!frame.!button
demo_session_01,25,1786094374.9351692,move,356,286,.!frame.!button
demo_session_01,25,1786094374.9851692,move,356,274,.!frame.!button
demo_session_01,25,1786094375.0351691,move,365,273,.!frame.!button
demo_session_01,25,1786094375.085169,move,367,276,.!frame.!button
demo_session_01,25,1786094375.135169,move,356,295,.!frame.!button
demo_session_01,25,1786094375.185169,move,376,280,.!frame.!button
demo_session_01,25,1786094375.235169,move,349,304,.!frame.!button
demo_session_01,25,1786094375.285169,move,345,277,.!frame.!button
demo_session_01,25,1786094375.3351688,move,356,307,.!frame.!button
demo_session_01,25,1786094375.3851688,move,348,289,.!frame.!button
demo_session_01,25,1786094375.4351687,move,363,298,.!frame.!button
demo_session_01,25,1786094375.4851687,move,349,303,.!frame.!button
demo_session_01,25,1786094375.5351686,move,356,322,.!frame.!button
demo_session_01,25,1786094375.5851686,move,365,303,.!frame.!button
demo_session_01,25,1786094375.6351686,move,355,292,.!frame.!button
demo_session_01,25,1786094375.6851685,move,347,306,.!frame.!button
demo_session_01,25,1786094375.7351685,move,346,309,.!frame.!button
demo_session_01,25,1786094375.7851684,move,343,312,.!frame.!button
demo_session_01,25,1786094375.8351684,move,347,319,.!frame.!button
demo_session_01,25,1786094375.8851683,move,354,313,.!frame.!button
demo_session_01,25,1786094375.9351683,move,343,311,.!frame.!button
demo_session_01,25,1786094375.9851682,move,356,309,.!frame.!button
demo_session_01,25,1786094376.0351682,move,349,321,.!frame.!button
demo_session_01,25,1786094376.0851681,move,334,319,.!frame.!button
demo_session_01,25,1786094376.135168,move,338,323,.!frame.!button
demo_session_01,25,1786094376.2034516,click,354,324,.!frame.!button
demo_session_01,26,1786094376.2034516,move,354,132,.!frame.!entry
demo_session_01,26,1786094376.2534516,move,357,134,.!frame.!entry
demo_session_01,26,1786094376.3034515,move,362,127,.!frame.!entry
demo_session_01,26,1786094376.3534515,move,365,129,.!frame.!entry
demo_session_01,26,1786094376.4034514,move,358,134,.!frame.!entry
demo_session_01,26,1786094376.4534514,move,351,131,.!frame.!entry
demo_session_01,26,1786094376.5034513,move,347,144,.!frame.!entry
demo_session_01,26,1786094376.5534513,move,357,135,.!frame.!entry
demo_session_01,26,1786094376.6034513,move,358,138,.!frame.!entry
demo_session_01,26,1786094376.6534512,move,348,161,.!frame.!entry
demo_session_01,26,1786094376.7034512,move,349,156,.!frame.!entry
demo_session_01,26,1786094376.753451,move,354,148,.!frame.!entry
demo_session_01,26,1786094376.803451,move,368,151,.!frame.!entry
demo_session_01,26,1786094376.853451,move,358,155,.!frame.!entry
demo_session_01,26,1786094376.903451,move,360,142,.!frame.!entry
demo_session_01,26,1786094376.953451,move,341,164,.!frame.!entry
demo_session_01,26,1786094377.0034509,move,353,158,.!frame.!entry
demo_session_01,26,1786094377.0534508,move,362,162,.!frame.!entry
demo_session_01,26,1786094377.1034508,move,352,160,.!frame.!entry
demo_session_01,26,1786094377.1534507,move,361,152,.!frame.!entry
demo_session_01,26,1786094377.2034507,move,354,155,.!frame.!entry
demo_session_01,26,1786094377.2534506,move,360,171,.!frame.!entry
demo_session_01,26,1786094377.3034506,move,352,173,.!frame.!entry
demo_session_01,26,1786094377.3534505,move,355,182,.!frame.!entry
demo_session_01,26,1786094377.4034505,move,361,177,.!frame.!entry
demo_session_01,26,1786094377.4534504,move,354,169,.!frame.!entry
demo_session_01,26,1786094377.5034504,move,353,173,.!frame.!entry
demo_session_01,26,1786094377.5534503,move,357,170,.!frame.!entry
demo_session_01,26,1786094377.6034503,move,338,163,.!frame.!entry
demo_session_01,26,1786094377.6534503,move,354,173,.!frame.!entry
demo_session_01,26,1786094377.7034502,move,341,192,.!frame.!entry
demo_session_01,26,1786094377.7534502,move,352,190,.!frame.!entry
demo_session_01,26,1786094377.80345,move,358,181,.!frame.!entry
demo_session_01,26,1786094377.85345,move,356,190,.!frame.!entry
demo_session_01,26,1786094377.90345,move,354,181,.!frame.!entry
demo_session_01,26,1786094377.95345,move,347,202,.!frame.!entry
demo_session_01,26,1786094378.00345,move,361,196,.!frame.!entry
demo_session_01,26,1786094378.0534499,move,347,196,.!frame.!entry
demo_session_01,26,1786094378.1034498,move,359,208,.!frame.!entry
demo_session_01,26,1786094378.1534498,move,360,197,.!frame.!entry
demo_session_01,26,1786094378.2034497,move,359,214,.!frame.!entry
demo_session_01,26,1786094378.2534497,move,350,217,.!frame.!entry
demo_session_01,26,1786094378.3034496,move,355,222,.!frame.!entry
demo_session_01,26,1786094378.3534496,move,358,218,.!frame.!entry
demo_session_01,26,1786094378.4034495,move,341,215,.!frame.!entry
demo_session_01,26,1786094378.4534495,move,348,213,.!frame.!entry
demo_session_01,26,1786094378.5034494,move,361,229,.!frame.!entry
demo_session_01,26,1786094378.5534494,move,359,218,.!frame.!entry
demo_session_01,26,1786094378.6034493,move,352,236,.!frame.!entry
demo_session_01,26,1786094378.6534493,move,353,222,.!frame.!entry
demo_session_01,26,1786094378.7034492,move,353,229,.!frame.!entry
demo_session_01,26,1786094378.7534492,move,353,221,.!frame.!entry
demo_session_01,26,1786094378.8034492,move,362,229,.!frame.!entry
demo_session_01,26,1786094378.853449,move,350,229,.!frame.!entry
demo_session_01,26,1786094378.903449,move,345,241,.!frame.!entry
demo_session_01,26,1786094378.953449,move,353,239,.!frame.!entry
demo_session_01,26,1786094379.003449,move,358,231,.!frame.!entry
demo_session_01,26,1786094379.053449,move,351,230,.!frame.!entry
demo_session_01,26,1786094379.1034489,move,352,236,.!frame.!entry
demo_session_01,26,1786094379.1534488,move,351,239,.!frame.!entry
demo_session_01,26,1786094379.2034488,move,363,245,.!frame.!entry
demo_session_01,26,1786094379.2534487,move,352,236,.!frame.!entry
demo_session_01,26,1786094379.3034487,move,359,253,.!frame.!entry
demo_session_01,26,1786094379.3534486,move,356,255,.!frame.!entry
demo_session_01,26,1786094379.4034486,move,348,259,.!frame.!entry
demo_session_01,26,1786094379.4534485,move,356,254,.!frame.!entry
demo_session_01,26,1786094379.5034485,move,342,257,.!frame.!entry
demo_session_01,26,1786094379.5534484,move,352,267,.!frame.!entry
demo_session_01,26,1786094379.6034484,move,346,257,.!frame.!entry
demo_session_01,26,1786094379.6534483,move,355,274,.!frame.!entry
demo_session_01,26,1786094379.7034483,move,354,271,.!frame.!button
demo_session_01,26,1786094379.7534482,move,345,268,.!frame.!button
demo_session_01,26,1786094379.8034482,move,336,266,.!frame.!button
demo_session_01,26,1786094379.8534482,move,361,286,.!frame.!button
demo_session_01,26,1786094379.903448,move,359,276,.!frame.!button
demo_session_01,26,1786094379.953448,move,355,277,.!frame.!button
demo_session_01,26,1786094380.003448,move,337,280,.!frame.!button
demo_session_01,26,1786094380.053448,move,352,268,.!frame.!button
demo_session_01,26,1786094380.103448,move,336,283,.!frame.!button
demo_session_01,26,1786094380.1534479,move,362,283,.!frame.!button
demo_session_01,26,1786094380.2034478,move,365,289,.!frame.!button
demo_session_01,26,1786094380.2534478,move,349,271,.!frame.!button
demo_session_01,26,1786094380.3034477,move,350,294,.!frame.!button
demo_session_01,26,1786094380.3534477,move,349,299,.!frame.!button
demo_session_01,26,1786094380.4034476,move,355,300,.!frame.!button
demo_session_01,26,1786094380.4534476,move,339,283,.!frame.!button
demo_session_01,26,1786094380.5034475,move,353,284,.!frame.!button
demo_session_01,26,1786094380.5534475,move,349,292,.!frame.!button
demo_session_01,26,1786094380.6034474,move,341,292,.!frame.!button
demo_session_01,26,1786094380.6534474,move,355,307,.!frame.!button
demo_session_01,26,1786094380.7034473,move,343,298,.!frame.!button
demo_session_01,26,1786094380.7534473,move,356,305,.!frame.!button
demo_session_01,26,1786094380.8034472,move,350,319,.!frame.!button
demo_session_01,26,1786094380.8534472,move,362,307,.!frame.!button
demo_session_01,26,1786094380.9034472,move,332,315,.!frame.!button
demo_session_01,26,1786094380.953447,move,362,312,.!frame.!button
demo_session_01,26,1786094381.003447,move,334,307,.!frame.!button
demo_session_01,26,1786094381.053447,move,344,307,.!frame.!button
demo_session_01,26,1786094381.103447,move,346,311,.!frame.!button
demo_session_01,26,1786094381.153447,move,358,327,.!frame.!button
demo_session_01,26,1786094381.2425034,click,352,322,.!frame.!button
demo_session_01,27,1786094381.2425034,move,434,190,.!frame.!entry
demo_session_01,27,1786094381.2925034,move,442,202,.!frame.!entry
demo_session_01,27,1786094381.3425033,move,446,201,.!frame.!entry
demo_session_01,27,1786094381.3925033,move,440,213,.!frame.!entry
demo_session_01,27,1786094381.4425032,move,437,205,.!frame.!entry
demo_session_01,27,1786094381.4925032,move,435,200,.!frame.!entry
demo_session_01,27,1786094381.542503,move,431,200,.!frame.!entry
demo_session_01,27,1786094381.592503,move,443,206,.!frame.!entry
demo_session_01,27,1786094381.642503,move,427,209,.!frame.!entry
demo_session_01,27,1786094381.692503,move,438,207,.!frame.!entry
demo_session_01,27,1786094381.742503,move,430,222,.!frame.!entry
demo_session_01,27,1786094381.7925029,move,435,214,.!frame.!entry
demo_session_01,27,1786094381.8425028,move,423,214,.!frame.!entry
demo_session_01,27,1786094381.8925028,move,424,202,.!frame.!entry
demo_session_01,27,1786094381.9425027,move,447,217,.!frame.!entry
demo_session_01,27,1786094381.9925027,move,437,216,.!frame.!entry
demo_session_01,27,1786094382.0425026,move,428,217,.!frame.!entry
demo_session_01,27,1786094382.0925026,move,421,220,.!frame.!entry
demo_session_01,27,1786094382.1425025,move,429,225,.!frame.!entry
demo_session_01,27,1786094382.1925025,move,416,230,.!frame.!entry
demo_session_01,27,1786094382.2425025,move,417,226,.!frame.!entry
demo_session_01,27,1786094382.2925024,move,434,222,.!frame.!entry
demo_session_01,27,1786094382.3425024,move,417,233,.!frame.!entry
demo_session_01,27,1786094382.3925023,move,422,239,.!frame.!entry
demo_session_01,27,1786094382.4425023,move,422,236,.!frame.!entry
demo_session_01,27,1786094382.4925022,move,416,227,.!frame.!entry
demo_session_01,27,1786094382.5425022,move,420,230,.!frame.!entry
demo_session_01,27,1786094382.592502,move,413,233,.!frame.!entry
demo_session_01,27,1786094382.642502,move,423,245,.!frame.!entry
demo_session_01,27,1786094382.692502,move,413,223,.!frame.!entry
demo_session_01,27,1786094382.742502,move,416,230,.!frame.!entry
demo_session_01,27,1786094382.792502,move,403,239,.!frame.!entry
demo_session_01,27,1786094382.8425019,move,413,241,.!frame.!entry
demo_session_01,27,1786094382.8925018,move,423,235,.!frame.!entry
demo_session_01,27,1786094382.9425018,move,414,240,.!frame.!entry
demo_session_01,27,1786094382.9925017,move,398,251,.!frame.!entry
demo_session_01,27,1786094383.0425017,move,421,245,.!frame.!entry
demo_session_01,27,1786094383.0925016,move,418,251,.!frame.!entry
demo_session_01,27,1786094383.1425016,move,409,251,.!frame.!entry
demo_session_01,27,1786094383.1925015,move,404,247,.!frame.!entry
demo_session_01,27,1786094383.2425015,move,412,254,.!frame.!entry
demo_session_01,27,1786094383.2925014,move,393,255,.!frame.!entry
demo_session_01,27,1786094383.3425014,move,393,259,.!frame.!entry
demo_session_01,27,1786094383.3925014,move,393,252,.!frame.!entry
demo_session_01,27,1786094383.4425013,move,410,259,.!frame.!entry
demo_session_01,27,1786094383.4925013,move,391,266,.!frame.!entry
demo_session_01,27,1786094383.5425012,move,392,254,.!frame.!entry
demo_session_01,27,1786094383.5925012,move,407,270,.!frame.!entry
demo_session_01,27,1786094383.642501,move,402,247,.!frame.!entry
demo_session_01,27,1786094383.692501,move,397,268,.!frame.!entry
demo_session_01,27,1786094383.742501,move,398,263,.!frame.!entry
demo_session_01,27,1786094383.792501,move,402,263,.!frame.!entry
demo_session_01,27,1786094383.842501,move,401,262,.!frame.!entry
demo_session_01,27,1786094383.8925009,move,390,272,.!frame.!entry
demo_session_01,27,1786094383.9425008,move,391,260,.!frame.!entry
demo_session_01,27,1786094383.9925008,move,395,268,.!frame.!entry
demo_session_01,27,1786094384.0425007,move,384,254,.!frame.!entry
demo_session_01,27,1786094384.0925007,move,384,270,.!frame.!entry
demo_session_01,27,1786094384.1425006,move,390,264,.!frame.!entry
demo_session_01,27,1786094384.1925006,move,383,261,.!frame.!entry
demo_session_01,27,1786094384.2425005,move,397,267,.!frame.!entry
demo_session_01,27,1786094384.2925005,move,379,278,.!frame.!entry
demo_session_01,27,1786094384.3425004,move,399,263,.!frame.!entry
demo_session_01,27,1786094384.3925004,move,366,289,.!frame.!entry
demo_session_01,27,1786094384.4425004,move,396,264,.!frame.!entry
demo_session_01,27,1786094384.4925003,move,385,279,.!frame.!entry
demo_session_01,27,1786094384.5425003,move,371,278,.!frame.!entry
demo_session_01,27,1786094384.5925002,move,387,271,.!frame.!entry
demo_session_01,27,1786094384.6425002,move,384,288,.!frame.!entry
demo_session_01,27,1786094384.6925,move,375,281,.!frame.!entry
demo_session_01,27,1786094384.7425,move,367,282,.!frame.!button
demo_session_01,27,1786094384.7925,move,375,285,.!frame.!button
demo_session_01,27,1786094384.8425,move,380,283,.!frame.!button
demo_session_01,27,1786094384.8925,move,385,296,.!frame.!button
demo_session_01,27,1786094384.9424999,move,372,297,.!frame.!button
demo_session_01,27,1786094384.9924998,move,369,298,.!frame.!button
demo_session_01,27,1786094385.0424998,move,367,295,.!frame.!button
demo_session_01,27,1786094385.0924997,move,375,293,.!frame.!button
demo_session_01,27,1786094385.1424997,move,374,304,.!frame.!button
demo_session_01,27,1786094385.1924996,move,364,293,.!frame.!button
demo_session_01,27,1786094385.2424996,move,365,314,.!frame.!button
demo_session_01,27,1786094385.2924995,move,367,284,.!frame.!button
demo_session_01,27,1786094385.3424995,move,371,306,.!frame.!button
demo_session_01,27,1786094385.3924994,move,366,314,.!frame.!button
demo_session_01,27,1786094385.4424994,move,366,311,.!frame.!button
demo_session_01,27,1786094385.4924994,move,369,300,.!frame.!button
demo_session_01,27,1786094385.5424993,move,357,321,.!frame.!button
demo_session_01,27,1786094385.5924993,move,377,290,.!frame.!button
demo_session_01,27,1786094385.6424992,move,366,304,.!frame.!button
demo_session_01,27,1786094385.6924992,move,357,313,.!frame.!button
demo_session_01,27,1786094385.742499,move,351,312,.!frame.!button
demo_session_01,27,1786094385.792499,move,352,315,.!frame.!button
demo_session_01,27,1786094385.842499,move,343,307,.!frame.!button
demo_session_01,27,1786094385.892499,move,345,315,.!frame.!button
demo_session_01,27,1786094385.942499,move,350,306,.!frame.!button
demo_session_01,27,1786094385.9924989,move,362,320,.!frame.!button
demo_session_01,27,1786094386.0424988,move,352,321,.!frame.!button
demo_session_01,27,1786094386.0924988,move,359,307,.!frame.!button
demo_session_01,27,1786094386.1424987,move,354,313,.!frame.!button
demo_session_01,27,1786094386.1924987,move,348,324,.!frame.!button
demo_session_01,27,1786094386.2678223,click,357,327,.!frame.!button
demo_session_01,28,1786094386.2678223,move,299,150,.!frame.!entry
demo_session_01,28,1786094386.3178222,move,293,161,.!frame.!entry
demo_session_01,28,1786094386.3678222,move,307,138,.!frame.!entry
demo_session_01,28,1786094386.4178221,move,319,154,.!frame.!entry
demo_session_01,28,1786094386.467822,move,316,154,.!frame.!entry
demo_session_01,28,1786094386.517822,move,303,154,.!frame.!entry
demo_session_01,28,1786094386.567822,move,302,157,.!frame.!entry
demo_session_01,28,1786094386.617822,move,288,166,.!frame.!entry
demo_session_01,28,1786094386.667822,move,315,176,.!frame.!entry
demo_session_01,28,1786094386.7178218,move,295,166,.!frame.!entry
demo_session_01,28,1786094386.7678218,move,319,177,.!frame.!entry
demo_session_01,28,1786094386.8178217,move,313,173,.!frame.!entry
demo_session_01,28,1786094386.8678217,move,310,166,.!frame.!entry
demo_session_01,28,1786094386.9178216,move,305,170,.!frame.!entry
demo_session_01,28,1786094386.9678216,move,308,183,.!frame.!entry
demo_session_01,28,1786094387.0178216,move,304,174,.!frame.!entry
demo_session_01,28,1786094387.0678215,move,301,178,.!frame.!entry
demo_session_01,28,1786094387.1178215,move,310,168,.!frame.!entry
demo_session_01,28,1786094387.1678214,move,338,192,.!frame.!entry
demo_session_01,28,1786094387.2178214,move,316,175,.!frame.!entry
demo_session_01,28,1786094387.2678213,move,305,174,.!frame.!entry
demo_session_01,28,1786094387.3178213,move,309,176,.!frame.!entry
demo_session_01,28,1786094387.3678212,move,315,190,.!frame.!entry
demo_session_01,28,1786094387.4178212,move,298,192,.!frame.!entry
demo_session_01,28,1786094387.4678211,move,309,181,.!frame.!entry
demo_session_01,28,1786094387.517821,move,295,193,.!frame.!entry
demo_session_01,28,1786094387.567821,move,314,166,.!frame.!entry
demo_session_01,28,1786094387.617821,move,298,179,.!frame.!entry
demo_session_01,28,1786094387.667821,move,322,186,.!frame.!entry
demo_session_01,28,1786094387.717821,move,319,179,.!frame.!entry
demo_session_01,28,1786094387.7678208,move,323,187,.!frame.!entry
demo_session_01,28,1786094387.8178208,move,311,191,.!frame.!entry
demo_session_01,28,1786094387.8678207,move,325,190,.!frame.!entry
demo_session_01,28,1786094387.9178207,move,324,181,.!frame.!entry
demo_session_01,28,1786094387.9678206,move,305,206,.!frame.!entry
demo_session_01,28,1786094388.0178206,move,301,180,.!frame.!entry
demo_session_01,28,1786094388.0678205,move,329,195,.!frame.!entry
demo_session_01,28,1786094388.1178205,move,326,200,.!frame.!entry
demo_session_01,28,1786094388.1678205,move,319,188,.!frame.!entry
demo_session_01,28,1786094388.2178204,move,306,199,.!frame.!entry
demo_session_01,28,1786094388.2678204,move,309,188,.!frame.!entry
demo_session_01,28,1786094388.3178203,move,317,196,.!frame.!entry
demo_session_01,28,1786094388.3678203,move,322,212,.!frame.!entry
demo_session_01,28,1786094388.4178202,move,302,199,.!frame.!entry
demo_session_01,28,1786094388.4678202,move,321,191,.!frame.!entry
demo_session_01,28,1786094388.5178201,move,325,222,.!frame.!entry
demo_session_01,28,1786094388.56782,move,325,209,.!frame.!entry
demo_session_01,28,1786094388.61782,move,337,204,.!frame.!entry
demo_session_01,28,1786094388.66782,move,328,206,.!frame.!entry
demo_session_01,28,1786094388.71782,move,313,215,.!frame.!entry
demo_session_01,28,1786094388.76782,move,301,210,.!frame.!entry
demo_session_01,28,1786094388.8178198,move,319,211,.!frame.!entry
demo_session_01,28,1786094388.8678198,move,322,210,.!frame.!entry
demo_session_01,28,1786094388.9178197,move,332,218,.!frame.!entry
demo_session_01,28,1786094388.9678197,move,330,209,.!frame.!entry
demo_session_01,28,1786094389.0178196,move,326,203,.!frame.!entry
demo_session_01,28,1786094389.0678196,move,325,224,.!frame.!entry
demo_session_01,28,1786094389.1178195,move,333,231,.!frame.!entry
demo_session_01,28,1786094389.1678195,move,326,225,.!frame.!entry
demo_session_01,28,1786094389.2178195,move,322,230,.!frame.!entry
demo_session_01,28,1786094389.2678194,move,312,228,.!frame.!entry
demo_session_01,28,1786094389.3178194,move,332,235,.!frame.!entry
demo_session_01,28,1786094389.3678193,move,310,244,.!frame.!entry
demo_session_01,28,1786094389.4178193,move,325,218,.!frame.!entry
demo_session_01,28,1786094389.4678192,move,324,233,.!frame.!entry
demo_session_01,28,1786094389.5178192,move,318,231,.!frame.!entry
demo_session_01,28,1786094389.567819,move,312,232,.!frame.!entry
demo_session_01,28,1786094389.617819,move,321,228,.!frame.!entry
demo_session_01,28,1786094389.667819,move,316,241,.!frame.!entry
demo_session_01,28,1786094389.717819,move,321,224,.!frame.!entry
demo_session_01,28,1786094389.767819,move,331,231,.!frame.!entry
demo_session_01,28,1786094389.8178189,move,322,238,.!frame.!entry
demo_session_01,28,1786094389.8678188,move,331,246,.!frame.!entry
demo_session_01,28,1786094389.9178188,move,308,216,.!frame.!entry
demo_session_01,28,1786094389.9678187,move,333,236,.!frame.!entry
demo_session_01,28,1786094390.0178187,move,323,259,.!frame.!entry
demo_session_01,28,1786094390.0678186,move,327,233,.!frame.!entry
demo_session_01,28,1786094390.1178186,move,338,238,.!frame.!entry
demo_session_01,28,1786094390.1678185,move,334,237,.!frame.!entry
demo_session_01,28,1786094390.2178185,move,326,256,.!frame.!entry
demo_session_01,28,1786094390.2678185,move,338,236,.!frame.!entry
demo_session_01,28,1786094390.3178184,move,328,243,.!frame.!entry
demo_session_01,28,1786094390.3678184,move,340,249,.!frame.!entry
demo_session_01,28,1786094390.4178183,move,340,233,.!frame.!entry
demo_session_01,28,1786094390.4678183,move,326,250,.!frame.!entry
demo_session_01,28,1786094390.5178182,move,324,244,.!frame.!entry
demo_session_01,28,1786094390.5678182,move,354,264,.!frame.!entry
demo_session_01,28,1786094390.617818,move,333,262,.!frame.!entry
demo_session_01,28,1786094390.667818,move,316,252,.!frame.!entry
demo_session_01,28,1786094390.717818,move,332,276,.!frame.!entry
demo_session_01,28,1786094390.767818,move,341,266,.!frame.!entry
demo_session_01,28,1786094390.817818,move,336,274,.!frame.!entry
demo_session_01,28,1786094390.8678179,move,328,263,.!frame.!entry
demo_session_01,28,1786094390.9178178,move,337,263,.!frame.!entry
demo_session_01,28,1786094390.9678178,move,336,272,.!frame.!entry
demo_session_01,28,1786094391.0178177,move,338,265,.!frame.!entry
demo_session_01,28,1786094391.0678177,move,327,274,.!frame.!button
demo_session_01,28,1786094391.1178176,move,333,274,.!frame.!button
demo_session_01,28,1786094391.1678176,move,334,286,.!frame.!button
demo_session_01,28,1786094391.2178175,move,351,255,.!frame.!button
demo_session_01,28,1786094391.2678175,move,339,285,.!frame.!button
demo_session_01,28,1786094391.3178174,move,333,276,.!frame.!button
demo_session_01,28,1786094391.3678174,move,337,267,.!frame.!button
demo_session_01,28,1786094391.4178174,move,349,274,.!frame.!button
demo_session_01,28,1786094391.4678173,move,325,283,.!frame.!button
demo_session_01,28,1786094391.5178173,move,339,281,.!frame.!button
demo_session_01,28,1786094391.5678172,move,351,289,.!frame.!button
demo_session_01,28,1786094391.6178172,move,343,282,.!frame.!button
demo_session_01,28,1786094391.667817,move,335,289,.!frame.!button
demo_session_01,28,1786094391.717817,move,337,286,.!frame.!button
demo_session_01,28,1786094391.767817,move,339,301,.!frame.!button
demo_session_01,28,1786094391.817817,move,326,278,.!frame.!button
demo_session_01,28,1786094391.867817,move,330,289,.!frame.!button
demo_session_01,28,1786094391.9178169,move,334,272,.!frame.!button
demo_session_01,28,1786094391.9678168,move,335,279,.!frame.!button
demo_session_01,28,1786094392.0178168,move,353,295,.!frame.!button
demo_session_01,28,1786094392.0678167,move,328,296,.!frame.!button
demo_session_01,28,1786094392.1178167,move,349,296,.!frame.!button
demo_session_01,28,1786094392.1678166,move,348,297,.!frame.!button
demo_session_01,28,1786094392.2178166,move,341,300,.!frame.!button
demo_session_01,28,1786094392.2678165,move,350,308,.!frame.!button
demo_session_01,28,1786094392.3178165,move,360,293,.!frame.!button
demo_session_01,28,1786094392.3678164,move,348,309,.!frame.!button
demo_session_01,28,1786094392.4178164,move,347,313,.!frame.!button
demo_session_01,28,1786094392.4678164,move,357,316,.!frame.!button
demo_session_01,28,1786094392.5178163,move,336,311,.!frame.!button
demo_session_01,28,1786094392.5678163,move,364,310,.!frame.!button
demo_session_01,28,1786094392.6178162,move,346,310,.!frame.!button
demo_session_01,28,1786094392.6678162,move,349,303,.!frame.!button
demo_session_01,28,1786094392.717816,move,347,302,.!frame.!button
demo_session_01,28,1786094392.767816,move,350,312,.!frame.!button
demo_session_01,28,1786094392.817816,move,351,325,.!frame.!button
demo_session_01,28,1786094392.867816,move,361,299,.!frame.!button
demo_session_01,28,1786094392.917816,move,370,304,.!frame.!button
demo_session_01,28,1786094392.9678159,move,347,327,.!frame.!button
demo_session_01,28,1786094393.0178158,move,347,333,.!frame.!button
demo_session_01,28,1786094393.0678158,move,352,318,.!frame.!button
demo_session_01,28,1786094393.1662223,click,354,324,.!frame.!button
demo_session_01,29,1786094404.9338307,move,315,335,.!frame.!entry
demo_session_01,29,1786094404.9838307,move,311,353,.!frame.!entry
demo_session_01,29,1786094405.0338306,move,302,331,.!frame.!entry
demo_session_01,29,1786094405.0838306,move,304,329,.!frame.!entry
demo_session_01,29,1786094405.1338305,move,321,348,.!frame.!entry
demo_session_01,29,1786094405.1838305,move,298,330,.!frame.!entry
demo_session_01,29,1786094405.2338305,move,325,340,.!frame.!entry
demo_session_01,29,1786094405.2838304,move,318,355,.!frame.!entry
demo_session_01,29,1786094405.3338304,move,327,329,.!frame.!entry
demo_session_01,29,1786094405.3838303,move,329,342,.!frame.!entry
demo_session_01,29,1786094405.4338303,move,328,348,.!frame.!entry
demo_session_01,29,1786094405.4838302,move,312,322,.!frame.!entry
demo_session_01,29,1786094405.5338302,move,320,348,.!frame.!entry
demo_session_01,29,1786094405.58383,move,318,330,.!frame.!entry
demo_session_01,29,1786094405.63383,move,321,339,.!frame.!entry
demo_session_01,29,1786094405.68383,move,311,333,.!frame.!entry
demo_session_01,29,1786094405.73383,move,314,343,.!frame.!entry
demo_session_01,29,1786094405.78383,move,324,333,.!frame.!entry
demo_session_01,29,1786094405.8338299,move,312,337,.!frame.!entry
demo_session_01,29,1786094405.8838298,move,318,331,.!frame.!entry
demo_session_01,29,1786094405.9338298,move,306,343,.!frame.!entry
demo_session_01,29,1786094405.9838297,move,319,342,.!frame.!entry
demo_session_01,29,1786094406.0338297,move,302,339,.!frame.!entry
demo_session_01,29,1786094406.0838296,move,326,334,.!frame.!entry
demo_session_01,29,1786094406.1338296,move,332,340,.!frame.!entry
demo_session_01,29,1786094406.1838295,move,336,343,.!frame.!entry
demo_session_01,29,1786094406.2338295,move,320,330,.!frame.!entry
demo_session_01,29,1786094406.2838295,move,331,333,.!frame.!entry
demo_session_01,29,1786094406.3338294,move,324,328,.!frame.!entry
demo_session_01,29,1786094406.3838294,move,323,331,.!frame.!entry
demo_session_01,29,1786094406.4338293,move,325,324,.!frame.!entry
demo_session_01,29,1786094406.4838293,move,319,337,.!frame.!entry
demo_session_01,29,1786094406.5338292,move,319,352,.!frame.!entry
demo_session_01,29,1786094406.5838292,move,325,324,.!frame.!entry
demo_session_01,29,1786094406.633829,move,328,332,.!frame.!entry
demo_session_01,29,1786094406.683829,move,338,334,.!frame.!entry
demo_session_01,29,1786094406.733829,move,339,329,.!frame.!entry
demo_session_01,29,1786094406.783829,move,332,325,.!frame.!entry
demo_session_01,29,1786094406.833829,move,313,336,.!frame.!entry
demo_session_01,29,1786094406.8838289,move,332,330,.!frame.!entry
demo_session_01,29,1786094406.9338288,move,323,339,.!frame.!entry
demo_session_01,29,1786094406.9838288,move,328,334,.!frame.!entry
demo_session_01,29,1786094407.0338287,move,328,336,.!frame.!entry
demo_session_01,29,1786094407.0838287,move,324,331,.!frame.!entry
demo_session_01,29,1786094407.1338286,move,333,341,.!frame.!entry
demo_session_01,29,1786094407.1838286,move,328,336,.!frame.!entry
demo_session_01,29,1786094407.2338285,move,321,329,.!frame.!entry
demo_session_01,29,1786094407.2838285,move,335,341,.!frame.!entry
demo_session_01,29,1786094407.3338284,move,330,319,.!frame.!entry
demo_session_01,29,1786094407.3838284,move,342,327,.!frame.!entry
demo_session_01,29,1786094407.4338284,move,321,320,.!frame.!entry
demo_session_01,29,1786094407.4838283,move,324,320,.!frame.!entry
demo_session_01,29,1786094407.5338283,move,337,319,.!frame.!entry
demo_session_01,29,1786094407.5838282,move,340,342,.!frame.!entry
demo_session_01,29,1786094407.6338282,move,328,317,.!frame.!entry
demo_session_01,29,1786094407.683828,move,341,333,.!frame.!entry
demo_session_01,29,1786094407.733828,move,333,334,.!frame.!entry
demo_session_01,29,1786094407.783828,move,326,333,.!frame.!entry
demo_session_01,29,1786094407.833828,move,330,336,.!frame.!entry
demo_session_01,29,1786094407.883828,move,340,324,.!frame.!entry
demo_session_01,29,1786094407.9338279,move,343,336,.!frame.!entry
demo_session_01,29,1786094407.9838278,move,327,313,.!frame.!entry
demo_session_01,29,1786094408.0338278,move,334,323,.!frame.!entry
demo_session_01,29,1786094408.0838277,move,338,336,.!frame.!entry
demo_session_01,29,1786094408.1338277,move,341,322,.!frame.!entry
demo_session_01,29,1786094408.1838276,move,334,318,.!frame.!entry
demo_session_01,29,1786094408.2338276,move,334,323,.!frame.!entry
demo_session_01,29,1786094408.2838275,move,353,325,.!frame.!button
demo_session_01,29,1786094408.3338275,move,336,308,.!frame.!button
demo_session_01,29,1786094408.3838274,move,337,322,.!frame.!button
demo_session_01,29,1786094408.4338274,move,338,319,.!frame.!button
demo_session_01,29,1786094408.4838274,move,338,323,.!frame.!button
demo_session_01,29,1786094408.5338273,move,338,331,.!frame.!button
demo_session_01,29,1786094408.5838273,move,349,326,.!frame.!button
demo_session_01,29,1786094408.6338272,move,352,332,.!frame.!button
demo_session_01,29,1786094408.6838272,move,339,311,.!frame.!button
demo_session_01,29,1786094408.733827,move,349,310,.!frame.!button
demo_session_01,29,1786094408.783827,move,330,326,.!frame.!button
demo_session_01,29,1786094408.833827,move,346,330,.!frame.!button
demo_session_01,29,1786094408.883827,move,333,328,.!frame.!button
demo_session_01,29,1786094408.933827,move,345,333,.!frame.!button
demo_session_01,29,1786094408.9838269,move,338,316,.!frame.!button
demo_session_01,29,1786094409.0338268,move,353,326,.!frame.!button
demo_session_01,29,1786094409.0838268,move,359,319,.!frame.!button
demo_session_01,29,1786094409.1338267,move,347,313,.!frame.!button
demo_session_01,29,1786094409.1838267,move,345,314,.!frame.!button
demo_session_01,29,1786094409.2338266,move,348,323,.!frame.!button
demo_session_01,29,1786094409.2838266,move,342,324,.!frame.!button
demo_session_01,29,1786094409.3338265,move,345,322,.!frame.!button
demo_session_01,29,1786094409.3838265,move,351,327,.!frame.!button
demo_session_01,29,1786094409.4338264,move,339,315,.!frame.!button
demo_session_01,29,1786094409.4838264,move,353,312,.!frame.!button
demo_session_01,29,1786094409.5338264,move,341,327,.!frame.!button
demo_session_01,29,1786094409.5838263,move,350,318,.!frame.!button
demo_session_01,29,1786094409.6338263,move,336,323,.!frame.!button
demo_session_01,29,1786094409.6838262,move,339,319,.!frame.!button
demo_session_01,29,1786094409.7681317,click,340,310,.!frame.!button
demo_session_01,30,1786094409.7681317,move,94,119,.!frame.!entry
demo_session_01,30,1786094409.8181317,move,112,91,.!frame.!entry
demo_session_01,30,1786094409.8681316,move,101,116,.!frame.!entry
demo_session_01,30,1786094409.9181316,move,101,111,.!frame.!entry
demo_session_01,30,1786094409.9681315,move,127,103,.!frame.!entry
demo_session_01,30,1786094410.0181315,move,125,112,.!frame.!entry
demo_session_01,30,1786094410.0681314,move,121,116,.!frame.!entry
demo_session_01,30,1786094410.1181314,move,126,120,.!frame.!entry
demo_session_01,30,1786094410.1681314,move,127,135,.!frame.!entry
demo_session_01,30,1786094410.2181313,move,130,107,.!frame.!entry
demo_session_01,30,1786094410.2681313,move,107,127,.!frame.!entry
demo_session_01,30,1786094410.3181312,move,118,131,.!frame.!entry
demo_session_01,30,1786094410.3681312,move,155,118,.!frame.!entry
demo_session_01,30,1786094410.418131,move,121,124,.!frame.!entry
demo_session_01,30,1786094410.468131,move,130,132,.!frame.!entry
demo_session_01,30,1786094410.518131,move,144,123,.!frame.!entry
demo_session_01,30,1786094410.568131,move,134,126,.!frame.!entry
demo_session_01,30,1786094410.618131,move,134,141,.!frame.!entry
demo_session_01,30,1786094410.6681309,move,145,141,.!frame.!entry
demo_session_01,30,1786094410.7181308,move,153,139,.!frame.!entry
demo_session_01,30,1786094410.7681308,move,164,136,.!frame.!entry
demo_session_01,30,1786094410.8181307,move,151,130,.!frame.!entry
demo_session_01,30,1786094410.8681307,move,163,129,.!frame.!entry
demo_session_01,30,1786094410.9181306,move,143,148,.!frame.!entry
demo_session_01,30,1786094410.9681306,move,140,135,.!frame.!entry
demo_session_01,30,1786094411.0181305,move,166,137,.!frame.!entry
demo_session_01,30,1786094411.0681305,move,150,161,.!frame.!entry
demo_session_01,30,1786094411.1181304,move,145,165,.!frame.!entry
demo_session_01,30,1786094411.1681304,move,171,145,.!frame.!entry
demo_session_01,30,1786094411.2181304,move,173,139,.!frame.!entry
demo_session_01,30,1786094411.2681303,move,154,143,.!frame.!entry
demo_session_01,30,1786094411.3181303,move,167,160,.!frame.!entry
demo_session_01,30,1786094411.3681302,move,164,171,.!frame.!entry
demo_session_01,30,1786094411.4181302,move,168,158,.!frame.!entry
demo_session_01,30,1786094411.46813,move,157,160,.!frame.!entry
demo_session_01,30,1786094411.51813,move,192,169,.!frame.!entry
demo_session_01,30,1786094411.56813,move,167,161,.!frame.!entry
demo_session_01,30,1786094411.61813,move,175,166,.!frame.!entry
demo_session_01,30,1786094411.66813,move,166,162,.!frame.!entry
demo_session_01,30,1786094411.7181299,move,157,164,.!frame.!entry
demo_session_01,30,1786094411.7681298,move,174,172,.!frame.!entry
demo_session_01,30,1786094411.8181298,move,186,167,.!frame.!entry
demo_session_01,30,1786094411.8681297,move,186,174,.!frame.!entry
demo_session_01,30,1786094411.9181297,move,180,158,.!frame.!entry
demo_session_01,30,1786094411.9681296,move,192,172,.!frame.!entry
demo_session_01,30,1786094412.0181296,move,188,185,.!frame.!entry
demo_session_01,30,1786094412.0681295,move,191,170,.!frame.!entry
demo_session_01,30,1786094412.1181295,move,184,188,.!frame.!entry
demo_session_01,30,1786094412.1681294,move,197,175,.!frame.!entry
demo_session_01,30,1786094412.2181294,move,209,180,.!frame.!entry
demo_session_01,30,1786094412.2681293,move,193,170,.!frame.!entry
demo_session_01,30,1786094412.3181293,move,199,166,.!frame.!entry
demo_session_01,30,1786094412.3681293,move,197,181,.!frame.!entry
demo_session_01,30,1786094412.4181292,move,213,198,.!frame.!entry
demo_session_01,30,1786094412.4681292,move,214,193,.!frame.!entry
demo_session_01,30,1786094412.518129,move,221,215,.!frame.!entry
demo_session_01,30,1786094412.568129,move,200,208,.!frame.!entry
demo_session_01,30,1786094412.618129,move,202,203,.!frame.!entry
demo_session_01,30,1786094412.668129,move,223,198,.!frame.!entry
demo_session_01,30,1786094412.718129,move,216,215,.!frame.!entry
demo_session_01,30,1786094412.7681289,move,216,210,.!frame.!entry
demo_session_01,30,1786094412.8181288,move,218,202,.!frame.!entry
demo_session_01,30,1786094412.8681288,move,231,195,.!frame.!entry
demo_session_01,30,1786094412.9181287,move,222,221,.!frame.!entry
demo_session_01,30,1786094412.9681287,move,233,239,.!frame.!entry
demo_session_01,30,1786094413.0181286,move,239,224,.!frame.!entry
demo_session_01,30,1786094413.0681286,move,250,212,.!frame.!entry
demo_session_01,30,1786094413.1181285,move,229,211,.!frame.!entry
demo_session_01,30,1786094413.1681285,move,233,200,.!frame.!entry
demo_session_01,30,1786094413.2181284,move,239,224,.!frame.!entry
demo_session_01,30,1786094413.2681284,move,242,222,.!frame.!entry
demo_session_01,30,1786094413.3181283,move,246,209,.!frame.!entry
demo_session_01,30,1786094413.3681283,move,246,214,.!frame.!entry
demo_session_01,30,1786094413.4181283,move,259,220,.!frame.!entry
demo_session_01,30,1786094413.4681282,move,235,226,.!frame.!entry
demo_session_01,30,1786094413.5181282,move,257,208,.!frame.!entry
demo_session_01,30,1786094413.568128,move,253,224,.!frame.!entry
demo_session_01,30,1786094413.618128,move,242,226,.!frame.!entry
demo_session_01,30,1786094413.668128,move,282,245,.!frame.!entry
demo_session_01,30,1786094413.718128,move,254,235,.!frame.!entry
demo_session_01,30,1786094413.768128,move,268,246,.!frame.!entry
demo_session_01,30,1786094413.8181279,move,247,223,.!frame.!entry
demo_session_01,30,1786094413.8681278,move,265,240,.!frame.!entry
demo_session_01,30,1786094413.9181278,move,272,247,.!frame.!entry
demo_session_01,30,1786094413.9681277,move,255,233,.!frame.!entry
demo_session_01,30,1786094414.0181277,move,278,246,.!frame.!entry
demo_session_01,30,1786094414.0681276,move,256,230,.!frame.!entry
demo_session_01,30,1786094414.1181276,move,266,238,.!frame.!entry
demo_session_01,30,1786094414.1681275,move,273,253,.!frame.!entry
demo_session_01,30,1786094414.2181275,move,284,253,.!frame.!entry
demo_session_01,30,1786094414.2681274,move,274,250,.!frame.!entry
demo_session_01,30,1786094414.3181274,move,281,249,.!frame.!button
demo_session_01,30,1786094414.3681273,move,285,251,.!frame.!button
demo_session_01,30,1786094414.4181273,move,276,255,.!frame.!button
demo_session_01,30,1786094414.4681273,move,276,254,.!frame.!button
demo_session_01,30,1786094414.5181272,move,274,256,.!frame.!button
demo_session_01,30,1786094414.5681272,move,280,256,.!frame.!button
demo_session_01,30,1786094414.618127,move,279,276,.!frame.!button
demo_session_01,30,1786094414.668127,move,280,280,.!frame.!button
demo_session_01,30,1786094414.718127,move,290,267,.!frame.!button
demo_session_01,30,1786094414.768127,move,279,273,.!frame.!button
demo_session_01,30,1786094414.818127,move,295,275,.!frame.!button
demo_session_01,30,1786094414.8681269,move,295,267,.!frame.!button
demo_session_01,30,1786094414.9181268,move,312,282,.!frame.!button
demo_session_01,30,1786094414.9681268,move,317,264,.!frame.!button
demo_session_01,30,1786094415.0181267,move,323,283,.!frame.!button
demo_session_01,30,1786094415.0681267,move,309,293,.!frame.!button
demo_session_01,30,1786094415.1181266,move,302,280,.!frame.!button
demo_session_01,30,1786094415.1681266,move,299,279,.!frame.!button
demo_session_01,30,1786094415.2181265,move,318,290,.!frame.!button
demo_session_01,30,1786094415.2681265,move,317,291,.!frame.!button
demo_session_01,30,1786094415.3181264,move,328,293,.!frame.!button
demo_session_01,30,1786094415.3681264,move,327,301,.!frame.!button
demo_session_01,30,1786094415.4181263,move,304,301,.!frame.!button
demo_session_01,30,1786094415.4681263,move,321,290,.!frame.!button
demo_session_01,30,1786094415.5181262,move,314,303,.!frame.!button
demo_session_01,30,1786094415.5681262,move,330,286,.!frame.!button
demo_session_01,30,1786094415.6181262,move,311,296,.!frame.!button
demo_session_01,30,1786094415.668126,move,329,292,.!frame.!button
demo_session_01,30,1786094415.718126,move,323,303,.!frame.!button
demo_session_01,30,1786094415.768126,move,345,307,.!frame.!button
demo_session_01,30,1786094415.818126,move,335,307,.!frame.!button
demo_session_01,30,1786094415.868126,move,346,307,.!frame.!button
demo_session_01,30,1786094415.9181259,move,333,307,.!frame.!button
demo_session_01,30,1786094415.9681258,move,349,303,.!frame.!button
demo_session_01,30,1786094416.0181258,move,346,290,.!frame.!button
demo_session_01,30,1786094416.0681257,move,346,300,.!frame.!button
demo_session_01,30,1786094416.1181257,move,351,301,.!frame.!button
demo_session_01,30,1786094416.1681256,move,350,315,.!frame.!button
demo_session_01,30,1786094416.2181256,move,349,331,.!frame.!button
demo_session_01,30,1786094416.2681255,move,357,326,.!frame.!button
demo_session_01,30,1786094416.3232028,click,345,315,.!frame.!button
demo_session_01,31,1786094424.1085978,move,187,188,.!frame.!entry
demo_session_01,31,1786094424.1585977,move,202,211,.!frame.!entry
demo_session_01,31,1786094424.2085977,move,201,189,.!frame.!entry
demo_session_01,31,1786094424.2585976,move,176,180,.!frame.!entry
demo_session_01,31,1786094424.3085976,move,187,190,.!frame.!entry
demo_session_01,31,1786094424.3585975,move,191,190,.!frame.!entry
demo_session_01,31,1786094424.4085975,move,193,209,.!frame.!entry
demo_session_01,31,1786094424.4585974,move,199,199,.!frame.!entry
demo_session_01,31,1786094424.5085974,move,192,191,.!frame.!entry
demo_session_01,31,1786094424.5585973,move,200,201,.!frame.!entry
demo_session_01,31,1786094424.6085973,move,194,192,.!frame.!entry
demo_session_01,31,1786094424.6585972,move,196,217,.!frame.!entry
demo_session_01,31,1786094424.7085972,move,223,219,.!frame.!entry
demo_session_01,31,1786094424.7585971,move,206,206,.!frame.!entry
demo_session_01,31,1786094424.808597,move,219,205,.!frame.!entry
demo_session_01,31,1786094424.858597,move,208,216,.!frame.!entry
demo_session_01,31,1786094424.908597,move,223,207,.!frame.!entry
demo_session_01,31,1786094424.958597,move,216,215,.!frame.!entry
demo_session_01,31,1786094425.008597,move,211,198,.!frame.!entry
demo_session_01,31,1786094425.0585968,move,210,192,.!frame.!entry
demo_session_01,31,1786094425.1085968,move,206,207,.!frame.!entry
demo_session_01,31,1786094425.1585968,move,233,205,.!frame.!entry
demo_session_01,31,1786094425.2085967,move,216,232,.!frame.!entry
demo_session_01,31,1786094425.2585967,move,231,209,.!frame.!entry
demo_session_01,31,1786094425.3085966,move,228,208,.!frame.!entry
demo_session_01,31,1786094425.3585966,move,221,223,.!frame.!entry
demo_session_01,31,1786094425.4085965,move,234,215,.!frame.!entry
demo_session_01,31,1786094425.4585965,move,218,226,.!frame.!entry
demo_session_01,31,1786094425.5085964,move,234,219,.!frame.!entry
demo_session_01,31,1786094425.5585964,move,240,207,.!frame.!entry
demo_session_01,31,1786094425.6085963,move,235,213,.!frame.!entry
demo_session_01,31,1786094425.6585963,move,229,207,.!frame.!entry
demo_session_01,31,1786094425.7085962,move,226,216,.!frame.!entry
demo_session_01,31,1786094425.7585962,move,216,226,.!frame.!entry
demo_session_01,31,1786094425.8085961,move,215,217,.!frame.!entry
demo_session_01,31,1786094425.858596,move,224,231,.!frame.!entry
demo_session_01,31,1786094425.908596,move,224,222,.!frame.!entry
demo_session_01,31,1786094425.958596,move,238,222,.!frame.!entry
demo_session_01,31,1786094426.008596,move,235,231,.!frame.!entry
demo_session_01,31,1786094426.058596,move,249,248,.!frame.!entry
demo_session_01,31,1786094426.1085958,move,256,227,.!frame.!entry
demo_session_01,31,1786094426.1585958,move,234,235,.!frame.!entry
demo_session_01,31,1786094426.2085958,move,224,230,.!frame.!entry
demo_session_01,31,1786094426.2585957,move,229,234,.!frame.!entry
demo_session_01,31,1786094426.3085957,move,244,228,.!frame.!entry
demo_session_01,31,1786094426.3585956,move,229,227,.!frame.!entry
demo_session_01,31,1786094426.4085956,move,222,214,.!frame.!entry
demo_session_01,31,1786094426.4585955,move,241,219,.!frame.!entry
demo_session_01,31,1786094426.5085955,move,236,235,.!frame.!entry
demo_session_01,31,1786094426.5585954,move,241,229,.!frame.!entry
demo_session_01,31,1786094426.6085954,move,252,233,.!frame.!entry
demo_session_01,31,1786094426.6585953,move,252,242,.!frame.!entry
demo_session_01,31,1786094426.7085953,move,245,230,.!frame.!entry
demo_session_01,31,1786094426.7585952,move,253,236,.!frame.!entry
demo_session_01,31,1786094426.8085952,move,266,242,.!frame.!entry
demo_session_01,31,1786094426.8585951,move,251,234,.!frame.!entry
demo_session_01,31,1786094426.908595,move,254,231,.!frame.!entry
demo_session_01,31,1786094426.958595,move,251,246,.!frame.!entry
demo_session_01,31,1786094427.008595,move,250,240,.!frame.!entry
demo_session_01,31,1786094427.058595,move,234,241,.!frame.!entry
demo_session_01,31,1786094427.108595,move,255,242,.!frame.!entry
demo_session_01,31,1786094427.1585948,move,260,251,.!frame.!entry
demo_session_01,31,1786094427.2085948,move,274,254,.!frame.!entry
demo_session_01,31,1786094427.2585948,move,257,251,.!frame.!entry
demo_session_01,31,1786094427.3085947,move,263,257,.!frame.!entry
demo_session_01,31,1786094427.3585947,move,266,261,.!frame.!entry
demo_session_01,31,1786094427.4085946,move,272,240,.!frame.!entry
demo_session_01,31,1786094427.4585946,move,266,231,.!frame.!entry
demo_session_01,31,1786094427.5085945,move,277,259,.!frame.!entry
demo_session_01,31,1786094427.5585945,move,275,262,.!frame.!entry
demo_session_01,31,1786094427.6085944,move,271,271,.!frame.!entry
demo_session_01,31,1786094427.6585944,move,269,257,.!frame.!entry
demo_session_01,31,1786094427.7085943,move,272,254,.!frame.!entry
demo_session_01,31,1786094427.7585943,move,261,270,.!frame.!entry
demo_session_01,31,1786094427.8085942,move,258,248,.!frame.!entry
demo_session_01,31,1786094427.8585942,move,277,251,.!frame.!entry
demo_session_01,31,1786094427.9085941,move,284,254,.!frame.!entry
demo_session_01,31,1786094427.958594,move,281,250,.!frame.!entry
demo_session_01,31,1786094428.008594,move,266,275,.!frame.!entry
demo_session_01,31,1786094428.058594,move,279,257,.!frame.!entry
demo_session_01,31,1786094428.108594,move,280,268,.!frame.!entry
demo_session_01,31,1786094428.158594,move,278,245,.!frame.!entry
demo_session_01,31,1786094428.2085938,move,271,266,.!frame.!entry
demo_session_01,31,1786094428.2585938,move,292,263,.!frame.!entry
demo_session_01,31,1786094428.3085938,move,282,270,.!frame.!entry
demo_session_01,31,1786094428.3585937,move,271,278,.!frame.!entry
demo_session_01,31,1786094428.4085937,move,298,270,.!frame.!entry
demo_session_01,31,1786094428.4585936,move,273,266,.!frame.!entry
demo_session_01,31,1786094428.5085936,move,291,286,.!frame.!entry
demo_session_01,31,1786094428.5585935,move,300,281,.!frame.!entry
demo_session_01,31,1786094428.6085935,move,295,267,.!frame.!entry
demo_session_01,31,1786094428.6585934,move,293,281,.!frame.!entry
demo_session_01,31,1786094428.7085934,move,285,271,.!frame.!entry
demo_session_01,31,1786094428.7585933,move,295,246,.!frame.!entry
demo_session_01,31,1786094428.8085933,move,313,274,.!frame.!entry
demo_session_01,31,1786094428.8585932,move,298,279,.!frame.!entry
demo_session_01,31,1786094428.9085932,move,311,266,.!frame.!entry
demo_session_01,31,1786094428.9585931,move,283,288,.!frame.!entry
demo_session_01,31,1786094429.008593,move,311,265,.!frame.!entry
demo_session_01,31,1786094429.058593,move,290,278,.!frame.!entry
demo_session_01,31,1786094429.108593,move,304,277,.!frame.!entry
demo_session_01,31,1786094429.158593,move,311,280,.!frame.!button
demo_session_01,31,1786094429.208593,move,308,280,.!frame.!button
demo_session_01,31,1786094429.2585928,move,300,286,.!frame.!button
demo_session_01,31,1786094429.3085928,move,319,275,.!frame.!button
demo_session_01,31,1786094429.3585927,move,311,295,.!frame.!button
demo_session_01,31,1786094429.4085927,move,320,278,.!frame.!button
demo_session_01,31,1786094429.4585927,move,311,299,.!frame.!button
demo_session_01,31,1786094429.5085926,move,312,279,.!frame.!button
demo_session_01,31,1786094429.5585926,move,297,304,.!frame.!button
demo_session_01,31,1786094429.6085925,move,318,295,.!frame.!button
demo_session_01,31,1786094429.6585925,move,319,300,.!frame.!button
demo_session_01,31,1786094429.7085924,move,305,294,.!frame.!button
demo_session_01,31,1786094429.7585924,move,296,288,.!frame.!button
demo_session_01,31,1786094429.8085923,move,311,304,.!frame.!button
demo_session_01,31,1786094429.8585923,move,323,294,.!frame.!button
demo_session_01,31,1786094429.9085922,move,321,295,.!frame.!button
demo_session_01,31,1786094429.9585922,move,321,277,.!frame.!button
demo_session_01,31,1786094430.0085921,move,331,300,.!frame.!button
demo_session_01,31,1786094430.058592,move,332,306,.!frame.!button
demo_session_01,31,1786094430.108592,move,321,291,.!frame.!button
demo_session_01,31,1786094430.158592,move,325,309,.!frame.!button
demo_session_01,31,1786094430.208592,move,323,300,.!frame.!button
demo_session_01,31,1786094430.258592,move,326,300,.!frame.!button
demo_session_01,31,1786094430.3085918,move,328,293,.!frame.!button
demo_session_01,31,1786094430.3585918,move,348,312,.!frame.!button
demo_session_01,31,1786094430.4085917,move,361,299,.!frame.!button
demo_session_01,31,1786094430.4585917,move,337,313,.!frame.!button
demo_session_01,31,1786094430.5085917,move,341,314,.!frame.!button
demo_session_01,31,1786094430.5585916,move,314,306,.!frame.!button
demo_session_01,31,1786094430.6085916,move,316,300,.!frame.!button
demo_session_01,31,1786094430.6585915,move,327,309,.!frame.!button
demo_session_01,31,1786094430.7085915,move,337,319,.!frame.!button
demo_session_01,31,1786094430.7585914,move,321,315,.!frame.!button
demo_session_01,31,1786094430.8085914,move,341,309,.!frame.!button
demo_session_01,31,1786094430.8585913,move,345,318,.!frame.!button
demo_session_01,31,1786094430.9085913,move,343,309,.!frame.!button
demo_session_01,31,1786094430.9585912,move,344,308,.!frame.!button
demo_session_01,31,1786094431.0085912,move,335,312,.!frame.!button
demo_session_01,31,1786094431.0585911,move,361,333,.!frame.!button
demo_session_01,31,1786094431.108591,move,347,312,.!frame.!button
demo_session_01,31,1786094431.158591,move,361,305,.!frame.!button
demo_session_01,31,1786094431.208591,move,357,313,.!frame.!button
demo_session_01,31,1786094431.258591,move,350,320,.!frame.!button
demo_session_01,31,1786094431.308591,move,353,319,.!frame.!button
demo_session_01,31,1786094431.3603463,click,347,317,.!frame.!button
demo_session_01,32,1786094431.3603463,move,584,211,.!frame.!entry
demo_session_01,32,1786094431.4103463,move,562,208,.!frame.!entry
demo_session_01,32,1786094431.4603462,move,575,214,.!frame.!entry
demo_session_01,32,1786094431.5103462,move,570,216,.!frame.!entry
demo_session_01,32,1786094431.5603461,move,564,209,.!frame.!entry
demo_session_01,32,1786094431.610346,move,570,238,.!frame.!entry
demo_session_01,32,1786094431.660346,move,574,215,.!frame.!entry
demo_session_01,32,1786094431.710346,move,560,227,.!frame.!entry
demo_session_01,32,1786094431.760346,move,561,232,.!frame.!entry
demo_session_01,32,1786094431.810346,move,574,238,.!frame.!entry
demo_session_01,32,1786094431.8603458,move,565,226,.!frame.!entry
demo_session_01,32,1786094431.9103458,move,570,214,.!frame.!entry
demo_session_01,32,1786094431.9603457,move,566,225,.!frame.!entry
demo_session_01,32,1786094432.0103457,move,548,225,.!frame.!entry
demo_session_01,32,1786094432.0603456,move,557,221,.!frame.!entry
demo_session_01,32,1786094432.1103456,move,554,231,.!frame.!entry
demo_session_01,32,1786094432.1603456,move,549,230,.!frame.!entry
demo_session_01,32,1786094432.2103455,move,543,222,.!frame.!entry
demo_session_01,32,1786094432.2603455,move,544,231,.!frame.!entry
demo_session_01,32,1786094432.3103454,move,549,242,.!frame.!entry
demo_session_01,32,1786094432.3603454,move,549,234,.!frame.!entry
demo_session_01,32,1786094432.4103453,move,560,225,.!frame.!entry
demo_session_01,32,1786094432.4603453,move,544,242,.!frame.!entry
demo_session_01,32,1786094432.5103452,move,529,248,.!frame.!entry
demo_session_01,32,1786094432.5603452,move,546,229,.!frame.!entry
demo_session_01,32,1786094432.6103451,move,548,231,.!frame.!entry
demo_session_01,32,1786094432.660345,move,533,221,.!frame.!entry
demo_session_01,32,1786094432.710345,move,531,229,.!frame.!entry
demo_session_01,32,1786094432.760345,move,529,243,.!frame.!entry
demo_session_01,32,1786094432.810345,move,524,234,.!frame.!entry
demo_session_01,32,1786094432.860345,move,522,233,.!frame.!entry
demo_session_01,32,1786094432.9103448,move,535,239,.!frame.!entry
demo_session_01,32,1786094432.9603448,move,520,245,.!frame.!entry
demo_session_01,32,1786094433.0103447,move,524,228,.!frame.!entry
demo_session_01,32,1786094433.0603447,move,522,237,.!frame.!entry
demo_session_01,32,1786094433.1103446,move,517,243,.!frame.!entry
demo_session_01,32,1786094433.1603446,move,523,240,.!frame.!entry
demo_session_01,32,1786094433.2103446,move,527,236,.!frame.!entry
demo_session_01,32,1786094433.2603445,move,509,253,.!frame.!entry
demo_session_01,32,1786094433.3103445,move,521,242,.!frame.!entry
demo_session_01,32,1786094433.3603444,move,513,232,.!frame.!entry
demo_session_01,32,1786094433.4103444,move,518,252,.!frame.!entry
demo_session_01,32,1786094433.4603443,move,502,244,.!frame.!entry
demo_session_01,32,1786094433.5103443,move,517,248,.!frame.!entry
demo_session_01,32,1786094433.5603442,move,495,256,.!frame.!entry
demo_session_01,32,1786094433.6103442,move,524,246,.!frame.!entry
demo_session_01,32,1786094433.6603441,move,499,251,.!frame.!entry
demo_session_01,32,1786094433.710344,move,501,235,.!frame.!entry
demo_session_01,32,1786094433.760344,move,500,255,.!frame.!entry
demo_session_01,32,1786094433.810344,move,490,247,.!frame.!entry
demo_session_01,32,1786094433.860344,move,492,248,.!frame.!entry
demo_session_01,32,1786094433.910344,move,499,269,.!frame.!entry
demo_session_01,32,1786094433.9603438,move,482,245,.!frame.!entry
demo_session_01,32,1786094434.0103438,move,478,248,.!frame.!entry
demo_session_01,32,1786094434.0603437,move,493,262,.!frame.!entry
demo_session_01,32,1786094434.1103437,move,485,260,.!frame.!entry
demo_session_01,32,1786094434.1603436,move,498,250,.!frame.!entry
demo_session_01,32,1786094434.2103436,move,480,241,.!frame.!entry
demo_session_01,32,1786094434.2603436,move,479,260,.!frame.!entry
demo_session_01,32,1786094434.3103435,move,481,250,.!frame.!entry
demo_session_01,32,1786094434.3603435,move,489,238,.!frame.!entry
demo_session_01,32,1786094434.4103434,move,482,257,.!frame.!entry
demo_session_01,32,1786094434.4603434,move,470,265,.!frame.!entry
demo_session_01,32,1786094434.5103433,move,480,257,.!frame.!entry
demo_session_01,32,1786094434.5603433,move,473,258,.!frame.!entry
demo_session_01,32,1786094434.6103432,move,480,265,.!frame.!entry
demo_session_01,32,1786094434.6603432,move,479,264,.!frame.!entry
demo_session_01,32,1786094434.7103431,move,459,265,.!frame.!entry
demo_session_01,32,1786094434.760343,move,472,277,.!frame.!entry
demo_session_01,32,1786094434.810343,move,451,281,.!frame.!entry
demo_session_01,32,1786094434.860343,move,457,268,.!frame.!entry
demo_session_01,32,1786094434.910343,move,462,272,.!frame.!entry
demo_session_01,32,1786094434.960343,move,466,270,.!frame.!entry
demo_session_01,32,1786094435.0103428,move,458,265,.!frame.!entry
demo_session_01,32,1786094435.0603428,move,471,275,.!frame.!entry
demo_session_01,32,1786094435.1103427,move,439,263,.!frame.!entry
demo_session_01,32,1786094435.1603427,move,450,281,.!frame.!entry
demo_session_01,32,1786094435.2103426,move,446,264,.!frame.!entry
demo_session_01,32,1786094435.2603426,move,429,280,.!frame.!entry
demo_session_01,32,1786094435.3103426,move,445,269,.!frame.!entry
demo_session_01,32,1786094435.3603425,move,435,272,.!frame.!entry
demo_session_01,32,1786094435.4103425,move,443,282,.!frame.!entry
demo_session_01,32,1786094435.4603424,move,438,280,.!frame.!entry
demo_session_01,32,1786094435.5103424,move,460,277,.!frame.!entry
demo_session_01,32,1786094435.5603423,move,450,275,.!frame.!entry
demo_session_01,32,1786094435.6103423,move,440,287,.!frame.!entry
demo_session_01,32,1786094435.6603422,move,450,276,.!frame.!entry
demo_session_01,32,1786094435.7103422,move,444,279,.!frame.!entry
demo_session_01,32,1786094435.7603421,move,439,278,.!frame.!entry
demo_session_01,32,1786094435.810342,move,419,291,.!frame.!entry
demo_session_01,32,1786094435.860342,move,428,278,.!frame.!entry
demo_session_01,32,1786094435.910342,move,434,279,.!frame.!entry
demo_session_01,32,1786094435.960342,move,427,273,.!frame.!entry
demo_session_01,32,1786094436.010342,move,444,266,.!frame.!entry
demo_session_01,32,1786094436.0603418,move,429,295,.!frame.!entry
demo_session_01,32,1786094436.1103418,move,421,275,.!frame.!entry
demo_session_01,32,1786094436.1603417,move,420,282,.!frame.!entry
demo_session_01,32,1786094436.2103417,move,414,271,.!frame.!entry
demo_session_01,32,1786094436.2603416,move,423,292,.!frame.!button
demo_session_01,32,1786094436.3103416,move,407,287,.!frame.!button
demo_session_01,32,1786094436.3603415,move,411,284,.!frame.!button
demo_session_01,32,1786094436.4103415,move,403,289,.!frame.!button
demo_session_01,32,1786094436.4603415,move,410,296,.!frame.!button
demo_session_01,32,1786094436.5103414,move,402,279,.!frame.!button
demo_session_01,32,1786094436.5603414,move,403,311,.!frame.!button
demo_session_01,32,1786094436.6103413,move,414,307,.!frame.!button
demo_session_01,32,1786094436.6603413,move,415,295,.!frame.!button
demo_session_01,32,1786094436.7103412,move,391,287,.!frame.!button
demo_session_01,32,1786094436.7603412,move,394,289,.!frame.!button
demo_session_01,32,1786094436.8103411,move,396,307,.!frame.!button
demo_session_01,32,1786094436.860341,move,396,308,.!frame.!button
demo_session_01,32,1786094436.910341,move,395,302,.!frame.!button
demo_session_01,32,1786094436.960341,move,398,269,.!frame.!button
demo_session_01,32,1786094437.010341,move,393,291,.!frame.!button
demo_session_01,32,1786094437.060341,move,394,282,.!frame.!button
demo_session_01,32,1786094437.1103408,move,375,298,.!frame.!button
demo_session_01,32,1786094437.1603408,move,391,300,.!frame.!button
demo_session_01,32,1786094437.2103407,move,374,292,.!frame.!button
demo_session_01,32,1786094437.2603407,move,399,305,.!frame.!button
demo_session_01,32,1786094437.3103406,move,387,295,.!frame.!button
demo_session_01,32,1786094437.3603406,move,375,307,.!frame.!button
demo_session_01,32,1786094437.4103405,move,391,305,.!frame.!button
demo_session_01,32,1786094437.4603405,move,374,292,.!frame.!button
demo_session_01,32,1786094437.5103405,move,376,295,.!frame.!button
demo_session_01,32,1786094437.5603404,move,369,287,.!frame.!button
demo_session_01,32,1786094437.6103404,move,374,313,.!frame.!button
demo_session_01,32,1786094437.6603403,move,374,312,.!frame.!button
demo_session_01,32,1786094437.7103403,move,366,313,.!frame.!button
demo_session_01,32,1786094437.7603402,move,370,303,.!frame.!button
demo_session_01,32,1786094437.8103402,move,377,318,.!frame.!button
demo_session_01,32,1786094437.86034,move,376,308,.!frame.!button
demo_session_01,32,1786094437.91034,move,377,331,.!frame.!button
demo_session_01,32,1786094437.96034,move,372,313,.!frame.!button
demo_session_01,32,1786094438.01034,move,356,311,.!frame.!button
demo_session_01,32,1786094438.06034,move,351,327,.!frame.!button
demo_session_01,32,1786094438.1103399,move,357,319,.!frame.!button
demo_session_01,32,1786094438.1603398,move,369,311,.!frame.!button
demo_session_01,32,1786094438.2103398,move,341,315,.!frame.!button
demo_session_01,32,1786094438.2603397,move,346,302,.!frame.!button
demo_session_01,32,1786094438.3103397,move,345,316,.!frame.!button
demo_session_01,32,1786094438.3603396,move,343,329,.!frame.!button
demo_session_01,32,1786094438.4246788,click,342,312,.!frame.!button
demo_session_01,33,1786094438.4246788,move,213,183,.!frame.!entry
demo_session_01,33,1786094438.4746788,move,218,206,.!frame.!entry
demo_session_01,33,1786094438.5246787,move,211,205,.!frame.!entry
demo_session_01,33,1786094438.5746787,move,207,197,.!frame.!entry
demo_session_01,33,1786094438.6246786,move,218,207,.!frame.!entry
demo_session_01,33,1786094438.6746786,move,223,199,.!frame.!entry
demo_session_01,33,1786094438.7246785,move,223,196,.!frame.!entry
demo_session_01,33,1786094438.7746785,move,223,193,.!frame.!entry
demo_session_01,33,1786094438.8246784,move,206,208,.!frame.!entry
demo_session_01,33,1786094438.8746784,move,208,199,.!frame.!entry
demo_session_01,33,1786094438.9246783,move,232,221,.!frame.!entry
demo_session_01,33,1786094438.9746783,move,229,196,.!frame.!entry
demo_session_01,33,1786094439.0246782,move,224,197,.!frame.!entry
demo_session_01,33,1786094439.0746782,move,226,207,.!frame.!entry
demo_session_01,33,1786094439.1246781,move,242,204,.!frame.!entry
demo_session_01,33,1786094439.174678,move,209,219,.!frame.!entry
demo_session_01,33,1786094439.224678,move,235,218,.!frame.!entry
demo_session_01,33,1786094439.274678,move,248,217,.!frame.!entry
demo_session_01,33,1786094439.324678,move,229,224,.!frame.!entry
demo_session_01,33,1786094439.374678,move,233,221,.!frame.!entry
demo_session_01,33,1786094439.4246778,move,234,218,.!frame.!entry
demo_session_01,33,1786094439.4746778,move,236,230,.!frame.!entry
demo_session_01,33,1786094439.5246778,move,230,233,.!frame.!entry
demo_session_01,33,1786094439.5746777,move,230,239,.!frame.!entry
demo_session_01,33,1786094439.6246777,move,244,219,.!frame.!entry
demo_session_01,33,1786094439.6746776,move,239,216,.!frame.!entry
demo_session_01,33,1786094439.7246776,move,240,230,.!frame.!entry
demo_session_01,33,1786094439.7746775,move,234,227,.!frame.!entry
demo_session_01,33,1786094439.8246775,move,245,227,.!frame.!entry
demo_session_01,33,1786094439.8746774,move,247,230,.!frame.!entry
demo_session_01,33,1786094439.9246774,move,235,232,.!frame.!entry
demo_session_01,33,1786094439.9746773,move,257,230,.!frame.!entry
demo_session_01,33,1786094440.0246773,move,242,235,.!frame.!entry
demo_session_01,33,1786094440.0746772,move,255,239,.!frame.!entry
demo_session_01,33,1786094440.1246772,move,247,253,.!frame.!entry
demo_session_01,33,1786094440.1746771,move,233,232,.!frame.!entry
demo_session_01,33,1786094440.224677,move,257,227,.!frame.!entry
demo_session_01,33,1786094440.274677,move,260,240,.!frame.!entry
demo_session_01,33,1786094440.324677,move,261,243,.!frame.!entry
demo_session_01,33,1786094440.374677,move,254,256,.!frame.!entry
demo_session_01,33,1786094440.424677,move,253,231,.!frame.!entry
demo_session_01,33,1786094440.4746768,move,242,239,.!frame.!entry
demo_session_01,33,1786094440.5246768,move,254,235,.!frame.!entry
demo_session_01,33,1786094440.5746768,move,260,259,.!frame.!entry
demo_session_01,33,1786094440.6246767,move,257,238,.!frame.!entry
demo_session_01,33,1786094440.6746767,move,266,253,.!frame.!entry
demo_session_01,33,1786094440.7246766,move,278,259,.!frame.!entry
demo_session_01,33,1786094440.7746766,move,273,251,.!frame.!entry
demo_session_01,33,1786094440.8246765,move,255,258,.!frame.!entry
demo_session_01,33,1786094440.8746765,move,271,252,.!frame.!entry
demo_session_01,33,1786094440.9246764,move,281,243,.!frame.!entry
demo_session_01,33,1786094440.9746764,move,286,269,.!frame.!entry
demo_session_01,33,1786094441.0246763,move,252,254,.!frame.!entry
demo_session_01,33,1786094441.0746763,move,270,260,.!frame.!entry
demo_session_01,33,1786094441.1246762,move,279,255,.!frame.!entry
demo_session_01,33,1786094441.1746762,move,285,255,.!frame.!entry
demo_session_01,33,1786094441.2246761,move,281,248,.!frame.!entry
demo_session_01,33,1786094441.274676,move,278,249,.!frame.!entry
demo_session_01,33,1786094441.324676,move,282,240,.!frame.!entry
demo_session_01,33,1786094441.374676,move,272,270,.!frame.!entry
demo_session_01,33,1786094441.424676,move,299,271,.!frame.!entry
demo_session_01,33,1786094441.474676,move,294,251,.!frame.!entry
demo_session_01,33,1786094441.5246758,move,283,263,.!frame.!entry
demo_session_01,33,1786094441.5746758,move,276,249,.!frame.!entry
demo_session_01,33,1786094441.6246758,move,281,267,.!frame.!entry
demo_session_01,33,1786094441.6746757,move,299,249,.!frame.!entry
demo_session_01,33,1786094441.7246757,move,302,281,.!frame.!entry
demo_session_01,33,1786094441.7746756,move,291,268,.!frame.!entry
demo_session_01,33,1786094441.8246756,move,293,271,.!frame.!entry
demo_session_01,33,1786094441.8746755,move,288,278,.!frame.!entry
demo_session_01,33,1786094441.9246755,move,299,258,.!frame.!entry
demo_session_01,33,1786094441.9746754,move,296,272,.!frame.!entry
demo_session_01,33,1786094442.0246754,move,289,287,.!frame.!entry
demo_session_01,33,1786094442.0746753,move,295,271,.!frame.!entry
demo_session_01,33,1786094442.1246753,move,294,284,.!frame.!entry
demo_session_01,33,1786094442.1746752,move,309,289,.!frame.!entry
demo_session_01,33,1786094442.2246752,move,303,278,.!frame.!entry
demo_session_01,33,1786094442.2746751,move,303,278,.!frame.!entry
demo_session_01,33,1786094442.324675,move,317,272,.!frame.!button
demo_session_01,33,1786094442.374675,move,310,282,.!frame.!button
demo_session_01,33,1786094442.424675,move,314,292,.!frame.!button
demo_session_01,33,1786094442.474675,move,311,288,.!frame.!button
demo_session_01,33,1786094442.524675,move,320,288,.!frame.!button
demo_session_01,33,1786094442.5746748,move,311,277,.!frame.!button
demo_session_01,33,1786094442.6246748,move,319,289,.!frame.!button
demo_session_01,33,1786094442.6746747,move,331,282,.!frame.!button
demo_session_01,33,1786094442.7246747,move,325,298,.!frame.!button
demo_session_01,33,1786094442.7746747,move,304,303,.!frame.!button
demo_session_01,33,1786094442.8246746,move,324,301,.!frame.!button
demo_session_01,33,1786094442.8746746,move,313,309,.!frame.!button
demo_session_01,33,1786094442.9246745,move,342,307,.!frame.!button
demo_session_01,33,1786094442.9746745,move,337,312,.!frame.!button
demo_session_01,33,1786094443.0246744,move,325,306,.!frame.!button
demo_session_01,33,1786094443.0746744,move,317,303,.!frame.!button
demo_session_01,33,1786094443.1246743,move,334,303,.!frame.!button
demo_session_01,33,1786094443.1746743,move,321,288,.!frame.!button
demo_session_01,33,1786094443.2246742,move,329,295,.!frame.!button
demo_session_01,33,1786094443.2746742,move,328,303,.!frame.!button
demo_session_01,33,1786094443.3246741,move,332,313,.!frame.!button
demo_session_01,33,1786094443.374674,move,340,309,.!frame.!button
demo_session_01,33,1786094443.424674,move,335,303,.!frame.!button
demo_session_01,33,1786094443.474674,move,337,321,.!frame.!button
demo_session_01,33,1786094443.524674,move,346,299,.!frame.!button
demo_session_01,33,1786094443.574674,move,327,302,.!frame.!button
demo_session_01,33,1786094443.6246738,move,338,297,.!frame.!button
demo_session_01,33,1786094443.6746738,move,328,300,.!frame.!button
demo_session_01,33,1786094443.7246737,move,342,330,.!frame.!button
demo_session_01,33,1786094443.7746737,move,329,303,.!frame.!button
demo_session_01,33,1786094443.8246737,move,340,324,.!frame.!button
demo_session_01,33,1786094443.8746736,move,355,310,.!frame.!button
demo_session_01,33,1786094443.9246736,move,336,313,.!frame.!button
demo_session_01,33,1786094443.9746735,move,350,327,.!frame.!button
demo_session_01,33,1786094444.071324,click,346,316,.!frame.!button
demo_session_01,34,1786094444.071324,move,199,134,.!frame.!entry
demo_session_01,34,1786094444.121324,move,183,124,.!frame.!entry
demo_session_01,34,1786094444.171324,move,195,144,.!frame.!entry
demo_session_01,34,1786094444.221324,move,202,137,.!frame.!entry
demo_session_01,34,1786094444.271324,move,205,129,.!frame.!entry
demo_session_01,34,1786094444.3213239,move,194,120,.!frame.!entry
demo_session_01,34,1786094444.3713238,move,191,135,.!frame.!entry
demo_session_01,34,1786094444.4213238,move,176,140,.!frame.!entry
demo_session_01,34,1786094444.4713237,move,193,132,.!frame.!entry
demo_session_01,34,1786094444.5213237,move,208,133,.!frame.!entry
demo_session_01,34,1786094444.5713236,move,191,140,.!frame.!entry
demo_session_01,34,1786094444.6213236,move,189,144,.!frame.!entry
demo_session_01,34,1786094444.6713235,move,207,140,.!frame.!entry
demo_session_01,34,1786094444.7213235,move,207,160,.!frame.!entry
demo_session_01,34,1786094444.7713234,move,193,133,.!frame.!entry
demo_session_01,34,1786094444.8213234,move,210,151,.!frame.!entry
demo_session_01,34,1786094444.8713233,move,205,150,.!frame.!entry
demo_session_01,34,1786094444.9213233,move,202,153,.!frame.!entry
demo_session_01,34,1786094444.9713233,move,211,138,.!frame.!entry
demo_session_01,34,1786094445.0213232,move,234,158,.!frame.!entry
demo_session_01,34,1786094445.0713232,move,218,168,.!frame.!entry
demo_session_01,34,1786094445.121323,move,197,173,.!frame.!entry
demo_session_01,34,1786094445.171323,move,221,155,.!frame.!entry
demo_session_01,34,1786094445.221323,move,225,154,.!frame.!entry
demo_session_01,34,1786094445.271323,move,209,176,.!frame.!entry
demo_session_01,34,1786094445.321323,move,213,169,.!frame.!entry
demo_session_01,34,1786094445.3713229,move,218,165,.!frame.!entry
demo_session_01,34,1786094445.4213228,move,219,154,.!frame.!entry
demo_session_01,34,1786094445.4713228,move,225,168,.!frame.!entry
demo_session_01,34,1786094445.5213227,move,226,176,.!frame.!entry
demo_session_01,34,1786094445.5713227,move,212,161,.!frame.!entry
demo_session_01,34,1786094445.6213226,move,227,170,.!frame.!entry
demo_session_01,34,1786094445.6713226,move,229,164,.!frame.!entry
demo_session_01,34,1786094445.7213225,move,229,177,.!frame.!entry
demo_session_01,34,1786094445.7713225,move,217,183,.!frame.!entry
demo_session_01,34,1786094445.8213224,move,240,183,.!frame.!entry
demo_session_01,34,1786094445.8713224,move,225,176,.!frame.!entry
demo_session_01,34,1786094445.9213223,move,260,189,.!frame.!entry
demo_session_01,34,1786094445.9713223,move,249,177,.!frame.!entry
demo_session_01,34,1786094446.0213223,move,239,168,.!frame.!entry
demo_session_01,34,1786094446.0713222,move,228,190,.!frame.!entry
demo_session_01,34,1786094446.1213222,move,245,184,.!frame.!entry
demo_session_01,34,1786094446.171322,move,242,183,.!frame.!entry
demo_session_01,34,1786094446.221322,move,247,197,.!frame.!entry
demo_session_01,34,1786094446.271322,move,239,191,.!frame.!entry
demo_session_01,34,1786094446.321322,move,255,190,.!frame.!entry
demo_session_01,34,1786094446.371322,move,245,201,.!frame.!entry
demo_session_01,34,1786094446.4213219,move,226,199,.!frame.!entry
demo_session_01,34,1786094446.4713218,move,241,187,.!frame.!entry
demo_session_01,34,1786094446.5213218,move,265,188,.!frame.!entry
demo_session_01,34,1786094446.5713217,move,249,206,.!frame.!entry
demo_session_01,34,1786094446.6213217,move,239,195,.!frame.!entry
demo_session_01,34,1786094446.6713216,move,254,191,.!frame.!entry
demo_session_01,34,1786094446.7213216,move,262,201,.!frame.!entry
demo_session_01,34,1786094446.7713215,move,260,204,.!frame.!entry
demo_session_01,34,1786094446.8213215,move,241,201,.!frame.!entry
demo_session_01,34,1786094446.8713214,move,263,191,.!frame.!entry
demo_session_01,34,1786094446.9213214,move,278,217,.!frame.!entry
demo_session_01,34,1786094446.9713213,move,258,209,.!frame.!entry
demo_session_01,34,1786094447.0213213,move,247,206,.!frame.!entry
demo_session_01,34,1786094447.0713212,move,274,221,.!frame.!entry
demo_session_01,34,1786094447.1213212,move,252,208,.!frame.!entry
demo_session_01,34,1786094447.1713212,move,250,201,.!frame.!entry
demo_session_01,34,1786094447.221321,move,281,207,.!frame.!entry
demo_session_01,34,1786094447.271321,move,261,222,.!frame.!entry
demo_session_01,34,1786094447.321321,move,266,218,.!frame.!entry
demo_session_01,34,1786094447.371321,move,268,221,.!frame.!entry
demo_session_01,34,1786094447.421321,move,262,211,.!frame.!entry
demo_session_01,34,1786094447.4713209,move,266,217,.!frame.!entry
demo_session_01,34,1786094447.5213208,move,272,243,.!frame.!entry
demo_session_01,34,1786094447.5713208,move,275,223,.!frame.!entry
demo_session_01,34,1786094447.6213207,move,273,225,.!frame.!entry
demo_session_01,34,1786094447.6713207,move,266,237,.!frame.!entry
demo_session_01,34,1786094447.7213206,move,273,220,.!frame.!entry
demo_session_01,34,1786094447.7713206,move,262,235,.!frame.!entry
demo_session_01,34,1786094447.8213205,move,266,221,.!frame.!entry
demo_session_01,34,1786094447.8713205,move,273,230,.!frame.!entry
demo_session_01,34,1786094447.9213204,move,296,232,.!frame.!entry
demo_session_01,34,1786094447.9713204,move,301,221,.!frame.!entry
demo_session_01,34,1786094448.0213203,move,280,244,.!frame.!entry
demo_session_01,34,1786094448.0713203,move,289,240,.!frame.!entry
demo_session_01,34,1786094448.1213202,move,296,258,.!frame.!entry
demo_session_01,34,1786094448.1713202,move,288,249,.!frame.!entry
demo_session_01,34,1786094448.2213202,move,297,244,.!frame.!entry
demo_session_01,34,1786094448.27132,move,280,258,.!frame.!entry
demo_session_01,34,1786094448.32132,move,288,255,.!frame.!entry
demo_session_01,34,1786094448.37132,move,281,265,.!frame.!entry
demo_session_01,34,1786094448.42132,move,288,255,.!frame.!entry
demo_session_01,34,1786094448.47132,move,283,244,.!frame.!entry
demo_session_01,34,1786094448.5213199,move,310,260,.!frame.!entry
demo_session_01,34,1786094448.5713198,move,307,249,.!frame.!entry
demo_session_01,34,1786094448.6213198,move,289,254,.!frame.!entry
demo_session_01,34,1786094448.6713197,move,287,257,.!frame.!entry
demo_session_01,34,1786094448.7213197,move,310,265,.!frame.!entry
demo_session_01,34,1786094448.7713196,move,301,254,.!frame.!entry
demo_session_01,34,1786094448.8213196,move,290,260,.!frame.!button
demo_session_01,34,1786094448.8713195,move,296,273,.!frame.!button
demo_session_01,34,1786094448.9213195,move,295,262,.!frame.!button
demo_session_01,34,1786094448.9713194,move,309,273,.!frame.!button
demo_session_01,34,1786094449.0213194,move,304,275,.!frame.!button
demo_session_01,34,1786094449.0713193,move,307,270,.!frame.!button
demo_session_01,34,1786094449.1213193,move,305,260,.!frame.!button
demo_session_01,34,1786094449.1713192,move,306,263,.!frame.!button
demo_session_01,34,1786094449.2213192,move,306,267,.!frame.!button
demo_session_01,34,1786094449.2713192,move,304,293,.!frame.!button
demo_session_01,34,1786094449.321319,move,307,260,.!frame.!button
demo_session_01,34,1786094449.371319,move,323,285,.!frame.!button
demo_session_01,34,1786094449.421319,move,324,283,.!frame.!button
demo_session_01,34,1786094449.471319,move,313,289,.!frame.!button
demo_session_01,34,1786094449.521319,move,306,291,.!frame.!button
demo_session_01,34,1786094449.5713189,move,325,287,.!frame.!button
demo_session_01,34,1786094449.6213188,move,313,289,.!frame.!button
demo_session_01,34,1786094449.6713188,move,309,277,.!frame.!button
demo_session_01,34,1786094449.7213187,move,328,285,.!frame.!button
demo_session_01,34,1786094449.7713187,move,308,280,.!frame.!button
demo_session_01,34,1786094449.8213186,move,331,289,.!frame.!button
demo_session_01,34,1786094449.8713186,move,337,285,.!frame.!button
demo_session_01,34,1786094449.9213185,move,332,306,.!frame.!button
demo_session_01,34,1786094449.9713185,move,329,296,.!frame.!button
demo_session_01,34,1786094450.0213184,move,328,290,.!frame.!button
demo_session_01,34,1786094450.0713184,move,325,295,.!frame.!button
demo_session_01,34,1786094450.1213183,move,327,290,.!frame.!button
demo_session_01,34,1786094450.1713183,move,333,295,.!frame.!button
demo_session_01,34,1786094450.2213182,move,333,295,.!frame.!button
demo_session_01,34,1786094450.2713182,move,346,309,.!frame.!button
demo_session_01,34,1786094450.3213181,move,339,291,.!frame.!button
demo_session_01,34,1786094450.371318,move,336,314,.!frame.!button
demo_session_01,34,1786094450.421318,move,340,330,.!frame.!button
demo_session_01,34,1786094450.471318,move,342,322,.!frame.!button
demo_session_01,34,1786094450.521318,move,347,309,.!frame.!button
demo_session_01,34,1786094450.571318,move,351,307,.!frame.!button
demo_session_01,34,1786094450.6213179,move,337,316,.!frame.!button
demo_session_01,34,1786094450.6713178,move,352,314,.!frame.!button
demo_session_01,34,1786094450.7213178,move,351,323,.!frame.!button
demo_session_01,34,1786094450.7713177,move,355,307,.!frame.!button
demo_session_01,34,1786094450.8213177,move,367,321,.!frame.!button
demo_session_01,34,1786094450.886952,click,346,316,.!frame.!button
demo_session_01,35,1786094450.886952,move,444,148,.!frame.!entry
demo_session_01,35,1786094450.9369519,move,444,158,.!frame.!entry
demo_session_01,35,1786094450.9869518,move,458,145,.!frame.!entry
demo_session_01,35,1786094451.0369518,move,430,152,.!frame.!entry
demo_session_01,35,1786094451.0869517,move,435,150,.!frame.!entry
demo_session_01,35,1786094451.1369517,move,443,166,.!frame.!entry
demo_session_01,35,1786094451.1869516,move,428,167,.!frame.!entry
demo_session_01,35,1786094451.2369516,move,440,169,.!frame.!entry
demo_session_01,35,1786094451.2869515,move,434,159,.!frame.!entry
demo_session_01,35,1786094451.3369515,move,429,166,.!frame.!entry
demo_session_01,35,1786094451.3869514,move,445,157,.!frame.!entry
demo_session_01,35,1786094451.4369514,move,419,180,.!frame.!entry
demo_session_01,35,1786094451.4869514,move,438,170,.!frame.!entry
demo_session_01,35,1786094451.5369513,move,437,179,.!frame.!entry
demo_session_01,35,1786094451.5869513,move,431,166,.!frame.!entry
demo_session_01,35,1786094451.6369512,move,453,176,.!frame.!entry
demo_session_01,35,1786094451.6869512,move,428,196,.!frame.!entry
demo_session_01,35,1786094451.736951,move,437,187,.!frame.!entry
demo_session_01,35,1786094451.786951,move,420,184,.!frame.!entry
demo_session_01,35,1786094451.836951,move,417,181,.!frame.!entry
demo_session_01,35,1786094451.886951,move,417,192,.!frame.!entry
demo_session_01,35,1786094451.936951,move,424,177,.!frame.!entry
demo_session_01,35,1786094451.9869509,move,416,193,.!frame.!entry
demo_session_01,35,1786094452.0369508,move,422,186,.!frame.!entry
demo_session_01,35,1786094452.0869508,move,417,165,.!frame.!entry
demo_session_01,35,1786094452.1369507,move,431,195,.!frame.!entry
demo_session_01,35,1786094452.1869507,move,414,206,.!frame.!entry
demo_session_01,35,1786094452.2369506,move,426,194,.!frame.!entry
demo_session_01,35,1786094452.2869506,move,418,195,.!frame.!entry
demo_session_01,35,1786094452.3369505,move,427,221,.!frame.!entry
demo_session_01,35,1786094452.3869505,move,410,197,.!frame.!entry
demo_session_01,35,1786094452.4369504,move,404,205,.!frame.!entry
demo_session_01,35,1786094452.4869504,move,412,206,.!frame.!entry
demo_session_01,35,1786094452.5369503,move,408,206,.!frame.!entry
demo_session_01,35,1786094452.5869503,move,416,206,.!frame.!entry
demo_session_01,35,1786094452.6369503,move,406,205,.!frame.!entry
demo_session_01,35,1786094452.6869502,move,398,213,.!frame.!entry
demo_session_01,35,1786094452.7369502,move,425,201,.!frame.!entry
demo_session_01,35,1786094452.78695,move,424,212,.!frame.!entry
demo_session_01,35,1786094452.83695,move,400,205,.!frame.!entry
demo_session_01,35,1786094452.88695,move,407,216,.!frame.!entry
demo_session_01,35,1786094452.93695,move,417,217,.!frame.!entry
demo_session_01,35,1786094452.98695,move,396,210,.!frame.!entry
demo_session_01,35,1786094453.0369499,move,393,219,.!frame.!entry
demo_session_01,35,1786094453.0869498,move,402,214,.!frame.!entry
demo_session_01,35,1786094453.1369498,move,407,220,.!frame.!entry
demo_session_01,35,1786094453.1869497,move,410,235,.!frame.!entry
demo_session_01,35,1786094453.2369497,move,409,214,.!frame.!entry
demo_session_01,35,1786094453.2869496,move,397,220,.!frame.!entry
demo_session_01,35,1786094453.3369496,move,402,225,.!frame.!entry
demo_session_01,35,1786094453.3869495,move,404,242,.!frame.!entry
demo_session_01,35,1786094453.4369495,move,398,227,.!frame.!entry
demo_session_01,35,1786094453.4869494,move,397,216,.!frame.!entry
demo_session_01,35,1786094453.5369494,move,385,235,.!frame.!entry
demo_session_01,35,1786094453.5869493,move,411,232,.!frame.!entry
demo_session_01,35,1786094453.6369493,move,388,236,.!frame.!entry
demo_session_01,35,1786094453.6869493,move,399,233,.!frame.!entry
demo_session_01,35,1786094453.7369492,move,396,224,.!frame.!entry
demo_session_01,35,1786094453.7869492,move,402,249,.!frame.!entry
demo_session_01,35,1786094453.836949,move,399,249,.!frame.!entry
demo_session_01,35,1786094453.886949,move,383,228,.!frame.!entry
demo_session_01,35,1786094453.936949,move,392,261,.!frame.!entry
demo_session_01,35,1786094453.986949,move,393,268,.!frame.!entry
demo_session_01,35,1786094454.036949,move,406,249,.!frame.!entry
demo_session_01,35,1786094454.0869489,move,395,234,.!frame.!entry
demo_session_01,35,1786094454.1369488,move,394,255,.!frame.!entry
demo_session_01,35,1786094454.1869488,move,383,244,.!frame.!entry
demo_session_01,35,1786094454.2369487,move,392,264,.!frame.!entry
demo_session_01,35,1786094454.2869487,move,396,252,.!frame.!entry
demo_session_01,35,1786094454.3369486,move,371,246,.!frame.!entry
demo_session_01,35,1786094454.3869486,move,374,262,.!frame.!entry
demo_session_01,35,1786094454.4369485,move,379,248,.!frame.!entry
demo_session_01,35,1786094454.4869485,move,378,270,.!frame.!entry
demo_session_01,35,1786094454.5369484,move,394,255,.!frame.!entry
demo_session_01,35,1786094454.5869484,move,377,273,.!frame.!entry
demo_session_01,35,1786094454.6369483,move,381,260,.!frame.!entry
demo_session_01,35,1786094454.6869483,move,374,271,.!frame.!entry
demo_session_01,35,1786094454.7369483,move,389,246,.!frame.!entry
demo_session_01,35,1786094454.7869482,move,379,256,.!frame.!entry
demo_session_01,35,1786094454.8369482,move,379,270,.!frame.!entry
demo_session_01,35,1786094454.886948,move,380,268,.!frame.!button
demo_session_01,35,1786094454.936948,move,373,273,.!frame.!button
demo_session_01,35,1786094454.986948,move,365,267,.!frame.!button
demo_session_01,35,1786094455.036948,move,374,278,.!frame.!button
demo_session_01,35,1786094455.086948,move,383,279,.!frame.!button
demo_session_01,35,1786094455.1369479,move,355,287,.!frame.!button
demo_session_01,35,1786094455.1869478,move,371,276,.!frame.!button
demo_session_01,35,1786094455.2369478,move,373,284,.!frame.!button
demo_session_01,35,1786094455.2869477,move,352,287,.!frame.!button
demo_session_01,35,1786094455.3369477,move,360,291,.!frame.!button
demo_session_01,35,1786094455.3869476,move,373,294,.!frame.!button
demo_session_01,35,1786094455.4369476,move,364,290,.!frame.!button
demo_session_01,35,1786094455.4869475,move,375,303,.!frame.!button
demo_session_01,35,1786094455.5369475,move,359,270,.!frame.!button
demo_session_01,35,1786094455.5869474,move,369,308,.!frame.!button
demo_session_01,35,1786094455.6369474,move,352,292,.!frame.!button
demo_session_01,35,1786094455.6869473,move,355,287,.!frame.!button
demo_session_01,35,1786094455.7369473,move,355,313,.!frame.!button
demo_session_01,35,1786094455.7869473,move,355,298,.!frame.!button
demo_session_01,35,1786094455.8369472,move,368,305,.!frame.!button
demo_session_01,35,1786094455.8869472,move,350,307,.!frame.!button
demo_session_01,35,1786094455.936947,move,351,293,.!frame.!button
demo_session_01,35,1786094455.986947,move,366,313,.!frame.!button
demo_session_01,35,1786094456.036947,move,365,315,.!frame.!button
demo_session_01,35,1786094456.086947,move,367,296,.!frame.!button
demo_session_01,35,1786094456.136947,move,362,298,.!frame.!button
demo_session_01,35,1786094456.1869469,move,359,316,.!frame.!button
demo_session_01,35,1786094456.2369468,move,359,307,.!frame.!button
demo_session_01,35,1786094456.2869468,move,341,303,.!frame.!button
demo_session_01,35,1786094456.3369467,move,363,298,.!frame.!button
demo_session_01,35,1786094456.3869467,move,336,327,.!frame.!button
demo_session_01,35,1786094456.4369466,move,352,316,.!frame.!button
demo_session_01,35,1786094456.4869466,move,351,317,.!frame.!button
demo_session_01,35,1786094456.5369465,move,367,301,.!frame.!button
demo_session_01,35,1786094456.5869465,move,332,320,.!frame.!button
demo_session_01,35,1786094456.6451237,click,349,319,.!frame.!button
demo_session_01,36,1786094466.826205,move,439,310,.!frame.!entry
demo_session_01,36,1786094466.876205,move,445,314,.!frame.!entry
demo_session_01,36,1786094466.926205,move,451,316,.!frame.!entry
demo_session_01,36,1786094466.9762049,move,432,311,.!frame.!entry
demo_session_01,36,1786094467.0262048,move,449,295,.!frame.!entry
demo_session_01,36,1786094467.0762048,move,436,323,.!frame.!entry
demo_session_01,36,1786094467.1262047,move,447,294,.!frame.!entry
demo_session_01,36,1786094467.1762047,move,441,314,.!frame.!entry
demo_session_01,36,1786094467.2262046,move,441,307,.!frame.!entry
demo_session_01,36,1786094467.2762046,move,422,310,.!frame.!entry
demo_session_01,36,1786094467.3262045,move,451,287,.!frame.!entry
demo_session_01,36,1786094467.3762045,move,435,309,.!frame.!entry
demo_session_01,36,1786094467.4262044,move,436,317,.!frame.!entry
demo_session_01,36,1786094467.4762044,move,427,310,.!frame.!entry
demo_session_01,36,1786094467.5262043,move,426,304,.!frame.!entry
demo_session_01,36,1786094467.5762043,move,428,301,.!frame.!entry
demo_session_01,36,1786094467.6262043,move,415,292,.!frame.!entry
demo_session_01,36,1786094467.6762042,move,423,304,.!frame.!entry
demo_session_01,36,1786094467.7262042,move,408,308,.!frame.!entry
demo_session_01,36,1786094467.776204,move,435,294,.!frame.!entry
demo_session_01,36,1786094467.826204,move,443,309,.!frame.!entry
demo_session_01,36,1786094467.876204,move,426,299,.!frame.!entry
demo_session_01,36,1786094467.926204,move,420,306,.!frame.!entry
demo_session_01,36,1786094467.976204,move,418,310,.!frame.!entry
demo_session_01,36,1786094468.0262039,move,418,313,.!frame.!entry
demo_session_01,36,1786094468.0762038,move,426,302,.!frame.!entry
demo_session_01,36,1786094468.1262038,move,412,307,.!frame.!entry
demo_session_01,36,1786094468.1762037,move,418,295,.!frame.!entry
demo_session_01,36,1786094468.2262037,move,415,315,.!frame.!entry
demo_session_01,36,1786094468.2762036,move,421,300,.!frame.!entry
demo_session_01,36,1786094468.3262036,move,425,318,.!frame.!entry
demo_session_01,36,1786094468.3762035,move,413,296,.!frame.!entry
demo_session_01,36,1786094468.4262035,move,404,300,.!frame.!entry
demo_session_01,36,1786094468.4762034,move,411,297,.!frame.!entry
demo_session_01,36,1786094468.5262034,move,419,302,.!frame.!entry
demo_session_01,36,1786094468.5762033,move,422,329,.!frame.!entry
demo_session_01,36,1786094468.6262033,move,402,313,.!frame.!entry
demo_session_01,36,1786094468.6762033,move,415,317,.!frame.!entry
demo_session_01,36,1786094468.7262032,move,402,310,.!frame.!entry
demo_session_01,36,1786094468.7762032,move,426,310,.!frame.!entry
demo_session_01,36,1786094468.826203,move,412,321,.!frame.!entry
demo_session_01,36,1786094468.876203,move,403,301,.!frame.!entry
demo_session_01,36,1786094468.926203,move,397,306,.!frame.!entry
demo_session_01,36,1786094468.976203,move,412,291,.!frame.!entry
demo_session_01,36,1786094469.026203,move,407,314,.!frame.!entry
demo_session_01,36,1786094469.0762029,move,394,318,.!frame.!entry
demo_session_01,36,1786094469.1262028,move,406,306,.!frame.!entry
demo_session_01,36,1786094469.1762028,move,384,312,.!frame.!entry
demo_session_01,36,1786094469.2262027,move,388,320,.!frame.!entry
demo_session_01,36,1786094469.2762027,move,401,327,.!frame.!entry
demo_session_01,36,1786094469.3262026,move,416,311,.!frame.!entry
demo_session_01,36,1786094469.3762026,move,388,313,.!frame.!entry
demo_session_01,36,1786094469.4262025,move,414,308,.!frame.!entry
demo_session_01,36,1786094469.4762025,move,401,319,.!frame.!entry
demo_session_01,36,1786094469.5262024,move,400,317,.!frame.!entry
demo_session_01,36,1786094469.5762024,move,397,322,.!frame.!entry
demo_session_01,36,1786094469.6262023,move,388,305,.!frame.!entry
demo_session_01,36,1786094469.6762023,move,372,321,.!frame.!entry
demo_session_01,36,1786094469.7262022,move,402,313,.!frame.!entry
demo_session_01,36,1786094469.7762022,move,381,310,.!frame.!entry
demo_session_01,36,1786094469.8262022,move,390,306,.!frame.!entry
demo_session_01,36,1786094469.876202,move,371,327,.!frame.!entry
demo_session_01,36,1786094469.926202,move,377,310,.!frame.!entry
demo_session_01,36,1786094469.976202,move,392,312,.!frame.!entry
demo_session_01,36,1786094470.026202,move,388,316,.!frame.!entry
demo_session_01,36,1786094470.076202,move,383,302,.!frame.!entry
demo_session_01,36,1786094470.1262019,move,378,297,.!frame.!entry
demo_session_01,36,1786094470.1762018,move,388,316,.!frame.!entry
demo_session_01,36,1786094470.2262018,move,392,315,.!frame.!entry
demo_session_01,36,1786094470.2762017,move,382,327,.!frame.!entry
demo_session_01,36,1786094470.3262017,move,373,323,.!frame.!entry
demo_session_01,36,1786094470.3762016,move,391,324,.!frame.!entry
demo_session_01,36,1786094470.4262016,move,375,317,.!frame.!entry
demo_session_01,36,1786094470.4762015,move,374,315,.!frame.!entry
demo_session_01,36,1786094470.5262015,move,380,311,.!frame.!entry
demo_session_01,36,1786094470.5762014,move,379,333,.!frame.!button
demo_session_01,36,1786094470.6262014,move,383,312,.!frame.!button
demo_session_01,36,1786094470.6762013,move,377,326,.!frame.!button
demo_session_01,36,1786094470.7262013,move,369,306,.!frame.!button
demo_session_01,36,1786094470.7762012,move,377,305,.!frame.!button
demo_session_01,36,1786094470.8262012,move,366,316,.!frame.!button
demo_session_01,36,1786094470.8762012,move,385,301,.!frame.!button
demo_session_01,36,1786094470.926201,move,376,309,.!frame.!button
demo_session_01,36,1786094470.976201,move,362,317,.!frame.!button
demo_session_01,36,1786094471.026201,move,356,319,.!frame.!button
demo_session_01,36,1786094471.076201,move,359,312,.!frame.!button
demo_session_01,36,1786094471.126201,move,367,308,.!frame.!button
demo_session_01,36,1786094471.1762009,move,365,325,.!frame.!button
demo_session_01,36,1786094471.2262008,move,359,314,.!frame.!button
demo_session_01,36,1786094471.2762008,move,362,315,.!frame.!button
demo_session_01,36,1786094471.3262007,move,363,326,.!frame.!button
demo_session_01,36,1786094471.3762007,move,354,325,.!frame.!button
demo_session_01,36,1786094471.4262006,move,359,326,.!frame.!button
demo_session_01,36,1786094471.4762006,move,366,311,.!frame.!button
demo_session_01,36,1786094471.5262005,move,345,318,.!frame.!button
demo_session_01,36,1786094471.5762005,move,348,324,.!frame.!button
demo_session_01,36,1786094471.6262004,move,355,322,.!frame.!button
demo_session_01,36,1786094471.6762004,move,376,321,.!frame.!button
demo_session_01,36,1786094471.7262003,move,353,315,.!frame.!button
demo_session_01,36,1786094471.7762003,move,346,316,.!frame.!button
demo_session_01,36,1786094471.8262002,move,365,309,.!frame.!button
demo_session_01,36,1786094471.8762002,move,365,307,.!frame.!button
demo_session_01,36,1786094471.9262002,move,358,325,.!frame.!button
demo_session_01,36,1786094471.9762,move,344,310,.!frame.!button
demo_session_01,36,1786094472.0262,move,344,314,.!frame.!button
demo_session_01,36,1786094472.0762,move,371,312,.!frame.!button
demo_session_01,36,1786094472.1262,move,342,316,.!frame.!button
demo_session_01,36,1786094472.199688,click,349,319,.!frame.!button
demo_session_01,37,1786094472.199688,move,112,254,.!frame.!entry
demo_session_01,37,1786094472.249688,move,130,247,.!frame.!entry
demo_session_01,37,1786094472.2996879,move,124,264,.!frame.!entry
demo_session_01,37,1786094472.3496878,move,113,247,.!frame.!entry
demo_session_01,37,1786094472.3996878,move,115,255,.!frame.!entry
demo_session_01,37,1786094472.4496877,move,119,263,.!frame.!entry
demo_session_01,37,1786094472.4996877,move,118,276,.!frame.!entry
demo_session_01,37,1786094472.5496876,move,136,252,.!frame.!entry
demo_session_01,37,1786094472.5996876,move,138,254,.!frame.!entry
demo_session_01,37,1786094472.6496875,move,132,257,.!frame.!entry
demo_session_01,37,1786094472.6996875,move,137,263,.!frame.!entry
demo_session_01,37,1786094472.7496874,move,127,266,.!frame.!entry
demo_session_01,37,1786094472.7996874,move,138,271,.!frame.!entry
demo_session_01,37,1786094472.8496873,move,132,250,.!frame.!entry
demo_session_01,37,1786094472.8996873,move,132,268,.!frame.!entry
demo_session_01,37,1786094472.9496872,move,141,258,.!frame.!entry
demo_session_01,37,1786094472.9996872,move,139,270,.!frame.!entry
demo_session_01,37,1786094473.0496871,move,153,255,.!frame.!entry
demo_session_01,37,1786094473.099687,move,135,267,.!frame.!entry
demo_session_01,37,1786094473.149687,move,154,257,.!frame.!entry
demo_session_01,37,1786094473.199687,move,149,278,.!frame.!entry
demo_session_01,37,1786094473.249687,move,143,268,.!frame.!entry
demo_session_01,37,1786094473.299687,move,160,283,.!frame.!entry
demo_session_01,37,1786094473.3496869,move,158,278,.!frame.!entry
demo_session_01,37,1786094473.3996868,move,150,258,.!frame.!entry
demo_session_01,37,1786094473.4496868,move,161,281,.!frame.!entry
demo_session_01,37,1786094473.4996867,move,158,266,.!frame.!entry
demo_session_01,37,1786094473.5496867,move,148,260,.!frame.!entry
demo_session_01,37,1786094473.5996866,move,156,256,.!frame.!entry
demo_session_01,37,1786094473.6496866,move,176,277,.!frame.!entry
demo_session_01,37,1786094473.6996865,move,167,277,.!frame.!entry
demo_session_01,37,1786094473.7496865,move,159,274,.!frame.!entry
demo_session_01,37,1786094473.7996864,move,169,255,.!frame.!entry
demo_session_01,37,1786094473.8496864,move,179,267,.!frame.!entry
demo_session_01,37,1786094473.8996863,move,170,269,.!frame.!entry
demo_session_01,37,1786094473.9496863,move,143,270,.!frame.!entry
demo_session_01,37,1786094473.9996862,move,144,267,.!frame.!entry
demo_session_01,37,1786094474.0496862,move,178,281,.!frame.!entry
demo_session_01,37,1786094474.0996861,move,166,274,.!frame.!entry
demo_session_01,37,1786094474.149686,move,190,247,.!frame.!entry
demo_session_01,37,1786094474.199686,move,155,276,.!frame.!entry
demo_session_01,37,1786094474.249686,move,177,278,.!frame.!entry
demo_session_01,37,1786094474.299686,move,185,271,.!frame.!entry
demo_session_01,37,1786094474.349686,move,144,258,.!frame.!entry
demo_session_01,37,1786094474.3996859,move,167,270,.!frame.!entry
demo_session_01,37,1786094474.4496858,move,193,269,.!frame.!entry
demo_session_01,37,1786094474.4996858,move,180,266,.!frame.!entry
demo_session_01,37,1786094474.5496857,move,157,280,.!frame.!entry
demo_session_01,37,1786094474.5996857,move,164,273,.!frame.!entry
demo_session_01,37,1786094474.6496856,move,168,274,.!frame.!entry
demo_session_01,37,1786094474.6996856,move,187,261,.!frame.!entry
demo_session_01,37,1786094474.7496855,move,192,287,.!frame.!entry
demo_session_01,37,1786094474.7996855,move,199,285,.!frame.!entry
demo_session_01,37,1786094474.8496854,move,180,266,.!frame.!entry
demo_session_01,37,1786094474.8996854,move,194,286,.!frame.!entry
demo_session_01,37,1786094474.9496853,move,210,282,.!frame.!entry
demo_session_01,37,1786094474.9996853,move,176,273,.!frame.!entry
demo_session_01,37,1786094475.0496852,move,200,274,.!frame.!entry
demo_session_01,37,1786094475.0996852,move,177,294,.!frame.!entry
demo_session_01,37,1786094475.1496851,move,188,280,.!frame.!entry
demo_session_01,37,1786094475.199685,move,207,278,.!frame.!entry
demo_session_01,37,1786094475.249685,move,188,284,.!frame.!entry
demo_session_01,37,1786094475.299685,move,217,292,.!frame.!entry
demo_session_01,37,1786094475.349685,move,196,284,.!frame.!entry
demo_session_01,37,1786094475.399685,move,205,294,.!frame.!entry
demo_session_01,37,1786094475.4496849,move,212,278,.!frame.!entry
demo_session_01,37,1786094475.4996848,move,221,300,.!frame.!entry
demo_session_01,37,1786094475.5496848,move,193,277,.!frame.!entry
demo_session_01,37,1786094475.5996847,move,210,284,.!frame.!entry
demo_session_01,37,1786094475.6496847,move,199,285,.!frame.!entry
demo_session_01,37,1786094475.6996846,move,217,269,.!frame.!entry
demo_session_01,37,1786094475.7496846,move,219,288,.!frame.!entry
demo_session_01,37,1786094475.7996845,move,221,267,.!frame.!entry
demo_session_01,37,1786094475.8496845,move,219,285,.!frame.!entry
demo_session_01,37,1786094475.8996844,move,218,271,.!frame.!entry
demo_session_01,37,1786094475.9496844,move,229,298,.!frame.!entry
demo_session_01,37,1786094475.9996843,move,219,279,.!frame.!entry
demo_session_01,37,1786094476.0496843,move,234,300,.!frame.!entry
demo_session_01,37,1786094476.0996842,move,211,284,.!frame.!entry
demo_session_01,37,1786094476.1496842,move,212,270,.!frame.!entry
demo_session_01,37,1786094476.1996841,move,228,286,.!frame.!entry
demo_session_01,37,1786094476.249684,move,218,289,.!frame.!entry
demo_session_01,37,1786094476.299684,move,245,293,.!frame.!entry
demo_session_01,37,1786094476.349684,move,229,289,.!frame.!entry
demo_session_01,37,1786094476.399684,move,252,299,.!frame.!entry
demo_session_01,37,1786094476.449684,move,234,278,.!frame.!entry
demo_session_01,37,1786094476.4996839,move,233,294,.!frame.!entry
demo_session_01,37,1786094476.5496838,move,238,290,.!frame.!entry
demo_session_01,37,1786094476.5996838,move,240,274,.!frame.!entry
demo_session_01,37,1786094476.6496837,move,249,288,.!frame.!entry
demo_session_01,37,1786094476.6996837,move,244,298,.!frame.!entry
demo_session_01,37,1786094476.7496836,move,235,302,.!frame.!entry
demo_session_01,37,1786094476.7996836,move,258,290,.!frame.!entry
demo_session_01,37,1786094476.8496835,move,244,301,.!frame.!entry
demo_session_01,37,1786094476.8996835,move,238,297,.!frame.!entry
demo_session_01,37,1786094476.9496834,move,238,286,.!frame.!entry
demo_session_01,37,1786094476.9996834,move,253,296,.!frame.!entry
demo_session_01,37,1786094477.0496833,move,256,301,.!frame.!entry
demo_session_01,37,1786094477.0996833,move,248,285,.!frame.!entry
demo_session_01,37,1786094477.1496832,move,242,289,.!frame.!entry
demo_session_01,37,1786094477.1996832,move,265,300,.!frame.!entry
demo_session_01,37,1786094477.2496831,move,274,300,.!frame.!entry
demo_session_01,37,1786094477.299683,move,231,298,.!frame.!entry
demo_session_01,37,1786094477.349683,move,257,305,.!frame.!entry
demo_session_01,37,1786094477.399683,move,250,285,.!frame.!entry
demo_session_01,37,1786094477.449683,move,256,309,.!frame.!entry
demo_session_01,37,1786094477.499683,move,294,299,.!frame.!entry
demo_session_01,37,1786094477.5496829,move,277,297,.!frame.!entry
demo_session_01,37,1786094477.5996828,move,268,299,.!frame.!entry
demo_session_01,37,1786094477.6496828,move,264,300,.!frame.!entry
demo_session_01,37,1786094477.6996827,move,256,294,.!frame.!entry
demo_session_01,37,1786094477.7496827,move,271,293,.!frame.!entry
demo_session_01,37,1786094477.7996826,move,276,326,.!frame.!entry
demo_session_01,37,1786094477.8496826,move,264,290,.!frame.!entry
demo_session_01,37,1786094477.8996825,move,267,292,.!frame.!entry
demo_session_01,37,1786094477.9496825,move,283,301,.!frame.!entry
demo_session_01,37,1786094477.9996824,move,286,278,.!frame.!button
demo_session_01,37,1786094478.0496824,move,275,291,.!frame.!button
demo_session_01,37,1786094478.0996823,move,279,326,.!frame.!button
demo_session_01,37,1786094478.1496823,move,283,298,.!frame.!button
demo_session_01,37,1786094478.1996822,move,295,292,.!frame.!button
demo_session_01,37,1786094478.2496822,move,306,314,.!frame.!button
demo_session_01,37,1786094478.2996821,move,292,314,.!frame.!button
demo_session_01,37,1786094478.349682,move,314,299,.!frame.!button
demo_session_01,37,1786094478.399682,move,294,306,.!frame.!button
demo_session_01,37,1786094478.449682,move,306,319,.!frame.!button
demo_session_01,37,1786094478.499682,move,280,299,.!frame.!button
demo_session_01,37,1786094478.549682,move,292,305,.!frame.!button
demo_session_01,37,1786094478.5996819,move,306,307,.!frame.!button
demo_session_01,37,1786094478.6496818,move,310,329,.!frame.!button
demo_session_01,37,1786094478.6996818,move,310,317,.!frame.!button
demo_session_01,37,1786094478.7496817,move,297,294,.!frame.!button
demo_session_01,37,1786094478.7996817,move,289,312,.!frame.!button
demo_session_01,37,1786094478.8496816,move,293,289,.!frame.!button
demo_session_01,37,1786094478.8996816,move,312,314,.!frame.!button
demo_session_01,37,1786094478.9496815,move,310,301,.!frame.!button
demo_session_01,37,1786094478.9996815,move,313,332,.!frame.!button
demo_session_01,37,1786094479.0496814,move,308,299,.!frame.!button
demo_session_01,37,1786094479.0996814,move,299,313,.!frame.!button
demo_session_01,37,1786094479.1496813,move,331,311,.!frame.!button
demo_session_01,37,1786094479.1996813,move,304,314,.!frame.!button
demo_session_01,37,1786094479.2496812,move,315,304,.!frame.!button
demo_session_01,37,1786094479.2996812,move,301,310,.!frame.!button
demo_session_01,37,1786094479.3496811,move,327,308,.!frame.!button
demo_session_01,37,1786094479.399681,move,318,309,.!frame.!button
demo_session_01,37,1786094479.449681,move,322,308,.!frame.!button
demo_session_01,37,1786094479.499681,move,316,308,.!frame.!button
demo_session_01,37,1786094479.549681,move,330,310,.!frame.!button
demo_session_01,37,1786094479.599681,move,321,307,.!frame.!button
demo_session_01,37,1786094479.6496809,move,331,317,.!frame.!button
demo_session_01,37,1786094479.6996808,move,335,307,.!frame.!button
demo_session_01,37,1786094479.7496808,move,337,297,.!frame.!button
demo_session_01,37,1786094479.7996807,move,320,302,.!frame.!button
demo_session_01,37,1786094479.8496807,move,344,303,.!frame.!button
demo_session_01,37,1786094479.8996806,move,338,310,.!frame.!button
demo_session_01,37,1786094479.9496806,move,325,325,.!frame.!button
demo_session_01,37,1786094479.9996805,move,333,301,.!frame.!button
demo_session_01,37,1786094480.0496805,move,327,334,.!frame.!button
demo_session_01,37,1786094480.0996804,move,340,330,.!frame.!button
demo_session_01,37,1786094480.1496804,move,321,320,.!frame.!button
demo_session_01,37,1786094480.1996803,move,339,310,.!frame.!button
demo_session_01,37,1786094480.2496803,move,341,311,.!frame.!button
demo_session_01,37,1786094480.2996802,move,358,309,.!frame.!button
demo_session_01,37,1786094480.3496802,move,351,319,.!frame.!button
demo_session_01,37,1786094480.3996801,move,346,328,.!frame.!button
demo_session_01,37,1786094480.44968,move,343,313,.!frame.!button
demo_session_01,37,1786094480.5381567,click,351,321,.!frame.!button
demo_session_01,38,1786094501.0188992,move,156,315,.!frame.!entry
demo_session_01,38,1786094501.0688992,move,129,317,.!frame.!entry
demo_session_01,38,1786094501.118899,move,131,323,.!frame.!entry
demo_session_01,38,1786094501.168899,move,132,328,.!frame.!entry
demo_session_01,38,1786094501.218899,move,137,331,.!frame.!entry
demo_session_01,38,1786094501.268899,move,151,339,.!frame.!entry
demo_session_01,38,1786094501.318899,move,135,308,.!frame.!entry
demo_session_01,38,1786094501.3688989,move,142,318,.!frame.!entry
demo_session_01,38,1786094501.4188988,move,145,309,.!frame.!entry
demo_session_01,38,1786094501.4688988,move,156,325,.!frame.!entry
demo_session_01,38,1786094501.5188987,move,150,322,.!frame.!entry
demo_session_01,38,1786094501.5688987,move,172,311,.!frame.!entry
demo_session_01,38,1786094501.6188986,move,168,313,.!frame.!entry
demo_session_01,38,1786094501.6688986,move,146,322,.!frame.!entry
demo_session_01,38,1786094501.7188985,move,162,326,.!frame.!entry
demo_session_01,38,1786094501.7688985,move,159,312,.!frame.!entry
demo_session_01,38,1786094501.8188984,move,151,303,.!frame.!entry
demo_session_01,38,1786094501.8688984,move,167,328,.!frame.!entry
demo_session_01,38,1786094501.9188983,move,162,333,.!frame.!entry
demo_session_01,38,1786094501.9688983,move,154,344,.!frame.!entry
demo_session_01,38,1786094502.0188982,move,160,317,.!frame.!entry
demo_session_01,38,1786094502.0688982,move,189,312,.!frame.!entry
demo_session_01,38,1786094502.1188982,move,167,306,.!frame.!entry
demo_session_01,38,1786094502.168898,move,195,321,.!frame.!entry
demo_session_01,38,1786094502.218898,move,189,305,.!frame.!entry
demo_session_01,38,1786094502.268898,move,191,321,.!frame.!entry
demo_session_01,38,1786094502.318898,move,197,306,.!frame.!entry
demo_session_01,38,1786094502.368898,move,196,315,.!frame.!entry
demo_session_01,38,1786094502.4188979,move,171,314,.!frame.!entry
demo_session_01,38,1786094502.4688978,move,198,320,.!frame.!entry
demo_session_01,38,1786094502.5188978,move,204,319,.!frame.!entry
demo_session_01,38,1786094502.5688977,move,173,299,.!frame.!entry
demo_session_01,38,1786094502.6188977,move,196,327,.!frame.!entry
demo_session_01,38,1786094502.6688976,move,177,315,.!frame.!entry
demo_session_01,38,1786094502.7188976,move,198,316,.!frame.!entry
demo_session_01,38,1786094502.7688975,move,196,304,.!frame.!entry
demo_session_01,38,1786094502.8188975,move,188,317,.!frame.!entry
demo_session_01,38,1786094502.8688974,move,199,321,.!frame.!entry
demo_session_01,38,1786094502.9188974,move,200,314,.!frame.!entry
demo_session_01,38,1786094502.9688973,move,200,323,.!frame.!entry
demo_session_01,38,1786094503.0188973,move,220,326,.!frame.!entry
demo_session_01,38,1786094503.0688972,move,203,316,.!frame.!entry
demo_session_01,38,1786094503.1188972,move,205,326,.!frame.!entry
demo_session_01,38,1786094503.1688972,move,209,332,.!frame.!entry
demo_session_01,38,1786094503.218897,move,230,317,.!frame.!entry
demo_session_01,38,1786094503.268897,move,227,322,.!frame.!entry
demo_session_01,38,1786094503.318897,move,216,316,.!frame.!entry
demo_session_01,38,1786094503.368897,move,225,322,.!frame.!entry
demo_session_01,38,1786094503.418897,move,243,313,.!frame.!entry
demo_session_01,38,1786094503.4688969,move,237,315,.!frame.!entry
demo_session_01,38,1786094503.5188968,move,219,318,.!frame.!entry
demo_session_01,38,1786094503.5688968,move,227,308,.!frame.!entry
demo_session_01,38,1786094503.6188967,move,235,321,.!frame.!entry
demo_session_01,38,1786094503.6688967,move,244,314,.!frame.!entry
demo_session_01,38,1786094503.7188966,move,217,323,.!frame.!entry
demo_session_01,38,1786094503.7688966,move,221,314,.!frame.!entry
demo_session_01,38,1786094503.8188965,move,254,310,.!frame.!entry
demo_session_01,38,1786094503.8688965,move,240,311,.!frame.!entry
demo_session_01,38,1786094503.9188964,move,236,319,.!frame.!entry
demo_session_01,38,1786094503.9688964,move,250,313,.!frame.!entry
demo_session_01,38,1786094504.0188963,move,238,324,.!frame.!entry
demo_session_01,38,1786094504.0688963,move,256,310,.!frame.!entry
demo_session_01,38,1786094504.1188962,move,239,305,.!frame.!entry
demo_session_01,38,1786094504.1688962,move,259,329,.!frame.!entry
demo_session_01,38,1786094504.2188962,move,241,309,.!frame.!entry
demo_session_01,38,1786094504.268896,move,264,322,.!frame.!entry
demo_session_01,38,1786094504.318896,move,258,320,.!frame.!entry
demo_session_01,38,1786094504.368896,move,245,326,.!frame.!entry
demo_session_01,38,1786094504.418896,move,266,328,.!frame.!entry
demo_session_01,38,1786094504.468896,move,261,323,.!frame.!entry
demo_session_01,38,1786094504.5188959,move,250,302,.!frame.!entry
demo_session_01,38,1786094504.5688958,move,268,312,.!frame.!entry
demo_session_01,38,1786094504.6188958,move,272,320,.!frame.!entry
demo_session_01,38,1786094504.6688957,move,274,334,.!frame.!entry
demo_session_01,38,1786094504.7188957,move,289,320,.!frame.!entry
demo_session_01,38,1786094504.7688956,move,272,316,.!frame.!entry
demo_session_01,38,1786094504.8188956,move,276,321,.!frame.!entry
demo_session_01,38,1786094504.8688955,move,285,324,.!frame.!entry
demo_session_01,38,1786094504.9188955,move,284,312,.!frame.!entry
demo_session_01,38,1786094504.9688954,move,287,314,.!frame.!entry
demo_session_01,38,1786094505.0188954,move,253,312,.!frame.!entry
demo_session_01,38,1786094505.0688953,move,276,334,.!frame.!entry
demo_session_01,38,1786094505.1188953,move,304,318,.!frame.!button
demo_session_01,38,1786094505.1688952,move,289,327,.!frame.!button
demo_session_01,38,1786094505.2188952,move,284,336,.!frame.!button
demo_session_01,38,1786094505.2688951,move,302,328,.!frame.!button
demo_session_01,38,1786094505.318895,move,310,321,.!frame.!button
demo_session_01,38,1786094505.368895,move,285,325,.!frame.!button
demo_session_01,38,1786094505.418895,move,316,340,.!frame.!button
demo_session_01,38,1786094505.468895,move,283,313,.!frame.!button
demo_session_01,38,1786094505.518895,move,299,315,.!frame.!button
demo_session_01,38,1786094505.5688949,move,291,327,.!frame.!button
demo_session_01,38,1786094505.6188948,move,313,311,.!frame.!button
demo_session_01,38,1786094505.6688948,move,298,310,.!frame.!button
demo_session_01,38,1786094505.7188947,move,308,336,.!frame.!button
demo_session_01,38,1786094505.7688947,move,314,315,.!frame.!button
demo_session_01,38,1786094505.8188946,move,312,305,.!frame.!button
demo_session_01,38,1786094505.8688946,move,316,311,.!frame.!button
demo_session_01,38,1786094505.9188945,move,313,314,.!frame.!button
demo_session_01,38,1786094505.9688945,move,318,326,.!frame.!button
demo_session_01,38,1786094506.0188944,move,319,320,.!frame.!button
demo_session_01,38,1786094506.0688944,move,328,308,.!frame.!button
demo_session_01,38,1786094506.1188943,move,327,316,.!frame.!button
demo_session_01,38,1786094506.1688943,move,340,315,.!frame.!button
demo_session_01,38,1786094506.2188942,move,327,331,.!frame.!button
demo_session_01,38,1786094506.2688942,move,330,333,.!frame.!button
demo_session_01,38,1786094506.3188941,move,328,313,.!frame.!button
demo_session_01,38,1786094506.368894,move,332,334,.!frame.!button
demo_session_01,38,1786094506.418894,move,317,340,.!frame.!button
demo_session_01,38,1786094506.468894,move,340,328,.!frame.!button
demo_session_01,38,1786094506.518894,move,338,312,.!frame.!button
demo_session_01,38,1786094506.568894,move,342,300,.!frame.!button
demo_session_01,38,1786094506.6188939,move,334,314,.!frame.!button
demo_session_01,38,1786094506.6688938,move,343,323,.!frame.!button
demo_session_01,38,1786094506.7188938,move,347,319,.!frame.!button
demo_session_01,38,1786094506.7688937,move,352,312,.!frame.!button
demo_session_01,38,1786094506.8188937,move,367,316,.!frame.!button
demo_session_01,38,1786094506.9020174,click,350,320,.!frame.!button
demo_session_01,39,1786094506.9020174,move,328,230,.!frame.!entry
demo_session_01,39,1786094506.9520173,move,330,248,.!frame.!entry
demo_session_01,39,1786094507.0020173,move,314,248,.!frame.!entry
demo_session_01,39,1786094507.0520172,move,293,244,.!frame.!entry
demo_session_01,39,1786094507.1020172,move,330,247,.!frame.!entry
demo_session_01,39,1786094507.152017,move,310,252,.!frame.!entry
demo_session_01,39,1786094507.202017,move,297,251,.!frame.!entry
demo_session_01,39,1786094507.252017,move,302,228,.!frame.!entry
demo_session_01,39,1786094507.302017,move,316,259,.!frame.!entry
demo_session_01,39,1786094507.352017,move,317,257,.!frame.!entry
demo_session_01,39,1786094507.4020169,move,317,253,.!frame.!entry
demo_session_01,39,1786094507.4520168,move,326,260,.!frame.!entry
demo_session_01,39,1786094507.5020168,move,316,258,.!frame.!entry
demo_session_01,39,1786094507.5520167,move,317,251,.!frame.!entry
demo_session_01,39,1786094507.6020167,move,318,252,.!frame.!entry
demo_session_01,39,1786094507.6520166,move,327,244,.!frame.!entry
demo_session_01,39,1786094507.7020166,move,318,263,.!frame.!entry
demo_session_01,39,1786094507.7520165,move,324,268,.!frame.!entry
demo_session_01,39,1786094507.8020165,move,326,263,.!frame.!entry
demo_session_01,39,1786094507.8520164,move,313,266,.!frame.!entry
demo_session_01,39,1786094507.9020164,move,312,268,.!frame.!entry
demo_session_01,39,1786094507.9520164,move,310,263,.!frame.!entry
demo_session_01,39,1786094508.0020163,move,309,260,.!frame.!entry
demo_session_01,39,1786094508.0520163,move,314,261,.!frame.!entry
demo_session_01,39,1786094508.1020162,move,315,266,.!frame.!entry
demo_session_01,39,1786094508.1520162,move,305,266,.!frame.!entry
demo_session_01,39,1786094508.202016,move,328,264,.!frame.!entry
demo_session_01,39,1786094508.252016,move,326,251,.!frame.!entry
demo_session_01,39,1786094508.302016,move,321,233,.!frame.!entry
demo_session_01,39,1786094508.352016,move,320,267,.!frame.!entry
demo_session_01,39,1786094508.402016,move,314,264,.!frame.!entry
demo_session_01,39,1786094508.4520159,move,322,255,.!frame.!entry
demo_session_01,39,1786094508.5020158,move,323,255,.!frame.!entry
demo_session_01,39,1786094508.5520158,move,320,261,.!frame.!entry
demo_session_01,39,1786094508.6020157,move,320,260,.!frame.!entry
demo_session_01,39,1786094508.6520157,move,320,264,.!frame.!entry
demo_session_01,39,1786094508.7020156,move,315,275,.!frame.!entry
demo_session_01,39,1786094508.7520156,move,327,274,.!frame.!entry
demo_session_01,39,1786094508.8020155,move,331,278,.!frame.!entry
demo_session_01,39,1786094508.8520155,move,323,261,.!frame.!entry
demo_session_01,39,1786094508.9020154,move,330,284,.!frame.!entry
demo_session_01,39,1786094508.9520154,move,338,267,.!frame.!entry
demo_session_01,39,1786094509.0020154,move,321,276,.!frame.!entry
demo_session_01,39,1786094509.0520153,move,329,271,.!frame.!entry
demo_session_01,39,1786094509.1020153,move,340,260,.!frame.!entry
demo_session_01,39,1786094509.1520152,move,341,271,.!frame.!entry
demo_session_01,39,1786094509.2020152,move,344,275,.!frame.!entry
demo_session_01,39,1786094509.252015,move,321,272,.!frame.!entry
demo_session_01,39,1786094509.302015,move,322,283,.!frame.!entry
demo_session_01,39,1786094509.352015,move,331,272,.!frame.!entry
demo_session_01,39,1786094509.402015,move,340,292,.!frame.!entry
demo_session_01,39,1786094509.452015,move,335,296,.!frame.!entry
demo_session_01,39,1786094509.5020149,move,320,286,.!frame.!entry
demo_session_01,39,1786094509.5520148,move,330,277,.!frame.!entry
demo_session_01,39,1786094509.6020148,move,335,281,.!frame.!entry
demo_session_01,39,1786094509.6520147,move,346,288,.!frame.!entry
demo_session_01,39,1786094509.7020147,move,347,286,.!frame.!entry
demo_session_01,39,1786094509.7520146,move,338,284,.!frame.!entry
demo_session_01,39,1786094509.8020146,move,340,300,.!frame.!entry
demo_session_01,39,1786094509.8520145,move,328,290,.!frame.!entry
demo_session_01,39,1786094509.9020145,move,331,283,.!frame.!entry
demo_session_01,39,1786094509.9520144,move,327,297,.!frame.!entry
demo_session_01,39,1786094510.0020144,move,337,286,.!frame.!entry
demo_session_01,39,1786094510.0520144,move,327,297,.!frame.!entry
demo_session_01,39,1786094510.1020143,move,338,290,.!frame.!entry
demo_session_01,39,1786094510.1520143,move,329,299,.!frame.!entry
demo_session_01,39,1786094510.2020142,move,331,290,.!frame.!entry
demo_session_01,39,1786094510.2520142,move,318,290,.!frame.!entry
demo_session_01,39,1786094510.302014,move,334,303,.!frame.!entry
demo_session_01,39,1786094510.352014,move,350,306,.!frame.!entry
demo_session_01,39,1786094510.402014,move,332,302,.!frame.!entry
demo_session_01,39,1786094510.452014,move,334,295,.!frame.!entry
demo_session_01,39,1786094510.502014,move,331,300,.!frame.!entry
demo_session_01,39,1786094510.5520139,move,331,296,.!frame.!entry
demo_session_01,39,1786094510.6020138,move,339,296,.!frame.!entry
demo_session_01,39,1786094510.6520138,move,340,306,.!frame.!button
demo_session_01,39,1786094510.7020137,move,321,300,.!frame.!button
demo_session_01,39,1786094510.7520137,move,344,298,.!frame.!button
demo_session_01,39,1786094510.8020136,move,356,294,.!frame.!button
demo_session_01,39,1786094510.8520136,move,350,291,.!frame.!button
demo_session_01,39,1786094510.9020135,move,346,302,.!frame.!button
demo_session_01,39,1786094510.9520135,move,322,300,.!frame.!button
demo_session_01,39,1786094511.0020134,move,342,313,.!frame.!button
demo_session_01,39,1786094511.0520134,move,361,309,.!frame.!button
demo_session_01,39,1786094511.1020133,move,339,302,.!frame.!button
demo_session_01,39,1786094511.1520133,move,342,307,.!frame.!button
demo_session_01,39,1786094511.2020133,move,352,285,.!frame.!button
demo_session_01,39,1786094511.2520132,move,354,311,.!frame.!button
demo_session_01,39,1786094511.3020132,move,347,311,.!frame.!button
demo_session_01,39,1786094511.352013,move,357,306,.!frame.!button
demo_session_01,39,1786094511.402013,move,344,319,.!frame.!button
demo_session_01,39,1786094511.452013,move,347,314,.!frame.!button
demo_session_01,39,1786094511.502013,move,339,308,.!frame.!button
demo_session_01,39,1786094511.552013,move,353,307,.!frame.!button
demo_session_01,39,1786094511.6020129,move,362,321,.!frame.!button
demo_session_01,39,1786094511.6520128,move,343,322,.!frame.!button
demo_session_01,39,1786094511.7020128,move,342,309,.!frame.!button
demo_session_01,39,1786094511.7520127,move,345,318,.!frame.!button
demo_session_01,39,1786094511.8020127,move,345,295,.!frame.!button
demo_session_01,39,1786094511.8520126,move,360,312,.!frame.!button
demo_session_01,39,1786094511.9020126,move,343,296,.!frame.!button
demo_session_01,39,1786094511.9520125,move,344,306,.!frame.!button
demo_session_01,39,1786094512.0020125,move,348,320,.!frame.!button
demo_session_01,39,1786094512.0520124,move,350,312,.!frame.!button
demo_session_01,39,1786094512.1020124,move,338,306,.!frame.!button
demo_session_01,39,1786094512.1520123,move,364,310,.!frame.!button
demo_session_01,39,1786094512.2020123,move,357,316,.!frame.!button
demo_session_01,39,1786094512.2520123,move,346,335,.!frame.!button
demo_session_01,39,1786094512.3195276,click,368,338,.!frame.!button
demo_session_01,40,1786094512.3195276,move,361,128,.!frame.!entry
demo_session_01,40,1786094512.3695276,move,363,128,.!frame.!entry
demo_session_01,40,1786094512.4195275,move,354,131,.!frame.!entry
demo_session_01,40,1786094512.4695275,move,362,139,.!frame.!entry
demo_session_01,40,1786094512.5195274,move,355,124,.!frame.!entry
demo_session_01,40,1786094512.5695274,move,364,140,.!frame.!entry
demo_session_01,40,1786094512.6195273,move,367,135,.!frame.!entry
demo_session_01,40,1786094512.6695273,move,350,134,.!frame.!entry
demo_session_01,40,1786094512.7195272,move,356,136,.!frame.!entry
demo_session_01,40,1786094512.7695272,move,361,139,.!frame.!entry
demo_session_01,40,1786094512.8195271,move,372,150,.!frame.!entry
demo_session_01,40,1786094512.869527,move,368,149,.!frame.!entry
demo_session_01,40,1786094512.919527,move,371,150,.!frame.!entry
demo_session_01,40,1786094512.969527,move,357,138,.!frame.!entry
demo_session_01,40,1786094513.019527,move,346,159,.!frame.!entry
demo_session_01,40,1786094513.069527,move,373,139,.!frame.!entry
demo_session_01,40,1786094513.1195269,move,339,141,.!frame.!entry
demo_session_01,40,1786094513.1695268,move,344,156,.!frame.!entry
demo_session_01,40,1786094513.2195268,move,359,158,.!frame.!entry
demo_session_01,40,1786094513.2695267,move,374,157,.!frame.!entry
demo_session_01,40,1786094513.3195267,move,366,143,.!frame.!entry
demo_session_01,40,1786094513.3695266,move,357,153,.!frame.!entry
demo_session_01,40,1786094513.4195266,move,347,157,.!frame.!entry
demo_session_01,40,1786094513.4695265,move,359,173,.!frame.!entry
demo_session_01,40,1786094513.5195265,move,359,146,.!frame.!entry
demo_session_01,40,1786094513.5695264,move,349,144,.!frame.!entry
demo_session_01,40,1786094513.6195264,move,363,160,.!frame.!entry
demo_session_01,40,1786094513.6695263,move,360,150,.!frame.!entry
demo_session_01,40,1786094513.7195263,move,361,162,.!frame.!entry
demo_session_01,40,1786094513.7695262,move,364,191,.!frame.!entry
demo_session_01,40,1786094513.8195262,move,355,155,.!frame.!entry
demo_session_01,40,1786094513.8695261,move,367,178,.!frame.!entry
demo_session_01,40,1786094513.919526,move,368,192,.!frame.!entry
demo_session_01,40,1786094513.969526,move,352,173,.!frame.!entry
demo_session_01,40,1786094514.019526,move,358,183,.!frame.!entry
demo_session_01,40,1786094514.069526,move,370,180,.!frame.!entry
demo_session_01,40,1786094514.119526,move,356,170,.!frame.!entry
demo_session_01,40,1786094514.1695259,move,360,200,.!frame.!entry
demo_session_01,40,1786094514.2195258,move,370,196,.!frame.!entry
demo_session_01,40,1786094514.2695258,move,357,180,.!frame.!entry
demo_session_01,40,1786094514.3195257,move,351,194,.!frame.!entry
demo_session_01,40,1786094514.3695257,move,341,193,.!frame.!entry
demo_session_01,40,1786094514.4195256,move,359,175,.!frame.!entry
demo_session_01,40,1786094514.4695256,move,362,185,.!frame.!entry
demo_session_01,40,1786094514.5195255,move,350,196,.!frame.!entry
demo_session_01,40,1786094514.5695255,move,349,204,.!frame.!entry
demo_session_01,40,1786094514.6195254,move,370,196,.!frame.!entry
demo_session_01,40,1786094514.6695254,move,369,195,.!frame.!entry
demo_session_01,40,1786094514.7195253,move,348,190,.!frame.!entry
demo_session_01,40,1786094514.7695253,move,365,194,.!frame.!entry
demo_session_01,40,1786094514.8195252,move,362,204,.!frame.!entry
demo_session_01,40,1786094514.8695252,move,340,196,.!frame.!entry
demo_session_01,40,1786094514.9195251,move,355,216,.!frame.!entry
demo_session_01,40,1786094514.969525,move,364,201,.!frame.!entry
demo_session_01,40,1786094515.019525,move,347,212,.!frame.!entry
demo_session_01,40,1786094515.069525,move,362,198,.!frame.!entry
demo_session_01,40,1786094515.119525,move,358,215,.!frame.!entry
demo_session_01,40,1786094515.169525,move,368,212,.!frame.!entry
demo_session_01,40,1786094515.2195249,move,348,216,.!frame.!entry
demo_session_01,40,1786094515.2695248,move,359,209,.!frame.!entry
demo_session_01,40,1786094515.3195248,move,354,200,.!frame.!entry
demo_session_01,40,1786094515.3695247,move,374,210,.!frame.!entry
demo_session_01,40,1786094515.4195247,move,359,204,.!frame.!entry
demo_session_01,40,1786094515.4695246,move,353,228,.!frame.!entry
demo_session_01,40,1786094515.5195246,move,358,220,.!frame.!entry
demo_session_01,40,1786094515.5695245,move,356,225,.!frame.!entry
demo_session_01,40,1786094515.6195245,move,370,243,.!frame.!entry
demo_session_01,40,1786094515.6695244,move,367,239,.!frame.!entry
demo_session_01,40,1786094515.7195244,move,349,237,.!frame.!entry
demo_session_01,40,1786094515.7695243,move,363,216,.!frame.!entry
demo_session_01,40,1786094515.8195243,move,365,207,.!frame.!entry
demo_session_01,40,1786094515.8695242,move,354,219,.!frame.!entry
demo_session_01,40,1786094515.9195242,move,346,220,.!frame.!entry
demo_session_01,40,1786094515.9695241,move,359,227,.!frame.!entry
demo_session_01,40,1786094516.019524,move,362,231,.!frame.!entry
demo_session_01,40,1786094516.069524,move,351,237,.!frame.!entry
demo_session_01,40,1786094516.119524,move,370,237,.!frame.!entry
demo_session_01,40,1786094516.169524,move,351,254,.!frame.!entry
demo_session_01,40,1786094516.219524,move,336,229,.!frame.!entry
demo_session_01,40,1786094516.2695239,move,334,233,.!frame.!entry
demo_session_01,40,1786094516.3195238,move,348,254,.!frame.!entry
demo_session_01,40,1786094516.3695238,move,356,255,.!frame.!entry
demo_session_01,40,1786094516.4195237,move,358,243,.!frame.!entry
demo_session_01,40,1786094516.4695237,move,368,250,.!frame.!entry
demo_session_01,40,1786094516.5195236,move,357,260,.!frame.!entry
demo_session_01,40,1786094516.5695236,move,356,265,.!frame.!entry
demo_session_01,40,1786094516.6195235,move,342,252,.!frame.!entry
demo_session_01,40,1786094516.6695235,move,364,254,.!frame.!entry
demo_session_01,40,1786094516.7195234,move,354,247,.!frame.!entry
demo_session_01,40,1786094516.7695234,move,334,273,.!frame.!entry
demo_session_01,40,1786094516.8195233,move,358,277,.!frame.!entry
demo_session_01,40,1786094516.8695233,move,338,250,.!frame.!entry
demo_session_01,40,1786094516.9195232,move,364,267,.!frame.!entry
demo_session_01,40,1786094516.9695232,move,352,267,.!frame.!entry
demo_session_01,40,1786094517.0195231,move,348,251,.!frame.!button
demo_session_01,40,1786094517.069523,move,360,238,.!frame.!button
demo_session_01,40,1786094517.119523,move,348,268,.!frame.!button
demo_session_01,40,1786094517.169523,move,364,261,.!frame.!button
demo_session_01,40,1786094517.219523,move,354,280,.!frame.!button
demo_session_01,40,1786094517.269523,move,352,252,.!frame.!button
demo_session_01,40,1786094517.3195229,move,357,261,.!frame.!button
demo_session_01,40,1786094517.3695228,move,361,268,.!frame.!button
demo_session_01,40,1786094517.4195228,move,339,272,.!frame.!button
demo_session_01,40,1786094517.4695227,move,366,275,.!frame.!button
demo_session_01,40,1786094517.5195227,move,349,271,.!frame.!button
demo_session_01,40,1786094517.5695226,move,356,286,.!frame.!button
demo_session_01,40,1786094517.6195226,move,346,298,.!frame.!button
demo_session_01,40,1786094517.6695225,move,348,283,.!frame.!button
demo_session_01,40,1786094517.7195225,move,340,293,.!frame.!button
demo_session_01,40,1786094517.7695224,move,347,286,.!frame.!button
demo_session_01,40,1786094517.8195224,move,359,276,.!frame.!button
demo_session_01,40,1786094517.8695223,move,349,293,.!frame.!button
demo_session_01,40,1786094517.9195223,move,355,289,.!frame.!button
demo_session_01,40,1786094517.9695222,move,360,272,.!frame.!button
demo_session_01,40,1786094518.0195222,move,351,280,.!frame.!button
demo_session_01,40,1786094518.0695221,move,336,296,.!frame.!button
demo_session_01,40,1786094518.119522,move,337,296,.!frame.!button
demo_session_01,40,1786094518.169522,move,339,310,.!frame.!button
demo_session_01,40,1786094518.219522,move,344,289,.!frame.!button
demo_session_01,40,1786094518.269522,move,347,290,.!frame.!button
demo_session_01,40,1786094518.319522,move,354,307,.!frame.!button
demo_session_01,40,1786094518.3695219,move,341,301,.!frame.!button
demo_session_01,40,1786094518.4195218,move,359,299,.!frame.!button
demo_session_01,40,1786094518.4695218,move,350,298,.!frame.!button
demo_session_01,40,1786094518.5195217,move,339,297,.!frame.!button
demo_session_01,40,1786094518.5695217,move,350,298,.!frame.!button
demo_session_01,40,1786094518.6195216,move,357,308,.!frame.!button
demo_session_01,40,1786094518.6695216,move,348,310,.!frame.!button
demo_session_01,40,1786094518.7195215,move,328,315,.!frame.!button
demo_session_01,40,1786094518.7695215,move,332,316,.!frame.!button
demo_session_01,40,1786094518.8195214,move,351,305,.!frame.!button
demo_session_01,40,1786094518.8695214,move,355,296,.!frame.!button
demo_session_01,40,1786094518.9195213,move,358,315,.!frame.!button
demo_session_01,40,1786094518.9695213,move,341,331,.!frame.!button
demo_session_01,40,1786094519.0195212,move,338,324,.!frame.!button
demo_session_01,40,1786094519.0901372,click,353,323,.!frame.!button
demo_session_01,41,1786094519.0901372,move,338,296,.!frame.!entry
demo_session_01,41,1786094519.1401372,move,363,310,.!frame.!entry
demo_session_01,41,1786094519.1901371,move,352,280,.!frame.!entry
demo_session_01,41,1786094519.240137,move,331,281,.!frame.!entry
demo_session_01,41,1786094519.290137,move,345,280,.!frame.!entry
demo_session_01,41,1786094519.340137,move,344,304,.!frame.!entry
demo_session_01,41,1786094519.390137,move,364,296,.!frame.!entry
demo_session_01,41,1786094519.440137,move,350,292,.!frame.!entry
demo_session_01,41,1786094519.4901369,move,343,291,.!frame.!entry
demo_session_01,41,1786094519.5401368,move,331,310,.!frame.!entry
demo_session_01,41,1786094519.5901368,move,342,308,.!frame.!entry
demo_session_01,41,1786094519.6401367,move,354,270,.!frame.!entry
demo_session_01,41,1786094519.6901367,move,363,299,.!frame.!entry
demo_session_01,41,1786094519.7401366,move,330,293,.!frame.!entry
demo_session_01,41,1786094519.7901366,move,347,289,.!frame.!entry
demo_session_01,41,1786094519.8401365,move,347,295,.!frame.!entry
demo_session_01,41,1786094519.8901365,move,330,305,.!frame.!entry
demo_session_01,41,1786094519.9401364,move,348,287,.!frame.!entry
demo_session_01,41,1786094519.9901364,move,347,299,.!frame.!entry
demo_session_01,41,1786094520.0401363,move,340,295,.!frame.!entry
demo_session_01,41,1786094520.0901363,move,339,297,.!frame.!entry
demo_session_01,41,1786094520.1401362,move,347,307,.!frame.!entry
demo_session_01,41,1786094520.1901362,move,338,303,.!frame.!entry
demo_session_01,41,1786094520.2401361,move,352,309,.!frame.!entry
demo_session_01,41,1786094520.290136,move,327,282,.!frame.!entry
demo_session_01,41,1786094520.340136,move,360,322,.!frame.!entry
demo_session_01,41,1786094520.390136,move,340,299,.!frame.!entry
demo_session_01,41,1786094520.440136,move,348,301,.!frame.!entry
demo_session_01,41,1786094520.490136,move,334,288,.!frame.!entry
demo_session_01,41,1786094520.5401359,move,347,283,.!frame.!entry
demo_session_01,41,1786094520.5901358,move,350,299,.!frame.!entry
demo_session_01,41,1786094520.6401358,move,339,273,.!frame.!entry
demo_session_01,41,1786094520.6901357,move,343,322,.!frame.!entry
demo_session_01,41,1786094520.7401357,move,339,309,.!frame.!entry
demo_session_01,41,1786094520.7901356,move,340,318,.!frame.!entry
demo_session_01,41,1786094520.8401356,move,353,316,.!frame.!entry
demo_session_01,41,1786094520.8901355,move,338,303,.!frame.!entry
demo_session_01,41,1786094520.9401355,move,340,296,.!frame.!entry
demo_session_01,41,1786094520.9901354,move,330,307,.!frame.!entry
demo_session_01,41,1786094521.0401354,move,347,316,.!frame.!entry
demo_session_01,41,1786094521.0901353,move,340,292,.!frame.!entry
demo_session_01,41,1786094521.1401353,move,358,298,.!frame.!entry
demo_session_01,41,1786094521.1901352,move,336,307,.!frame.!entry
demo_session_01,41,1786094521.2401352,move,358,299,.!frame.!entry
demo_session_01,41,1786094521.2901351,move,336,314,.!frame.!entry
demo_session_01,41,1786094521.340135,move,354,287,.!frame.!entry
demo_session_01,41,1786094521.390135,move,339,301,.!frame.!entry
demo_session_01,41,1786094521.440135,move,356,296,.!frame.!entry
demo_session_01,41,1786094521.490135,move,351,297,.!frame.!entry
demo_session_01,41,1786094521.540135,move,367,315,.!frame.!entry
demo_session_01,41,1786094521.5901349,move,351,290,.!frame.!entry
demo_session_01,41,1786094521.6401348,move,358,302,.!frame.!entry
demo_session_01,41,1786094521.6901348,move,355,312,.!frame.!entry
demo_session_01,41,1786094521.7401347,move,363,313,.!frame.!entry
demo_session_01,41,1786094521.7901347,move,345,308,.!frame.!entry
demo_session_01,41,1786094521.8401346,move,353,293,.!frame.!entry
demo_session_01,41,1786094521.8901346,move,342,320,.!frame.!entry
demo_session_01,41,1786094521.9401345,move,344,297,.!frame.!entry
demo_session_01,41,1786094521.9901345,move,374,317,.!frame.!entry
demo_session_01,41,1786094522.0401344,move,348,298,.!frame.!entry
demo_session_01,41,1786094522.0901344,move,349,313,.!frame.!entry
demo_session_01,41,1786094522.1401343,move,352,306,.!frame.!entry
demo_session_01,41,1786094522.1901343,move,348,313,.!frame.!entry
demo_session_01,41,1786094522.2401342,move,350,304,.!frame.!entry
demo_session_01,41,1786094522.2901342,move,352,311,.!frame.!entry
demo_session_01,41,1786094522.3401341,move,356,299,.!frame.!entry
demo_session_01,41,1786094522.390134,move,337,295,.!frame.!entry
demo_session_01,41,1786094522.440134,move,349,299,.!frame.!entry
demo_session_01,41,1786094522.490134,move,348,313,.!frame.!entry
demo_session_01,41,1786094522.540134,move,351,326,.!frame.!entry
demo_session_01,41,1786094522.590134,move,366,296,.!frame.!entry
demo_session_01,41,1786094522.6401339,move,340,312,.!frame.!entry
demo_session_01,41,1786094522.6901338,move,359,330,.!frame.!entry
demo_session_01,41,1786094522.7401338,move,356,317,.!frame.!entry
demo_session_01,41,1786094522.7901337,move,340,320,.!frame.!entry
demo_session_01,41,1786094522.8401337,move,350,319,.!frame.!entry
demo_session_01,41,1786094522.8901336,move,348,315,.!frame.!entry
demo_session_01,41,1786094522.9401336,move,332,304,.!frame.!entry
demo_session_01,41,1786094522.9901335,move,346,309,.!frame.!entry
demo_session_01,41,1786094523.0401335,move,337,301,.!frame.!entry
demo_session_01,41,1786094523.0901334,move,336,317,.!frame.!entry
demo_session_01,41,1786094523.1401334,move,336,312,.!frame.!entry
demo_session_01,41,1786094523.1901333,move,360,305,.!frame.!entry
demo_session_01,41,1786094523.2401333,move,363,320,.!frame.!button
demo_session_01,41,1786094523.2901332,move,354,319,.!frame.!button
demo_session_01,41,1786094523.3401332,move,343,323,.!frame.!button
demo_session_01,41,1786094523.3901331,move,354,312,.!frame.!button
demo_session_01,41,1786094523.440133,move,351,315,.!frame.!button
demo_session_01,41,1786094523.490133,move,344,317,.!frame.!button
demo_session_01,41,1786094523.540133,move,339,320,.!frame.!button
demo_session_01,41,1786094523.590133,move,349,322,.!frame.!button
demo_session_01,41,1786094523.640133,move,362,282,.!frame.!button
demo_session_01,41,1786094523.6901329,move,360,324,.!frame.!button
demo_session_01,41,1786094523.7401328,move,359,318,.!frame.!button
demo_session_01,41,1786094523.7901328,move,357,334,.!frame.!button
demo_session_01,41,1786094523.8401327,move,367,316,.!frame.!button
demo_session_01,41,1786094523.8901327,move,336,299,.!frame.!button
demo_session_01,41,1786094523.9401326,move,339,326,.!frame.!button
demo_session_01,41,1786094523.9901326,move,356,310,.!frame.!button
demo_session_01,41,1786094524.0401325,move,341,312,.!frame.!button
demo_session_01,41,1786094524.0901325,move,331,319,.!frame.!button
demo_session_01,41,1786094524.1401324,move,355,337,.!frame.!button
demo_session_01,41,1786094524.1901324,move,337,317,.!frame.!button
demo_session_01,41,1786094524.2401323,move,359,315,.!frame.!button
demo_session_01,41,1786094524.2901323,move,348,312,.!frame.!button
demo_session_01,41,1786094524.3401322,move,358,311,.!frame.!button
demo_session_01,41,1786094524.3901322,move,339,313,.!frame.!button
demo_session_01,41,1786094524.4401321,move,368,321,.!frame.!button
demo_session_01,41,1786094524.490132,move,347,346,.!frame.!button
demo_session_01,41,1786094524.540132,move,353,303,.!frame.!button
demo_session_01,41,1786094524.590132,move,323,325,.!frame.!button
demo_session_01,41,1786094524.640132,move,348,315,.!frame.!button
demo_session_01,41,1786094524.690132,move,355,320,.!frame.!button
demo_session_01,41,1786094524.7401319,move,354,314,.!frame.!button
demo_session_01,41,1786094524.7901318,move,348,316,.!frame.!button
demo_session_01,41,1786094524.8401318,move,358,313,.!frame.!button
demo_session_01,41,1786094524.8901317,move,377,326,.!frame.!button
demo_session_01,41,1786094524.9401317,move,338,322,.!frame.!button
demo_session_01,41,1786094524.9901316,move,348,337,.!frame.!button
demo_session_01,41,1786094525.0808403,click,338,308,.!frame.!button
demo_session_01,42,1786094525.0808403,move,381,137,.!frame.!entry
demo_session_01,42,1786094525.1308403,move,375,138,.!frame.!entry
demo_session_01,42,1786094525.1808403,move,387,135,.!frame.!entry
demo_session_01,42,1786094525.2308402,move,374,127,.!frame.!entry
demo_session_01,42,1786094525.2808402,move,375,157,.!frame.!entry
demo_session_01,42,1786094525.33084,move,385,137,.!frame.!entry
demo_session_01,42,1786094525.38084,move,379,155,.!frame.!entry
demo_session_01,42,1786094525.43084,move,394,136,.!frame.!entry
demo_session_01,42,1786094525.48084,move,382,136,.!frame.!entry
demo_session_01,42,1786094525.53084,move,395,131,.!frame.!entry
demo_session_01,42,1786094525.5808399,move,384,149,.!frame.!entry
demo_session_01,42,1786094525.6308398,move,380,140,.!frame.!entry
demo_session_01,42,1786094525.6808398,move,380,135,.!frame.!entry
demo_session_01,42,1786094525.7308397,move,388,150,.!frame.!entry
demo_session_01,42,1786094525.7808397,move,379,157,.!frame.!entry
demo_session_01,42,1786094525.8308396,move,380,164,.!frame.!entry
demo_session_01,42,1786094525.8808396,move,384,172,.!frame.!entry
demo_session_01,42,1786094525.9308395,move,374,165,.!frame.!entry
demo_session_01,42,1786094525.9808395,move,399,163,.!frame.!entry
demo_session_01,42,1786094526.0308394,move,360,154,.!frame.!entry
demo_session_01,42,1786094526.0808394,move,385,162,.!frame.!entry
demo_session_01,42,1786094526.1308393,move,380,163,.!frame.!entry
demo_session_01,42,1786094526.1808393,move,358,157,.!frame.!entry
demo_session_01,42,1786094526.2308393,move,370,192,.!frame.!entry
demo_session_01,42,1786094526.2808392,move,389,172,.!frame.!entry
demo_session_01,42,1786094526.3308392,move,369,174,.!frame.!entry
demo_session_01,42,1786094526.380839,move,379,179,.!frame.!entry
demo_session_01,42,1786094526.430839,move,388,176,.!frame.!entry
demo_session_01,42,1786094526.480839,move,369,184,.!frame.!entry
demo_session_01,42,1786094526.530839,move,391,173,.!frame.!entry
demo_session_01,42,1786094526.580839,move,388,183,.!frame.!entry
demo_session_01,42,1786094526.6308389,move,387,166,.!frame.!entry
demo_session_01,42,1786094526.6808388,move,384,183,.!frame.!entry
demo_session_01,42,1786094526.7308388,move,363,192,.!frame.!entry
demo_session_01,42,1786094526.7808387,move,360,182,.!frame.!entry
demo_session_01,42,1786094526.8308387,move,366,176,.!frame.!entry
demo_session_01,42,1786094526.8808386,move,375,183,.!frame.!entry
demo_session_01,42,1786094526.9308386,move,382,170,.!frame.!entry
demo_session_01,42,1786094526.9808385,move,388,185,.!frame.!entry
demo_session_01,42,1786094527.0308385,move,376,190,.!frame.!entry
demo_session_01,42,1786094527.0808384,move,379,201,.!frame.!entry
demo_session_01,42,1786094527.1308384,move,370,197,.!frame.!entry
demo_session_01,42,1786094527.1808383,move,357,191,.!frame.!entry
demo_session_01,42,1786094527.2308383,move,375,204,.!frame.!entry
demo_session_01,42,1786094527.2808383,move,357,186,.!frame.!entry
demo_session_01,42,1786094527.3308382,move,363,208,.!frame.!entry
demo_session_01,42,1786094527.3808382,move,383,219,.!frame.!entry
demo_session_01,42,1786094527.430838,move,376,204,.!frame.!entry
demo_session_01,42,1786094527.480838,move,370,214,.!frame.!entry
demo_session_01,42,1786094527.530838,move,361,214,.!frame.!entry
demo_session_01,42,1786094527.580838,move,374,205,.!frame.!entry
demo_session_01,42,1786094527.630838,move,363,215,.!frame.!entry
demo_session_01,42,1786094527.6808379,move,369,201,.!frame.!entry
demo_session_01,42,1786094527.7308378,move,373,204,.!frame.!entry
demo_session_01,42,1786094527.7808378,move,368,211,.!frame.!entry
demo_session_01,42,1786094527.8308377,move,362,211,.!frame.!entry
demo_session_01,42,1786094527.8808377,move,364,210,.!frame.!entry
demo_session_01,42,1786094527.9308376,move,354,201,.!frame.!entry
demo_session_01,42,1786094527.9808376,move,377,219,.!frame.!entry
demo_session_01,42,1786094528.0308375,move,373,225,.!frame.!entry
demo_session_01,42,1786094528.0808375,move,377,217,.!frame.!entry
demo_session_01,42,1786094528.1308374,move,353,223,.!frame.!entry
demo_session_01,42,1786094528.1808374,move,382,241,.!frame.!entry
demo_session_01,42,1786094528.2308373,move,386,222,.!frame.!entry
demo_session_01,42,1786094528.2808373,move,364,237,.!frame.!entry
demo_session_01,42,1786094528.3308372,move,373,237,.!frame.!entry
demo_session_01,42,1786094528.3808372,move,366,231,.!frame.!entry
demo_session_01,42,1786094528.4308372,move,361,226,.!frame.!entry
demo_session_01,42,1786094528.480837,move,395,230,.!frame.!entry
demo_session_01,42,1786094528.530837,move,358,205,.!frame.!entry
demo_session_01,42,1786094528.580837,move,344,236,.!frame.!entry
demo_session_01,42,1786094528.630837,move,360,218,.!frame.!entry
demo_session_01,42,1786094528.680837,move,372,229,.!frame.!entry
demo_session_01,42,1786094528.7308369,move,364,249,.!frame.!entry
demo_session_01,42,1786094528.7808368,move,369,233,.!frame.!entry
demo_session_01,42,1786094528.8308368,move,377,250,.!frame.!entry
demo_session_01,42,1786094528.8808367,move,376,245,.!frame.!entry
demo_session_01,42,1786094528.9308367,move,356,244,.!frame.!entry
demo_session_01,42,1786094528.9808366,move,372,246,.!frame.!entry
demo_session_01,42,1786094529.0308366,move,354,257,.!frame.!entry
demo_session_01,42,1786094529.0808365,move,367,259,.!frame.!entry
demo_session_01,42,1786094529.1308365,move,365,235,.!frame.!entry
demo_session_01,42,1786094529.1808364,move,362,245,.!frame.!entry
demo_session_01,42,1786094529.2308364,move,369,254,.!frame.!entry
demo_session_01,42,1786094529.2808363,move,365,255,.!frame.!entry
demo_session_01,42,1786094529.3308363,move,355,255,.!frame.!entry
demo_session_01,42,1786094529.3808362,move,376,271,.!frame.!entry
demo_session_01,42,1786094529.4308362,move,364,258,.!frame.!entry
demo_session_01,42,1786094529.4808362,move,353,259,.!frame.!entry
demo_session_01,42,1786094529.530836,move,381,283,.!frame.!entry
demo_session_01,42,1786094529.580836,move,337,289,.!frame.!entry
demo_session_01,42,1786094529.630836,move,368,271,.!frame.!entry
demo_session_01,42,1786094529.680836,move,368,283,.!frame.!button
demo_session_01,42,1786094529.730836,move,372,264,.!frame.!button
demo_session_01,42,1786094529.7808359,move,350,263,.!frame.!button
demo_session_01,42,1786094529.8308358,move,351,265,.!frame.!button
demo_session_01,42,1786094529.8808358,move,337,253,.!frame.!button
demo_session_01,42,1786094529.9308357,move,349,265,.!frame.!button
demo_session_01,42,1786094529.9808357,move,344,280,.!frame.!button
demo_session_01,42,1786094530.0308356,move,350,281,.!frame.!button
demo_session_01,42,1786094530.0808356,move,372,281,.!frame.!button
demo_session_01,42,1786094530.1308355,move,366,284,.!frame.!button
demo_session_01,42,1786094530.1808355,move,365,275,.!frame.!button
demo_session_01,42,1786094530.2308354,move,342,274,.!frame.!button
demo_session_01,42,1786094530.2808354,move,374,284,.!frame.!button
demo_session_01,42,1786094530.3308353,move,356,290,.!frame.!button
demo_session_01,42,1786094530.3808353,move,360,295,.!frame.!button
demo_session_01,42,1786094530.4308352,move,346,281,.!frame.!button
demo_session_01,42,1786094530.4808352,move,344,271,.!frame.!button
demo_session_01,42,1786094530.5308352,move,360,277,.!frame.!button
demo_session_01,42,1786094530.580835,move,349,308,.!frame.!button
demo_session_01,42,1786094530.630835,move,343,295,.!frame.!button
demo_session_01,42,1786094530.680835,move,352,294,.!frame.!button
demo_session_01,42,1786094530.730835,move,365,293,.!frame.!button
demo_session_01,42,1786094530.780835,move,340,281,.!frame.!button
demo_session_01,42,1786094530.8308349,move,352,300,.!frame.!button
demo_session_01,42,1786094530.8808348,move,355,296,.!frame.!button
demo_session_01,42,1786094530.9308348,move,355,294,.!frame.!button
demo_session_01,42,1786094530.9808347,move,343,281,.!frame.!button
demo_session_01,42,1786094531.0308347,move,345,305,.!frame.!button
demo_session_01,42,1786094531.0808346,move,377,307,.!frame.!button
demo_session_01,42,1786094531.1308346,move,359,292,.!frame.!button
demo_session_01,42,1786094531.1808345,move,374,320,.!frame.!button
demo_session_01,42,1786094531.2308345,move,329,331,.!frame.!button
demo_session_01,42,1786094531.2808344,move,356,290,.!frame.!button
demo_session_01,42,1786094531.3308344,move,362,306,.!frame.!button
demo_session_01,42,1786094531.3808343,move,335,321,.!frame.!button
demo_session_01,42,1786094531.4308343,move,368,308,.!frame.!button
demo_session_01,42,1786094531.4808342,move,341,295,.!frame.!button
demo_session_01,42,1786094531.5308342,move,356,334,.!frame.!button
demo_session_01,42,1786094531.5808342,move,347,323,.!frame.!button
demo_session_01,42,1786094531.630834,move,341,308,.!frame.!button
demo_session_01,42,1786094531.685192,click,346,316,.!frame.!button
demo_session_01,43,1786094531.685192,move,107,310,.!frame.!entry
demo_session_01,43,1786094531.735192,move,102,322,.!frame.!entry
demo_session_01,43,1786094531.785192,move,116,312,.!frame.!entry
demo_session_01,43,1786094531.835192,move,107,328,.!frame.!entry
demo_session_01,43,1786094531.885192,move,105,317,.!frame.!entry
demo_session_01,43,1786094531.9351919,move,108,301,.!frame.!entry
demo_session_01,43,1786094531.9851918,move,117,294,.!frame.!entry
demo_session_01,43,1786094532.0351918,move,116,317,.!frame.!entry
demo_session_01,43,1786094532.0851917,move,105,321,.!frame.!entry
demo_session_01,43,1786094532.1351917,move,117,302,.!frame.!entry
demo_session_01,43,1786094532.1851916,move,132,310,.!frame.!entry
demo_session_01,43,1786094532.2351916,move,118,304,.!frame.!entry
demo_session_01,43,1786094532.2851915,move,122,298,.!frame.!entry
demo_session_01,43,1786094532.3351915,move,102,303,.!frame.!entry
demo_session_01,43,1786094532.3851914,move,113,316,.!frame.!entry
demo_session_01,43,1786094532.4351914,move,133,305,.!frame.!entry
demo_session_01,43,1786094532.4851913,move,138,310,.!frame.!entry
demo_session_01,43,1786094532.5351913,move,136,304,.!frame.!entry
demo_session_01,43,1786094532.5851912,move,135,303,.!frame.!entry
demo_session_01,43,1786094532.6351912,move,147,308,.!frame.!entry
demo_session_01,43,1786094532.6851912,move,139,317,.!frame.!entry
demo_session_01,43,1786094532.735191,move,159,327,.!frame.!entry
demo_session_01,43,1786094532.785191,move,145,310,.!frame.!entry
demo_session_01,43,1786094532.835191,move,125,327,.!frame.!entry
demo_session_01,43,1786094532.885191,move,133,313,.!frame.!entry
demo_session_01,43,1786094532.935191,move,139,306,.!frame.!entry
demo_session_01,43,1786094532.9851909,move,170,322,.!frame.!entry
demo_session_01,43,1786094533.0351908,move,149,305,.!frame.!entry
demo_session_01,43,1786094533.0851908,move,171,332,.!frame.!entry
demo_session_01,43,1786094533.1351907,move,145,296,.!frame.!entry
demo_session_01,43,1786094533.1851907,move,172,320,.!frame.!entry
demo_session_01,43,1786094533.2351906,move,168,304,.!frame.!entry
demo_session_01,43,1786094533.2851906,move,147,311,.!frame.!entry
demo_session_01,43,1786094533.3351905,move,168,312,.!frame.!entry
demo_session_01,43,1786094533.3851905,move,173,314,.!frame.!entry
demo_session_01,43,1786094533.4351904,move,155,297,.!frame.!entry
demo_session_01,43,1786094533.4851904,move,179,333,.!frame.!entry
demo_session_01,43,1786094533.5351903,move,179,317,.!frame.!entry
demo_session_01,43,1786094533.5851903,move,183,321,.!frame.!entry
demo_session_01,43,1786094533.6351902,move,173,308,.!frame.!entry
demo_session_01,43,1786094533.6851902,move,189,297,.!frame.!entry
demo_session_01,43,1786094533.7351902,move,198,310,.!frame.!entry
demo_session_01,43,1786094533.78519,move,204,322,.!frame.!entry
demo_session_01,43,1786094533.83519,move,196,327,.!frame.!entry
demo_session_01,43,1786094533.88519,move,186,307,.!frame.!entry
demo_session_01,43,1786094533.93519,move,190,302,.!frame.!entry
demo_session_01,43,1786094533.98519,move,173,308,.!frame.!entry
demo_session_01,43,1786094534.0351899,move,197,303,.!frame.!entry
demo_session_01,43,1786094534.0851898,move,203,308,.!frame.!entry
demo_session_01,43,1786094534.1351898,move,198,313,.!frame.!entry
demo_session_01,43,1786094534.1851897,move,192,330,.!frame.!entry
demo_session_01,43,1786094534.2351897,move,187,314,.!frame.!entry
demo_session_01,43,1786094534.2851896,move,229,296,.!frame.!entry
demo_session_01,43,1786094534.3351896,move,213,323,.!frame.!entry
demo_session_01,43,1786094534.3851895,move,204,329,.!frame.!entry
demo_session_01,43,1786094534.4351895,move,227,314,.!frame.!entry
demo_session_01,43,1786094534.4851894,move,216,313,.!frame.!entry
demo_session_01,43,1786094534.5351894,move,239,318,.!frame.!entry
demo_session_01,43,1786094534.5851893,move,202,315,.!frame.!entry
demo_session_01,43,1786094534.6351893,move,223,322,.!frame.!entry
demo_session_01,43,1786094534.6851892,move,215,301,.!frame.!entry
demo_session_01,43,1786094534.7351892,move,212,307,.!frame.!entry
demo_session_01,43,1786094534.7851892,move,235,302,.!frame.!entry
demo_session_01,43,1786094534.835189,move,240,304,.!frame.!entry
demo_session_01,43,1786094534.885189,move,237,319,.!frame.!entry
demo_session_01,43,1786094534.935189,move,235,308,.!frame.!entry
demo_session_01,43,1786094534.985189,move,247,311,.!frame.!entry
demo_session_01,43,1786094535.035189,move,238,326,.!frame.!entry
demo_session_01,43,1786094535.0851889,move,237,329,.!frame.!entry
demo_session_01,43,1786094535.1351888,move,257,301,.!frame.!entry
demo_session_01,43,1786094535.1851888,move,248,317,.!frame.!entry
demo_session_01,43,1786094535.2351887,move,246,352,.!frame.!entry
demo_session_01,43,1786094535.2851887,move,242,333,.!frame.!entry
demo_session_01,43,1786094535.3351886,move,231,335,.!frame.!entry
demo_session_01,43,1786094535.3851886,move,241,310,.!frame.!entry
demo_session_01,43,1786094535.4351885,move,268,299,.!frame.!entry
demo_session_01,43,1786094535.4851885,move,254,319,.!frame.!entry
demo_session_01,43,1786094535.5351884,move,241,324,.!frame.!entry
demo_session_01,43,1786094535.5851884,move,267,306,.!frame.!entry
demo_session_01,43,1786094535.6351883,move,266,313,.!frame.!entry
demo_session_01,43,1786094535.6851883,move,253,329,.!frame.!entry
demo_session_01,43,1786094535.7351882,move,254,329,.!frame.!entry
demo_session_01,43,1786094535.7851882,move,276,313,.!frame.!entry
demo_session_01,43,1786094535.8351882,move,279,301,.!frame.!entry
demo_session_01,43,1786094535.885188,move,282,320,.!frame.!button
demo_session_01,43,1786094535.935188,move,272,320,.!frame.!button
demo_session_01,43,1786094535.985188,move,282,303,.!frame.!button
demo_session_01,43,1786094536.035188,move,277,308,.!frame.!button
demo_session_01,43,1786094536.085188,move,281,318,.!frame.!button
demo_session_01,43,1786094536.1351879,move,288,337,.!frame.!button
demo_session_01,43,1786094536.1851878,move,286,311,.!frame.!button
demo_session_01,43,1786094536.2351878,move,281,312,.!frame.!button
demo_session_01,43,1786094536.2851877,move,290,332,.!frame.!button
demo_session_01,43,1786094536.3351877,move,295,324,.!frame.!button
demo_session_01,43,1786094536.3851876,move,301,319,.!frame.!button
demo_session_01,43,1786094536.4351876,move,292,320,.!frame.!button
demo_session_01,43,1786094536.4851875,move,299,332,.!frame.!button
demo_session_01,43,1786094536.5351875,move,302,304,.!frame.!button
demo_session_01,43,1786094536.5851874,move,306,320,.!frame.!button
demo_session_01,43,1786094536.6351874,move,296,321,.!frame.!button
demo_session_01,43,1786094536.6851873,move,300,342,.!frame.!button
demo_session_01,43,1786094536.7351873,move,299,311,.!frame.!button
demo_session_01,43,1786094536.7851872,move,318,310,.!frame.!button
demo_session_01,43,1786094536.8351872,move,294,326,.!frame.!button
demo_session_01,43,1786094536.8851871,move,306,326,.!frame.!button
demo_session_01,43,1786094536.935187,move,317,315,.!frame.!button
demo_session_01,43,1786094536.985187,move,349,322,.!frame.!button
demo_session_01,43,1786094537.035187,move,319,320,.!frame.!button
demo_session_01,43,1786094537.085187,move,321,311,.!frame.!button
demo_session_01,43,1786094537.135187,move,322,318,.!frame.!button
demo_session_01,43,1786094537.1851869,move,313,317,.!frame.!button
demo_session_01,43,1786094537.2351868,move,329,304,.!frame.!button
demo_session_01,43,1786094537.2851868,move,343,323,.!frame.!button
demo_session_01,43,1786094537.3351867,move,367,313,.!frame.!button
demo_session_01,43,1786094537.3851867,move,338,332,.!frame.!button
demo_session_01,43,1786094537.4351866,move,340,317,.!frame.!button
demo_session_01,43,1786094537.4851866,move,341,317,.!frame.!button
demo_session_01,43,1786094537.5351865,move,355,304,.!frame.!button
demo_session_01,43,1786094537.5851865,move,345,327,.!frame.!button
demo_session_01,43,1786094537.6351864,move,349,311,.!frame.!button
demo_session_01,43,1786094537.6851864,move,348,331,.!frame.!button
demo_session_01,43,1786094537.7497153,click,356,326,.!frame.!button
demo_session_01,44,1786094537.7497153,move,259,134,.!frame.!entry
demo_session_01,44,1786094537.7997153,move,261,120,.!frame.!entry
demo_session_01,44,1786094537.8497152,move,250,132,.!frame.!entry
demo_session_01,44,1786094537.8997152,move,252,139,.!frame.!entry
demo_session_01,44,1786094537.9497151,move,238,136,.!frame.!entry
demo_session_01,44,1786094537.999715,move,251,142,.!frame.!entry
demo_session_01,44,1786094538.049715,move,241,118,.!frame.!entry
demo_session_01,44,1786094538.099715,move,270,113,.!frame.!entry
demo_session_01,44,1786094538.149715,move,254,129,.!frame.!entry
demo_session_01,44,1786094538.199715,move,246,139,.!frame.!entry
demo_session_01,44,1786094538.2497149,move,265,121,.!frame.!entry
demo_session_01,44,1786094538.2997148,move,247,137,.!frame.!entry
demo_session_01,44,1786094538.3497148,move,255,130,.!frame.!entry
demo_session_01,44,1786094538.3997147,move,260,131,.!frame.!entry
demo_session_01,44,1786094538.4497147,move,264,139,.!frame.!entry
demo_session_01,44,1786094538.4997146,move,254,138,.!frame.!entry
demo_session_01,44,1786094538.5497146,move,261,153,.!frame.!entry
demo_session_01,44,1786094538.5997145,move,269,145,.!frame.!entry
demo_session_01,44,1786094538.6497145,move,273,158,.!frame.!entry
demo_session_01,44,1786094538.6997144,move,257,125,.!frame.!entry
demo_session_01,44,1786094538.7497144,move,262,147,.!frame.!entry
demo_session_01,44,1786094538.7997143,move,251,148,.!frame.!entry
demo_session_01,44,1786094538.8497143,move,259,152,.!frame.!entry
demo_session_01,44,1786094538.8997142,move,264,149,.!frame.!entry
demo_session_01,44,1786094538.9497142,move,271,177,.!frame.!entry
demo_session_01,44,1786094538.9997141,move,278,154,.!frame.!entry
demo_session_01,44,1786094539.049714,move,265,144,.!frame.!entry
demo_session_01,44,1786094539.099714,move,268,166,.!frame.!entry
demo_session_01,44,1786094539.149714,move,245,161,.!frame.!entry
demo_session_01,44,1786094539.199714,move,266,171,.!frame.!entry
demo_session_01,44,1786094539.249714,move,277,167,.!frame.!entry
demo_session_01,44,1786094539.2997139,move,268,179,.!frame.!entry
demo_session_01,44,1786094539.3497138,move,271,169,.!frame.!entry
demo_session_01,44,1786094539.3997138,move,267,164,.!frame.!entry
demo_session_01,44,1786094539.4497137,move,266,185,.!frame.!entry
demo_session_01,44,1786094539.4997137,move,258,170,.!frame.!entry
demo_session_01,44,1786094539.5497136,move,284,171,.!frame.!entry
demo_session_01,44,1786094539.5997136,move,297,184,.!frame.!entry
demo_session_01,44,1786094539.6497135,move,285,184,.!frame.!entry
demo_session_01,44,1786094539.6997135,move,280,182,.!frame.!entry
demo_session_01,44,1786094539.7497134,move,256,179,.!frame.!entry
demo_session_01,44,1786094539.7997134,move,259,164,.!frame.!entry
demo_session_01,44,1786094539.8497133,move,279,201,.!frame.!entry
demo_session_01,44,1786094539.8997133,move,278,187,.!frame.!entry
demo_session_01,44,1786094539.9497132,move,284,178,.!frame.!entry
demo_session_01,44,1786094539.9997132,move,263,168,.!frame.!entry
demo_session_01,44,1786094540.0497131,move,271,187,.!frame.!entry
demo_session_01,44,1786094540.099713,move,277,187,.!frame.!entry
demo_session_01,44,1786094540.149713,move,294,184,.!frame.!entry
demo_session_01,44,1786094540.199713,move,292,205,.!frame.!entry
demo_session_01,44,1786094540.249713,move,264,176,.!frame.!entry
demo_session_01,44,1786094540.299713,move,288,188,.!frame.!entry
demo_session_01,44,1786094540.3497128,move,274,191,.!frame.!entry
demo_session_01,44,1786094540.3997128,move,281,203,.!frame.!entry
demo_session_01,44,1786094540.4497128,move,287,192,.!frame.!entry
demo_session_01,44,1786094540.4997127,move,279,183,.!frame.!entry
demo_session_01,44,1786094540.5497127,move,278,190,.!frame.!entry
demo_session_01,44,1786094540.5997126,move,287,196,.!frame.!entry
demo_session_01,44,1786094540.6497126,move,269,198,.!frame.!entry
demo_session_01,44,1786094540.6997125,move,302,183,.!frame.!entry
demo_session_01,44,1786094540.7497125,move,300,200,.!frame.!entry
demo_session_01,44,1786094540.7997124,move,301,212,.!frame.!entry
demo_session_01,44,1786094540.8497124,move,288,205,.!frame.!entry
demo_session_01,44,1786094540.8997123,move,285,214,.!frame.!entry
demo_session_01,44,1786094540.9497123,move,289,208,.!frame.!entry
demo_session_01,44,1786094540.9997122,move,285,207,.!frame.!entry
demo_session_01,44,1786094541.0497122,move,314,225,.!frame.!entry
demo_session_01,44,1786094541.0997121,move,276,217,.!frame.!entry
demo_session_01,44,1786094541.149712,move,291,214,.!frame.!entry
demo_session_01,44,1786094541.199712,move,299,245,.!frame.!entry
demo_session_01,44,1786094541.249712,move,303,208,.!frame.!entry
demo_session_01,44,1786094541.299712,move,293,200,.!frame.!entry
demo_session_01,44,1786094541.349712,move,304,218,.!frame.!entry
demo_session_01,44,1786094541.3997118,move,287,212,.!frame.!entry
demo_session_01,44,1786094541.4497118,move,291,228,.!frame.!entry
demo_session_01,44,1786094541.4997118,move,287,228,.!frame.!entry
demo_session_01,44,1786094541.5497117,move,284,224,.!frame.!entry
demo_session_01,44,1786094541.5997117,move,312,248,.!frame.!entry
demo_session_01,44,1786094541.6497116,move,315,230,.!frame.!entry
demo_session_01,44,1786094541.6997116,move,309,239,.!frame.!entry
demo_session_01,44,1786094541.7497115,move,315,227,.!frame.!entry
demo_session_01,44,1786094541.7997115,move,309,255,.!frame.!entry
demo_session_01,44,1786094541.8497114,move,311,236,.!frame.!entry
demo_session_01,44,1786094541.8997114,move,319,216,.!frame.!entry
demo_session_01,44,1786094541.9497113,move,301,239,.!frame.!entry
demo_session_01,44,1786094541.9997113,move,283,233,.!frame.!entry
demo_session_01,44,1786094542.0497112,move,318,233,.!frame.!entry
demo_session_01,44,1786094542.0997112,move,296,250,.!frame.!entry
demo_session_01,44,1786094542.1497111,move,306,234,.!frame.!entry
demo_session_01,44,1786094542.199711,move,298,251,.!frame.!entry
demo_session_01,44,1786094542.249711,move,304,252,.!frame.!entry
demo_session_01,44,1786094542.299711,move,304,259,.!frame.!entry
demo_session_01,44,1786094542.349711,move,306,255,.!frame.!entry
demo_session_01,44,1786094542.399711,move,307,236,.!frame.!entry
demo_session_01,44,1786094542.4497108,move,313,250,.!frame.!entry
demo_session_01,44,1786094542.4997108,move,319,260,.!frame.!entry
demo_session_01,44,1786094542.5497108,move,310,252,.!frame.!entry
demo_session_01,44,1786094542.5997107,move,317,249,.!frame.!entry
demo_session_01,44,1786094542.6497107,move,312,260,.!frame.!entry
demo_session_01,44,1786094542.6997106,move,306,268,.!frame.!entry
demo_session_01,44,1786094542.7497106,move,302,249,.!frame.!entry
demo_session_01,44,1786094542.7997105,move,298,255,.!frame.!entry
demo_session_01,44,1786094542.8497105,move,314,266,.!frame.!entry
demo_session_01,44,1786094542.8997104,move,314,268,.!frame.!entry
demo_session_01,44,1786094542.9497104,move,327,272,.!frame.!button
demo_session_01,44,1786094542.9997103,move,316,260,.!frame.!button
demo_session_01,44,1786094543.0497103,move,331,252,.!frame.!button
demo_session_01,44,1786094543.0997102,move,299,251,.!frame.!button
demo_session_01,44,1786094543.1497102,move,302,270,.!frame.!button
demo_session_01,44,1786094543.1997101,move,308,274,.!frame.!button
demo_session_01,44,1786094543.24971,move,320,273,.!frame.!button
demo_session_01,44,1786094543.29971,move,330,270,.!frame.!button
demo_session_01,44,1786094543.34971,move,337,269,.!frame.!button
demo_session_01,44,1786094543.39971,move,306,269,.!frame.!button
demo_session_01,44,1786094543.44971,move,329,279,.!frame.!button
demo_session_01,44,1786094543.4997098,move,329,272,.!frame.!button
demo_session_01,44,1786094543.5497098,move,336,281,.!frame.!button
demo_session_01,44,1786094543.5997097,move,325,280,.!frame.!button
demo_session_01,44,1786094543.6497097,move,308,282,.!frame.!button
demo_session_01,44,1786094543.6997097,move,339,280,.!frame.!button
demo_session_01,44,1786094543.7497096,move,339,274,.!frame.!button
demo_session_01,44,1786094543.7997096,move,329,281,.!frame.!button
demo_session_01,44,1786094543.8497095,move,323,276,.!frame.!button
demo_session_01,44,1786094543.8997095,move,327,289,.!frame.!button
demo_session_01,44,1786094543.9497094,move,326,288,.!frame.!button
demo_session_01,44,1786094543.9997094,move,348,280,.!frame.!button
demo_session_01,44,1786094544.0497093,move,337,277,.!frame.!button
demo_session_01,44,1786094544.0997093,move,331,306,.!frame.!button
demo_session_01,44,1786094544.1497092,move,334,274,.!frame.!button
demo_session_01,44,1786094544.1997092,move,341,285,.!frame.!button
demo_session_01,44,1786094544.2497091,move,332,299,.!frame.!button
demo_session_01,44,1786094544.299709,move,353,319,.!frame.!button
demo_session_01,44,1786094544.349709,move,339,294,.!frame.!button
demo_session_01,44,1786094544.399709,move,338,308,.!frame.!button
demo_session_01,44,1786094544.449709,move,344,301,.!frame.!button
demo_session_01,44,1786094544.499709,move,337,296,.!frame.!button
demo_session_01,44,1786094544.5497088,move,336,286,.!frame.!button
demo_session_01,44,1786094544.5997088,move,344,311,.!frame.!button
demo_session_01,44,1786094544.6497087,move,349,325,.!frame.!button
demo_session_01,44,1786094544.6997087,move,355,334,.!frame.!button
demo_session_01,44,1786094544.7497087,move,328,305,.!frame.!button
demo_session_01,44,1786094544.7997086,move,337,323,.!frame.!button
demo_session_01,44,1786094544.8497086,move,347,329,.!frame.!button
demo_session_01,44,1786094544.8997085,move,341,291,.!frame.!button
demo_session_01,44,1786094544.9497085,move,367,322,.!frame.!button
demo_session_01,44,1786094544.9997084,move,329,314,.!frame.!button
demo_session_01,44,1786094545.0497084,move,335,329,.!frame.!button
demo_session_01,44,1786094545.0997083,move,358,320,.!frame.!button
demo_session_01,44,1786094545.1497083,move,357,314,.!frame.!button
demo_session_01,44,1786094545.2394307,click,339,309,.!frame.!button
demo_session_01,45,1786094552.02672,move,314,156,.!frame.!entry
demo_session_01,45,1786094552.07672,move,311,170,.!frame.!entry
demo_session_01,45,1786094552.12672,move,307,166,.!frame.!entry
demo_session_01,45,1786094552.17672,move,324,171,.!frame.!entry
demo_session_01,45,1786094552.2267199,move,294,158,.!frame.!entry
demo_session_01,45,1786094552.2767198,move,312,161,.!frame.!entry
demo_session_01,45,1786094552.3267198,move,311,176,.!frame.!entry
demo_session_01,45,1786094552.3767197,move,331,172,.!frame.!entry
demo_session_01,45,1786094552.4267197,move,295,158,.!frame.!entry
demo_session_01,45,1786094552.4767196,move,312,157,.!frame.!entry
demo_session_01,45,1786094552.5267196,move,306,176,.!frame.!entry
demo_session_01,45,1786094552.5767195,move,296,182,.!frame.!entry
demo_session_01,45,1786094552.6267195,move,317,175,.!frame.!entry
demo_session_01,45,1786094552.6767194,move,305,174,.!frame.!entry
demo_session_01,45,1786094552.7267194,move,308,186,.!frame.!entry
demo_session_01,45,1786094552.7767193,move,306,183,.!frame.!entry
demo_session_01,45,1786094552.8267193,move,305,181,.!frame.!entry
demo_session_01,45,1786094552.8767192,move,311,174,.!frame.!entry
demo_session_01,45,1786094552.9267192,move,298,170,.!frame.!entry
demo_session_01,45,1786094552.9767191,move,318,176,.!frame.!entry
demo_session_01,45,1786094553.026719,move,311,178,.!frame.!entry
demo_session_01,45,1786094553.076719,move,288,185,.!frame.!entry
demo_session_01,45,1786094553.126719,move,303,163,.!frame.!entry
demo_session_01,45,1786094553.176719,move,323,191,.!frame.!entry
demo_session_01,45,1786094553.226719,move,314,186,.!frame.!entry
demo_session_01,45,1786094553.2767189,move,325,202,.!frame.!entry
demo_session_01,45,1786094553.3267188,move,321,179,.!frame.!entry
demo_session_01,45,1786094553.3767188,move,305,193,.!frame.!entry
demo_session_01,45,1786094553.4267187,move,340,193,.!frame.!entry
demo_session_01,45,1786094553.4767187,move,306,189,.!frame.!entry
demo_session_01,45,1786094553.5267186,move,310,186,.!frame.!entry
demo_session_01,45,1786094553.5767186,move,289,171,.!frame.!entry
demo_session_01,45,1786094553.6267185,move,331,196,.!frame.!entry
demo_session_01,45,1786094553.6767185,move,326,198,.!frame.!entry
demo_session_01,45,1786094553.7267184,move,326,210,.!frame.!entry
demo_session_01,45,1786094553.7767184,move,317,192,.!frame.!entry
demo_session_01,45,1786094553.8267183,move,340,204,.!frame.!entry
demo_session_01,45,1786094553.8767183,move,313,199,.!frame.!entry
demo_session_01,45,1786094553.9267182,move,319,200,.!frame.!entry
demo_session_01,45,1786094553.9767182,move,304,200,.!frame.!entry
demo_session_01,45,1786094554.0267181,move,323,191,.!frame.!entry
demo_session_01,45,1786094554.076718,move,313,221,.!frame.!entry
demo_session_01,45,1786094554.126718,move,310,206,.!frame.!entry
demo_session_01,45,1786094554.176718,move,325,196,.!frame.!entry
demo_session_01,45,1786094554.226718,move,327,201,.!frame.!entry
demo_session_01,45,1786094554.276718,move,325,207,.!frame.!entry
demo_session_01,45,1786094554.3267179,move,334,211,.!frame.!entry
demo_session_01,45,1786094554.3767178,move,317,234,.!frame.!entry
demo_session_01,45,1786094554.4267178,move,312,227,.!frame.!entry
demo_session_01,45,1786094554.4767177,move,315,217,.!frame.!entry
demo_session_01,45,1786094554.5267177,move,315,210,.!frame.!entry
demo_session_01,45,1786094554.5767176,move,304,198,.!frame.!entry
demo_session_01,45,1786094554.6267176,move,312,209,.!frame.!entry
demo_session_01,45,1786094554.6767175,move,315,239,.!frame.!entry
demo_session_01,45,1786094554.7267175,move,339,215,.!frame.!entry
demo_session_01,45,1786094554.7767174,move,335,228,.!frame.!entry
demo_session_01,45,1786094554.8267174,move,321,217,.!frame.!entry
demo_session_01,45,1786094554.8767173,move,325,200,.!frame.!entry
demo_session_01,45,1786094554.9267173,move,323,228,.!frame.!entry
demo_session_01,45,1786094554.9767172,move,317,218,.!frame.!entry
demo_session_01,45,1786094555.0267172,move,318,231,.!frame.!entry
demo_session_01,45,1786094555.0767171,move,327,225,.!frame.!entry
demo_session_01,45,1786094555.126717,move,330,231,.!frame.!entry
demo_session_01,45,1786094555.176717,move,325,253,.!frame.!entry
demo_session_01,45,1786094555.226717,move,316,218,.!frame.!entry
demo_session_01,45,1786094555.276717,move,332,218,.!frame.!entry
demo_session_01,45,1786094555.326717,move,317,225,.!frame.!entry
demo_session_01,45,1786094555.3767169,move,333,216,.!frame.!entry
demo_session_01,45,1786094555.4267168,move,322,235,.!frame.!entry
demo_session_01,45,1786094555.4767168,move,336,219,.!frame.!entry
demo_session_01,45,1786094555.5267167,move,338,233,.!frame.!entry
demo_session_01,45,1786094555.5767167,move,320,239,.!frame.!entry
demo_session_01,45,1786094555.6267166,move,328,230,.!frame.!entry
demo_session_01,45,1786094555.6767166,move,330,235,.!frame.!entry
demo_session_01,45,1786094555.7267165,move,314,240,.!frame.!entry
demo_session_01,45,1786094555.7767165,move,342,231,.!frame.!entry
demo_session_01,45,1786094555.8267164,move,315,239,.!frame.!entry
demo_session_01,45,1786094555.8767164,move,331,238,.!frame.!entry
demo_session_01,45,1786094555.9267163,move,329,221,.!frame.!entry
demo_session_01,45,1786094555.9767163,move,343,233,.!frame.!entry
demo_session_01,45,1786094556.0267162,move,337,239,.!frame.!entry
demo_session_01,45,1786094556.0767162,move,326,237,.!frame.!entry
demo_session_01,45,1786094556.1267161,move,331,231,.!frame.!entry
demo_session_01,45,1786094556.176716,move,319,238,.!frame.!entry
demo_session_01,45,1786094556.226716,move,344,241,.!frame.!entry
demo_session_01,45,1786094556.276716,move,342,254,.!frame.!entry
demo_session_01,45,1786094556.326716,move,329,247,.!frame.!entry
demo_session_01,45,1786094556.376716,move,326,270,.!frame.!entry
demo_session_01,45,1786094556.4267159,move,311,237,.!frame.!entry
demo_session_01,45,1786094556.4767158,move,325,234,.!frame.!entry
demo_session_01,45,1786094556.5267158,move,334,245,.!frame.!entry
demo_session_01,45,1786094556.5767157,move,329,274,.!frame.!entry
demo_session_01,45,1786094556.6267157,move,342,230,.!frame.!entry
demo_session_01,45,1786094556.6767156,move,329,249,.!frame.!entry
demo_session_01,45,1786094556.7267156,move,357,267,.!frame.!entry
demo_session_01,45,1786094556.7767155,move,333,262,.!frame.!entry
demo_session_01,45,1786094556.8267155,move,336,273,.!frame.!entry
demo_session_01,45,1786094556.8767154,move,334,250,.!frame.!entry
demo_session_01,45,1786094556.9267154,move,332,289,.!frame.!entry
demo_session_01,45,1786094556.9767153,move,333,262,.!frame.!entry
demo_session_01,45,1786094557.0267153,move,341,241,.!frame.!entry
demo_session_01,45,1786094557.0767152,move,348,261,.!frame.!entry
demo_session_01,45,1786094557.1267152,move,338,261,.!frame.!entry
demo_session_01,45,1786094557.1767151,move,325,276,.!frame.!entry
demo_session_01,45,1786094557.226715,move,318,243,.!frame.!entry
demo_session_01,45,1786094557.276715,move,354,264,.!frame.!entry
demo_session_01,45,1786094557.326715,move,322,265,.!frame.!entry
demo_session_01,45,1786094557.376715,move,327,266,.!frame.!entry
demo_session_01,45,1786094557.426715,move,326,265,.!frame.!entry
demo_session_01,45,1786094557.4767148,move,332,276,.!frame.!entry
demo_session_01,45,1786094557.5267148,move,329,271,.!frame.!entry
demo_session_01,45,1786094557.5767148,move,320,264,.!frame.!entry
demo_session_01,45,1786094557.6267147,move,331,269,.!frame.!entry
demo_session_01,45,1786094557.6767147,move,350,267,.!frame.!entry
demo_session_01,45,1786094557.7267146,move,324,266,.!frame.!entry
demo_session_01,45,1786094557.7767146,move,343,270,.!frame.!entry
demo_session_01,45,1786094557.8267145,move,353,259,.!frame.!entry
demo_session_01,45,1786094557.8767145,move,332,283,.!frame.!button
demo_session_01,45,1786094557.9267144,move,348,282,.!frame.!button
demo_session_01,45,1786094557.9767144,move,357,263,.!frame.!button
demo_session_01,45,1786094558.0267143,move,332,281,.!frame.!button
demo_session_01,45,1786094558.0767143,move,353,289,.!frame.!button
demo_session_01,45,1786094558.1267142,move,318,286,.!frame.!button
demo_session_01,45,1786094558.1767142,move,342,280,.!frame.!button
demo_session_01,45,1786094558.2267141,move,334,285,.!frame.!button
demo_session_01,45,1786094558.276714,move,335,285,.!frame.!button
demo_session_01,45,1786094558.326714,move,325,294,.!frame.!button
demo_session_01,45,1786094558.376714,move,338,279,.!frame.!button
demo_session_01,45,1786094558.426714,move,355,286,.!frame.!button
demo_session_01,45,1786094558.476714,move,362,290,.!frame.!button
demo_session_01,45,1786094558.5267138,move,343,290,.!frame.!button
demo_session_01,45,1786094558.5767138,move,344,302,.!frame.!button
demo_session_01,45,1786094558.6267138,move,332,294,.!frame.!button
demo_session_01,45,1786094558.6767137,move,348,295,.!frame.!button
demo_session_01,45,1786094558.7267137,move,348,280,.!frame.!button
demo_session_01,45,1786094558.7767136,move,348,271,.!frame.!button
demo_session_01,45,1786094558.8267136,move,345,287,.!frame.!button
demo_session_01,45,1786094558.8767135,move,331,316,.!frame.!button
demo_session_01,45,1786094558.9267135,move,344,287,.!frame.!button
demo_session_01,45,1786094558.9767134,move,336,294,.!frame.!button
demo_session_01,45,1786094559.0267134,move,333,282,.!frame.!button
demo_session_01,45,1786094559.0767133,move,358,297,.!frame.!button
demo_session_01,45,1786094559.1267133,move,345,297,.!frame.!button
demo_session_01,45,1786094559.1767132,move,350,294,.!frame.!button
demo_session_01,45,1786094559.2267132,move,341,302,.!frame.!button
demo_session_01,45,1786094559.2767131,move,345,309,.!frame.!button
demo_session_01,45,1786094559.326713,move,353,304,.!frame.!button
demo_session_01,45,1786094559.376713,move,366,304,.!frame.!button
demo_session_01,45,1786094559.426713,move,348,302,.!frame.!button
demo_session_01,45,1786094559.476713,move,367,300,.!frame.!button
demo_session_01,45,1786094559.526713,move,335,306,.!frame.!button
demo_session_01,45,1786094559.5767128,move,348,305,.!frame.!button
demo_session_01,45,1786094559.6267128,move,340,300,.!frame.!button
demo_session_01,45,1786094559.6767128,move,345,293,.!frame.!button
demo_session_01,45,1786094559.7267127,move,346,322,.!frame.!button
demo_session_01,45,1786094559.7767127,move,334,309,.!frame.!button
demo_session_01,45,1786094559.8267126,move,353,327,.!frame.!button
demo_session_01,45,1786094559.8767126,move,353,316,.!frame.!button
demo_session_01,45,1786094559.9267125,move,349,323,.!frame.!button
demo_session_01,45,1786094559.9767125,move,334,311,.!frame.!button
demo_session_01,45,1786094560.0267124,move,338,305,.!frame.!button
demo_session_01,45,1786094560.0767124,move,356,313,.!frame.!button
demo_session_01,45,1786094560.1267123,move,342,324,.!frame.!button
demo_session_01,45,1786094560.1767123,move,368,306,.!frame.!button
demo_session_01,45,1786094560.2267122,move,333,323,.!frame.!button
demo_session_01,45,1786094560.2767122,move,364,325,.!frame.!button
demo_session_01,45,1786094560.3267121,move,357,305,.!frame.!button
demo_session_01,45,1786094560.4173863,click,355,325,.!frame.!button
demo_session_01,46,1786094560.4173863,move,294,285,.!frame.!entry
demo_session_01,46,1786094560.4673862,move,302,269,.!frame.!entry
demo_session_01,46,1786094560.5173862,move,314,265,.!frame.!entry
demo_session_01,46,1786094560.5673862,move,284,263,.!frame.!entry
demo_session_01,46,1786094560.617386,move,294,278,.!frame.!entry
demo_session_01,46,1786094560.667386,move,302,274,.!frame.!entry
demo_session_01,46,1786094560.717386,move,319,288,.!frame.!entry
demo_session_01,46,1786094560.767386,move,298,282,.!frame.!entry
demo_session_01,46,1786094560.817386,move,311,274,.!frame.!entry
demo_session_01,46,1786094560.8673859,move,309,264,.!frame.!entry
demo_session_01,46,1786094560.9173858,move,296,290,.!frame.!entry
demo_session_01,46,1786094560.9673858,move,304,282,.!frame.!entry
demo_session_01,46,1786094561.0173857,move,311,292,.!frame.!entry
demo_session_01,46,1786094561.0673857,move,313,281,.!frame.!entry
demo_session_01,46,1786094561.1173856,move,314,283,.!frame.!entry
demo_session_01,46,1786094561.1673856,move,318,297,.!frame.!entry
demo_session_01,46,1786094561.2173855,move,315,281,.!frame.!entry
demo_session_01,46,1786094561.2673855,move,314,284,.!frame.!entry
demo_session_01,46,1786094561.3173854,move,327,263,.!frame.!entry
demo_session_01,46,1786094561.3673854,move,299,292,.!frame.!entry
demo_session_01,46,1786094561.4173853,move,313,276,.!frame.!entry
demo_session_01,46,1786094561.4673853,move,324,280,.!frame.!entry
demo_session_01,46,1786094561.5173852,move,310,283,.!frame.!entry
demo_session_01,46,1786094561.5673852,move,312,275,.!frame.!entry
demo_session_01,46,1786094561.6173851,move,319,276,.!frame.!entry
demo_session_01,46,1786094561.667385,move,321,264,.!frame.!entry
demo_session_01,46,1786094561.717385,move,326,274,.!frame.!entry
demo_session_01,46,1786094561.767385,move,311,292,.!frame.!entry
demo_session_01,46,1786094561.817385,move,341,289,.!frame.!entry
demo_session_01,46,1786094561.867385,move,315,279,.!frame.!entry
demo_session_01,46,1786094561.9173849,move,306,271,.!frame.!entry
demo_session_01,46,1786094561.9673848,move,286,268,.!frame.!entry
demo_session_01,46,1786094562.0173848,move,302,273,.!frame.!entry
demo_session_01,46,1786094562.0673847,move,296,285,.!frame.!entry
demo_session_01,46,1786094562.1173847,move,304,264,.!frame.!entry
demo_session_01,46,1786094562.1673846,move,332,285,.!frame.!entry
demo_session_01,46,1786094562.2173846,move,322,289,.!frame.!entry
demo_session_01,46,1786094562.2673845,move,303,287,.!frame.!entry
demo_session_01,46,1786094562.3173845,move,320,279,.!frame.!entry
demo_session_01,46,1786094562.3673844,move,307,286,.!frame.!entry
demo_session_01,46,1786094562.4173844,move,328,280,.!frame.!entry
demo_session_01,46,1786094562.4673843,move,321,286,.!frame.!entry
demo_session_01,46,1786094562.5173843,move,324,285,.!frame.!entry
demo_session_01,46,1786094562.5673842,move,302,272,.!frame.!entry
demo_session_01,46,1786094562.6173842,move,315,285,.!frame.!entry
demo_session_01,46,1786094562.6673841,move,313,296,.!frame.!entry
demo_session_01,46,1786094562.717384,move,318,267,.!frame.!entry
demo_session_01,46,1786094562.767384,move,341,271,.!frame.!entry
demo_session_01,46,1786094562.817384,move,329,282,.!frame.!entry
demo_session_01,46,1786094562.867384,move,313,287,.!frame.!entry
demo_session_01,46,1786094562.917384,move,319,312,.!frame.!entry
demo_session_01,46,1786094562.9673839,move,313,297,.!frame.!entry
demo_session_01,46,1786094563.0173838,move,328,287,.!frame.!entry
demo_session_01,46,1786094563.0673838,move,313,284,.!frame.!entry
demo_session_01,46,1786094563.1173837,move,321,291,.!frame.!entry
demo_session_01,46,1786094563.1673837,move,302,286,.!frame.!entry
demo_session_01,46,1786094563.2173836,move,322,299,.!frame.!entry
demo_session_01,46,1786094563.2673836,move,333,300,.!frame.!entry
demo_session_01,46,1786094563.3173835,move,335,278,.!frame.!entry
demo_session_01,46,1786094563.3673835,move,325,289,.!frame.!entry
demo_session_01,46,1786094563.4173834,move,327,293,.!frame.!entry
demo_session_01,46,1786094563.4673834,move,298,288,.!frame.!entry
demo_session_01,46,1786094563.5173833,move,314,281,.!frame.!entry
demo_session_01,46,1786094563.5673833,move,335,292,.!frame.!entry
demo_session_01,46,1786094563.6173832,move,324,296,.!frame.!entry
demo_session_01,46,1786094563.6673832,move,331,304,.!frame.!entry
demo_session_01,46,1786094563.7173831,move,327,296,.!frame.!entry
demo_session_01,46,1786094563.767383,move,303,288,.!frame.!entry
demo_session_01,46,1786094563.817383,move,323,290,.!frame.!entry
demo_session_01,46,1786094563.867383,move,332,287,.!frame.!entry
demo_session_01,46,1786094563.917383,move,321,304,.!frame.!entry
demo_session_01,46,1786094563.967383,move,337,307,.!frame.!entry
demo_session_01,46,1786094564.0173829,move,311,301,.!frame.!entry
demo_session_01,46,1786094564.0673828,move,337,291,.!frame.!entry
demo_session_01,46,1786094564.1173828,move,333,287,.!frame.!entry
demo_session_01,46,1786094564.1673827,move,316,291,.!frame.!entry
demo_session_01,46,1786094564.2173827,move,341,300,.!frame.!entry
demo_session_01,46,1786094564.2673826,move,338,296,.!frame.!entry
demo_session_01,46,1786094564.3173826,move,328,293,.!frame.!entry
demo_session_01,46,1786094564.3673825,move,304,283,.!frame.!entry
demo_session_01,46,1786094564.4173825,move,326,286,.!frame.!entry
demo_session_01,46,1786094564.4673824,move,322,304,.!frame.!entry
demo_session_01,46,1786094564.5173824,move,339,288,.!frame.!entry
demo_session_01,46,1786094564.5673823,move,318,289,.!frame.!entry
demo_session_01,46,1786094564.6173823,move,328,306,.!frame.!entry
demo_session_01,46,1786094564.6673822,move,341,307,.!frame.!entry
demo_session_01,46,1786094564.7173822,move,318,292,.!frame.!entry
demo_session_01,46,1786094564.7673821,move,321,295,.!frame.!entry
demo_session_01,46,1786094564.817382,move,338,294,.!frame.!entry
demo_session_01,46,1786094564.867382,move,341,301,.!frame.!entry
demo_session_01,46,1786094564.917382,move,338,325,.!frame.!entry
demo_session_01,46,1786094564.967382,move,324,298,.!frame.!entry
demo_session_01,46,1786094565.017382,move,320,292,.!frame.!entry
demo_session_01,46,1786094565.0673819,move,344,307,.!frame.!entry
demo_session_01,46,1786094565.1173818,move,326,300,.!frame.!entry
demo_session_01,46,1786094565.1673818,move,346,308,.!frame.!entry
demo_session_01,46,1786094565.2173817,move,334,298,.!frame.!entry
demo_session_01,46,1786094565.2673817,move,337,306,.!frame.!entry
demo_session_01,46,1786094565.3173816,move,319,303,.!frame.!entry
demo_session_01,46,1786094565.3673816,move,317,304,.!frame.!entry
demo_session_01,46,1786094565.4173815,move,345,295,.!frame.!entry
demo_session_01,46,1786094565.4673815,move,338,286,.!frame.!entry
demo_session_01,46,1786094565.5173814,move,333,318,.!frame.!entry
demo_session_01,46,1786094565.5673814,move,329,290,.!frame.!entry
demo_session_01,46,1786094565.6173813,move,329,306,.!frame.!entry
demo_session_01,46,1786094565.6673813,move,325,319,.!frame.!entry
demo_session_01,46,1786094565.7173812,move,320,302,.!frame.!button
demo_session_01,46,1786094565.7673812,move,327,292,.!frame.!button
demo_session_01,46,1786094565.8173811,move,318,310,.!frame.!button
demo_session_01,46,1786094565.867381,move,328,324,.!frame.!button
demo_session_01,46,1786094565.917381,move,325,317,.!frame.!button
demo_session_01,46,1786094565.967381,move,328,295,.!frame.!button
demo_session_01,46,1786094566.017381,move,338,301,.!frame.!button
demo_session_01,46,1786094566.067381,move,339,305,.!frame.!button
demo_session_01,46,1786094566.1173809,move,346,299,.!frame.!button
demo_session_01,46,1786094566.1673808,move,358,304,.!frame.!button
demo_session_01,46,1786094566.2173808,move,365,298,.!frame.!button
demo_session_01,46,1786094566.2673807,move,334,314,.!frame.!button
demo_session_01,46,1786094566.3173807,move,323,314,.!frame.!button
demo_session_01,46,1786094566.3673806,move,342,301,.!frame.!button
demo_session_01,46,1786094566.4173806,move,336,315,.!frame.!button
demo_session_01,46,1786094566.4673805,move,342,313,.!frame.!button
demo_session_01,46,1786094566.5173805,move,352,313,.!frame.!button
demo_session_01,46,1786094566.5673804,move,354,306,.!frame.!button
demo_session_01,46,1786094566.6173804,move,336,320,.!frame.!button
demo_session_01,46,1786094566.6673803,move,340,335,.!frame.!button
demo_session_01,46,1786094566.7173803,move,351,307,.!frame.!button
demo_session_01,46,1786094566.7673802,move,326,309,.!frame.!button
demo_session_01,46,1786094566.8173802,move,344,316,.!frame.!button
demo_session_01,46,1786094566.8673801,move,329,304,.!frame.!button
demo_session_01,46,1786094566.91738,move,332,327,.!frame.!button
demo_session_01,46,1786094566.96738,move,337,307,.!frame.!button
demo_session_01,46,1786094567.01738,move,361,302,.!frame.!button
demo_session_01,46,1786094567.06738,move,341,319,.!frame.!button
demo_session_01,46,1786094567.11738,move,347,314,.!frame.!button
demo_session_01,46,1786094567.1673799,move,357,330,.!frame.!button
demo_session_01,46,1786094567.2173798,move,381,319,.!frame.!button
demo_session_01,46,1786094567.2673798,move,345,301,.!frame.!button
demo_session_01,46,1786094567.3173797,move,337,325,.!frame.!button
demo_session_01,46,1786094567.3673797,move,357,328,.!frame.!button
demo_session_01,46,1786094567.4173796,move,351,324,.!frame.!button
demo_session_01,46,1786094567.4673796,move,329,320,.!frame.!button
demo_session_01,46,1786094567.5173795,move,355,318,.!frame.!button
demo_session_01,46,1786094567.5673795,move,349,319,.!frame.!button
demo_session_01,46,1786094567.6173794,move,338,307,.!frame.!button
demo_session_01,46,1786094567.6673794,move,341,318,.!frame.!button
demo_session_01,46,1786094567.7173793,move,342,309,.!frame.!button
demo_session_01,46,1786094567.7673793,move,354,326,.!frame.!button
demo_session_01,46,1786094567.8173792,move,345,320,.!frame.!button
demo_session_01,46,1786094567.8673792,move,352,316,.!frame.!button
demo_session_01,46,1786094567.9173791,move,351,302,.!frame.!button
demo_session_01,46,1786094567.967379,move,345,318,.!frame.!button
demo_session_01,46,1786094568.03859,click,348,318,.!frame.!button
demo_session_01,47,1786094568.03859,move,411,291,.!frame.!entry
demo_session_01,47,1786094568.08859,move,403,291,.!frame.!entry
demo_session_01,47,1786094568.1385899,move,393,298,.!frame.!entry
demo_session_01,47,1786094568.1885898,move,423,283,.!frame.!entry
demo_session_01,47,1786094568.2385898,move,417,275,.!frame.!entry
demo_session_01,47,1786094568.2885897,move,391,302,.!frame.!entry
demo_session_01,47,1786094568.3385897,move,402,278,.!frame.!entry
demo_session_01,47,1786094568.3885896,move,387,297,.!frame.!entry
demo_session_01,47,1786094568.4385896,move,402,280,.!frame.!entry
demo_session_01,47,1786094568.4885895,move,396,279,.!frame.!entry
demo_session_01,47,1786094568.5385895,move,398,287,.!frame.!entry
demo_session_01,47,1786094568.5885894,move,375,303,.!frame.!entry
demo_session_01,47,1786094568.6385894,move,393,300,.!frame.!entry
demo_session_01,47,1786094568.6885893,move,391,278,.!frame.!entry
demo_session_01,47,1786094568.7385893,move,388,292,.!frame.!entry
demo_session_01,47,1786094568.7885892,move,396,287,.!frame.!entry
demo_session_01,47,1786094568.8385892,move,409,298,.!frame.!entry
demo_session_01,47,1786094568.8885891,move,394,302,.!frame.!entry
demo_session_01,47,1786094568.938589,move,384,270,.!frame.!entry
demo_session_01,47,1786094568.988589,move,407,290,.!frame.!entry
demo_session_01,47,1786094569.038589,move,377,288,.!frame.!entry
demo_session_01,47,1786094569.088589,move,413,310,.!frame.!entry
demo_session_01,47,1786094569.138589,move,384,295,.!frame.!entry
demo_session_01,47,1786094569.1885889,move,388,304,.!frame.!entry
demo_session_01,47,1786094569.2385888,move,388,307,.!frame.!entry
demo_session_01,47,1786094569.2885888,move,396,299,.!frame.!entry
demo_session_01,47,1786094569.3385887,move,385,287,.!frame.!entry
demo_session_01,47,1786094569.3885887,move,387,299,.!frame.!entry
demo_session_01,47,1786094569.4385886,move,398,314,.!frame.!entry
demo_session_01,47,1786094569.4885886,move,389,315,.!frame.!entry
demo_session_01,47,1786094569.5385885,move,373,294,.!frame.!entry
demo_session_01,47,1786094569.5885885,move,383,301,.!frame.!entry
demo_session_01,47,1786094569.6385884,move,387,302,.!frame.!entry
demo_session_01,47,1786094569.6885884,move,397,300,.!frame.!entry
demo_session_01,47,1786094569.7385883,move,391,293,.!frame.!entry
demo_session_01,47,1786094569.7885883,move,381,289,.!frame.!entry
demo_session_01,47,1786094569.8385882,move,373,286,.!frame.!entry
demo_session_01,47,1786094569.8885882,move,379,297,.!frame.!entry
demo_session_01,47,1786094569.9385881,move,375,314,.!frame.!entry
demo_session_01,47,1786094569.988588,move,401,290,.!frame.!entry
demo_session_01,47,1786094570.038588,move,374,289,.!frame.!entry
demo_session_01,47,1786094570.088588,move,410,297,.!frame.!entry
demo_session_01,47,1786094570.138588,move,372,304,.!frame.!entry
demo_session_01,47,1786094570.188588,move,371,285,.!frame.!entry
demo_session_01,47,1786094570.2385879,move,377,285,.!frame.!entry
demo_session_01,47,1786094570.2885878,move,388,286,.!frame.!entry
demo_session_01,47,1786094570.3385878,move,379,315,.!frame.!entry
demo_session_01,47,1786094570.3885877,move,385,298,.!frame.!entry
demo_session_01,47,1786094570.4385877,move,375,299,.!frame.!entry
demo_session_01,47,1786094570.4885876,move,380,301,.!frame.!entry
demo_session_01,47,1786094570.5385876,move,376,312,.!frame.!entry
demo_session_01,47,1786094570.5885875,move,399,306,.!frame.!entry
demo_session_01,47,1786094570.6385875,move,377,305,.!frame.!entry
demo_session_01,47,1786094570.6885874,move,374,298,.!frame.!entry
demo_session_01,47,1786094570.7385874,move,367,294,.!frame.!entry
demo_session_01,47,1786094570.7885873,move,377,304,.!frame.!entry
demo_session_01,47,1786094570.8385873,move,368,303,.!frame.!entry
demo_session_01,47,1786094570.8885872,move,368,312,.!frame.!entry
demo_session_01,47,1786094570.9385872,move,384,289,.!frame.!entry
demo_session_01,47,1786094570.9885871,move,393,294,.!frame.!entry
demo_session_01,47,1786094571.038587,move,367,299,.!frame.!entry
demo_session_01,47,1786094571.088587,move,383,301,.!frame.!entry
demo_session_01,47,1786094571.138587,move,374,296,.!frame.!entry
demo_session_01,47,1786094571.188587,move,369,309,.!frame.!entry
demo_session_01,47,1786094571.238587,move,368,297,.!frame.!entry
demo_session_01,47,1786094571.2885869,move,364,304,.!frame.!entry
demo_session_01,47,1786094571.3385868,move,357,322,.!frame.!entry
demo_session_01,47,1786094571.3885868,move,374,310,.!frame.!entry
demo_session_01,47,1786094571.4385867,move,375,302,.!frame.!entry
demo_session_01,47,1786094571.4885867,move,363,300,.!frame.!entry
demo_session_01,47,1786094571.5385866,move,370,303,.!frame.!entry
demo_session_01,47,1786094571.5885866,move,379,322,.!frame.!entry
demo_session_01,47,1786094571.6385865,move,373,323,.!frame.!entry
demo_session_01,47,1786094571.6885865,move,360,298,.!frame.!entry
demo_session_01,47,1786094571.7385864,move,373,288,.!frame.!entry
demo_session_01,47,1786094571.7885864,move,353,311,.!frame.!entry
demo_session_01,47,1786094571.8385863,move,372,317,.!frame.!entry
demo_session_01,47,1786094571.8885863,move,352,301,.!frame.!entry
demo_session_01,47,1786094571.9385862,move,358,306,.!frame.!entry
demo_session_01,47,1786094571.9885862,move,366,328,.!frame.!entry
demo_session_01,47,1786094572.0385861,move,357,308,.!frame.!entry
demo_session_01,47,1786094572.088586,move,391,294,.!frame.!entry
demo_session_01,47,1786094572.138586,move,383,316,.!frame.!entry
demo_session_01,47,1786094572.188586,move,383,317,.!frame.!entry
demo_session_01,47,1786094572.238586,move,387,310,.!frame.!entry
demo_session_01,47,1786094572.288586,move,373,300,.!frame.!entry
demo_session_01,47,1786094572.3385859,move,367,315,.!frame.!button
demo_session_01,47,1786094572.3885858,move,360,321,.!frame.!button
demo_session_01,47,1786094572.4385858,move,361,326,.!frame.!button
demo_session_01,47,1786094572.4885857,move,348,323,.!frame.!button
demo_session_01,47,1786094572.5385857,move,388,307,.!frame.!button
demo_session_01,47,1786094572.5885856,move,357,307,.!frame.!button
demo_session_01,47,1786094572.6385856,move,351,318,.!frame.!button
demo_session_01,47,1786094572.6885855,move,356,325,.!frame.!button
demo_session_01,47,1786094572.7385855,move,363,321,.!frame.!button
demo_session_01,47,1786094572.7885854,move,380,310,.!frame.!button
demo_session_01,47,1786094572.8385854,move,356,318,.!frame.!button
demo_session_01,47,1786094572.8885853,move,358,307,.!frame.!button
demo_session_01,47,1786094572.9385853,move,355,308,.!frame.!button
demo_session_01,47,1786094572.9885852,move,382,328,.!frame.!button
demo_session_01,47,1786094573.0385852,move,365,310,.!frame.!button
demo_session_01,47,1786094573.0885851,move,379,310,.!frame.!button
demo_session_01,47,1786094573.138585,move,352,313,.!frame.!button
demo_session_01,47,1786094573.188585,move,352,298,.!frame.!button
demo_session_01,47,1786094573.238585,move,351,306,.!frame.!button
demo_session_01,47,1786094573.288585,move,361,321,.!frame.!button
demo_session_01,47,1786094573.338585,move,335,302,.!frame.!button
demo_session_01,47,1786094573.3885849,move,348,330,.!frame.!button
demo_session_01,47,1786094573.4385848,move,355,303,.!frame.!button
demo_session_01,47,1786094573.4885848,move,353,300,.!frame.!button
demo_session_01,47,1786094573.5385847,move,367,328,.!frame.!button
demo_session_01,47,1786094573.5885847,move,354,310,.!frame.!button
demo_session_01,47,1786094573.6385846,move,357,319,.!frame.!button
demo_session_01,47,1786094573.6885846,move,344,328,.!frame.!button
demo_session_01,47,1786094573.7385845,move,365,310,.!frame.!button
demo_session_01,47,1786094573.7885845,move,361,306,.!frame.!button
demo_session_01,47,1786094573.8385844,move,348,315,.!frame.!button
demo_session_01,47,1786094573.8885844,move,363,310,.!frame.!button
demo_session_01,47,1786094573.9385843,move,346,309,.!frame.!button
demo_session_01,47,1786094573.9885843,move,359,325,.!frame.!button
demo_session_01,47,1786094574.0385842,move,363,315,.!frame.!button
demo_session_01,47,1786094574.0885842,move,352,303,.!frame.!button
demo_session_01,47,1786094574.1385841,move,353,328,.!frame.!button
demo_session_01,47,1786094574.1915617,click,348,318,.!frame.!button
demo_session_01,48,1786094574.1915617,move,268,201,.!frame.!entry
demo_session_01,48,1786094574.2415617,move,282,207,.!frame.!entry
demo_session_01,48,1786094574.2915616,move,220,202,.!frame.!entry
demo_session_01,48,1786094574.3415616,move,269,186,.!frame.!entry
demo_session_01,48,1786094574.3915615,move,258,208,.!frame.!entry
demo_session_01,48,1786094574.4415615,move,244,198,.!frame.!entry
demo_session_01,48,1786094574.4915614,move,262,219,.!frame.!entry
demo_session_01,48,1786094574.5415614,move,262,196,.!frame.!entry
demo_session_01,48,1786094574.5915613,move,249,208,.!frame.!entry
demo_session_01,48,1786094574.6415613,move,262,197,.!frame.!entry
demo_session_01,48,1786094574.6915612,move,277,204,.!frame.!entry
demo_session_01,48,1786094574.7415612,move,256,202,.!frame.!entry
demo_session_01,48,1786094574.7915611,move,264,210,.!frame.!entry
demo_session_01,48,1786094574.841561,move,249,232,.!frame.!entry
demo_session_01,48,1786094574.891561,move,280,201,.!frame.!entry
demo_session_01,48,1786094574.941561,move,278,205,.!frame.!entry
demo_session_01,48,1786094574.991561,move,256,195,.!frame.!entry
demo_session_01,48,1786094575.041561,move,277,215,.!frame.!entry
demo_session_01,48,1786094575.0915608,move,253,214,.!frame.!entry
demo_session_01,48,1786094575.1415608,move,270,198,.!frame.!entry
demo_session_01,48,1786094575.1915607,move,287,209,.!frame.!entry
demo_session_01,48,1786094575.2415607,move,275,212,.!frame.!entry
demo_session_01,48,1786094575.2915606,move,273,199,.!frame.!entry
demo_session_01,48,1786094575.3415606,move,286,205,.!frame.!entry
demo_session_01,48,1786094575.3915606,move,278,224,.!frame.!entry
demo_session_01,48,1786094575.4415605,move,270,223,.!frame.!entry
demo_session_01,48,1786094575.4915605,move,280,215,.!frame.!entry
demo_session_01,48,1786094575.5415604,move,295,223,.!frame.!entry
demo_session_01,48,1786094575.5915604,move,286,227,.!frame.!entry
demo_session_01,48,1786094575.6415603,move,297,214,.!frame.!entry
demo_session_01,48,1786094575.6915603,move,279,234,.!frame.!entry
demo_session_01,48,1786094575.7415602,move,286,230,.!frame.!entry
demo_session_01,48,1786094575.7915602,move,296,227,.!frame.!entry
demo_session_01,48,1786094575.8415601,move,277,210,.!frame.!entry
demo_session_01,48,1786094575.89156,move,268,235,.!frame.!entry
demo_session_01,48,1786094575.94156,move,282,225,.!frame.!entry
demo_session_01,48,1786094575.99156,move,288,243,.!frame.!entry
demo_session_01,48,1786094576.04156,move,297,247,.!frame.!entry
demo_session_01,48,1786094576.09156,move,277,225,.!frame.!entry
demo_session_01,48,1786094576.1415598,move,274,234,.!frame.!entry
demo_session_01,48,1786094576.1915598,move,289,243,.!frame.!entry
demo_session_01,48,1786094576.2415597,move,301,248,.!frame.!entry
demo_session_01,48,1786094576.2915597,move,306,217,.!frame.!entry
demo_session_01,48,1786094576.3415596,move,310,245,.!frame.!entry
demo_session_01,48,1786094576.3915596,move,297,249,.!frame.!entry
demo_session_01,48,1786094576.4415596,move,293,247,.!frame.!entry
demo_session_01,48,1786094576.4915595,move,298,217,.!frame.!entry
demo_session_01,48,1786094576.5415595,move,303,251,.!frame.!entry
demo_session_01,48,1786094576.5915594,move,298,233,.!frame.!entry
demo_session_01,48,1786094576.6415594,move,317,254,.!frame.!entry
demo_session_01,48,1786094576.6915593,move,309,242,.!frame.!entry
demo_session_01,48,1786094576.7415593,move,282,242,.!frame.!entry
demo_session_01,48,1786094576.7915592,move,316,250,.!frame.!entry
demo_session_01,48,1786094576.8415592,move,288,259,.!frame.!entry
demo_session_01,48,1786094576.8915591,move,319,241,.!frame.!entry
demo_session_01,48,1786094576.941559,move,307,241,.!frame.!entry
demo_session_01,48,1786094576.991559,move,310,242,.!frame.!entry
demo_session_01,48,1786094577.041559,move,300,257,.!frame.!entry
demo_session_01,48,1786094577.091559,move,289,251,.!frame.!entry
demo_session_01,48,1786094577.141559,move,319,262,.!frame.!entry
demo_session_01,48,1786094577.1915588,move,312,265,.!frame.!entry
demo_session_01,48,1786094577.2415588,move,299,246,.!frame.!entry
demo_session_01,48,1786094577.2915587,move,291,267,.!frame.!entry
demo_session_01,48,1786094577.3415587,move,295,253,.!frame.!entry
demo_session_01,48,1786094577.3915586,move,307,261,.!frame.!entry
demo_session_01,48,1786094577.4415586,move,319,276,.!frame.!entry
demo_session_01,48,1786094577.4915586,move,311,278,.!frame.!entry
demo_session_01,48,1786094577.5415585,move,317,265,.!frame.!entry
demo_session_01,48,1786094577.5915585,move,305,275,.!frame.!entry
demo_session_01,48,1786094577.6415584,move,309,265,.!frame.!entry
demo_session_01,48,1786094577.6915584,move,314,249,.!frame.!entry
demo_session_01,48,1786094577.7415583,move,314,264,.!frame.!entry
demo_session_01,48,1786094577.7915583,move,286,284,.!frame.!entry
demo_session_01,48,1786094577.8415582,move,301,274,.!frame.!entry
demo_session_01,48,1786094577.8915582,move,316,262,.!frame.!entry
demo_session_01,48,1786094577.9415581,move,307,276,.!frame.!entry
demo_session_01,48,1786094577.991558,move,304,267,.!frame.!entry
demo_session_01,48,1786094578.041558,move,318,273,.!frame.!entry
demo_session_01,48,1786094578.091558,move,317,301,.!frame.!entry
demo_session_01,48,1786094578.141558,move,316,265,.!frame.!entry
demo_session_01,48,1786094578.191558,move,309,258,.!frame.!entry
demo_session_01,48,1786094578.2415578,move,323,273,.!frame.!entry
demo_session_01,48,1786094578.2915578,move,300,261,.!frame.!entry
demo_session_01,48,1786094578.3415577,move,305,289,.!frame.!entry
demo_session_01,48,1786094578.3915577,move,323,259,.!frame.!entry
demo_session_01,48,1786094578.4415576,move,317,296,.!frame.!entry
demo_session_01,48,1786094578.4915576,move,308,278,.!frame.!entry
demo_session_01,48,1786094578.5415576,move,320,273,.!frame.!button
demo_session_01,48,1786094578.5915575,move,328,267,.!frame.!button
demo_session_01,48,1786094578.6415575,move,306,295,.!frame.!button
demo_session_01,48,1786094578.6915574,move,319,273,.!frame.!button
demo_session_01,48,1786094578.7415574,move,336,293,.!frame.!button
demo_session_01,48,1786094578.7915573,move,320,296,.!frame.!button
demo_session_01,48,1786094578.8415573,move,320,296,.!frame.!button
demo_session_01,48,1786094578.8915572,move,326,305,.!frame.!button
demo_session_01,48,1786094578.9415572,move,352,285,.!frame.!button
demo_session_01,48,1786094578.9915571,move,336,310,.!frame.!button
demo_session_01,48,1786094579.041557,move,342,270,.!frame.!button
demo_session_01,48,1786094579.091557,move,327,297,.!frame.!button
demo_session_01,48,1786094579.141557,move,353,307,.!frame.!button
demo_session_01,48,1786094579.191557,move,331,301,.!frame.!button
demo_session_01,48,1786094579.241557,move,323,307,.!frame.!button
demo_session_01,48,1786094579.2915568,move,346,308,.!frame.!button
demo_session_01,48,1786094579.3415568,move,338,303,.!frame.!button
demo_session_01,48,1786094579.3915567,move,330,299,.!frame.!button
demo_session_01,48,1786094579.4415567,move,343,307,.!frame.!button
demo_session_01,48,1786094579.4915566,move,320,294,.!frame.!button
demo_session_01,48,1786094579.5415566,move,337,309,.!frame.!button
demo_session_01,48,1786094579.5915565,move,346,314,.!frame.!button
demo_session_01,48,1786094579.6415565,move,343,295,.!frame.!button
demo_session_01,48,1786094579.6915565,move,329,306,.!frame.!button
demo_session_01,48,1786094579.7415564,move,341,303,.!frame.!button
demo_session_01,48,1786094579.7915564,move,336,312,.!frame.!button
demo_session_01,48,1786094579.8415563,move,334,313,.!frame.!button
demo_session_01,48,1786094579.8915563,move,337,295,.!frame.!button
demo_session_01,48,1786094579.9415562,move,339,303,.!frame.!button
demo_session_01,48,1786094579.9915562,move,332,298,.!frame.!button
demo_session_01,48,1786094580.0415561,move,343,307,.!frame.!button
demo_session_01,48,1786094580.091556,move,354,315,.!frame.!button
demo_session_01,48,1786094580.141556,move,333,324,.!frame.!button
demo_session_01,48,1786094580.191556,move,333,305,.!frame.!button
demo_session_01,48,1786094580.241556,move,345,332,.!frame.!button
demo_session_01,48,1786094580.291556,move,351,310,.!frame.!button
demo_session_01,48,1786094580.3415558,move,371,319,.!frame.!button
demo_session_01,48,1786094580.4304163,click,343,313,.!frame.!button
demo_session_01,49,1786094580.4304163,move,494,173,.!frame.!entry
demo_session_01,49,1786094580.4804163,move,476,205,.!frame.!entry
demo_session_01,49,1786094580.5304163,move,485,202,.!frame.!entry
demo_session_01,49,1786094580.5804162,move,512,184,.!frame.!entry
demo_session_01,49,1786094580.6304162,move,470,188,.!frame.!entry
demo_session_01,49,1786094580.680416,move,482,203,.!frame.!entry
demo_session_01,49,1786094580.730416,move,481,189,.!frame.!entry
demo_session_01,49,1786094580.780416,move,456,204,.!frame.!entry
demo_session_01,49,1786094580.830416,move,469,203,.!frame.!entry
demo_session_01,49,1786094580.880416,move,483,187,.!frame.!entry
demo_session_01,49,1786094580.9304159,move,470,205,.!frame.!entry
demo_session_01,49,1786094580.9804158,move,462,182,.!frame.!entry
demo_session_01,49,1786094581.0304158,move,479,189,.!frame.!entry
demo_session_01,49,1786094581.0804157,move,457,180,.!frame.!entry
demo_session_01,49,1786094581.1304157,move,505,209,.!frame.!entry
demo_session_01,49,1786094581.1804156,move,468,195,.!frame.!entry
demo_session_01,49,1786094581.2304156,move,489,183,.!frame.!entry
demo_session_01,49,1786094581.2804155,move,468,208,.!frame.!entry
demo_session_01,49,1786094581.3304155,move,487,210,.!frame.!entry
demo_session_01,49,1786094581.3804154,move,480,207,.!frame.!entry
demo_session_01,49,1786094581.4304154,move,475,227,.!frame.!entry
demo_session_01,49,1786094581.4804153,move,467,214,.!frame.!entry
demo_session_01,49,1786094581.5304153,move,467,199,.!frame.!entry
demo_session_01,49,1786094581.5804152,move,480,203,.!frame.!entry
demo_session_01,49,1786094581.6304152,move,455,228,.!frame.!entry
demo_session_01,49,1786094581.6804152,move,473,228,.!frame.!entry
demo_session_01,49,1786094581.730415,move,435,215,.!frame.!entry
demo_session_01,49,1786094581.780415,move,456,214,.!frame.!entry
demo_session_01,49,1786094581.830415,move,480,216,.!frame.!entry
demo_session_01,49,1786094581.880415,move,458,217,.!frame.!entry
demo_session_01,49,1786094581.930415,move,454,210,.!frame.!entry
demo_session_01,49,1786094581.9804149,move,463,207,.!frame.!entry
demo_session_01,49,1786094582.0304148,move,458,212,.!frame.!entry
demo_session_01,49,1786094582.0804148,move,446,219,.!frame.!entry
demo_session_01,49,1786094582.1304147,move,456,218,.!frame.!entry
demo_session_01,49,1786094582.1804147,move,460,222,.!frame.!entry
demo_session_01,49,1786094582.2304146,move,431,226,.!frame.!entry
demo_session_01,49,1786094582.2804146,move,440,234,.!frame.!entry
demo_session_01,49,1786094582.3304145,move,449,221,.!frame.!entry
demo_session_01,49,1786094582.3804145,move,465,218,.!frame.!entry
demo_session_01,49,1786094582.4304144,move,438,229,.!frame.!entry
demo_session_01,49,1786094582.4804144,move,435,238,.!frame.!entry
demo_session_01,49,1786094582.5304143,move,442,231,.!frame.!entry
demo_session_01,49,1786094582.5804143,move,435,251,.!frame.!entry
demo_session_01,49,1786094582.6304142,move,448,222,.!frame.!entry
demo_session_01,49,1786094582.6804142,move,453,226,.!frame.!entry
demo_session_01,49,1786094582.7304142,move,431,229,.!frame.!entry
demo_session_01,49,1786094582.780414,move,458,215,.!frame.!entry
demo_session_01,49,1786094582.830414,move,432,229,.!frame.!entry
demo_session_01,49,1786094582.880414,move,437,227,.!frame.!entry
demo_session_01,49,1786094582.930414,move,470,220,.!frame.!entry
demo_session_01,49,1786094582.980414,move,428,261,.!frame.!entry
demo_session_01,49,1786094583.0304139,move,425,249,.!frame.!entry
demo_session_01,49,1786094583.0804138,move,453,249,.!frame.!entry
demo_session_01,49,1786094583.1304138,move,433,261,.!frame.!entry
demo_session_01,49,1786094583.1804137,move,441,217,.!frame.!entry
demo_session_01,49,1786094583.2304137,move,440,252,.!frame.!entry
demo_session_01,49,1786094583.2804136,move,444,259,.!frame.!entry
demo_session_01,49,1786094583.3304136,move,444,246,.!frame.!entry
demo_session_01,49,1786094583.3804135,move,420,253,.!frame.!entry
demo_session_01,49,1786094583.4304135,move,430,235,.!frame.!entry
demo_session_01,49,1786094583.4804134,move,431,224,.!frame.!entry
demo_session_01,49,1786094583.5304134,move,423,244,.!frame.!entry
demo_session_01,49,1786094583.5804133,move,423,233,.!frame.!entry
demo_session_01,49,1786094583.6304133,move,438,260,.!frame.!entry
demo_session_01,49,1786094583.6804132,move,439,226,.!frame.!entry
demo_session_01,49,1786094583.7304132,move,432,248,.!frame.!entry
demo_session_01,49,1786094583.7804132,move,414,256,.!frame.!entry
demo_session_01,49,1786094583.830413,move,413,242,.!frame.!entry
demo_session_01,49,1786094583.880413,move,426,244,.!frame.!entry
demo_session_01,49,1786094583.930413,move,417,240,.!frame.!entry
demo_session_01,49,1786094583.980413,move,408,261,.!frame.!entry
demo_session_01,49,1786094584.030413,move,415,257,.!frame.!entry
demo_session_01,49,1786094584.0804129,move,412,267,.!frame.!entry
demo_session_01,49,1786094584.1304128,move,409,256,.!frame.!entry
demo_session_01,49,1786094584.1804128,move,411,282,.!frame.!entry
demo_session_01,49,1786094584.2304127,move,400,282,.!frame.!entry
demo_session_01,49,1786094584.2804127,move,443,251,.!frame.!entry
demo_session_01,49,1786094584.3304126,move,426,246,.!frame.!entry
demo_session_01,49,1786094584.3804126,move,435,261,.!frame.!entry
demo_session_01,49,1786094584.4304125,move,388,252,.!frame.!entry
demo_session_01,49,1786094584.4804125,move,410,268,.!frame.!entry
demo_session_01,49,1786094584.5304124,move,400,259,.!frame.!entry
demo_session_01,49,1786094584.5804124,move,402,271,.!frame.!entry
demo_session_01,49,1786094584.6304123,move,380,259,.!frame.!entry
demo_session_01,49,1786094584.6804123,move,402,239,.!frame.!entry
demo_session_01,49,1786094584.7304122,move,386,260,.!frame.!entry
demo_session_01,49,1786094584.7804122,move,400,261,.!frame.!entry
demo_session_01,49,1786094584.8304121,move,387,252,.!frame.!entry
demo_session_01,49,1786094584.880412,move,407,279,.!frame.!entry
demo_session_01,49,1786094584.930412,move,425,264,.!frame.!entry
demo_session_01,49,1786094584.980412,move,400,284,.!frame.!entry
demo_session_01,49,1786094585.030412,move,407,276,.!frame.!entry
demo_session_01,49,1786094585.080412,move,388,284,.!frame.!entry
demo_session_01,49,1786094585.1304119,move,375,274,.!frame.!entry
demo_session_01,49,1786094585.1804118,move,393,276,.!frame.!entry
demo_session_01,49,1786094585.2304118,move,397,285,.!frame.!entry
demo_session_01,49,1786094585.2804117,move,409,265,.!frame.!entry
demo_session_01,49,1786094585.3304117,move,403,302,.!frame.!button
demo_session_01,49,1786094585.3804116,move,392,287,.!frame.!button
demo_session_01,49,1786094585.4304116,move,391,276,.!frame.!button
demo_session_01,49,1786094585.4804115,move,391,296,.!frame.!button
demo_session_01,49,1786094585.5304115,move,389,272,.!frame.!button
demo_session_01,49,1786094585.5804114,move,392,272,.!frame.!button
demo_session_01,49,1786094585.6304114,move,380,291,.!frame.!button
demo_session_01,49,1786094585.6804113,move,383,279,.!frame.!button
demo_session_01,49,1786094585.7304113,move,387,284,.!frame.!button
demo_session_01,49,1786094585.7804112,move,388,300,.!frame.!button
demo_session_01,49,1786094585.8304112,move,372,281,.!frame.!button
demo_session_01,49,1786094585.8804111,move,398,270,.!frame.!button
demo_session_01,49,1786094585.930411,move,372,276,.!frame.!button
demo_session_01,49,1786094585.980411,move,374,283,.!frame.!button
demo_session_01,49,1786094586.030411,move,385,289,.!frame.!button
demo_session_01,49,1786094586.080411,move,383,303,.!frame.!button
demo_session_01,49,1786094586.130411,move,357,274,.!frame.!button
demo_session_01,49,1786094586.1804109,move,384,305,.!frame.!button
demo_session_01,49,1786094586.2304108,move,362,292,.!frame.!button
demo_session_01,49,1786094586.2804108,move,398,291,.!frame.!button
demo_session_01,49,1786094586.3304107,move,391,300,.!frame.!button
demo_session_01,49,1786094586.3804107,move,349,299,.!frame.!button
demo_session_01,49,1786094586.4304106,move,375,297,.!frame.!button
demo_session_01,49,1786094586.4804106,move,375,310,.!frame.!button
demo_session_01,49,1786094586.5304105,move,366,287,.!frame.!button
demo_session_01,49,1786094586.5804105,move,342,309,.!frame.!button
demo_session_01,49,1786094586.6304104,move,359,282,.!frame.!button
demo_session_01,49,1786094586.6804104,move,368,303,.!frame.!button
demo_session_01,49,1786094586.7304103,move,348,301,.!frame.!button
demo_session_01,49,1786094586.7804103,move,361,287,.!frame.!button
demo_session_01,49,1786094586.8304102,move,354,331,.!frame.!button
demo_session_01,49,1786094586.8804102,move,364,312,.!frame.!button
demo_session_01,49,1786094586.9304101,move,350,330,.!frame.!button
demo_session_01,49,1786094586.98041,move,357,304,.!frame.!button
demo_session_01,49,1786094587.03041,move,371,325,.!frame.!button
demo_session_01,49,1786094587.08041,move,351,305,.!frame.!button
demo_session_01,49,1786094587.13041,move,359,314,.!frame.!button
demo_session_01,49,1786094587.18041,move,349,313,.!frame.!button
demo_session_01,49,1786094587.2304099,move,328,311,.!frame.!button
demo_session_01,49,1786094587.2804098,move,370,309,.!frame.!button
demo_session_01,49,1786094587.3304098,move,357,312,.!frame.!button
demo_session_01,49,1786094587.3804097,move,350,307,.!frame.!button
demo_session_01,49,1786094587.4304097,move,344,316,.!frame.!button
demo_session_01,49,1786094587.5031343,click,359,329,.!frame.!button
demo_session_01,50,1786094587.5031343,move,501,236,.!frame.!entry
demo_session_01,50,1786094587.5531342,move,513,226,.!frame.!entry
demo_session_01,50,1786094587.6031342,move,511,221,.!frame.!entry
demo_session_01,50,1786094587.653134,move,480,254,.!frame.!entry
demo_session_01,50,1786094587.703134,move,485,234,.!frame.!entry
demo_session_01,50,1786094587.753134,move,477,237,.!frame.!entry
demo_session_01,50,1786094587.803134,move,495,245,.!frame.!entry
demo_session_01,50,1786094587.853134,move,474,235,.!frame.!entry
demo_session_01,50,1786094587.9031339,move,471,234,.!frame.!entry
demo_session_01,50,1786094587.9531338,move,479,234,.!frame.!entry
demo_session_01,50,1786094588.0031338,move,489,237,.!frame.!entry
demo_session_01,50,1786094588.0531337,move,486,240,.!frame.!entry
demo_session_01,50,1786094588.1031337,move,483,240,.!frame.!entry
demo_session_01,50,1786094588.1531336,move,467,230,.!frame.!entry
demo_session_01,50,1786094588.2031336,move,492,252,.!frame.!entry
demo_session_01,50,1786094588.2531335,move,476,251,.!frame.!entry
demo_session_01,50,1786094588.3031335,move,472,245,.!frame.!entry
demo_session_01,50,1786094588.3531334,move,474,247,.!frame.!entry
demo_session_01,50,1786094588.4031334,move,485,242,.!frame.!entry
demo_session_01,50,1786094588.4531333,move,472,251,.!frame.!entry
demo_session_01,50,1786094588.5031333,move,438,250,.!frame.!entry
demo_session_01,50,1786094588.5531332,move,479,226,.!frame.!entry
demo_session_01,50,1786094588.6031332,move,477,253,.!frame.!entry
demo_session_01,50,1786094588.6531332,move,478,257,.!frame.!entry
demo_session_01,50,1786094588.703133,move,481,226,.!frame.!entry
demo_session_01,50,1786094588.753133,move,469,234,.!frame.!entry
demo_session_01,50,1786094588.803133,move,459,251,.!frame.!entry
demo_session_01,50,1786094588.853133,move,456,245,.!frame.!entry
demo_session_01,50,1786094588.903133,move,468,250,.!frame.!entry
demo_session_01,50,1786094588.9531329,move,459,279,.!frame.!entry
demo_session_01,50,1786094589.0031328,move,467,261,.!frame.!entry
demo_session_01,50,1786094589.0531328,move,452,253,.!frame.!entry
demo_session_01,50,1786094589.1031327,move,488,258,.!frame.!entry
demo_session_01,50,1786094589.1531327,move,453,243,.!frame.!entry
demo_session_01,50,1786094589.2031326,move,472,260,.!frame.!entry
demo_session_01,50,1786094589.2531326,move,447,230,.!frame.!entry
demo_session_01,50,1786094589.3031325,move,444,255,.!frame.!entry
demo_session_01,50,1786094589.3531325,move,460,239,.!frame.!entry
demo_session_01,50,1786094589.4031324,move,450,273,.!frame.!entry
demo_session_01,50,1786094589.4531324,move,462,271,.!frame.!entry
demo_session_01,50,1786094589.5031323,move,449,266,.!frame.!entry
demo_session_01,50,1786094589.5531323,move,443,255,.!frame.!entry
demo_session_01,50,1786094589.6031322,move,449,259,.!frame.!entry
demo_session_01,50,1786094589.6531322,move,451,256,.!frame.!entry
demo_session_01,50,1786094589.7031322,move,444,269,.!frame.!entry
demo_session_01,50,1786094589.753132,move,411,270,.!frame.!entry
demo_session_01,50,1786094589.803132,move,437,251,.!frame.!entry
demo_session_01,50,1786094589.853132,move,450,256,.!frame.!entry
demo_session_01,50,1786094589.903132,move,416,250,.!frame.!entry
demo_session_01,50,1786094589.953132,move,432,260,.!frame.!entry
demo_session_01,50,1786094590.0031319,move,431,279,.!frame.!entry
demo_session_01,50,1786094590.0531318,move,415,265,.!frame.!entry
demo_session_01,50,1786094590.1031318,move,425,268,.!frame.!entry
demo_session_01,50,1786094590.1531317,move,436,275,.!frame.!entry
demo_session_01,50,1786094590.2031317,move,425,264,.!frame.!entry
demo_session_01,50,1786094590.2531316,move,429,280,.!frame.!entry
demo_session_01,50,1786094590.3031316,move,437,280,.!frame.!entry
demo_session_01,50,1786094590.3531315,move,426,289,.!frame.!entry
demo_session_01,50,1786094590.4031315,move,406,265,.!frame.!entry
demo_session_01,50,1786094590.4531314,move,426,269,.!frame.!entry
demo_session_01,50,1786094590.5031314,move,414,273,.!frame.!entry
demo_session_01,50,1786094590.5531313,move,410,279,.!frame.!entry
demo_session_01,50,1786094590.6031313,move,405,263,.!frame.!entry
demo_session_01,50,1786094590.6531312,move,415,280,.!frame.!entry
demo_session_01,50,1786094590.7031312,move,403,285,.!frame.!entry
demo_session_01,50,1786094590.7531312,move,410,265,.!frame.!entry
demo_session_01,50,1786094590.803131,move,429,267,.!frame.!entry
demo_session_01,50,1786094590.853131,move,413,258,.!frame.!entry
demo_session_01,50,1786094590.903131,move,391,293,.!frame.!entry
demo_session_01,50,1786094590.953131,move,412,271,.!frame.!entry
demo_session_01,50,1786094591.003131,move,402,291,.!frame.!entry
demo_session_01,50,1786094591.0531309,move,401,295,.!frame.!entry
demo_session_01,50,1786094591.1031308,move,408,287,.!frame.!entry
demo_session_01,50,1786094591.1531308,move,399,286,.!frame.!entry
demo_session_01,50,1786094591.2031307,move,413,285,.!frame.!entry
demo_session_01,50,1786094591.2531307,move,393,284,.!frame.!entry
demo_session_01,50,1786094591.3031306,move,403,286,.!frame.!entry
demo_session_01,50,1786094591.3531306,move,392,285,.!frame.!entry
demo_session_01,50,1786094591.4031305,move,394,267,.!frame.!entry
demo_session_01,50,1786094591.4531305,move,401,296,.!frame.!entry
demo_session_01,50,1786094591.5031304,move,402,306,.!frame.!entry
demo_session_01,50,1786094591.5531304,move,370,291,.!frame.!entry
demo_session_01,50,1786094591.6031303,move,391,309,.!frame.!button
demo_session_01,50,1786094591.6531303,move,400,320,.!frame.!button
demo_session_01,50,1786094591.7031302,move,388,291,.!frame.!button
demo_session_01,50,1786094591.7531302,move,370,293,.!frame.!button
demo_session_01,50,1786094591.8031301,move,375,291,.!frame.!button
demo_session_01,50,1786094591.85313,move,390,289,.!frame.!button
demo_session_01,50,1786094591.90313,move,378,286,.!frame.!button
demo_session_01,50,1786094591.95313,move,387,303,.!frame.!button
demo_session_01,50,1786094592.00313,move,373,298,.!frame.!button
demo_session_01,50,1786094592.05313,move,378,314,.!frame.!button
demo_session_01,50,1786094592.1031299,move,371,294,.!frame.!button
demo_session_01,50,1786094592.1531298,move,392,298,.!frame.!button
demo_session_01,50,1786094592.2031298,move,368,298,.!frame.!button
demo_session_01,50,1786094592.2531297,move,371,291,.!frame.!button
demo_session_01,50,1786094592.3031297,move,371,306,.!frame.!button
demo_session_01,50,1786094592.3531296,move,369,310,.!frame.!button
demo_session_01,50,1786094592.4031296,move,371,297,.!frame.!button
demo_session_01,50,1786094592.4531295,move,365,315,.!frame.!button
demo_session_01,50,1786094592.5031295,move,364,291,.!frame.!button
demo_session_01,50,1786094592.5531294,move,355,305,.!frame.!button
demo_session_01,50,1786094592.6031294,move,359,290,.!frame.!button
demo_session_01,50,1786094592.6531293,move,356,305,.!frame.!button
demo_session_01,50,1786094592.7031293,move,367,312,.!frame.!button
demo_session_01,50,1786094592.7531292,move,358,317,.!frame.!button
demo_session_01,50,1786094592.8031292,move,366,319,.!frame.!button
demo_session_01,50,1786094592.8531291,move,346,310,.!frame.!button
demo_session_01,50,1786094592.903129,move,358,315,.!frame.!button
demo_session_01,50,1786094592.953129,move,368,331,.!frame.!button
demo_session_01,50,1786094593.003129,move,361,314,.!frame.!button
demo_session_01,50,1786094593.053129,move,346,324,.!frame.!button
demo_session_01,50,1786094593.103129,move,356,312,.!frame.!button
demo_session_01,50,1786094593.1531289,move,362,327,.!frame.!button
demo_session_01,50,1786094593.2031288,move,342,325,.!frame.!button
demo_session_01,50,1786094593.2531288,move,354,315,.!frame.!button
demo_session_01,50,1786094593.3031287,move,368,330,.!frame.!button
demo_session_01,50,1786094593.371642,click,352,322,.!frame.!button
