session_id,question_index,timestamp,event_type,x,y,target_element
demo_session_08,1,1786094205.7234433,move,312,394,.!frame.!entry
demo_session_08,1,1786094205.7734432,move,305,390,.!frame.!entry
demo_session_08,1,1786094205.8234432,move,311,386,.!frame.!entry
demo_session_08,1,1786094205.8734431,move,305,385,.!frame.!entry
demo_session_08,1,1786094205.923443,move,317,397,.!frame.!entry
demo_session_08,1,1786094205.973443,move,306,387,.!frame.!entry
demo_session_08,1,1786094206.023443,move,310,385,.!frame.!entry
demo_session_08,1,1786094206.073443,move,310,399,.!frame.!entry
demo_session_08,1,1786094206.123443,move,306,387,.!frame.!entry
demo_session_08,1,1786094206.1734428,move,309,388,.!frame.!entry
demo_session_08,1,1786094206.2234428,move,307,383,.!frame.!entry
demo_session_08,1,1786094206.2734427,move,313,383,.!frame.!entry
demo_session_08,1,1786094206.3234427,move,318,387,.!frame.!entry
demo_session_08,1,1786094206.3734426,move,311,381,.!frame.!entry
demo_session_08,1,1786094206.4234426,move,321,381,.!frame.!entry
demo_session_08,1,1786094206.4734426,move,317,383,.!frame.!entry
demo_session_08,1,1786094206.5234425,move,306,388,.!frame.!entry
demo_session_08,1,1786094206.5734425,move,318,394,.!frame.!entry
demo_session_08,1,1786094206.6234424,move,316,384,.!frame.!entry
demo_session_08,1,1786094206.6734424,move,315,393,.!frame.!entry
demo_session_08,1,1786094206.7234423,move,310,377,.!frame.!entry
demo_session_08,1,1786094206.7734423,move,314,381,.!frame.!entry
demo_session_08,1,1786094206.8234422,move,318,383,.!frame.!entry
demo_session_08,1,1786094206.8734422,move,315,378,.!frame.!entry
demo_session_08,1,1786094206.9234421,move,316,388,.!frame.!entry
demo_session_08,1,1786094206.973442,move,317,385,.!frame.!entry
demo_session_08,1,1786094207.023442,move,318,375,.!frame.!entry
demo_session_08,1,1786094207.073442,move,325,374,.!frame.!entry
demo_session_08,1,1786094207.123442,move,312,381,.!frame.!entry
demo_session_08,1,1786094207.173442,move,324,375,.!frame.!entry
demo_session_08,1,1786094207.2234418,move,319,370,.!frame.!entry
demo_session_08,1,1786094207.2734418,move,321,381,.!frame.!entry
demo_session_08,1,1786094207.3234417,move,324,374,.!frame.!entry
demo_session_08,1,1786094207.3734417,move,318,370,.!frame.!entry
demo_session_08,1,1786094207.4234416,move,319,370,.!frame.!entry
demo_session_08,1,1786094207.4734416,move,318,367,.!frame.!entry
demo_session_08,1,1786094207.5234416,move,318,372,.!frame.!entry
demo_session_08,1,1786094207.5734415,move,318,375,.!frame.!entry
demo_session_08,1,1786094207.6234415,move,325,372,.!frame.!entry
demo_session_08,1,1786094207.6734414,move,317,372,.!frame.!entry
demo_session_08,1,1786094207.7234414,move,322,374,.!frame.!entry
demo_session_08,1,1786094207.7734413,move,329,370,.!frame.!entry
demo_session_08,1,1786094207.8234413,move,326,374,.!frame.!entry
demo_session_08,1,1786094207.8734412,move,322,380,.!frame.!entry
demo_session_08,1,1786094207.9234412,move,319,370,.!frame.!entry
demo_session_08,1,1786094207.9734411,move,319,367,.!frame.!entry
demo_session_08,1,1786094208.023441,move,325,372,.!frame.!entry
demo_session_08,1,1786094208.073441,move,325,367,.!frame.!entry
demo_session_08,1,1786094208.123441,move,324,363,.!frame.!entry
demo_session_08,1,1786094208.173441,move,321,362,.!frame.!entry
demo_session_08,1,1786094208.223441,move,328,362,.!frame.!entry
demo_session_08,1,1786094208.2734408,move,326,363,.!frame.!entry
demo_session_08,1,1786094208.3234408,move,331,360,.!frame.!entry
demo_session_08,1,1786094208.3734407,move,318,362,.!frame.!entry
demo_session_08,1,1786094208.4234407,move,327,366,.!frame.!entry
demo_session_08,1,1786094208.4734406,move,328,366,.!frame.!entry
demo_session_08,1,1786094208.5234406,move,334,359,.!frame.!entry
demo_session_08,1,1786094208.5734406,move,328,357,.!frame.!entry
demo_session_08,1,1786094208.6234405,move,336,364,.!frame.!entry
demo_session_08,1,1786094208.6734405,move,326,363,.!frame.!entry
demo_session_08,1,1786094208.7234404,move,327,363,.!frame.!entry
demo_session_08,1,1786094208.7734404,move,324,358,.!frame.!entry
demo_session_08,1,1786094208.8234403,move,336,354,.!frame.!entry
demo_session_08,1,1786094208.8734403,move,331,355,.!frame.!entry
demo_session_08,1,1786094208.9234402,move,333,351,.!frame.!entry
demo_session_08,1,1786094208.9734402,move,324,355,.!frame.!entry
demo_session_08,1,1786094209.0234401,move,327,345,.!frame.!entry
demo_session_08,1,1786094209.07344,move,334,354,.!frame.!entry
demo_session_08,1,1786094209.12344,move,342,353,.!frame.!entry
demo_session_08,1,1786094209.17344,move,329,349,.!frame.!entry
demo_session_08,1,1786094209.22344,move,332,363,.!frame.!entry
demo_session_08,1,1786094209.27344,move,337,351,.!frame.!entry
demo_session_08,1,1786094209.3234398,move,337,351,.!frame.!entry
demo_session_08,1,1786094209.3734398,move,334,348,.!frame.!entry
demo_session_08,1,1786094209.4234397,move,339,349,.!frame.!entry
demo_session_08,1,1786094209.4734397,move,332,349,.!frame.!entry
demo_session_08,1,1786094209.5234396,move,337,343,.!frame.!entry
demo_session_08,1,1786094209.5734396,move,332,348,.!frame.!entry
demo_session_08,1,1786094209.6234396,move,329,340,.!frame.!entry
demo_session_08,1,1786094209.6734395,move,331,342,.!frame.!entry
demo_session_08,1,1786094209.7234395,move,335,346,.!frame.!entry
demo_session_08,1,1786094209.7734394,move,340,349,.!frame.!entry
demo_session_08,1,1786094209.8234394,move,334,343,.!frame.!entry
demo_session_08,1,1786094209.8734393,move,340,341,.!frame.!entry
demo_session_08,1,1786094209.9234393,move,341,346,.!frame.!entry
demo_session_08,1,1786094209.9734392,move,341,345,.!frame.!entry
demo_session_08,1,1786094210.0234392,move,340,341,.!frame.!entry
demo_session_08,1,1786094210.0734391,move,336,340,.!frame.!entry
demo_session_08,1,1786094210.123439,move,347,346,.!frame.!button
demo_session_08,1,1786094210.173439,move,343,335,.!frame.!button
demo_session_08,1,1786094210.223439,move,343,337,.!frame.!button
demo_session_08,1,1786094210.273439,move,338,340,.!frame.!button
demo_session_08,1,1786094210.323439,move,343,336,.!frame.!button
demo_session_08,1,1786094210.3734388,move,336,330,.!frame.!button
demo_session_08,1,1786094210.4234388,move,337,336,.!frame.!button
demo_session_08,1,1786094210.4734387,move,336,333,.!frame.!button
demo_session_08,1,1786094210.5234387,move,336,340,.!frame.!button
demo_session_08,1,1786094210.5734386,move,335,329,.!frame.!button
demo_session_08,1,1786094210.6234386,move,342,334,.!frame.!button
demo_session_08,1,1786094210.6734385,move,343,334,.!frame.!button
demo_session_08,1,1786094210.7234385,move,342,334,.!frame.!button
demo_session_08,1,1786094210.7734385,move,331,329,.!frame.!button
demo_session_08,1,1786094210.8234384,move,340,337,.!frame.!button
demo_session_08,1,1786094210.8734384,move,339,338,.!frame.!button
demo_session_08,1,1786094210.9234383,move,341,334,.!frame.!button
demo_session_08,1,1786094210.9734383,move,343,325,.!frame.!button
demo_session_08,1,1786094211.0234382,move,341,328,.!frame.!button
demo_session_08,1,1786094211.0734382,move,343,327,.!frame.!button
demo_session_08,1,1786094211.1234381,move,341,334,.!frame.!button
demo_session_08,1,1786094211.173438,move,344,337,.!frame.!button
demo_session_08,1,1786094211.223438,move,344,329,.!frame.!button
demo_session_08,1,1786094211.273438,move,348,319,.!frame.!button
demo_session_08,1,1786094211.323438,move,342,334,.!frame.!button
demo_session_08,1,1786094211.373438,move,346,325,.!frame.!button
demo_session_08,1,1786094211.4234378,move,343,327,.!frame.!button
demo_session_08,1,1786094211.4734378,move,346,322,.!frame.!button
demo_session_08,1,1786094211.5234377,move,342,326,.!frame.!button
demo_session_08,1,1786094211.5734377,move,344,325,.!frame.!button
demo_session_08,1,1786094211.6234376,move,345,321,.!frame.!button
demo_session_08,1,1786094211.6734376,move,352,321,.!frame.!button
demo_session_08,1,1786094211.7234375,move,350,321,.!frame.!button
demo_session_08,1,1786094211.7734375,move,353,320,.!frame.!button
demo_session_08,1,1786094211.8234375,move,348,323,.!frame.!button
demo_session_08,1,1786094211.8734374,move,347,325,.!frame.!button
demo_session_08,1,1786094211.9234374,move,349,324,.!frame.!button
demo_session_08,1,1786094211.9734373,move,355,324,.!frame.!button
demo_session_08,1,1786094212.0501814,click,352,322,.!frame.!button
demo_session_08,2,1786094212.0501814,move,512,371,.!frame.!entry
demo_session_08,2,1786094212.1001813,move,501,369,.!frame.!entry
demo_session_08,2,1786094212.1501813,move,504,370,.!frame.!entry
demo_session_08,2,1786094212.2001812,move,507,376,.!frame.!entry
demo_session_08,2,1786094212.2501812,move,503,365,.!frame.!entry
demo_session_08,2,1786094212.3001812,move,494,370,.!frame.!entry
demo_session_08,2,1786094212.350181,move,498,374,.!frame.!entry
demo_session_08,2,1786094212.400181,move,502,364,.!frame.!entry
demo_session_08,2,1786094212.450181,move,490,364,.!frame.!entry
demo_session_08,2,1786094212.500181,move,483,363,.!frame.!entry
demo_session_08,2,1786094212.550181,move,494,366,.!frame.!entry
demo_session_08,2,1786094212.6001809,move,487,369,.!frame.!entry
demo_session_08,2,1786094212.6501808,move,478,370,.!frame.!entry
demo_session_08,2,1786094212.7001808,move,476,366,.!frame.!entry
demo_session_08,2,1786094212.7501807,move,477,364,.!frame.!entry
demo_session_08,2,1786094212.8001807,move,476,361,.!frame.!entry
demo_session_08,2,1786094212.8501806,move,469,360,.!frame.!entry
demo_session_08,2,1786094212.9001806,move,479,355,.!frame.!entry
demo_session_08,2,1786094212.9501805,move,478,369,.!frame.!entry
demo_session_08,2,1786094213.0001805,move,467,356,.!frame.!entry
demo_session_08,2,1786094213.0501804,move,460,358,.!frame.!entry
demo_session_08,2,1786094213.1001804,move,462,359,.!frame.!entry
demo_session_08,2,1786094213.1501803,move,458,358,.!frame.!entry
demo_session_08,2,1786094213.2001803,move,458,356,.!frame.!entry
demo_session_08,2,1786094213.2501802,move,456,357,.!frame.!entry
demo_session_08,2,1786094213.3001802,move,461,357,.!frame.!entry
demo_session_08,2,1786094213.3501801,move,451,355,.!frame.!entry
demo_session_08,2,1786094213.40018,move,453,360,.!frame.!entry
demo_session_08,2,1786094213.45018,move,454,359,.!frame.!entry
demo_session_08,2,1786094213.50018,move,440,346,.!frame.!entry
demo_session_08,2,1786094213.55018,move,445,347,.!frame.!entry
demo_session_08,2,1786094213.60018,move,450,353,.!frame.!entry
demo_session_08,2,1786094213.6501799,move,445,350,.!frame.!entry
demo_session_08,2,1786094213.7001798,move,443,356,.!frame.!entry
demo_session_08,2,1786094213.7501798,move,427,347,.!frame.!entry
demo_session_08,2,1786094213.8001797,move,428,349,.!frame.!entry
demo_session_08,2,1786094213.8501797,move,429,344,.!frame.!entry
demo_session_08,2,1786094213.9001796,move,436,346,.!frame.!entry
demo_session_08,2,1786094213.9501796,move,415,349,.!frame.!entry
demo_session_08,2,1786094214.0001795,move,424,342,.!frame.!entry
demo_session_08,2,1786094214.0501795,move,424,341,.!frame.!entry
demo_session_08,2,1786094214.1001794,move,425,346,.!frame.!entry
demo_session_08,2,1786094214.1501794,move,424,338,.!frame.!entry
demo_session_08,2,1786094214.2001793,move,416,345,.!frame.!entry
demo_session_08,2,1786094214.2501793,move,408,349,.!frame.!entry
demo_session_08,2,1786094214.3001792,move,403,335,.!frame.!entry
demo_session_08,2,1786094214.3501792,move,417,351,.!frame.!entry
demo_session_08,2,1786094214.4001791,move,408,337,.!frame.!entry
demo_session_08,2,1786094214.450179,move,399,330,.!frame.!entry
demo_session_08,2,1786094214.500179,move,398,337,.!frame.!entry
demo_session_08,2,1786094214.550179,move,398,329,.!frame.!entry
demo_session_08,2,1786094214.600179,move,399,328,.!frame.!entry
demo_session_08,2,1786094214.650179,move,395,330,.!frame.!button
demo_session_08,2,1786094214.7001789,move,399,339,.!frame.!button
demo_session_08,2,1786094214.7501788,move,387,342,.!frame.!button
demo_session_08,2,1786094214.8001788,move,394,337,.!frame.!button
demo_session_08,2,1786094214.8501787,move,384,332,.!frame.!button
demo_session_08,2,1786094214.9001787,move,388,336,.!frame.!button
demo_session_08,2,1786094214.9501786,move,375,328,.!frame.!button
demo_session_08,2,1786094215.0001786,move,384,320,.!frame.!button
demo_session_08,2,1786094215.0501785,move,370,337,.!frame.!button
demo_session_08,2,1786094215.1001785,move,377,327,.!frame.!button
demo_session_08,2,1786094215.1501784,move,373,317,.!frame.!button
demo_session_08,2,1786094215.2001784,move,385,332,.!frame.!button
demo_session_08,2,1786094215.2501783,move,372,328,.!frame.!button
demo_session_08,2,1786094215.3001783,move,368,322,.!frame.!button
demo_session_08,2,1786094215.3501782,move,363,319,.!frame.!button
demo_session_08,2,1786094215.4001782,move,371,323,.!frame.!button
demo_session_08,2,1786094215.4501781,move,362,328,.!frame.!button
demo_session_08,2,1786094215.500178,move,362,325,.!frame.!button
demo_session_08,2,1786094215.550178,move,359,318,.!frame.!button
demo_session_08,2,1786094215.600178,move,359,328,.!frame.!button
demo_session_08,2,1786094215.650178,move,359,320,.!frame.!button
demo_session_08,2,1786094215.700178,move,352,326,.!frame.!button
demo_session_08,2,1786094215.7501779,move,347,323,.!frame.!button
demo_session_08,2,1786094215.8170576,click,353,323,.!frame.!button
demo_session_08,3,1786094215.8170576,move,547,246,.!frame.!entry
demo_session_08,3,1786094215.8670576,move,542,252,.!frame.!entry
demo_session_08,3,1786094215.9170575,move,550,253,.!frame.!entry
demo_session_08,3,1786094215.9670575,move,544,256,.!frame.!entry
demo_session_08,3,1786094216.0170574,move,539,246,.!frame.!entry
demo_session_08,3,1786094216.0670574,move,533,254,.!frame.!entry
demo_session_08,3,1786094216.1170573,move,531,252,.!frame.!entry
demo_session_08,3,1786094216.1670573,move,526,258,.!frame.!entry
demo_session_08,3,1786094216.2170572,move,532,256,.!frame.!entry
demo_session_08,3,1786094216.2670572,move,532,263,.!frame.!entry
demo_session_08,3,1786094216.3170571,move,528,252,.!frame.!entry
demo_session_08,3,1786094216.367057,move,517,260,.!frame.!entry
demo_session_08,3,1786094216.417057,move,513,263,.!frame.!entry
demo_session_08,3,1786094216.467057,move,522,261,.!frame.!entry
demo_session_08,3,1786094216.517057,move,507,265,.!frame.!entry
demo_session_08,3,1786094216.567057,move,505,260,.!frame.!entry
demo_session_08,3,1786094216.6170568,move,515,251,.!frame.!entry
demo_session_08,3,1786094216.6670568,move,513,265,.!frame.!entry
demo_session_08,3,1786094216.7170568,move,503,267,.!frame.!entry
demo_session_08,3,1786094216.7670567,move,502,262,.!frame.!entry
demo_session_08,3,1786094216.8170567,move,495,264,.!frame.!entry
demo_session_08,3,1786094216.8670566,move,499,264,.!frame.!entry
demo_session_08,3,1786094216.9170566,move,497,270,.!frame.!entry
demo_session_08,3,1786094216.9670565,move,487,265,.!frame.!entry
demo_session_08,3,1786094217.0170565,move,488,274,.!frame.!entry
demo_session_08,3,1786094217.0670564,move,486,271,.!frame.!entry
demo_session_08,3,1786094217.1170564,move,477,270,.!frame.!entry
demo_session_08,3,1786094217.1670563,move,480,263,.!frame.!entry
demo_session_08,3,1786094217.2170563,move,481,278,.!frame.!entry
demo_session_08,3,1786094217.2670562,move,473,276,.!frame.!entry
demo_session_08,3,1786094217.3170562,move,468,278,.!frame.!entry
demo_session_08,3,1786094217.3670561,move,468,272,.!frame.!entry
demo_session_08,3,1786094217.417056,move,471,282,.!frame.!entry
demo_session_08,3,1786094217.467056,move,468,277,.!frame.!entry
demo_session_08,3,1786094217.517056,move,468,282,.!frame.!entry
demo_session_08,3,1786094217.567056,move,456,279,.!frame.!entry
demo_session_08,3,1786094217.617056,move,457,275,.!frame.!entry
demo_session_08,3,1786094217.6670558,move,460,280,.!frame.!entry
demo_session_08,3,1786094217.7170558,move,457,281,.!frame.!entry
demo_session_08,3,1786094217.7670557,move,448,280,.!frame.!entry
demo_session_08,3,1786094217.8170557,move,453,282,.!frame.!entry
demo_session_08,3,1786094217.8670557,move,449,287,.!frame.!entry
demo_session_08,3,1786094217.9170556,move,443,283,.!frame.!entry
demo_session_08,3,1786094217.9670556,move,446,286,.!frame.!entry
demo_session_08,3,1786094218.0170555,move,437,293,.!frame.!entry
demo_session_08,3,1786094218.0670555,move,437,284,.!frame.!entry
demo_session_08,3,1786094218.1170554,move,437,288,.!frame.!entry
demo_session_08,3,1786094218.1670554,move,430,288,.!frame.!entry
demo_session_08,3,1786094218.2170553,move,427,287,.!frame.!entry
demo_session_08,3,1786094218.2670553,move,427,289,.!frame.!entry
demo_session_08,3,1786094218.3170552,move,426,288,.!frame.!entry
demo_session_08,3,1786094218.3670552,move,419,298,.!frame.!entry
demo_session_08,3,1786094218.4170551,move,422,291,.!frame.!entry
demo_session_08,3,1786094218.467055,move,415,293,.!frame.!entry
demo_session_08,3,1786094218.517055,move,411,295,.!frame.!entry
demo_session_08,3,1786094218.567055,move,398,289,.!frame.!entry
demo_session_08,3,1786094218.617055,move,407,302,.!frame.!entry
demo_session_08,3,1786094218.667055,move,413,300,.!frame.!button
demo_session_08,3,1786094218.7170548,move,406,302,.!frame.!button
demo_session_08,3,1786094218.7670548,move,396,310,.!frame.!button
demo_session_08,3,1786094218.8170547,move,400,311,.!frame.!button
demo_session_08,3,1786094218.8670547,move,397,296,.!frame.!button
demo_session_08,3,1786094218.9170547,move,400,297,.!frame.!button
demo_session_08,3,1786094218.9670546,move,400,305,.!frame.!button
demo_session_08,3,1786094219.0170546,move,397,301,.!frame.!button
demo_session_08,3,1786094219.0670545,move,387,303,.!frame.!button
demo_session_08,3,1786094219.1170545,move,392,313,.!frame.!button
demo_session_08,3,1786094219.1670544,move,391,309,.!frame.!button
demo_session_08,3,1786094219.2170544,move,389,307,.!frame.!button
demo_session_08,3,1786094219.2670543,move,380,316,.!frame.!button
demo_session_08,3,1786094219.3170543,move,373,310,.!frame.!button
demo_session_08,3,1786094219.3670542,move,371,312,.!frame.!button
demo_session_08,3,1786094219.4170542,move,371,317,.!frame.!button
demo_session_08,3,1786094219.4670541,move,373,314,.!frame.!button
demo_session_08,3,1786094219.517054,move,375,307,.!frame.!button
demo_session_08,3,1786094219.567054,move,370,307,.!frame.!button
demo_session_08,3,1786094219.617054,move,363,311,.!frame.!button
demo_session_08,3,1786094219.667054,move,367,317,.!frame.!button
demo_session_08,3,1786094219.717054,move,361,318,.!frame.!button
demo_session_08,3,1786094219.7670538,move,362,319,.!frame.!button
demo_session_08,3,1786094219.8170538,move,351,311,.!frame.!button
demo_session_08,3,1786094219.8670537,move,352,309,.!frame.!button
demo_session_08,3,1786094219.9231014,click,352,322,.!frame.!button
demo_session_08,4,1786094219.9231014,move,233,174,.!frame.!entry
demo_session_08,4,1786094219.9731014,move,230,167,.!frame.!entry
demo_session_08,4,1786094220.0231013,move,227,171,.!frame.!entry
demo_session_08,4,1786094220.0731013,move,226,170,.!frame.!entry
demo_session_08,4,1786094220.1231012,move,239,179,.!frame.!entry
demo_session_08,4,1786094220.1731012,move,245,179,.!frame.!entry
demo_session_08,4,1786094220.2231011,move,248,188,.!frame.!entry
demo_session_08,4,1786094220.273101,move,242,161,.!frame.!entry
demo_session_08,4,1786094220.323101,move,243,175,.!frame.!entry
demo_session_08,4,1786094220.373101,move,237,183,.!frame.!entry
demo_session_08,4,1786094220.423101,move,241,184,.!frame.!entry
demo_session_08,4,1786094220.473101,move,249,185,.!frame.!entry
demo_session_08,4,1786094220.5231009,move,237,178,.!frame.!entry
demo_session_08,4,1786094220.5731008,move,243,197,.!frame.!entry
demo_session_08,4,1786094220.6231008,move,253,182,.!frame.!entry
demo_session_08,4,1786094220.6731007,move,251,193,.!frame.!entry
demo_session_08,4,1786094220.7231007,move,246,200,.!frame.!entry
demo_session_08,4,1786094220.7731006,move,248,187,.!frame.!entry
demo_session_08,4,1786094220.8231006,move,247,183,.!frame.!entry
demo_session_08,4,1786094220.8731005,move,254,194,.!frame.!entry
demo_session_08,4,1786094220.9231005,move,258,184,.!frame.!entry
demo_session_08,4,1786094220.9731004,move,256,206,.!frame.!entry
demo_session_08,4,1786094221.0231004,move,246,192,.!frame.!entry
demo_session_08,4,1786094221.0731003,move,262,200,.!frame.!entry
demo_session_08,4,1786094221.1231003,move,262,207,.!frame.!entry
demo_session_08,4,1786094221.1731002,move,267,197,.!frame.!entry
demo_session_08,4,1786094221.2231002,move,258,211,.!frame.!entry
demo_session_08,4,1786094221.2731001,move,267,209,.!frame.!entry
demo_session_08,4,1786094221.3231,move,256,201,.!frame.!entry
demo_session_08,4,1786094221.3731,move,258,208,.!frame.!entry
demo_session_08,4,1786094221.4231,move,253,212,.!frame.!entry
demo_session_08,4,1786094221.4731,move,278,216,.!frame.!entry
demo_session_08,4,1786094221.5231,move,268,205,.!frame.!entry
demo_session_08,4,1786094221.5730999,move,253,215,.!frame.!entry
demo_session_08,4,1786094221.6230998,move,280,223,.!frame.!entry
demo_session_08,4,1786094221.6730998,move,268,214,.!frame.!entry
demo_session_08,4,1786094221.7230997,move,265,222,.!frame.!entry
demo_session_08,4,1786094221.7730997,move,271,230,.!frame.!entry
demo_session_08,4,1786094221.8230996,move,274,212,.!frame.!entry
demo_session_08,4,1786094221.8730996,move,276,211,.!frame.!entry
demo_session_08,4,1786094221.9230995,move,268,234,.!frame.!entry
demo_session_08,4,1786094221.9730995,move,273,219,.!frame.!entry
demo_session_08,4,1786094222.0230994,move,282,226,.!frame.!entry
demo_session_08,4,1786094222.0730994,move,277,234,.!frame.!entry
demo_session_08,4,1786094222.1230993,move,279,242,.!frame.!entry
demo_session_08,4,1786094222.1730993,move,282,227,.!frame.!entry
demo_session_08,4,1786094222.2230992,move,279,226,.!frame.!entry
demo_session_08,4,1786094222.2730992,move,280,223,.!frame.!entry
demo_session_08,4,1786094222.3230991,move,282,242,.!frame.!entry
demo_session_08,4,1786094222.373099,move,283,242,.!frame.!entry
demo_session_08,4,1786094222.423099,move,298,233,.!frame.!entry
demo_session_08,4,1786094222.473099,move,284,240,.!frame.!entry
demo_session_08,4,1786094222.523099,move,290,235,.!frame.!entry
demo_session_08,4,1786094222.573099,move,289,250,.!frame.!entry
demo_session_08,4,1786094222.6230989,move,296,245,.!frame.!entry
demo_session_08,4,1786094222.6730988,move,295,235,.!frame.!entry
demo_session_08,4,1786094222.7230988,move,286,244,.!frame.!entry
demo_session_08,4,1786094222.7730987,move,286,248,.!frame.!entry
demo_session_08,4,1786094222.8230987,move,296,255,.!frame.!entry
demo_session_08,4,1786094222.8730986,move,305,253,.!frame.!entry
demo_session_08,4,1786094222.9230986,move,308,254,.!frame.!entry
demo_session_08,4,1786094222.9730985,move,304,264,.!frame.!entry
demo_session_08,4,1786094223.0230985,move,286,252,.!frame.!entry
demo_session_08,4,1786094223.0730984,move,301,249,.!frame.!entry
demo_session_08,4,1786094223.1230984,move,300,242,.!frame.!entry
demo_session_08,4,1786094223.1730983,move,303,256,.!frame.!entry
demo_session_08,4,1786094223.2230983,move,320,260,.!frame.!entry
demo_session_08,4,1786094223.2730982,move,305,268,.!frame.!entry
demo_session_08,4,1786094223.3230982,move,307,263,.!frame.!entry
demo_session_08,4,1786094223.3730981,move,315,268,.!frame.!entry
demo_session_08,4,1786094223.423098,move,303,264,.!frame.!entry
demo_session_08,4,1786094223.473098,move,311,265,.!frame.!entry
demo_session_08,4,1786094223.523098,move,310,270,.!frame.!entry
demo_session_08,4,1786094223.573098,move,312,262,.!frame.!entry
demo_session_08,4,1786094223.623098,move,304,262,.!frame.!entry
demo_session_08,4,1786094223.6730978,move,328,280,.!frame.!entry
demo_session_08,4,1786094223.7230978,move,319,270,.!frame.!entry
demo_session_08,4,1786094223.7730978,move,322,269,.!frame.!button
demo_session_08,4,1786094223.8230977,move,326,273,.!frame.!button
demo_session_08,4,1786094223.8730977,move,324,280,.!frame.!button
demo_session_08,4,1786094223.9230976,move,320,283,.!frame.!button
demo_session_08,4,1786094223.9730976,move,321,275,.!frame.!button
demo_session_08,4,1786094224.0230975,move,321,291,.!frame.!button
demo_session_08,4,1786094224.0730975,move,322,271,.!frame.!button
demo_session_08,4,1786094224.1230974,move,322,282,.!frame.!button
demo_session_08,4,1786094224.1730974,move,315,284,.!frame.!button
demo_session_08,4,1786094224.2230973,move,324,285,.!frame.!button
demo_session_08,4,1786094224.2730973,move,314,288,.!frame.!button
demo_session_08,4,1786094224.3230972,move,334,283,.!frame.!button
demo_session_08,4,1786094224.3730972,move,337,297,.!frame.!button
demo_session_08,4,1786094224.4230971,move,328,297,.!frame.!button
demo_session_08,4,1786094224.473097,move,324,289,.!frame.!button
demo_session_08,4,1786094224.523097,move,336,300,.!frame.!button
demo_session_08,4,1786094224.573097,move,329,296,.!frame.!button
demo_session_08,4,1786094224.623097,move,335,308,.!frame.!button
demo_session_08,4,1786094224.673097,move,335,292,.!frame.!button
demo_session_08,4,1786094224.7230968,move,332,300,.!frame.!button
demo_session_08,4,1786094224.7730968,move,337,299,.!frame.!button
demo_session_08,4,1786094224.8230968,move,331,299,.!frame.!button
demo_session_08,4,1786094224.8730967,move,344,303,.!frame.!button
demo_session_08,4,1786094224.9230967,move,346,308,.!frame.!button
demo_session_08,4,1786094224.9730966,move,344,311,.!frame.!button
demo_session_08,4,1786094225.0230966,move,335,321,.!frame.!button
demo_session_08,4,1786094225.0730965,move,333,298,.!frame.!button
demo_session_08,4,1786094225.1230965,move,333,309,.!frame.!button
demo_session_08,4,1786094225.1730964,move,351,309,.!frame.!button
demo_session_08,4,1786094225.2230964,move,351,306,.!frame.!button
demo_session_08,4,1786094225.2730963,move,349,321,.!frame.!button
demo_session_08,4,1786094225.3230963,move,351,310,.!frame.!button
demo_session_08,4,1786094225.3730962,move,358,322,.!frame.!button
demo_session_08,4,1786094225.4230962,move,354,325,.!frame.!button
demo_session_08,4,1786094225.5129838,click,348,318,.!frame.!button
demo_session_08,5,1786094225.5129838,move,516,333,.!frame.!entry
demo_session_08,5,1786094225.5629838,move,507,334,.!frame.!entry
demo_session_08,5,1786094225.6129837,move,504,333,.!frame.!entry
demo_session_08,5,1786094225.6629837,move,508,335,.!frame.!entry
demo_session_08,5,1786094225.7129836,move,506,333,.!frame.!entry
demo_session_08,5,1786094225.7629836,move,505,338,.!frame.!entry
demo_session_08,5,1786094225.8129835,move,499,331,.!frame.!entry
demo_session_08,5,1786094225.8629835,move,496,335,.!frame.!entry
demo_session_08,5,1786094225.9129834,move,494,329,.!frame.!entry
demo_session_08,5,1786094225.9629834,move,492,324,.!frame.!entry
demo_session_08,5,1786094226.0129833,move,493,333,.!frame.!entry
demo_session_08,5,1786094226.0629833,move,481,341,.!frame.!entry
demo_session_08,5,1786094226.1129832,move,477,327,.!frame.!entry
demo_session_08,5,1786094226.1629832,move,478,331,.!frame.!entry
demo_session_08,5,1786094226.2129831,move,483,325,.!frame.!entry
demo_session_08,5,1786094226.262983,move,476,332,.!frame.!entry
demo_session_08,5,1786094226.312983,move,479,329,.!frame.!entry
demo_session_08,5,1786094226.362983,move,470,330,.!frame.!entry
demo_session_08,5,1786094226.412983,move,467,325,.!frame.!entry
demo_session_08,5,1786094226.462983,move,470,324,.!frame.!entry
demo_session_08,5,1786094226.5129828,move,459,325,.!frame.!entry
demo_session_08,5,1786094226.5629828,move,456,323,.!frame.!entry
demo_session_08,5,1786094226.6129827,move,462,337,.!frame.!entry
demo_session_08,5,1786094226.6629827,move,454,327,.!frame.!entry
demo_session_08,5,1786094226.7129827,move,457,325,.!frame.!entry
demo_session_08,5,1786094226.7629826,move,452,325,.!frame.!entry
demo_session_08,5,1786094226.8129826,move,450,335,.!frame.!entry
demo_session_08,5,1786094226.8629825,move,455,323,.!frame.!entry
demo_session_08,5,1786094226.9129825,move,444,316,.!frame.!entry
demo_session_08,5,1786094226.9629824,move,446,330,.!frame.!entry
demo_session_08,5,1786094227.0129824,move,442,327,.!frame.!entry
demo_session_08,5,1786094227.0629823,move,440,323,.!frame.!entry
demo_session_08,5,1786094227.1129823,move,438,323,.!frame.!entry
demo_session_08,5,1786094227.1629822,move,439,325,.!frame.!entry
demo_session_08,5,1786094227.2129822,move,428,321,.!frame.!entry
demo_session_08,5,1786094227.2629821,move,432,327,.!frame.!entry
demo_session_08,5,1786094227.312982,move,432,325,.!frame.!entry
demo_session_08,5,1786094227.362982,move,421,321,.!frame.!entry
demo_session_08,5,1786094227.412982,move,426,324,.!frame.!entry
demo_session_08,5,1786094227.462982,move,426,327,.!frame.!entry
demo_session_08,5,1786094227.512982,move,409,325,.!frame.!entry
demo_session_08,5,1786094227.5629818,move,417,326,.!frame.!entry
demo_session_08,5,1786094227.6129818,move,413,323,.!frame.!entry
demo_session_08,5,1786094227.6629817,move,404,322,.!frame.!entry
demo_session_08,5,1786094227.7129817,move,412,326,.!frame.!entry
demo_session_08,5,1786094227.7629817,move,407,326,.!frame.!entry
demo_session_08,5,1786094227.8129816,move,407,333,.!frame.!entry
demo_session_08,5,1786094227.8629816,move,410,322,.!frame.!entry
demo_session_08,5,1786094227.9129815,move,400,325,.!frame.!entry
demo_session_08,5,1786094227.9629815,move,403,321,.!frame.!button
demo_session_08,5,1786094228.0129814,move,395,319,.!frame.!button
demo_session_08,5,1786094228.0629814,move,392,324,.!frame.!button
demo_session_08,5,1786094228.1129813,move,392,330,.!frame.!button
demo_session_08,5,1786094228.1629813,move,388,324,.!frame.!button
demo_session_08,5,1786094228.2129812,move,383,328,.!frame.!button
demo_session_08,5,1786094228.2629812,move,388,325,.!frame.!button
demo_session_08,5,1786094228.3129811,move,377,324,.!frame.!button
demo_session_08,5,1786094228.362981,move,380,322,.!frame.!button
demo_session_08,5,1786094228.412981,move,376,324,.!frame.!button
demo_session_08,5,1786094228.462981,move,372,314,.!frame.!button
demo_session_08,5,1786094228.512981,move,372,321,.!frame.!button
demo_session_08,5,1786094228.562981,move,363,326,.!frame.!button
demo_session_08,5,1786094228.6129808,move,368,325,.!frame.!button
demo_session_08,5,1786094228.6629808,move,367,322,.!frame.!button
demo_session_08,5,1786094228.7129807,move,366,320,.!frame.!button
demo_session_08,5,1786094228.7629807,move,358,329,.!frame.!button
demo_session_08,5,1786094228.8129807,move,358,318,.!frame.!button
demo_session_08,5,1786094228.8629806,move,351,319,.!frame.!button
demo_session_08,5,1786094228.9129806,move,352,321,.!frame.!button
demo_session_08,5,1786094228.9629805,move,348,322,.!frame.!button
demo_session_08,5,1786094229.051651,click,347,317,.!frame.!button
demo_session_08,6,1786094229.051651,move,372,169,.!frame.!entry
demo_session_08,6,1786094229.101651,move,372,171,.!frame.!entry
demo_session_08,6,1786094229.151651,move,361,170,.!frame.!entry
demo_session_08,6,1786094229.2016509,move,370,167,.!frame.!entry
demo_session_08,6,1786094229.2516508,move,362,163,.!frame.!entry
demo_session_08,6,1786094229.3016508,move,363,174,.!frame.!entry
demo_session_08,6,1786094229.3516507,move,367,185,.!frame.!entry
demo_session_08,6,1786094229.4016507,move,373,173,.!frame.!entry
demo_session_08,6,1786094229.4516506,move,366,172,.!frame.!entry
demo_session_08,6,1786094229.5016506,move,363,173,.!frame.!entry
demo_session_08,6,1786094229.5516505,move,367,176,.!frame.!entry
demo_session_08,6,1786094229.6016505,move,361,182,.!frame.!entry
demo_session_08,6,1786094229.6516504,move,373,183,.!frame.!entry
demo_session_08,6,1786094229.7016504,move,360,173,.!frame.!entry
demo_session_08,6,1786094229.7516503,move,364,183,.!frame.!entry
demo_session_08,6,1786094229.8016503,move,368,194,.!frame.!entry
demo_session_08,6,1786094229.8516502,move,378,181,.!frame.!entry
demo_session_08,6,1786094229.9016502,move,373,195,.!frame.!entry
demo_session_08,6,1786094229.9516501,move,364,185,.!frame.!entry
demo_session_08,6,1786094230.00165,move,364,194,.!frame.!entry
demo_session_08,6,1786094230.05165,move,352,187,.!frame.!entry
demo_session_08,6,1786094230.10165,move,370,192,.!frame.!entry
demo_session_08,6,1786094230.15165,move,365,208,.!frame.!entry
demo_session_08,6,1786094230.20165,move,369,199,.!frame.!entry
demo_session_08,6,1786094230.2516499,move,367,201,.!frame.!entry
demo_session_08,6,1786094230.3016498,move,358,200,.!frame.!entry
demo_session_08,6,1786094230.3516498,move,359,197,.!frame.!entry
demo_session_08,6,1786094230.4016497,move,358,201,.!frame.!entry
demo_session_08,6,1786094230.4516497,move,370,200,.!frame.!entry
demo_session_08,6,1786094230.5016496,move,358,201,.!frame.!entry
demo_session_08,6,1786094230.5516496,move,357,210,.!frame.!entry
demo_session_08,6,1786094230.6016495,move,360,219,.!frame.!entry
demo_session_08,6,1786094230.6516495,move,363,211,.!frame.!entry
demo_session_08,6,1786094230.7016494,move,370,211,.!frame.!entry
demo_session_08,6,1786094230.7516494,move,358,217,.!frame.!entry
demo_session_08,6,1786094230.8016493,move,357,214,.!frame.!entry
demo_session_08,6,1786094230.8516493,move,361,218,.!frame.!entry
demo_session_08,6,1786094230.9016492,move,359,215,.!frame.!entry
demo_session_08,6,1786094230.9516492,move,368,226,.!frame.!entry
demo_session_08,6,1786094231.0016491,move,364,220,.!frame.!entry
demo_session_08,6,1786094231.051649,move,366,218,.!frame.!entry
demo_session_08,6,1786094231.101649,move,360,226,.!frame.!entry
demo_session_08,6,1786094231.151649,move,359,229,.!frame.!entry
demo_session_08,6,1786094231.201649,move,360,227,.!frame.!entry
demo_session_08,6,1786094231.251649,move,362,232,.!frame.!entry
demo_session_08,6,1786094231.3016489,move,364,226,.!frame.!entry
demo_session_08,6,1786094231.3516488,move,355,234,.!frame.!entry
demo_session_08,6,1786094231.4016488,move,349,228,.!frame.!entry
demo_session_08,6,1786094231.4516487,move,359,235,.!frame.!entry
demo_session_08,6,1786094231.5016487,move,355,237,.!frame.!entry
demo_session_08,6,1786094231.5516486,move,366,238,.!frame.!entry
demo_session_08,6,1786094231.6016486,move,351,233,.!frame.!entry
demo_session_08,6,1786094231.6516485,move,364,236,.!frame.!entry
demo_session_08,6,1786094231.7016485,move,362,251,.!frame.!entry
demo_session_08,6,1786094231.7516484,move,365,241,.!frame.!entry
demo_session_08,6,1786094231.8016484,move,351,252,.!frame.!entry
demo_session_08,6,1786094231.8516483,move,361,244,.!frame.!entry
demo_session_08,6,1786094231.9016483,move,364,256,.!frame.!entry
demo_session_08,6,1786094231.9516482,move,362,247,.!frame.!entry
demo_session_08,6,1786094232.0016482,move,365,243,.!frame.!entry
demo_session_08,6,1786094232.0516481,move,353,253,.!frame.!entry
demo_session_08,6,1786094232.101648,move,359,251,.!frame.!entry
demo_session_08,6,1786094232.151648,move,362,248,.!frame.!entry
demo_session_08,6,1786094232.201648,move,360,248,.!frame.!entry
demo_session_08,6,1786094232.251648,move,359,263,.!frame.!entry
demo_session_08,6,1786094232.301648,move,348,260,.!frame.!entry
demo_session_08,6,1786094232.3516479,move,362,262,.!frame.!entry
demo_session_08,6,1786094232.4016478,move,358,263,.!frame.!entry
demo_session_08,6,1786094232.4516478,move,355,258,.!frame.!entry
demo_session_08,6,1786094232.5016477,move,359,263,.!frame.!entry
demo_session_08,6,1786094232.5516477,move,346,269,.!frame.!entry
demo_session_08,6,1786094232.6016476,move,353,268,.!frame.!entry
demo_session_08,6,1786094232.6516476,move,363,266,.!frame.!entry
demo_session_08,6,1786094232.7016475,move,353,266,.!frame.!entry
demo_session_08,6,1786094232.7516475,move,358,269,.!frame.!entry
demo_session_08,6,1786094232.8016474,move,369,265,.!frame.!entry
demo_session_08,6,1786094232.8516474,move,355,273,.!frame.!button
demo_session_08,6,1786094232.9016473,move,358,270,.!frame.!button
demo_session_08,6,1786094232.9516473,move,367,286,.!frame.!button
demo_session_08,6,1786094233.0016472,move,361,281,.!frame.!button
demo_session_08,6,1786094233.0516472,move,353,276,.!frame.!button
demo_session_08,6,1786094233.1016471,move,354,281,.!frame.!button
demo_session_08,6,1786094233.151647,move,357,280,.!frame.!button
demo_session_08,6,1786094233.201647,move,358,277,.!frame.!button
demo_session_08,6,1786094233.251647,move,354,288,.!frame.!button
demo_session_08,6,1786094233.301647,move,343,293,.!frame.!button
demo_session_08,6,1786094233.351647,move,349,290,.!frame.!button
demo_session_08,6,1786094233.4016469,move,348,284,.!frame.!button
demo_session_08,6,1786094233.4516468,move,356,284,.!frame.!button
demo_session_08,6,1786094233.5016468,move,358,288,.!frame.!button
demo_session_08,6,1786094233.5516467,move,348,300,.!frame.!button
demo_session_08,6,1786094233.6016467,move,355,291,.!frame.!button
demo_session_08,6,1786094233.6516466,move,355,302,.!frame.!button
demo_session_08,6,1786094233.7016466,move,357,296,.!frame.!button
demo_session_08,6,1786094233.7516465,move,349,299,.!frame.!button
demo_session_08,6,1786094233.8016465,move,356,301,.!frame.!button
demo_session_08,6,1786094233.8516464,move,362,303,.!frame.!button
demo_session_08,6,1786094233.9016464,move,357,297,.!frame.!button
demo_session_08,6,1786094233.9516463,move,357,297,.!frame.!button
demo_session_08,6,1786094234.0016463,move,348,304,.!frame.!button
demo_session_08,6,1786094234.0516462,move,352,305,.!frame.!button
demo_session_08,6,1786094234.1016462,move,348,313,.!frame.!button
demo_session_08,6,1786094234.1516461,move,353,309,.!frame.!button
demo_session_08,6,1786094234.201646,move,348,319,.!frame.!button
demo_session_08,6,1786094234.251646,move,350,319,.!frame.!button
demo_session_08,6,1786094234.301646,move,351,314,.!frame.!button
demo_session_08,6,1786094234.351646,move,346,315,.!frame.!button
demo_session_08,6,1786094234.401646,move,357,312,.!frame.!button
demo_session_08,6,1786094234.4516459,move,349,329,.!frame.!button
demo_session_08,6,1786094234.5271516,click,354,324,.!frame.!button
demo_session_08,7,1786094234.5271516,move,360,305,.!frame.!entry
demo_session_08,7,1786094234.5771515,move,363,306,.!frame.!entry
demo_session_08,7,1786094234.6271515,move,350,301,.!frame.!entry
demo_session_08,7,1786094234.6771514,move,360,315,.!frame.!entry
demo_session_08,7,1786094234.7271514,move,343,303,.!frame.!entry
demo_session_08,7,1786094234.7771513,move,356,322,.!frame.!entry
demo_session_08,7,1786094234.8271513,move,364,306,.!frame.!entry
demo_session_08,7,1786094234.8771513,move,360,315,.!frame.!entry
demo_session_08,7,1786094234.9271512,move,360,318,.!frame.!entry
demo_session_08,7,1786094234.9771512,move,354,307,.!frame.!entry
demo_session_08,7,1786094235.027151,move,353,309,.!frame.!entry
demo_session_08,7,1786094235.077151,move,340,304,.!frame.!entry
demo_session_08,7,1786094235.127151,move,353,305,.!frame.!entry
demo_session_08,7,1786094235.177151,move,356,313,.!frame.!entry
demo_session_08,7,1786094235.227151,move,362,314,.!frame.!entry
demo_session_08,7,1786094235.2771509,move,359,302,.!frame.!entry
demo_session_08,7,1786094235.3271508,move,348,307,.!frame.!entry
demo_session_08,7,1786094235.3771508,move,350,314,.!frame.!entry
demo_session_08,7,1786094235.4271507,move,346,312,.!frame.!entry
demo_session_08,7,1786094235.4771507,move,356,320,.!frame.!entry
demo_session_08,7,1786094235.5271506,move,354,310,.!frame.!entry
demo_session_08,7,1786094235.5771506,move,351,305,.!frame.!entry
demo_session_08,7,1786094235.6271505,move,354,297,.!frame.!entry
demo_session_08,7,1786094235.6771505,move,338,302,.!frame.!entry
demo_session_08,7,1786094235.7271504,move,354,307,.!frame.!entry
demo_session_08,7,1786094235.7771504,move,355,316,.!frame.!entry
demo_session_08,7,1786094235.8271503,move,349,299,.!frame.!entry
demo_session_08,7,1786094235.8771503,move,354,309,.!frame.!entry
demo_session_08,7,1786094235.9271502,move,356,307,.!frame.!entry
demo_session_08,7,1786094235.9771502,move,353,312,.!frame.!entry
demo_session_08,7,1786094236.0271502,move,343,302,.!frame.!entry
demo_session_08,7,1786094236.07715,move,352,309,.!frame.!entry
demo_session_08,7,1786094236.12715,move,347,304,.!frame.!entry
demo_session_08,7,1786094236.17715,move,353,311,.!frame.!entry
demo_session_08,7,1786094236.22715,move,351,311,.!frame.!entry
demo_session_08,7,1786094236.27715,move,358,311,.!frame.!entry
demo_session_08,7,1786094236.3271499,move,355,308,.!frame.!entry
demo_session_08,7,1786094236.3771498,move,346,314,.!frame.!entry
demo_session_08,7,1786094236.4271498,move,359,307,.!frame.!entry
demo_session_08,7,1786094236.4771497,move,352,307,.!frame.!entry
demo_session_08,7,1786094236.5271497,move,355,314,.!frame.!entry
demo_session_08,7,1786094236.5771496,move,351,317,.!frame.!entry
demo_session_08,7,1786094236.6271496,move,350,304,.!frame.!entry
demo_session_08,7,1786094236.6771495,move,354,317,.!frame.!entry
demo_session_08,7,1786094236.7271495,move,353,310,.!frame.!entry
demo_session_08,7,1786094236.7771494,move,352,313,.!frame.!entry
demo_session_08,7,1786094236.8271494,move,349,315,.!frame.!entry
demo_session_08,7,1786094236.8771493,move,346,315,.!frame.!entry
demo_session_08,7,1786094236.9271493,move,340,316,.!frame.!entry
demo_session_08,7,1786094236.9771492,move,357,303,.!frame.!entry
demo_session_08,7,1786094237.0271492,move,357,312,.!frame.!entry
demo_session_08,7,1786094237.0771492,move,356,316,.!frame.!entry
demo_session_08,7,1786094237.127149,move,360,324,.!frame.!entry
demo_session_08,7,1786094237.177149,move,355,307,.!frame.!entry
demo_session_08,7,1786094237.227149,move,349,306,.!frame.!entry
demo_session_08,7,1786094237.277149,move,363,328,.!frame.!entry
demo_session_08,7,1786094237.327149,move,348,316,.!frame.!entry
demo_session_08,7,1786094237.3771489,move,360,318,.!frame.!entry
demo_session_08,7,1786094237.4271488,move,355,314,.!frame.!entry
demo_session_08,7,1786094237.4771488,move,348,312,.!frame.!entry
demo_session_08,7,1786094237.5271487,move,339,310,.!frame.!entry
demo_session_08,7,1786094237.5771487,move,356,305,.!frame.!entry
demo_session_08,7,1786094237.6271486,move,355,313,.!frame.!entry
demo_session_08,7,1786094237.6771486,move,356,314,.!frame.!entry
demo_session_08,7,1786094237.7271485,move,344,313,.!frame.!entry
demo_session_08,7,1786094237.7771485,move,353,321,.!frame.!entry
demo_session_08,7,1786094237.8271484,move,348,310,.!frame.!entry
demo_session_08,7,1786094237.8771484,move,360,317,.!frame.!entry
demo_session_08,7,1786094237.9271483,move,351,313,.!frame.!button
demo_session_08,7,1786094237.9771483,move,351,312,.!frame.!button
demo_session_08,7,1786094238.0271482,move,350,317,.!frame.!button
demo_session_08,7,1786094238.0771482,move,355,315,.!frame.!button
demo_session_08,7,1786094238.1271482,move,344,302,.!frame.!button
demo_session_08,7,1786094238.177148,move,359,310,.!frame.!button
demo_session_08,7,1786094238.227148,move,358,320,.!frame.!button
demo_session_08,7,1786094238.277148,move,354,328,.!frame.!button
demo_session_08,7,1786094238.327148,move,341,318,.!frame.!button
demo_session_08,7,1786094238.377148,move,357,320,.!frame.!button
demo_session_08,7,1786094238.4271479,move,350,311,.!frame.!button
demo_session_08,7,1786094238.4771478,move,350,312,.!frame.!button
demo_session_08,7,1786094238.5271478,move,359,316,.!frame.!button
demo_session_08,7,1786094238.5771477,move,351,313,.!frame.!button
demo_session_08,7,1786094238.6271477,move,348,321,.!frame.!button
demo_session_08,7,1786094238.6771476,move,343,316,.!frame.!button
demo_session_08,7,1786094238.7271476,move,347,327,.!frame.!button
demo_session_08,7,1786094238.7771475,move,355,318,.!frame.!button
demo_session_08,7,1786094238.8271475,move,362,317,.!frame.!button
demo_session_08,7,1786094238.8771474,move,347,314,.!frame.!button
demo_session_08,7,1786094238.9271474,move,349,323,.!frame.!button
demo_session_08,7,1786094238.9771473,move,352,320,.!frame.!button
demo_session_08,7,1786094239.0271473,move,345,331,.!frame.!button
demo_session_08,7,1786094239.0771472,move,348,319,.!frame.!button
demo_session_08,7,1786094239.1271472,move,356,326,.!frame.!button
demo_session_08,7,1786094239.1771472,move,347,322,.!frame.!button
demo_session_08,7,1786094239.227147,move,338,306,.!frame.!button
demo_session_08,7,1786094239.277147,move,358,317,.!frame.!button
demo_session_08,7,1786094239.327147,move,350,317,.!frame.!button
demo_session_08,7,1786094239.3963702,click,352,322,.!frame.!button
demo_session_08,8,1786094252.5042944,move,569,249,.!frame.!entry
demo_session_08,8,1786094252.5542943,move,576,252,.!frame.!entry
demo_session_08,8,1786094252.6042943,move,564,239,.!frame.!entry
demo_session_08,8,1786094252.6542943,move,565,249,.!frame.!entry
demo_session_08,8,1786094252.7042942,move,573,240,.!frame.!entry
demo_session_08,8,1786094252.7542942,move,556,247,.!frame.!entry
demo_session_08,8,1786094252.804294,move,558,242,.!frame.!entry
demo_session_08,8,1786094252.854294,move,548,250,.!frame.!entry
demo_session_08,8,1786094252.904294,move,546,253,.!frame.!entry
demo_session_08,8,1786094252.954294,move,554,242,.!frame.!entry
demo_session_08,8,1786094253.004294,move,551,249,.!frame.!entry
demo_session_08,8,1786094253.0542939,move,557,261,.!frame.!entry
demo_session_08,8,1786094253.1042938,move,549,252,.!frame.!entry
demo_session_08,8,1786094253.1542938,move,533,264,.!frame.!entry
demo_session_08,8,1786094253.2042937,move,548,253,.!frame.!entry
demo_session_08,8,1786094253.2542937,move,543,252,.!frame.!entry
demo_session_08,8,1786094253.3042936,move,541,257,.!frame.!entry
demo_session_08,8,1786094253.3542936,move,540,252,.!frame.!entry
demo_session_08,8,1786094253.4042935,move,537,245,.!frame.!entry
demo_session_08,8,1786094253.4542935,move,527,256,.!frame.!entry
demo_session_08,8,1786094253.5042934,move,534,249,.!frame.!entry
demo_session_08,8,1786094253.5542934,move,532,262,.!frame.!entry
demo_session_08,8,1786094253.6042933,move,525,259,.!frame.!entry
demo_session_08,8,1786094253.6542933,move,527,259,.!frame.!entry
demo_session_08,8,1786094253.7042933,move,518,261,.!frame.!entry
demo_session_08,8,1786094253.7542932,move,522,260,.!frame.!entry
demo_session_08,8,1786094253.8042932,move,514,268,.!frame.!entry
demo_session_08,8,1786094253.854293,move,516,271,.!frame.!entry
demo_session_08,8,1786094253.904293,move,509,266,.!frame.!entry
demo_session_08,8,1786094253.954293,move,516,261,.!frame.!entry
demo_session_08,8,1786094254.004293,move,513,275,.!frame.!entry
demo_session_08,8,1786094254.054293,move,504,266,.!frame.!entry
demo_session_08,8,1786094254.1042929,move,509,263,.!frame.!entry
demo_session_08,8,1786094254.1542928,move,505,264,.!frame.!entry
demo_session_08,8,1786094254.2042928,move,497,271,.!frame.!entry
demo_session_08,8,1786094254.2542927,move,509,267,.!frame.!entry
demo_session_08,8,1786094254.3042927,move,499,271,.!frame.!entry
demo_session_08,8,1786094254.3542926,move,491,274,.!frame.!entry
demo_session_08,8,1786094254.4042926,move,498,278,.!frame.!entry
demo_session_08,8,1786094254.4542925,move,494,268,.!frame.!entry
demo_session_08,8,1786094254.5042925,move,488,282,.!frame.!entry
demo_session_08,8,1786094254.5542924,move,486,279,.!frame.!entry
demo_session_08,8,1786094254.6042924,move,481,281,.!frame.!entry
demo_session_08,8,1786094254.6542923,move,475,276,.!frame.!entry
demo_session_08,8,1786094254.7042923,move,475,280,.!frame.!entry
demo_session_08,8,1786094254.7542922,move,474,268,.!frame.!entry
demo_session_08,8,1786094254.8042922,move,480,275,.!frame.!entry
demo_session_08,8,1786094254.8542922,move,471,278,.!frame.!entry
demo_session_08,8,1786094254.904292,move,459,291,.!frame.!entry
demo_session_08,8,1786094254.954292,move,470,281,.!frame.!entry
demo_session_08,8,1786094255.004292,move,465,282,.!frame.!entry
demo_session_08,8,1786094255.054292,move,475,284,.!frame.!entry
demo_session_08,8,1786094255.104292,move,460,272,.!frame.!entry
demo_session_08,8,1786094255.1542919,move,467,280,.!frame.!entry
demo_session_08,8,1786094255.2042918,move,456,282,.!frame.!entry
demo_session_08,8,1786094255.2542918,move,460,283,.!frame.!entry
demo_session_08,8,1786094255.3042917,move,455,282,.!frame.!entry
demo_session_08,8,1786094255.3542917,move,448,290,.!frame.!entry
demo_session_08,8,1786094255.4042916,move,452,293,.!frame.!entry
demo_session_08,8,1786094255.4542916,move,443,284,.!frame.!entry
demo_session_08,8,1786094255.5042915,move,448,281,.!frame.!entry
demo_session_08,8,1786094255.5542915,move,445,282,.!frame.!entry
demo_session_08,8,1786094255.6042914,move,434,295,.!frame.!entry
demo_session_08,8,1786094255.6542914,move,439,284,.!frame.!entry
demo_session_08,8,1786094255.7042913,move,432,288,.!frame.!entry
demo_session_08,8,1786094255.7542913,move,436,289,.!frame.!entry
demo_session_08,8,1786094255.8042912,move,442,286,.!frame.!entry
demo_session_08,8,1786094255.8542912,move,428,302,.!frame.!entry
demo_session_08,8,1786094255.9042912,move,433,304,.!frame.!entry
demo_session_08,8,1786094255.954291,move,433,289,.!frame.!entry
demo_session_08,8,1786094256.004291,move,425,292,.!frame.!entry
demo_session_08,8,1786094256.054291,move,422,290,.!frame.!entry
demo_session_08,8,1786094256.104291,move,425,298,.!frame.!entry
demo_session_08,8,1786094256.154291,move,416,294,.!frame.!entry
demo_session_08,8,1786094256.2042909,move,415,302,.!frame.!button
demo_session_08,8,1786094256.2542908,move,412,289,.!frame.!button
demo_session_08,8,1786094256.3042908,move,410,292,.!frame.!button
demo_session_08,8,1786094256.3542907,move,417,301,.!frame.!button
demo_session_08,8,1786094256.4042907,move,400,294,.!frame.!button
demo_session_08,8,1786094256.4542906,move,409,293,.!frame.!button
demo_session_08,8,1786094256.5042906,move,408,293,.!frame.!button
demo_session_08,8,1786094256.5542905,move,402,308,.!frame.!button
demo_session_08,8,1786094256.6042905,move,397,304,.!frame.!button
demo_session_08,8,1786094256.6542904,move,396,302,.!frame.!button
demo_session_08,8,1786094256.7042904,move,398,300,.!frame.!button
demo_session_08,8,1786094256.7542903,move,394,306,.!frame.!button
demo_session_08,8,1786094256.8042903,move,391,304,.!frame.!button
demo_session_08,8,1786094256.8542902,move,386,305,.!frame.!button
demo_session_08,8,1786094256.9042902,move,382,296,.!frame.!button
demo_session_08,8,1786094256.9542902,move,384,301,.!frame.!button
demo_session_08,8,1786094257.00429,move,392,314,.!frame.!button
demo_session_08,8,1786094257.05429,move,376,315,.!frame.!button
demo_session_08,8,1786094257.10429,move,383,314,.!frame.!button
demo_session_08,8,1786094257.15429,move,371,314,.!frame.!button
demo_session_08,8,1786094257.20429,move,379,300,.!frame.!button
demo_session_08,8,1786094257.2542899,move,375,309,.!frame.!button
demo_session_08,8,1786094257.3042898,move,364,312,.!frame.!button
demo_session_08,8,1786094257.3542898,move,369,312,.!frame.!button
demo_session_08,8,1786094257.4042897,move,365,315,.!frame.!button
demo_session_08,8,1786094257.4542897,move,359,309,.!frame.!button
demo_session_08,8,1786094257.5042896,move,371,327,.!frame.!button
demo_session_08,8,1786094257.5542896,move,358,323,.!frame.!button
demo_session_08,8,1786094257.6042895,move,361,325,.!frame.!button
demo_session_08,8,1786094257.6542895,move,352,318,.!frame.!button
demo_session_08,8,1786094257.7042894,move,346,322,.!frame.!button
demo_session_08,8,1786094257.7542894,move,352,325,.!frame.!button
demo_session_08,8,1786094257.8192353,click,347,317,.!frame.!button
demo_session_08,9,1786094257.8192353,move,404,379,.!frame.!entry
demo_session_08,9,1786094257.8692353,move,400,387,.!frame.!entry
demo_session_08,9,1786094257.9192352,move,399,380,.!frame.!entry
demo_session_08,9,1786094257.9692352,move,409,371,.!frame.!entry
demo_session_08,9,1786094258.0192351,move,403,372,.!frame.!entry
demo_session_08,9,1786094258.069235,move,411,375,.!frame.!entry
demo_session_08,9,1786094258.119235,move,403,369,.!frame.!entry
demo_session_08,9,1786094258.169235,move,404,371,.!frame.!entry
demo_session_08,9,1786094258.219235,move,398,369,.!frame.!entry
demo_session_08,9,1786094258.269235,move,404,379,.!frame.!entry
demo_session_08,9,1786094258.3192348,move,401,369,.!frame.!entry
demo_session_08,9,1786094258.3692348,move,403,368,.!frame.!entry
demo_session_08,9,1786094258.4192348,move,407,375,.!frame.!entry
demo_session_08,9,1786094258.4692347,move,400,369,.!frame.!entry
demo_session_08,9,1786094258.5192347,move,398,370,.!frame.!entry
demo_session_08,9,1786094258.5692346,move,413,370,.!frame.!entry
demo_session_08,9,1786094258.6192346,move,397,370,.!frame.!entry
demo_session_08,9,1786094258.6692345,move,395,363,.!frame.!entry
demo_session_08,9,1786094258.7192345,move,404,361,.!frame.!entry
demo_session_08,9,1786094258.7692344,move,391,376,.!frame.!entry
demo_session_08,9,1786094258.8192344,move,393,364,.!frame.!entry
demo_session_08,9,1786094258.8692343,move,396,368,.!frame.!entry
demo_session_08,9,1786094258.9192343,move,397,365,.!frame.!entry
demo_session_08,9,1786094258.9692342,move,394,371,.!frame.!entry
demo_session_08,9,1786094259.0192342,move,391,364,.!frame.!entry
demo_session_08,9,1786094259.0692341,move,387,363,.!frame.!entry
demo_session_08,9,1786094259.119234,move,390,352,.!frame.!entry
demo_session_08,9,1786094259.169234,move,388,355,.!frame.!entry
demo_session_08,9,1786094259.219234,move,385,359,.!frame.!entry
demo_session_08,9,1786094259.269234,move,392,352,.!frame.!entry
demo_session_08,9,1786094259.319234,move,395,366,.!frame.!entry
demo_session_08,9,1786094259.3692338,move,390,358,.!frame.!entry
demo_session_08,9,1786094259.4192338,move,389,374,.!frame.!entry
demo_session_08,9,1786094259.4692338,move,390,365,.!frame.!entry
demo_session_08,9,1786094259.5192337,move,395,364,.!frame.!entry
demo_session_08,9,1786094259.5692337,move,394,368,.!frame.!entry
demo_session_08,9,1786094259.6192336,move,394,353,.!frame.!entry
demo_session_08,9,1786094259.6692336,move,388,364,.!frame.!entry
demo_session_08,9,1786094259.7192335,move,384,360,.!frame.!entry
demo_session_08,9,1786094259.7692335,move,387,356,.!frame.!entry
demo_session_08,9,1786094259.8192334,move,394,355,.!frame.!entry
demo_session_08,9,1786094259.8692334,move,378,361,.!frame.!entry
demo_session_08,9,1786094259.9192333,move,393,355,.!frame.!entry
demo_session_08,9,1786094259.9692333,move,389,347,.!frame.!entry
demo_session_08,9,1786094260.0192332,move,395,359,.!frame.!entry
demo_session_08,9,1786094260.0692332,move,383,348,.!frame.!entry
demo_session_08,9,1786094260.1192331,move,391,354,.!frame.!entry
demo_session_08,9,1786094260.169233,move,389,358,.!frame.!entry
demo_session_08,9,1786094260.219233,move,397,353,.!frame.!entry
demo_session_08,9,1786094260.269233,move,375,360,.!frame.!entry
demo_session_08,9,1786094260.319233,move,381,356,.!frame.!entry
demo_session_08,9,1786094260.369233,move,380,370,.!frame.!entry
demo_session_08,9,1786094260.4192328,move,392,346,.!frame.!entry
demo_session_08,9,1786094260.4692328,move,383,363,.!frame.!entry
demo_session_08,9,1786094260.5192327,move,377,346,.!frame.!entry
demo_session_08,9,1786094260.5692327,move,383,354,.!frame.!entry
demo_session_08,9,1786094260.6192327,move,386,354,.!frame.!entry
demo_session_08,9,1786094260.6692326,move,382,350,.!frame.!entry
demo_session_08,9,1786094260.7192326,move,382,346,.!frame.!entry
demo_session_08,9,1786094260.7692325,move,370,353,.!frame.!entry
demo_session_08,9,1786094260.8192325,move,373,351,.!frame.!entry
demo_session_08,9,1786094260.8692324,move,392,356,.!frame.!entry
demo_session_08,9,1786094260.9192324,move,381,350,.!frame.!entry
demo_session_08,9,1786094260.9692323,move,383,348,.!frame.!entry
demo_session_08,9,1786094261.0192323,move,383,343,.!frame.!entry
demo_session_08,9,1786094261.0692322,move,371,344,.!frame.!entry
demo_session_08,9,1786094261.1192322,move,381,354,.!frame.!entry
demo_session_08,9,1786094261.1692321,move,374,351,.!frame.!entry
demo_session_08,9,1786094261.219232,move,382,347,.!frame.!entry
demo_session_08,9,1786094261.269232,move,382,342,.!frame.!entry
demo_session_08,9,1786094261.319232,move,378,354,.!frame.!entry
demo_session_08,9,1786094261.369232,move,370,345,.!frame.!entry
demo_session_08,9,1786094261.419232,move,369,351,.!frame.!entry
demo_session_08,9,1786094261.4692318,move,384,337,.!frame.!entry
demo_session_08,9,1786094261.5192318,move,375,333,.!frame.!entry
demo_session_08,9,1786094261.5692317,move,376,344,.!frame.!entry
demo_session_08,9,1786094261.6192317,move,364,340,.!frame.!entry
demo_session_08,9,1786094261.6692317,move,371,329,.!frame.!entry
demo_session_08,9,1786094261.7192316,move,372,336,.!frame.!entry
demo_session_08,9,1786094261.7692316,move,374,338,.!frame.!entry
demo_session_08,9,1786094261.8192315,move,370,342,.!frame.!entry
demo_session_08,9,1786094261.8692315,move,375,335,.!frame.!entry
demo_session_08,9,1786094261.9192314,move,368,338,.!frame.!entry
demo_session_08,9,1786094261.9692314,move,371,336,.!frame.!entry
demo_session_08,9,1786094262.0192313,move,370,340,.!frame.!entry
demo_session_08,9,1786094262.0692313,move,372,342,.!frame.!entry
demo_session_08,9,1786094262.1192312,move,371,337,.!frame.!entry
demo_session_08,9,1786094262.1692312,move,365,341,.!frame.!entry
demo_session_08,9,1786094262.2192311,move,364,333,.!frame.!entry
demo_session_08,9,1786094262.269231,move,363,340,.!frame.!entry
demo_session_08,9,1786094262.319231,move,353,339,.!frame.!entry
demo_session_08,9,1786094262.369231,move,375,340,.!frame.!entry
demo_session_08,9,1786094262.419231,move,372,334,.!frame.!button
demo_session_08,9,1786094262.469231,move,372,349,.!frame.!button
demo_session_08,9,1786094262.5192308,move,357,341,.!frame.!button
demo_session_08,9,1786094262.5692308,move,360,330,.!frame.!button
demo_session_08,9,1786094262.6192307,move,366,334,.!frame.!button
demo_session_08,9,1786094262.6692307,move,362,328,.!frame.!button
demo_session_08,9,1786094262.7192307,move,372,335,.!frame.!button
demo_session_08,9,1786094262.7692306,move,358,334,.!frame.!button
demo_session_08,9,1786094262.8192306,move,361,329,.!frame.!button
demo_session_08,9,1786094262.8692305,move,352,333,.!frame.!button
demo_session_08,9,1786094262.9192305,move,361,331,.!frame.!button
demo_session_08,9,1786094262.9692304,move,355,332,.!frame.!button
demo_session_08,9,1786094263.0192304,move,351,325,.!frame.!button
demo_session_08,9,1786094263.0692303,move,360,333,.!frame.!button
demo_session_08,9,1786094263.1192303,move,358,331,.!frame.!button
demo_session_08,9,1786094263.1692302,move,356,338,.!frame.!button
demo_session_08,9,1786094263.2192302,move,364,333,.!frame.!button
demo_session_08,9,1786094263.2692301,move,359,326,.!frame.!button
demo_session_08,9,1786094263.31923,move,364,329,.!frame.!button
demo_session_08,9,1786094263.36923,move,355,320,.!frame.!button
demo_session_08,9,1786094263.41923,move,368,343,.!frame.!button
demo_session_08,9,1786094263.46923,move,355,328,.!frame.!button
demo_session_08,9,1786094263.51923,move,363,329,.!frame.!button
demo_session_08,9,1786094263.5692298,move,360,336,.!frame.!button
demo_session_08,9,1786094263.6192298,move,357,333,.!frame.!button
demo_session_08,9,1786094263.6692297,move,352,328,.!frame.!button
demo_session_08,9,1786094263.7192297,move,355,317,.!frame.!button
demo_session_08,9,1786094263.7692297,move,352,320,.!frame.!button
demo_session_08,9,1786094263.8192296,move,353,330,.!frame.!button
demo_session_08,9,1786094263.8692296,move,360,332,.!frame.!button
demo_session_08,9,1786094263.9192295,move,343,324,.!frame.!button
demo_session_08,9,1786094263.9692295,move,356,321,.!frame.!button
demo_session_08,9,1786094264.0192294,move,355,308,.!frame.!button
demo_session_08,9,1786094264.0692294,move,351,318,.!frame.!button
demo_session_08,9,1786094264.1192293,move,353,328,.!frame.!button
demo_session_08,9,1786094264.1692293,move,346,313,.!frame.!button
demo_session_08,9,1786094264.2192292,move,338,312,.!frame.!button
demo_session_08,9,1786094264.2692292,move,356,330,.!frame.!button
demo_session_08,9,1786094264.3192291,move,346,332,.!frame.!button
demo_session_08,9,1786094264.369229,move,360,314,.!frame.!button
demo_session_08,9,1786094264.4417443,click,353,323,.!frame.!button
demo_session_08,10,1786094274.4524379,move,355,182,.!frame.!entry
demo_session_08,10,1786094274.5024378,move,347,180,.!frame.!entry
demo_session_08,10,1786094274.5524378,move,357,183,.!frame.!entry
demo_session_08,10,1786094274.6024377,move,351,189,.!frame.!entry
demo_session_08,10,1786094274.6524377,move,351,190,.!frame.!entry
demo_session_08,10,1786094274.7024376,move,347,197,.!frame.!entry
demo_session_08,10,1786094274.7524376,move,356,192,.!frame.!entry
demo_session_08,10,1786094274.8024375,move,359,191,.!frame.!entry
demo_session_08,10,1786094274.8524375,move,359,189,.!frame.!entry
demo_session_08,10,1786094274.9024374,move,353,191,.!frame.!entry
demo_session_08,10,1786094274.9524374,move,345,195,.!frame.!entry
demo_session_08,10,1786094275.0024374,move,349,193,.!frame.!entry
demo_session_08,10,1786094275.0524373,move,358,194,.!frame.!entry
demo_session_08,10,1786094275.1024373,move,351,193,.!frame.!entry
demo_session_08,10,1786094275.1524372,move,357,201,.!frame.!entry
demo_session_08,10,1786094275.2024372,move,353,194,.!frame.!entry
demo_session_08,10,1786094275.252437,move,353,199,.!frame.!entry
demo_session_08,10,1786094275.302437,move,355,199,.!frame.!entry
demo_session_08,10,1786094275.352437,move,351,199,.!frame.!entry
demo_session_08,10,1786094275.402437,move,346,200,.!frame.!entry
demo_session_08,10,1786094275.452437,move,352,204,.!frame.!entry
demo_session_08,10,1786094275.5024369,move,351,206,.!frame.!entry
demo_session_08,10,1786094275.5524368,move,355,205,.!frame.!entry
demo_session_08,10,1786094275.6024368,move,347,215,.!frame.!entry
demo_session_08,10,1786094275.6524367,move,349,211,.!frame.!entry
demo_session_08,10,1786094275.7024367,move,358,211,.!frame.!entry
demo_session_08,10,1786094275.7524366,move,353,218,.!frame.!entry
demo_session_08,10,1786094275.8024366,move,357,212,.!frame.!entry
demo_session_08,10,1786094275.8524365,move,348,212,.!frame.!entry
demo_session_08,10,1786094275.9024365,move,355,216,.!frame.!entry
demo_session_08,10,1786094275.9524364,move,357,216,.!frame.!entry
demo_session_08,10,1786094276.0024364,move,352,212,.!frame.!entry
demo_session_08,10,1786094276.0524364,move,354,215,.!frame.!entry
demo_session_08,10,1786094276.1024363,move,359,212,.!frame.!entry
demo_session_08,10,1786094276.1524363,move,355,214,.!frame.!entry
demo_session_08,10,1786094276.2024362,move,354,211,.!frame.!entry
demo_session_08,10,1786094276.2524362,move,346,218,.!frame.!entry
demo_session_08,10,1786094276.302436,move,358,222,.!frame.!entry
demo_session_08,10,1786094276.352436,move,351,228,.!frame.!entry
demo_session_08,10,1786094276.402436,move,352,223,.!frame.!entry
demo_session_08,10,1786094276.452436,move,355,220,.!frame.!entry
demo_session_08,10,1786094276.502436,move,350,220,.!frame.!entry
demo_session_08,10,1786094276.5524359,move,360,227,.!frame.!entry
demo_session_08,10,1786094276.6024358,move,357,235,.!frame.!entry
demo_session_08,10,1786094276.6524358,move,352,223,.!frame.!entry
demo_session_08,10,1786094276.7024357,move,356,229,.!frame.!entry
demo_session_08,10,1786094276.7524357,move,345,231,.!frame.!entry
demo_session_08,10,1786094276.8024356,move,357,235,.!frame.!entry
demo_session_08,10,1786094276.8524356,move,359,228,.!frame.!entry
demo_session_08,10,1786094276.9024355,move,350,236,.!frame.!entry
demo_session_08,10,1786094276.9524355,move,343,224,.!frame.!entry
demo_session_08,10,1786094277.0024354,move,352,237,.!frame.!entry
demo_session_08,10,1786094277.0524354,move,356,237,.!frame.!entry
demo_session_08,10,1786094277.1024354,move,346,238,.!frame.!entry
demo_session_08,10,1786094277.1524353,move,345,243,.!frame.!entry
demo_session_08,10,1786094277.2024353,move,360,235,.!frame.!entry
demo_session_08,10,1786094277.2524352,move,352,237,.!frame.!entry
demo_session_08,10,1786094277.3024352,move,341,235,.!frame.!entry
demo_session_08,10,1786094277.352435,move,348,243,.!frame.!entry
demo_session_08,10,1786094277.402435,move,348,245,.!frame.!entry
demo_session_08,10,1786094277.452435,move,363,244,.!frame.!entry
demo_session_08,10,1786094277.502435,move,344,230,.!frame.!entry
demo_session_08,10,1786094277.552435,move,354,248,.!frame.!entry
demo_session_08,10,1786094277.6024349,move,341,258,.!frame.!entry
demo_session_08,10,1786094277.6524348,move,358,244,.!frame.!entry
demo_session_08,10,1786094277.7024348,move,349,250,.!frame.!entry
demo_session_08,10,1786094277.7524347,move,357,243,.!frame.!entry
demo_session_08,10,1786094277.8024347,move,354,244,.!frame.!entry
demo_session_08,10,1786094277.8524346,move,353,247,.!frame.!entry
demo_session_08,10,1786094277.9024346,move,345,256,.!frame.!entry
demo_session_08,10,1786094277.9524345,move,354,251,.!frame.!entry
demo_session_08,10,1786094278.0024345,move,354,252,.!frame.!entry
demo_session_08,10,1786094278.0524344,move,345,257,.!frame.!entry
demo_session_08,10,1786094278.1024344,move,349,260,.!frame.!entry
demo_session_08,10,1786094278.1524343,move,352,252,.!frame.!entry
demo_session_08,10,1786094278.2024343,move,346,252,.!frame.!entry
demo_session_08,10,1786094278.2524343,move,351,263,.!frame.!entry
demo_session_08,10,1786094278.3024342,move,353,260,.!frame.!entry
demo_session_08,10,1786094278.3524342,move,353,260,.!frame.!entry
demo_session_08,10,1786094278.402434,move,358,250,.!frame.!entry
demo_session_08,10,1786094278.452434,move,350,269,.!frame.!entry
demo_session_08,10,1786094278.502434,move,352,260,.!frame.!entry
demo_session_08,10,1786094278.552434,move,356,255,.!frame.!entry
demo_session_08,10,1786094278.602434,move,348,266,.!frame.!entry
demo_session_08,10,1786094278.6524339,move,349,258,.!frame.!entry
demo_session_08,10,1786094278.7024338,move,354,263,.!frame.!entry
demo_session_08,10,1786094278.7524338,move,354,262,.!frame.!entry
demo_session_08,10,1786094278.8024337,move,348,262,.!frame.!entry
demo_session_08,10,1786094278.8524337,move,360,264,.!frame.!entry
demo_session_08,10,1786094278.9024336,move,344,267,.!frame.!entry
demo_session_08,10,1786094278.9524336,move,351,274,.!frame.!entry
demo_session_08,10,1786094279.0024335,move,347,277,.!frame.!entry
demo_session_08,10,1786094279.0524335,move,355,279,.!frame.!entry
demo_session_08,10,1786094279.1024334,move,360,275,.!frame.!entry
demo_session_08,10,1786094279.1524334,move,351,273,.!frame.!entry
demo_session_08,10,1786094279.2024333,move,354,281,.!frame.!entry
demo_session_08,10,1786094279.2524333,move,345,287,.!frame.!entry
demo_session_08,10,1786094279.3024333,move,352,274,.!frame.!entry
demo_session_08,10,1786094279.3524332,move,352,260,.!frame.!entry
demo_session_08,10,1786094279.4024332,move,351,274,.!frame.!button
demo_session_08,10,1786094279.452433,move,348,282,.!frame.!button
demo_session_08,10,1786094279.502433,move,352,271,.!frame.!button
demo_session_08,10,1786094279.552433,move,349,284,.!frame.!button
demo_session_08,10,1786094279.602433,move,351,283,.!frame.!button
demo_session_08,10,1786094279.652433,move,357,290,.!frame.!button
demo_session_08,10,1786094279.7024329,move,352,288,.!frame.!button
demo_session_08,10,1786094279.7524328,move,346,299,.!frame.!button
demo_session_08,10,1786094279.8024328,move,346,287,.!frame.!button
demo_session_08,10,1786094279.8524327,move,351,291,.!frame.!button
demo_session_08,10,1786094279.9024327,move,350,282,.!frame.!button
demo_session_08,10,1786094279.9524326,move,358,293,.!frame.!button
demo_session_08,10,1786094280.0024326,move,350,294,.!frame.!button
demo_session_08,10,1786094280.0524325,move,345,296,.!frame.!button
demo_session_08,10,1786094280.1024325,move,355,298,.!frame.!button
demo_session_08,10,1786094280.1524324,move,347,295,.!frame.!button
demo_session_08,10,1786094280.2024324,move,351,290,.!frame.!button
demo_session_08,10,1786094280.2524323,move,349,293,.!frame.!button
demo_session_08,10,1786094280.3024323,move,360,298,.!frame.!button
demo_session_08,10,1786094280.3524323,move,351,296,.!frame.!button
demo_session_08,10,1786094280.4024322,move,356,303,.!frame.!button
demo_session_08,10,1786094280.4524322,move,349,297,.!frame.!button
demo_session_08,10,1786094280.502432,move,359,298,.!frame.!button
demo_session_08,10,1786094280.552432,move,343,302,.!frame.!button
demo_session_08,10,1786094280.602432,move,339,301,.!frame.!button
demo_session_08,10,1786094280.652432,move,355,309,.!frame.!button
demo_session_08,10,1786094280.702432,move,355,311,.!frame.!button
demo_session_08,10,1786094280.7524319,move,358,308,.!frame.!button
demo_session_08,10,1786094280.8024318,move,351,305,.!frame.!button
demo_session_08,10,1786094280.8524318,move,352,311,.!frame.!button
demo_session_08,10,1786094280.9024317,move,345,305,.!frame.!button
demo_session_08,10,1786094280.9524317,move,353,299,.!frame.!button
demo_session_08,10,1786094281.0024316,move,350,320,.!frame.!button
demo_session_08,10,1786094281.0524316,move,346,319,.!frame.!button
demo_session_08,10,1786094281.1024315,move,348,323,.!frame.!button
demo_session_08,10,1786094281.1524315,move,359,314,.!frame.!button
demo_session_08,10,1786094281.2024314,move,350,316,.!frame.!button
demo_session_08,10,1786094281.2524314,move,346,317,.!frame.!button
demo_session_08,10,1786094281.3024313,move,347,319,.!frame.!button
demo_session_08,10,1786094281.3524313,move,340,313,.!frame.!button
demo_session_08,10,1786094281.4024312,move,344,317,.!frame.!button
demo_session_08,10,1786094281.4524312,move,355,317,.!frame.!button
demo_session_08,10,1786094281.5024312,move,355,322,.!frame.!button
demo_session_08,10,1786094281.561631,click,353,323,.!frame.!button
demo_session_08,11,1786094281.561631,move,176,326,.!frame.!entry
demo_session_08,11,1786094281.611631,move,172,328,.!frame.!entry
demo_session_08,11,1786094281.6616309,move,183,328,.!frame.!entry
demo_session_08,11,1786094281.7116308,move,179,323,.!frame.!entry
demo_session_08,11,1786094281.7616308,move,186,329,.!frame.!entry
demo_session_08,11,1786094281.8116307,move,190,324,.!frame.!entry
demo_session_08,11,1786094281.8616307,move,188,325,.!frame.!entry
demo_session_08,11,1786094281.9116306,move,187,327,.!frame.!entry
demo_session_08,11,1786094281.9616306,move,188,324,.!frame.!entry
demo_session_08,11,1786094282.0116305,move,194,321,.!frame.!entry
demo_session_08,11,1786094282.0616305,move,201,319,.!frame.!entry
demo_session_08,11,1786094282.1116304,move,194,319,.!frame.!entry
demo_session_08,11,1786094282.1616304,move,204,322,.!frame.!entry
demo_session_08,11,1786094282.2116303,move,202,325,.!frame.!entry
demo_session_08,11,1786094282.2616303,move,217,321,.!frame.!entry
demo_session_08,11,1786094282.3116302,move,207,334,.!frame.!entry
demo_session_08,11,1786094282.3616302,move,208,324,.!frame.!entry
demo_session_08,11,1786094282.4116302,move,214,329,.!frame.!entry
demo_session_08,11,1786094282.46163,move,215,330,.!frame.!entry
demo_session_08,11,1786094282.51163,move,217,326,.!frame.!entry
demo_session_08,11,1786094282.56163,move,220,324,.!frame.!entry
demo_session_08,11,1786094282.61163,move,221,332,.!frame.!entry
demo_session_08,11,1786094282.66163,move,226,319,.!frame.!entry
demo_session_08,11,1786094282.7116299,move,224,321,.!frame.!entry
demo_session_08,11,1786094282.7616298,move,229,322,.!frame.!entry
demo_session_08,11,1786094282.8116298,move,230,334,.!frame.!entry
demo_session_08,11,1786094282.8616297,move,228,330,.!frame.!entry
demo_session_08,11,1786094282.9116297,move,232,330,.!frame.!entry
demo_session_08,11,1786094282.9616296,move,236,320,.!frame.!entry
demo_session_08,11,1786094283.0116296,move,227,322,.!frame.!entry
demo_session_08,11,1786094283.0616295,move,241,326,.!frame.!entry
demo_session_08,11,1786094283.1116295,move,237,315,.!frame.!entry
demo_session_08,11,1786094283.1616294,move,242,329,.!frame.!entry
demo_session_08,11,1786094283.2116294,move,242,324,.!frame.!entry
demo_session_08,11,1786094283.2616293,move,256,318,.!frame.!entry
demo_session_08,11,1786094283.3116293,move,251,321,.!frame.!entry
demo_session_08,11,1786094283.3616292,move,251,318,.!frame.!entry
demo_session_08,11,1786094283.4116292,move,247,311,.!frame.!entry
demo_session_08,11,1786094283.4616292,move,251,329,.!frame.!entry
demo_session_08,11,1786094283.511629,move,258,322,.!frame.!entry
demo_session_08,11,1786094283.561629,move,262,328,.!frame.!entry
demo_session_08,11,1786094283.611629,move,266,324,.!frame.!entry
demo_session_08,11,1786094283.661629,move,261,316,.!frame.!entry
demo_session_08,11,1786094283.711629,move,270,324,.!frame.!entry
demo_session_08,11,1786094283.7616289,move,269,333,.!frame.!entry
demo_session_08,11,1786094283.8116288,move,267,315,.!frame.!entry
demo_session_08,11,1786094283.8616288,move,276,321,.!frame.!entry
demo_session_08,11,1786094283.9116287,move,281,326,.!frame.!entry
demo_session_08,11,1786094283.9616287,move,275,317,.!frame.!entry
demo_session_08,11,1786094284.0116286,move,276,325,.!frame.!entry
demo_session_08,11,1786094284.0616286,move,283,323,.!frame.!entry
demo_session_08,11,1786094284.1116285,move,281,331,.!frame.!entry
demo_session_08,11,1786094284.1616285,move,290,326,.!frame.!entry
demo_session_08,11,1786094284.2116284,move,289,321,.!frame.!entry
demo_session_08,11,1786094284.2616284,move,284,334,.!frame.!entry
demo_session_08,11,1786094284.3116283,move,288,320,.!frame.!entry
demo_session_08,11,1786094284.3616283,move,283,323,.!frame.!entry
demo_session_08,11,1786094284.4116282,move,296,325,.!frame.!entry
demo_session_08,11,1786094284.4616282,move,294,318,.!frame.!entry
demo_session_08,11,1786094284.5116282,move,295,312,.!frame.!button
demo_session_08,11,1786094284.561628,move,297,315,.!frame.!button
demo_session_08,11,1786094284.611628,move,305,318,.!frame.!button
demo_session_08,11,1786094284.661628,move,303,322,.!frame.!button
demo_session_08,11,1786094284.711628,move,305,321,.!frame.!button
demo_session_08,11,1786094284.761628,move,310,318,.!frame.!button
demo_session_08,11,1786094284.8116279,move,307,319,.!frame.!button
demo_session_08,11,1786094284.8616278,move,314,314,.!frame.!button
demo_session_08,11,1786094284.9116278,move,318,323,.!frame.!button
demo_session_08,11,1786094284.9616277,move,317,319,.!frame.!button
demo_session_08,11,1786094285.0116277,move,324,323,.!frame.!button
demo_session_08,11,1786094285.0616276,move,323,320,.!frame.!button
demo_session_08,11,1786094285.1116276,move,318,321,.!frame.!button
demo_session_08,11,1786094285.1616275,move,324,312,.!frame.!button
demo_session_08,11,1786094285.2116275,move,334,312,.!frame.!button
demo_session_08,11,1786094285.2616274,move,328,323,.!frame.!button
demo_session_08,11,1786094285.3116274,move,328,324,.!frame.!button
demo_session_08,11,1786094285.3616273,move,335,321,.!frame.!button
demo_session_08,11,1786094285.4116273,move,336,325,.!frame.!button
demo_session_08,11,1786094285.4616272,move,340,324,.!frame.!button
demo_session_08,11,1786094285.5116272,move,336,328,.!frame.!button
demo_session_08,11,1786094285.5616271,move,342,331,.!frame.!button
demo_session_08,11,1786094285.611627,move,346,321,.!frame.!button
demo_session_08,11,1786094285.661627,move,352,323,.!frame.!button
demo_session_08,11,1786094285.711627,move,349,324,.!frame.!button
demo_session_08,11,1786094285.761627,move,358,318,.!frame.!button
demo_session_08,11,1786094285.85387,click,348,318,.!frame.!button
demo_session_08,12,1786094285.85387,move,444,385,.!frame.!entry
demo_session_08,12,1786094285.9038699,move,454,389,.!frame.!entry
demo_session_08,12,1786094285.9538698,move,446,372,.!frame.!entry
demo_session_08,12,1786094286.0038698,move,443,377,.!frame.!entry
demo_session_08,12,1786094286.0538697,move,448,382,.!frame.!entry
demo_session_08,12,1786094286.1038697,move,438,383,.!frame.!entry
demo_session_08,12,1786094286.1538696,move,450,379,.!frame.!entry
demo_session_08,12,1786094286.2038696,move,443,376,.!frame.!entry
demo_session_08,12,1786094286.2538695,move,441,388,.!frame.!entry
demo_session_08,12,1786094286.3038695,move,450,375,.!frame.!entry
demo_session_08,12,1786094286.3538694,move,440,378,.!frame.!entry
demo_session_08,12,1786094286.4038694,move,436,379,.!frame.!entry
demo_session_08,12,1786094286.4538693,move,431,382,.!frame.!entry
demo_session_08,12,1786094286.5038693,move,432,373,.!frame.!entry
demo_session_08,12,1786094286.5538692,move,441,380,.!frame.!entry
demo_session_08,12,1786094286.6038692,move,431,377,.!frame.!entry
demo_session_08,12,1786094286.6538692,move,441,372,.!frame.!entry
demo_session_08,12,1786094286.703869,move,433,381,.!frame.!entry
demo_session_08,12,1786094286.753869,move,442,376,.!frame.!entry
demo_session_08,12,1786094286.803869,move,419,381,.!frame.!entry
demo_session_08,12,1786094286.853869,move,440,369,.!frame.!entry
demo_session_08,12,1786094286.903869,move,428,368,.!frame.!entry
demo_session_08,12,1786094286.9538689,move,428,363,.!frame.!entry
demo_session_08,12,1786094287.0038688,move,432,372,.!frame.!entry
demo_session_08,12,1786094287.0538688,move,416,372,.!frame.!entry
demo_session_08,12,1786094287.1038687,move,413,361,.!frame.!entry
demo_session_08,12,1786094287.1538687,move,429,371,.!frame.!entry
demo_session_08,12,1786094287.2038686,move,426,358,.!frame.!entry
demo_session_08,12,1786094287.2538686,move,417,371,.!frame.!entry
demo_session_08,12,1786094287.3038685,move,422,377,.!frame.!entry
demo_session_08,12,1786094287.3538685,move,419,356,.!frame.!entry
demo_session_08,12,1786094287.4038684,move,426,358,.!frame.!entry
demo_session_08,12,1786094287.4538684,move,422,352,.!frame.!entry
demo_session_08,12,1786094287.5038683,move,408,360,.!frame.!entry
demo_session_08,12,1786094287.5538683,move,427,363,.!frame.!entry
demo_session_08,12,1786094287.6038682,move,423,352,.!frame.!entry
demo_session_08,12,1786094287.6538682,move,409,357,.!frame.!entry
demo_session_08,12,1786094287.7038682,move,416,347,.!frame.!entry
demo_session_08,12,1786094287.753868,move,392,371,.!frame.!entry
demo_session_08,12,1786094287.803868,move,412,353,.!frame.!entry
demo_session_08,12,1786094287.853868,move,420,356,.!frame.!entry
demo_session_08,12,1786094287.903868,move,408,351,.!frame.!entry
demo_session_08,12,1786094287.953868,move,402,348,.!frame.!entry
demo_session_08,12,1786094288.0038679,move,402,355,.!frame.!entry
demo_session_08,12,1786094288.0538678,move,400,354,.!frame.!entry
demo_session_08,12,1786094288.1038678,move,397,355,.!frame.!entry
demo_session_08,12,1786094288.1538677,move,396,350,.!frame.!entry
demo_session_08,12,1786094288.2038677,move,394,345,.!frame.!entry
demo_session_08,12,1786094288.2538676,move,392,354,.!frame.!entry
demo_session_08,12,1786094288.3038676,move,392,348,.!frame.!entry
demo_session_08,12,1786094288.3538675,move,393,342,.!frame.!entry
demo_session_08,12,1786094288.4038675,move,395,349,.!frame.!entry
demo_session_08,12,1786094288.4538674,move,399,336,.!frame.!entry
demo_session_08,12,1786094288.5038674,move,390,339,.!frame.!entry
demo_session_08,12,1786094288.5538673,move,389,359,.!frame.!entry
demo_session_08,12,1786094288.6038673,move,395,343,.!frame.!entry
demo_session_08,12,1786094288.6538672,move,384,344,.!frame.!entry
demo_session_08,12,1786094288.7038672,move,390,351,.!frame.!entry
demo_session_08,12,1786094288.7538671,move,380,334,.!frame.!entry
demo_session_08,12,1786094288.803867,move,388,336,.!frame.!entry
demo_session_08,12,1786094288.853867,move,388,341,.!frame.!entry
demo_session_08,12,1786094288.903867,move,394,331,.!frame.!entry
demo_session_08,12,1786094288.953867,move,371,334,.!frame.!entry
demo_session_08,12,1786094289.003867,move,381,343,.!frame.!button
demo_session_08,12,1786094289.0538669,move,377,333,.!frame.!button
demo_session_08,12,1786094289.1038668,move,375,335,.!frame.!button
demo_session_08,12,1786094289.1538668,move,382,331,.!frame.!button
demo_session_08,12,1786094289.2038667,move,382,336,.!frame.!button
demo_session_08,12,1786094289.2538667,move,366,339,.!frame.!button
demo_session_08,12,1786094289.3038666,move,378,337,.!frame.!button
demo_session_08,12,1786094289.3538666,move,375,332,.!frame.!button
demo_session_08,12,1786094289.4038665,move,370,334,.!frame.!button
demo_session_08,12,1786094289.4538665,move,378,338,.!frame.!button
demo_session_08,12,1786094289.5038664,move,371,335,.!frame.!button
demo_session_08,12,1786094289.5538664,move,359,330,.!frame.!button
demo_session_08,12,1786094289.6038663,move,361,335,.!frame.!button
demo_session_08,12,1786094289.6538663,move,370,334,.!frame.!button
demo_session_08,12,1786094289.7038662,move,373,322,.!frame.!button
demo_session_08,12,1786094289.7538662,move,358,327,.!frame.!button
demo_session_08,12,1786094289.8038661,move,351,325,.!frame.!button
demo_session_08,12,1786094289.853866,move,362,327,.!frame.!button
demo_session_08,12,1786094289.903866,move,362,332,.!frame.!button
demo_session_08,12,1786094289.953866,move,347,327,.!frame.!button
demo_session_08,12,1786094290.003866,move,371,331,.!frame.!button
demo_session_08,12,1786094290.053866,move,359,319,.!frame.!button
demo_session_08,12,1786094290.1038659,move,346,315,.!frame.!button
demo_session_08,12,1786094290.1538658,move,363,325,.!frame.!button
demo_session_08,12,1786094290.2038658,move,358,315,.!frame.!button
demo_session_08,12,1786094290.2538657,move,347,320,.!frame.!button
demo_session_08,12,1786094290.3038657,move,353,320,.!frame.!button
demo_session_08,12,1786094290.3929563,click,353,323,.!frame.!button
demo_session_08,13,1786094290.3929563,move,261,118,.!frame.!entry
demo_session_08,13,1786094290.4429562,move,256,122,.!frame.!entry
demo_session_08,13,1786094290.4929562,move,267,128,.!frame.!entry
demo_session_08,13,1786094290.542956,move,267,135,.!frame.!entry
demo_session_08,13,1786094290.592956,move,254,126,.!frame.!entry
demo_session_08,13,1786094290.642956,move,266,133,.!frame.!entry
demo_session_08,13,1786094290.692956,move,268,138,.!frame.!entry
demo_session_08,13,1786094290.742956,move,269,136,.!frame.!entry
demo_session_08,13,1786094290.7929559,move,266,139,.!frame.!entry
demo_session_08,13,1786094290.8429558,move,266,136,.!frame.!entry
demo_session_08,13,1786094290.8929558,move,263,142,.!frame.!entry
demo_session_08,13,1786094290.9429557,move,262,144,.!frame.!entry
demo_session_08,13,1786094290.9929557,move,271,135,.!frame.!entry
demo_session_08,13,1786094291.0429556,move,271,157,.!frame.!entry
demo_session_08,13,1786094291.0929556,move,271,142,.!frame.!entry
demo_session_08,13,1786094291.1429555,move,278,147,.!frame.!entry
demo_session_08,13,1786094291.1929555,move,270,145,.!frame.!entry
demo_session_08,13,1786094291.2429554,move,274,157,.!frame.!entry
demo_session_08,13,1786094291.2929554,move,274,156,.!frame.!entry
demo_session_08,13,1786094291.3429554,move,274,157,.!frame.!entry
demo_session_08,13,1786094291.3929553,move,282,155,.!frame.!entry
demo_session_08,13,1786094291.4429553,move,267,171,.!frame.!entry
demo_session_08,13,1786094291.4929552,move,280,162,.!frame.!entry
demo_session_08,13,1786094291.5429552,move,275,152,.!frame.!entry
demo_session_08,13,1786094291.592955,move,273,165,.!frame.!entry
demo_session_08,13,1786094291.642955,move,286,174,.!frame.!entry
demo_session_08,13,1786094291.692955,move,283,163,.!frame.!entry
demo_session_08,13,1786094291.742955,move,286,168,.!frame.!entry
demo_session_08,13,1786094291.792955,move,285,182,.!frame.!entry
demo_session_08,13,1786094291.8429549,move,285,175,.!frame.!entry
demo_session_08,13,1786094291.8929548,move,276,179,.!frame.!entry
demo_session_08,13,1786094291.9429548,move,277,187,.!frame.!entry
demo_session_08,13,1786094291.9929547,move,286,183,.!frame.!entry
demo_session_08,13,1786094292.0429547,move,284,184,.!frame.!entry
demo_session_08,13,1786094292.0929546,move,287,181,.!frame.!entry
demo_session_08,13,1786094292.1429546,move,295,188,.!frame.!entry
demo_session_08,13,1786094292.1929545,move,282,193,.!frame.!entry
demo_session_08,13,1786094292.2429545,move,282,184,.!frame.!entry
demo_session_08,13,1786094292.2929544,move,294,194,.!frame.!entry
demo_session_08,13,1786094292.3429544,move,310,198,.!frame.!entry
demo_session_08,13,1786094292.3929543,move,287,210,.!frame.!entry
demo_session_08,13,1786094292.4429543,move,287,192,.!frame.!entry
demo_session_08,13,1786094292.4929543,move,296,198,.!frame.!entry
demo_session_08,13,1786094292.5429542,move,291,201,.!frame.!entry
demo_session_08,13,1786094292.5929542,move,287,209,.!frame.!entry
demo_session_08,13,1786094292.642954,move,291,207,.!frame.!entry
demo_session_08,13,1786094292.692954,move,297,207,.!frame.!entry
demo_session_08,13,1786094292.742954,move,291,209,.!frame.!entry
demo_session_08,13,1786094292.792954,move,292,211,.!frame.!entry
demo_session_08,13,1786094292.842954,move,301,214,.!frame.!entry
demo_session_08,13,1786094292.8929539,move,299,206,.!frame.!entry
demo_session_08,13,1786094292.9429538,move,298,220,.!frame.!entry
demo_session_08,13,1786094292.9929538,move,298,222,.!frame.!entry
demo_session_08,13,1786094293.0429537,move,301,220,.!frame.!entry
demo_session_08,13,1786094293.0929537,move,301,224,.!frame.!entry
demo_session_08,13,1786094293.1429536,move,315,218,.!frame.!entry
demo_session_08,13,1786094293.1929536,move,306,233,.!frame.!entry
demo_session_08,13,1786094293.2429535,move,310,225,.!frame.!entry
demo_session_08,13,1786094293.2929535,move,309,238,.!frame.!entry
demo_session_08,13,1786094293.3429534,move,313,230,.!frame.!entry
demo_session_08,13,1786094293.3929534,move,307,236,.!frame.!entry
demo_session_08,13,1786094293.4429533,move,324,239,.!frame.!entry
demo_session_08,13,1786094293.4929533,move,309,238,.!frame.!entry
demo_session_08,13,1786094293.5429533,move,308,241,.!frame.!entry
demo_session_08,13,1786094293.5929532,move,316,238,.!frame.!entry
demo_session_08,13,1786094293.6429532,move,315,249,.!frame.!entry
demo_session_08,13,1786094293.692953,move,318,258,.!frame.!entry
demo_session_08,13,1786094293.742953,move,314,256,.!frame.!entry
demo_session_08,13,1786094293.792953,move,314,246,.!frame.!entry
demo_session_08,13,1786094293.842953,move,320,258,.!frame.!entry
demo_session_08,13,1786094293.892953,move,327,250,.!frame.!entry
demo_session_08,13,1786094293.9429529,move,315,254,.!frame.!entry
demo_session_08,13,1786094293.9929528,move,320,257,.!frame.!entry
demo_session_08,13,1786094294.0429528,move,321,264,.!frame.!entry
demo_session_08,13,1786094294.0929527,move,330,261,.!frame.!button
demo_session_08,13,1786094294.1429527,move,321,256,.!frame.!button
demo_session_08,13,1786094294.1929526,move,336,264,.!frame.!button
demo_session_08,13,1786094294.2429526,move,328,263,.!frame.!button
demo_session_08,13,1786094294.2929525,move,326,259,.!frame.!button
demo_session_08,13,1786094294.3429525,move,327,266,.!frame.!button
demo_session_08,13,1786094294.3929524,move,329,275,.!frame.!button
demo_session_08,13,1786094294.4429524,move,330,265,.!frame.!button
demo_session_08,13,1786094294.4929523,move,325,270,.!frame.!button
demo_session_08,13,1786094294.5429523,move,333,274,.!frame.!button
demo_session_08,13,1786094294.5929523,move,330,278,.!frame.!button
demo_session_08,13,1786094294.6429522,move,339,295,.!frame.!button
demo_session_08,13,1786094294.6929522,move,331,285,.!frame.!button
demo_session_08,13,1786094294.742952,move,332,286,.!frame.!button
demo_session_08,13,1786094294.792952,move,338,289,.!frame.!button
demo_session_08,13,1786094294.842952,move,337,297,.!frame.!button
demo_session_08,13,1786094294.892952,move,337,298,.!frame.!button
demo_session_08,13,1786094294.942952,move,338,298,.!frame.!button
demo_session_08,13,1786094294.9929519,move,336,305,.!frame.!button
demo_session_08,13,1786094295.0429518,move,340,296,.!frame.!button
demo_session_08,13,1786094295.0929518,move,333,301,.!frame.!button
demo_session_08,13,1786094295.1429517,move,344,294,.!frame.!button
demo_session_08,13,1786094295.1929517,move,342,304,.!frame.!button
demo_session_08,13,1786094295.2429516,move,350,305,.!frame.!button
demo_session_08,13,1786094295.2929516,move,344,309,.!frame.!button
demo_session_08,13,1786094295.3429515,move,350,312,.!frame.!button
demo_session_08,13,1786094295.3929515,move,347,310,.!frame.!button
demo_session_08,13,1786094295.4429514,move,339,315,.!frame.!button
demo_session_08,13,1786094295.4929514,move,342,320,.!frame.!button
demo_session_08,13,1786094295.5429513,move,352,313,.!frame.!button
demo_session_08,13,1786094295.5929513,move,342,316,.!frame.!button
demo_session_08,13,1786094295.6429513,move,356,318,.!frame.!button
demo_session_08,13,1786094295.6998034,click,348,318,.!frame.!button
demo_session_08,14,1786094295.6998034,move,430,138,.!frame.!entry
demo_session_08,14,1786094295.7498033,move,436,139,.!frame.!entry
demo_session_08,14,1786094295.7998033,move,427,134,.!frame.!entry
demo_session_08,14,1786094295.8498032,move,435,151,.!frame.!entry
demo_session_08,14,1786094295.8998032,move,427,157,.!frame.!entry
demo_session_08,14,1786094295.949803,move,427,153,.!frame.!entry
demo_session_08,14,1786094295.999803,move,432,157,.!frame.!entry
demo_session_08,14,1786094296.049803,move,423,156,.!frame.!entry
demo_session_08,14,1786094296.099803,move,437,150,.!frame.!entry
demo_session_08,14,1786094296.149803,move,419,166,.!frame.!entry
demo_session_08,14,1786094296.1998029,move,432,168,.!frame.!entry
demo_session_08,14,1786094296.2498028,move,431,164,.!frame.!entry
demo_session_08,14,1786094296.2998028,move,422,175,.!frame.!entry
demo_session_08,14,1786094296.3498027,move,424,176,.!frame.!entry
demo_session_08,14,1786094296.3998027,move,438,168,.!frame.!entry
demo_session_08,14,1786094296.4498026,move,425,177,.!frame.!entry
demo_session_08,14,1786094296.4998026,move,423,177,.!frame.!entry
demo_session_08,14,1786094296.5498025,move,413,180,.!frame.!entry
demo_session_08,14,1786094296.5998025,move,435,173,.!frame.!entry
demo_session_08,14,1786094296.6498024,move,417,190,.!frame.!entry
demo_session_08,14,1786094296.6998024,move,430,177,.!frame.!entry
demo_session_08,14,1786094296.7498024,move,436,179,.!frame.!entry
demo_session_08,14,1786094296.7998023,move,415,187,.!frame.!entry
demo_session_08,14,1786094296.8498023,move,398,193,.!frame.!entry
demo_session_08,14,1786094296.8998022,move,413,197,.!frame.!entry
demo_session_08,14,1786094296.9498022,move,399,190,.!frame.!entry
demo_session_08,14,1786094296.999802,move,411,193,.!frame.!entry
demo_session_08,14,1786094297.049802,move,401,194,.!frame.!entry
demo_session_08,14,1786094297.099802,move,409,187,.!frame.!entry
demo_session_08,14,1786094297.149802,move,405,201,.!frame.!entry
demo_session_08,14,1786094297.199802,move,400,210,.!frame.!entry
demo_session_08,14,1786094297.2498019,move,401,202,.!frame.!entry
demo_session_08,14,1786094297.2998018,move,401,200,.!frame.!entry
demo_session_08,14,1786094297.3498018,move,400,208,.!frame.!entry
demo_session_08,14,1786094297.3998017,move,403,214,.!frame.!entry
demo_session_08,14,1786094297.4498017,move,401,217,.!frame.!entry
demo_session_08,14,1786094297.4998016,move,413,211,.!frame.!entry
demo_session_08,14,1786094297.5498016,move,395,208,.!frame.!entry
demo_session_08,14,1786094297.5998015,move,386,216,.!frame.!entry
demo_session_08,14,1786094297.6498015,move,401,224,.!frame.!entry
demo_session_08,14,1786094297.6998014,move,383,217,.!frame.!entry
demo_session_08,14,1786094297.7498014,move,395,232,.!frame.!entry
demo_session_08,14,1786094297.7998013,move,399,223,.!frame.!entry
demo_session_08,14,1786094297.8498013,move,381,237,.!frame.!entry
demo_session_08,14,1786094297.8998013,move,393,229,.!frame.!entry
demo_session_08,14,1786094297.9498012,move,382,240,.!frame.!entry
demo_session_08,14,1786094297.9998012,move,399,241,.!frame.!entry
demo_session_08,14,1786094298.049801,move,386,232,.!frame.!entry
demo_session_08,14,1786094298.099801,move,402,235,.!frame.!entry
demo_session_08,14,1786094298.149801,move,387,243,.!frame.!entry
demo_session_08,14,1786094298.199801,move,392,254,.!frame.!entry
demo_session_08,14,1786094298.249801,move,390,250,.!frame.!entry
demo_session_08,14,1786094298.2998009,move,378,240,.!frame.!entry
demo_session_08,14,1786094298.3498008,move,378,250,.!frame.!entry
demo_session_08,14,1786094298.3998008,move,368,252,.!frame.!entry
demo_session_08,14,1786094298.4498007,move,373,252,.!frame.!entry
demo_session_08,14,1786094298.4998007,move,381,255,.!frame.!entry
demo_session_08,14,1786094298.5498006,move,376,267,.!frame.!entry
demo_session_08,14,1786094298.5998006,move,381,260,.!frame.!entry
demo_session_08,14,1786094298.6498005,move,382,257,.!frame.!entry
demo_session_08,14,1786094298.6998005,move,373,261,.!frame.!entry
demo_session_08,14,1786094298.7498004,move,378,280,.!frame.!button
demo_session_08,14,1786094298.7998004,move,374,286,.!frame.!button
demo_session_08,14,1786094298.8498003,move,378,272,.!frame.!button
demo_session_08,14,1786094298.8998003,move,379,268,.!frame.!button
demo_session_08,14,1786094298.9498003,move,364,284,.!frame.!button
demo_session_08,14,1786094298.9998002,move,367,283,.!frame.!button
demo_session_08,14,1786094299.0498002,move,361,281,.!frame.!button
demo_session_08,14,1786094299.0998,move,364,275,.!frame.!button
demo_session_08,14,1786094299.1498,move,368,293,.!frame.!button
demo_session_08,14,1786094299.1998,move,367,282,.!frame.!button
demo_session_08,14,1786094299.2498,move,365,286,.!frame.!button
demo_session_08,14,1786094299.2998,move,366,286,.!frame.!button
demo_session_08,14,1786094299.3497999,move,352,291,.!frame.!button
demo_session_08,14,1786094299.3997998,move,359,294,.!frame.!button
demo_session_08,14,1786094299.4497998,move,366,307,.!frame.!button
demo_session_08,14,1786094299.4997997,move,355,291,.!frame.!button
demo_session_08,14,1786094299.5497997,move,366,294,.!frame.!button
demo_session_08,14,1786094299.5997996,move,355,295,.!frame.!button
demo_session_08,14,1786094299.6497996,move,349,293,.!frame.!button
demo_session_08,14,1786094299.6997995,move,357,302,.!frame.!button
demo_session_08,14,1786094299.7497995,move,350,314,.!frame.!button
demo_session_08,14,1786094299.7997994,move,355,314,.!frame.!button
demo_session_08,14,1786094299.8497994,move,349,309,.!frame.!button
demo_session_08,14,1786094299.8997993,move,353,313,.!frame.!button
demo_session_08,14,1786094299.9497993,move,359,317,.!frame.!button
demo_session_08,14,1786094299.9997993,move,358,318,.!frame.!button
demo_session_08,14,1786094300.0787714,click,348,318,.!frame.!button
demo_session_08,15,1786094300.0787714,move,487,278,.!frame.!entry
demo_session_08,15,1786094300.1287713,move,481,277,.!frame.!entry
demo_session_08,15,1786094300.1787713,move,491,291,.!frame.!entry
demo_session_08,15,1786094300.2287712,move,488,286,.!frame.!entry
demo_session_08,15,1786094300.2787712,move,475,293,.!frame.!entry
demo_session_08,15,1786094300.328771,move,481,289,.!frame.!entry
demo_session_08,15,1786094300.378771,move,463,299,.!frame.!entry
demo_session_08,15,1786094300.428771,move,471,280,.!frame.!entry
demo_session_08,15,1786094300.478771,move,461,279,.!frame.!entry
demo_session_08,15,1786094300.528771,move,474,292,.!frame.!entry
demo_session_08,15,1786094300.5787709,move,472,297,.!frame.!entry
demo_session_08,15,1786094300.6287708,move,478,290,.!frame.!entry
demo_session_08,15,1786094300.6787708,move,475,298,.!frame.!entry
demo_session_08,15,1786094300.7287707,move,468,306,.!frame.!entry
demo_session_08,15,1786094300.7787707,move,466,285,.!frame.!entry
demo_session_08,15,1786094300.8287706,move,462,282,.!frame.!entry
demo_session_08,15,1786094300.8787706,move,465,296,.!frame.!entry
demo_session_08,15,1786094300.9287705,move,458,288,.!frame.!entry
demo_session_08,15,1786094300.9787705,move,467,294,.!frame.!entry
demo_session_08,15,1786094301.0287704,move,459,284,.!frame.!entry
demo_session_08,15,1786094301.0787704,move,454,293,.!frame.!entry
demo_session_08,15,1786094301.1287704,move,450,290,.!frame.!entry
demo_session_08,15,1786094301.1787703,move,458,295,.!frame.!entry
demo_session_08,15,1786094301.2287703,move,447,285,.!frame.!entry
demo_session_08,15,1786094301.2787702,move,447,305,.!frame.!entry
demo_session_08,15,1786094301.3287702,move,456,287,.!frame.!entry
demo_session_08,15,1786094301.37877,move,442,292,.!frame.!entry
demo_session_08,15,1786094301.42877,move,439,286,.!frame.!entry
demo_session_08,15,1786094301.47877,move,444,301,.!frame.!entry
demo_session_08,15,1786094301.52877,move,437,287,.!frame.!entry
demo_session_08,15,1786094301.57877,move,448,293,.!frame.!entry
demo_session_08,15,1786094301.6287699,move,437,301,.!frame.!entry
demo_session_08,15,1786094301.6787698,move,449,292,.!frame.!entry
demo_session_08,15,1786094301.7287698,move,443,294,.!frame.!entry
demo_session_08,15,1786094301.7787697,move,429,306,.!frame.!entry
demo_session_08,15,1786094301.8287697,move,435,301,.!frame.!entry
demo_session_08,15,1786094301.8787696,move,433,310,.!frame.!entry
demo_session_08,15,1786094301.9287696,move,420,304,.!frame.!entry
demo_session_08,15,1786094301.9787695,move,422,294,.!frame.!entry
demo_session_08,15,1786094302.0287695,move,435,299,.!frame.!entry
demo_session_08,15,1786094302.0787694,move,426,308,.!frame.!entry
demo_session_08,15,1786094302.1287694,move,421,317,.!frame.!entry
demo_session_08,15,1786094302.1787694,move,428,290,.!frame.!entry
demo_session_08,15,1786094302.2287693,move,419,298,.!frame.!entry
demo_session_08,15,1786094302.2787693,move,416,315,.!frame.!entry
demo_session_08,15,1786094302.3287692,move,419,290,.!frame.!entry
demo_session_08,15,1786094302.3787692,move,421,306,.!frame.!entry
demo_session_08,15,1786094302.428769,move,411,295,.!frame.!entry
demo_session_08,15,1786094302.478769,move,413,309,.!frame.!entry
demo_session_08,15,1786094302.528769,move,413,303,.!frame.!entry
demo_session_08,15,1786094302.578769,move,416,298,.!frame.!entry
demo_session_08,15,1786094302.628769,move,410,293,.!frame.!entry
demo_session_08,15,1786094302.6787689,move,393,313,.!frame.!entry
demo_session_08,15,1786094302.7287688,move,403,300,.!frame.!entry
demo_session_08,15,1786094302.7787688,move,413,315,.!frame.!entry
demo_session_08,15,1786094302.8287687,move,412,312,.!frame.!entry
demo_session_08,15,1786094302.8787687,move,399,303,.!frame.!entry
demo_session_08,15,1786094302.9287686,move,402,312,.!frame.!entry
demo_session_08,15,1786094302.9787686,move,399,314,.!frame.!entry
demo_session_08,15,1786094303.0287685,move,404,306,.!frame.!entry
demo_session_08,15,1786094303.0787685,move,392,304,.!frame.!entry
demo_session_08,15,1786094303.1287684,move,398,311,.!frame.!entry
demo_session_08,15,1786094303.1787684,move,389,324,.!frame.!entry
demo_session_08,15,1786094303.2287683,move,380,302,.!frame.!entry
demo_session_08,15,1786094303.2787683,move,382,311,.!frame.!entry
demo_session_08,15,1786094303.3287683,move,388,329,.!frame.!entry
demo_session_08,15,1786094303.3787682,move,373,308,.!frame.!button
demo_session_08,15,1786094303.4287682,move,377,314,.!frame.!button
demo_session_08,15,1786094303.478768,move,379,314,.!frame.!button
demo_session_08,15,1786094303.528768,move,390,315,.!frame.!button
demo_session_08,15,1786094303.578768,move,373,312,.!frame.!button
demo_session_08,15,1786094303.628768,move,388,319,.!frame.!button
demo_session_08,15,1786094303.678768,move,370,313,.!frame.!button
demo_session_08,15,1786094303.7287679,move,381,317,.!frame.!button
demo_session_08,15,1786094303.7787678,move,375,314,.!frame.!button
demo_session_08,15,1786094303.8287678,move,376,326,.!frame.!button
demo_session_08,15,1786094303.8787677,move,381,330,.!frame.!button
demo_session_08,15,1786094303.9287677,move,367,319,.!frame.!button
demo_session_08,15,1786094303.9787676,move,365,314,.!frame.!button
demo_session_08,15,1786094304.0287676,move,369,322,.!frame.!button
demo_session_08,15,1786094304.0787675,move,366,311,.!frame.!button
demo_session_08,15,1786094304.1287675,move,354,321,.!frame.!button
demo_session_08,15,1786094304.1787674,move,356,309,.!frame.!button
demo_session_08,15,1786094304.2287674,move,358,309,.!frame.!button
demo_session_08,15,1786094304.2787673,move,373,317,.!frame.!button
demo_session_08,15,1786094304.3287673,move,368,320,.!frame.!button
demo_session_08,15,1786094304.3787673,move,359,321,.!frame.!button
demo_session_08,15,1786094304.4287672,move,355,328,.!frame.!button
demo_session_08,15,1786094304.4787672,move,348,316,.!frame.!button
demo_session_08,15,1786094304.528767,move,372,334,.!frame.!button
demo_session_08,15,1786094304.578767,move,342,323,.!frame.!button
demo_session_08,15,1786094304.628767,move,348,328,.!frame.!button
demo_session_08,15,1786094304.678767,move,348,320,.!frame.!button
demo_session_08,15,1786094304.728767,move,346,307,.!frame.!button
demo_session_08,15,1786094304.7831776,click,344,314,.!frame.!button
demo_session_08,16,1786094304.7831776,move,434,300,.!frame.!entry
demo_session_08,16,1786094304.8331776,move,425,302,.!frame.!entry
demo_session_08,16,1786094304.8831775,move,416,301,.!frame.!entry
demo_session_08,16,1786094304.9331775,move,418,286,.!frame.!entry
demo_session_08,16,1786094304.9831774,move,418,292,.!frame.!entry
demo_session_08,16,1786094305.0331774,move,426,288,.!frame.!entry
demo_session_08,16,1786094305.0831773,move,425,289,.!frame.!entry
demo_session_08,16,1786094305.1331773,move,430,304,.!frame.!entry
demo_session_08,16,1786094305.1831772,move,425,289,.!frame.!entry
demo_session_08,16,1786094305.2331772,move,425,301,.!frame.!entry
demo_session_08,16,1786094305.2831771,move,419,286,.!frame.!entry
demo_session_08,16,1786094305.333177,move,423,304,.!frame.!entry
demo_session_08,16,1786094305.383177,move,412,298,.!frame.!entry
demo_session_08,16,1786094305.433177,move,421,291,.!frame.!entry
demo_session_08,16,1786094305.483177,move,410,291,.!frame.!entry
demo_session_08,16,1786094305.533177,move,410,290,.!frame.!entry
demo_session_08,16,1786094305.5831769,move,414,297,.!frame.!entry
demo_session_08,16,1786094305.6331768,move,408,298,.!frame.!entry
demo_session_08,16,1786094305.6831768,move,404,295,.!frame.!entry
demo_session_08,16,1786094305.7331767,move,403,298,.!frame.!entry
demo_session_08,16,1786094305.7831767,move,405,297,.!frame.!entry
demo_session_08,16,1786094305.8331766,move,401,302,.!frame.!entry
demo_session_08,16,1786094305.8831766,move,392,291,.!frame.!entry
demo_session_08,16,1786094305.9331765,move,396,302,.!frame.!entry
demo_session_08,16,1786094305.9831765,move,405,309,.!frame.!entry
demo_session_08,16,1786094306.0331764,move,400,298,.!frame.!entry
demo_session_08,16,1786094306.0831764,move,402,294,.!frame.!entry
demo_session_08,16,1786094306.1331763,move,400,291,.!frame.!entry
demo_session_08,16,1786094306.1831763,move,393,291,.!frame.!entry
demo_session_08,16,1786094306.2331762,move,392,302,.!frame.!entry
demo_session_08,16,1786094306.2831762,move,399,303,.!frame.!entry
demo_session_08,16,1786094306.3331761,move,401,294,.!frame.!entry
demo_session_08,16,1786094306.383176,move,398,296,.!frame.!entry
demo_session_08,16,1786094306.433176,move,393,307,.!frame.!entry
demo_session_08,16,1786094306.483176,move,380,305,.!frame.!entry
demo_session_08,16,1786094306.533176,move,396,301,.!frame.!entry
demo_session_08,16,1786094306.583176,move,396,304,.!frame.!entry
demo_session_08,16,1786094306.6331758,move,389,307,.!frame.!entry
demo_session_08,16,1786094306.6831758,move,395,319,.!frame.!entry
demo_session_08,16,1786094306.7331758,move,390,311,.!frame.!entry
demo_session_08,16,1786094306.7831757,move,390,310,.!frame.!entry
demo_session_08,16,1786094306.8331757,move,389,307,.!frame.!entry
demo_session_08,16,1786094306.8831756,move,392,305,.!frame.!entry
demo_session_08,16,1786094306.9331756,move,372,309,.!frame.!entry
demo_session_08,16,1786094306.9831755,move,402,304,.!frame.!entry
demo_session_08,16,1786094307.0331755,move,380,311,.!frame.!entry
demo_session_08,16,1786094307.0831754,move,383,309,.!frame.!entry
demo_session_08,16,1786094307.1331754,move,373,303,.!frame.!entry
demo_session_08,16,1786094307.1831753,move,384,310,.!frame.!entry
demo_session_08,16,1786094307.2331753,move,383,304,.!frame.!entry
demo_session_08,16,1786094307.2831752,move,381,308,.!frame.!entry
demo_session_08,16,1786094307.3331752,move,367,311,.!frame.!entry
demo_session_08,16,1786094307.3831751,move,386,308,.!frame.!entry
demo_session_08,16,1786094307.433175,move,376,317,.!frame.!entry
demo_session_08,16,1786094307.483175,move,373,326,.!frame.!entry
demo_session_08,16,1786094307.533175,move,364,313,.!frame.!entry
demo_session_08,16,1786094307.583175,move,375,306,.!frame.!entry
demo_session_08,16,1786094307.633175,move,372,304,.!frame.!button
demo_session_08,16,1786094307.6831748,move,374,299,.!frame.!button
demo_session_08,16,1786094307.7331748,move,368,302,.!frame.!button
demo_session_08,16,1786094307.7831748,move,376,313,.!frame.!button
demo_session_08,16,1786094307.8331747,move,372,324,.!frame.!button
demo_session_08,16,1786094307.8831747,move,371,310,.!frame.!button
demo_session_08,16,1786094307.9331746,move,365,313,.!frame.!button
demo_session_08,16,1786094307.9831746,move,365,305,.!frame.!button
demo_session_08,16,1786094308.0331745,move,367,316,.!frame.!button
demo_session_08,16,1786094308.0831745,move,357,317,.!frame.!button
demo_session_08,16,1786094308.1331744,move,366,321,.!frame.!button
demo_session_08,16,1786094308.1831744,move,366,320,.!frame.!button
demo_session_08,16,1786094308.2331743,move,362,317,.!frame.!button
demo_session_08,16,1786094308.2831743,move,361,313,.!frame.!button
demo_session_08,16,1786094308.3331742,move,361,322,.!frame.!button
demo_session_08,16,1786094308.3831742,move,366,318,.!frame.!button
demo_session_08,16,1786094308.4331741,move,358,324,.!frame.!button
demo_session_08,16,1786094308.483174,move,358,311,.!frame.!button
demo_session_08,16,1786094308.533174,move,355,317,.!frame.!button
demo_session_08,16,1786094308.583174,move,353,309,.!frame.!button
demo_session_08,16,1786094308.633174,move,357,311,.!frame.!button
demo_session_08,16,1786094308.683174,move,352,325,.!frame.!button
demo_session_08,16,1786094308.7331738,move,351,324,.!frame.!button
demo_session_08,16,1786094308.7831738,move,351,325,.!frame.!button
demo_session_08,16,1786094308.8331738,move,348,319,.!frame.!button
demo_session_08,16,1786094308.9313955,click,351,321,.!frame.!button
demo_session_08,17,1786094329.2081747,move,260,334,.!frame.!entry
demo_session_08,17,1786094329.2581747,move,259,330,.!frame.!entry
demo_session_08,17,1786094329.3081746,move,261,331,.!frame.!entry
demo_session_08,17,1786094329.3581746,move,269,329,.!frame.!entry
demo_session_08,17,1786094329.4081745,move,259,332,.!frame.!entry
demo_session_08,17,1786094329.4581745,move,253,337,.!frame.!entry
demo_session_08,17,1786094329.5081744,move,282,330,.!frame.!entry
demo_session_08,17,1786094329.5581744,move,256,333,.!frame.!entry
demo_session_08,17,1786094329.6081743,move,271,330,.!frame.!entry
demo_session_08,17,1786094329.6581743,move,283,330,.!frame.!entry
demo_session_08,17,1786094329.7081742,move,270,330,.!frame.!entry
demo_session_08,17,1786094329.7581742,move,267,323,.!frame.!entry
demo_session_08,17,1786094329.8081741,move,266,332,.!frame.!entry
demo_session_08,17,1786094329.858174,move,281,331,.!frame.!entry
demo_session_08,17,1786094329.908174,move,269,327,.!frame.!entry
demo_session_08,17,1786094329.958174,move,268,337,.!frame.!entry
demo_session_08,17,1786094330.008174,move,282,333,.!frame.!entry
demo_session_08,17,1786094330.058174,move,284,331,.!frame.!entry
demo_session_08,17,1786094330.1081738,move,284,321,.!frame.!entry
demo_session_08,17,1786094330.1581738,move,286,325,.!frame.!entry
demo_session_08,17,1786094330.2081738,move,281,320,.!frame.!entry
demo_session_08,17,1786094330.2581737,move,284,331,.!frame.!entry
demo_session_08,17,1786094330.3081737,move,274,329,.!frame.!entry
demo_session_08,17,1786094330.3581736,move,274,337,.!frame.!entry
demo_session_08,17,1786094330.4081736,move,282,343,.!frame.!entry
demo_session_08,17,1786094330.4581735,move,283,328,.!frame.!entry
demo_session_08,17,1786094330.5081735,move,286,329,.!frame.!entry
demo_session_08,17,1786094330.5581734,move,283,323,.!frame.!entry
demo_session_08,17,1786094330.6081734,move,290,327,.!frame.!entry
demo_session_08,17,1786094330.6581733,move,294,336,.!frame.!entry
demo_session_08,17,1786094330.7081733,move,284,322,.!frame.!entry
demo_session_08,17,1786094330.7581732,move,285,332,.!frame.!entry
demo_session_08,17,1786094330.8081732,move,288,328,.!frame.!entry
demo_session_08,17,1786094330.8581731,move,289,327,.!frame.!entry
demo_session_08,17,1786094330.908173,move,295,327,.!frame.!entry
demo_session_08,17,1786094330.958173,move,307,334,.!frame.!entry
demo_session_08,17,1786094331.008173,move,303,327,.!frame.!entry
demo_session_08,17,1786094331.058173,move,282,331,.!frame.!entry
demo_session_08,17,1786094331.108173,move,304,340,.!frame.!entry
demo_session_08,17,1786094331.1581728,move,294,316,.!frame.!entry
demo_session_08,17,1786094331.2081728,move,285,330,.!frame.!entry
demo_session_08,17,1786094331.2581728,move,294,318,.!frame.!entry
demo_session_08,17,1786094331.3081727,move,312,331,.!frame.!entry
demo_session_08,17,1786094331.3581727,move,290,336,.!frame.!entry
demo_session_08,17,1786094331.4081726,move,305,324,.!frame.!entry
demo_session_08,17,1786094331.4581726,move,294,336,.!frame.!entry
demo_session_08,17,1786094331.5081725,move,298,322,.!frame.!entry
demo_session_08,17,1786094331.5581725,move,297,331,.!frame.!entry
demo_session_08,17,1786094331.6081724,move,305,337,.!frame.!entry
demo_session_08,17,1786094331.6581724,move,314,327,.!frame.!entry
demo_session_08,17,1786094331.7081723,move,304,333,.!frame.!entry
demo_session_08,17,1786094331.7581723,move,307,321,.!frame.!entry
demo_session_08,17,1786094331.8081722,move,310,329,.!frame.!entry
demo_session_08,17,1786094331.8581722,move,304,326,.!frame.!entry
demo_session_08,17,1786094331.9081721,move,308,328,.!frame.!entry
demo_session_08,17,1786094331.958172,move,309,333,.!frame.!entry
demo_session_08,17,1786094332.008172,move,305,323,.!frame.!entry
demo_session_08,17,1786094332.058172,move,306,323,.!frame.!entry
demo_session_08,17,1786094332.108172,move,322,335,.!frame.!entry
demo_session_08,17,1786094332.158172,move,324,331,.!frame.!entry
demo_session_08,17,1786094332.2081718,move,317,331,.!frame.!entry
demo_session_08,17,1786094332.2581718,move,312,334,.!frame.!entry
demo_session_08,17,1786094332.3081717,move,312,324,.!frame.!entry
demo_session_08,17,1786094332.3581717,move,326,323,.!frame.!entry
demo_session_08,17,1786094332.4081717,move,318,324,.!frame.!entry
demo_session_08,17,1786094332.4581716,move,322,330,.!frame.!entry
demo_session_08,17,1786094332.5081716,move,325,320,.!frame.!entry
demo_session_08,17,1786094332.5581715,move,311,315,.!frame.!entry
demo_session_08,17,1786094332.6081715,move,325,316,.!frame.!entry
demo_session_08,17,1786094332.6581714,move,327,325,.!frame.!button
demo_session_08,17,1786094332.7081714,move,319,313,.!frame.!button
demo_session_08,17,1786094332.7581713,move,321,333,.!frame.!button
demo_session_08,17,1786094332.8081713,move,332,327,.!frame.!button
demo_session_08,17,1786094332.8581712,move,341,314,.!frame.!button
demo_session_08,17,1786094332.9081712,move,315,328,.!frame.!button
demo_session_08,17,1786094332.9581711,move,322,331,.!frame.!button
demo_session_08,17,1786094333.008171,move,341,313,.!frame.!button
demo_session_08,17,1786094333.058171,move,331,326,.!frame.!button
demo_session_08,17,1786094333.108171,move,330,314,.!frame.!button
demo_session_08,17,1786094333.158171,move,337,323,.!frame.!button
demo_session_08,17,1786094333.208171,move,337,318,.!frame.!button
demo_session_08,17,1786094333.2581708,move,332,312,.!frame.!button
demo_session_08,17,1786094333.3081708,move,335,312,.!frame.!button
demo_session_08,17,1786094333.3581707,move,339,319,.!frame.!button
demo_session_08,17,1786094333.4081707,move,336,324,.!frame.!button
demo_session_08,17,1786094333.4581707,move,347,330,.!frame.!button
demo_session_08,17,1786094333.5081706,move,345,327,.!frame.!button
demo_session_08,17,1786094333.5581706,move,336,321,.!frame.!button
demo_session_08,17,1786094333.6081705,move,344,312,.!frame.!button
demo_session_08,17,1786094333.6581705,move,334,321,.!frame.!button
demo_session_08,17,1786094333.7081704,move,347,333,.!frame.!button
demo_session_08,17,1786094333.7581704,move,345,308,.!frame.!button
demo_session_08,17,1786094333.8081703,move,340,320,.!frame.!button
demo_session_08,17,1786094333.8581703,move,343,323,.!frame.!button
demo_session_08,17,1786094333.9081702,move,348,314,.!frame.!button
demo_session_08,17,1786094333.9581702,move,344,323,.!frame.!button
demo_session_08,17,1786094334.0081701,move,362,317,.!frame.!button
demo_session_08,17,1786094334.05817,move,346,321,.!frame.!button
demo_session_08,17,1786094334.10817,move,360,329,.!frame.!button
demo_session_08,17,1786094334.1614065,click,358,328,.!frame.!button
demo_session_08,18,1786094349.5969543,move,252,320,.!frame.!entry
demo_session_08,18,1786094349.6469543,move,239,314,.!frame.!entry
demo_session_08,18,1786094349.6969543,move,246,311,.!frame.!entry
demo_session_08,18,1786094349.7469542,move,247,316,.!frame.!entry
demo_session_08,18,1786094349.7969542,move,252,314,.!frame.!entry
demo_session_08,18,1786094349.846954,move,250,312,.!frame.!entry
demo_session_08,18,1786094349.896954,move,251,325,.!frame.!entry
demo_session_08,18,1786094349.946954,move,256,311,.!frame.!entry
demo_session_08,18,1786094349.996954,move,249,315,.!frame.!entry
demo_session_08,18,1786094350.046954,move,247,314,.!frame.!entry
demo_session_08,18,1786094350.0969539,move,251,316,.!frame.!entry
demo_session_08,18,1786094350.1469538,move,251,309,.!frame.!entry
demo_session_08,18,1786094350.1969538,move,264,323,.!frame.!entry
demo_session_08,18,1786094350.2469537,move,274,301,.!frame.!entry
demo_session_08,18,1786094350.2969537,move,261,313,.!frame.!entry
demo_session_08,18,1786094350.3469536,move,252,307,.!frame.!entry
demo_session_08,18,1786094350.3969536,move,275,318,.!frame.!entry
demo_session_08,18,1786094350.4469535,move,262,306,.!frame.!entry
demo_session_08,18,1786094350.4969535,move,265,317,.!frame.!entry
demo_session_08,18,1786094350.5469534,move,258,315,.!frame.!entry
demo_session_08,18,1786094350.5969534,move,275,319,.!frame.!entry
demo_session_08,18,1786094350.6469533,move,270,302,.!frame.!entry
demo_session_08,18,1786094350.6969533,move,275,319,.!frame.!entry
demo_session_08,18,1786094350.7469532,move,263,311,.!frame.!entry
demo_session_08,18,1786094350.7969532,move,273,303,.!frame.!entry
demo_session_08,18,1786094350.8469532,move,276,321,.!frame.!entry
demo_session_08,18,1786094350.896953,move,283,320,.!frame.!entry
demo_session_08,18,1786094350.946953,move,278,318,.!frame.!entry
demo_session_08,18,1786094350.996953,move,292,310,.!frame.!entry
demo_session_08,18,1786094351.046953,move,273,305,.!frame.!entry
demo_session_08,18,1786094351.096953,move,286,306,.!frame.!entry
demo_session_08,18,1786094351.1469529,move,279,310,.!frame.!entry
demo_session_08,18,1786094351.1969528,move,273,304,.!frame.!entry
demo_session_08,18,1786094351.2469528,move,278,314,.!frame.!entry
demo_session_08,18,1786094351.2969527,move,290,324,.!frame.!entry
demo_session_08,18,1786094351.3469527,move,281,311,.!frame.!entry
demo_session_08,18,1786094351.3969526,move,285,313,.!frame.!entry
demo_session_08,18,1786094351.4469526,move,283,307,.!frame.!entry
demo_session_08,18,1786094351.4969525,move,291,322,.!frame.!entry
demo_session_08,18,1786094351.5469525,move,294,315,.!frame.!entry
demo_session_08,18,1786094351.5969524,move,288,307,.!frame.!entry
demo_session_08,18,1786094351.6469524,move,283,319,.!frame.!entry
demo_session_08,18,1786094351.6969523,move,302,313,.!frame.!entry
demo_session_08,18,1786094351.7469523,move,300,317,.!frame.!entry
demo_session_08,18,1786094351.7969522,move,284,325,.!frame.!entry
demo_session_08,18,1786094351.8469522,move,291,310,.!frame.!entry
demo_session_08,18,1786094351.8969522,move,298,313,.!frame.!entry
demo_session_08,18,1786094351.946952,move,306,303,.!frame.!entry
demo_session_08,18,1786094351.996952,move,292,317,.!frame.!entry
demo_session_08,18,1786094352.046952,move,306,307,.!frame.!entry
demo_session_08,18,1786094352.096952,move,318,318,.!frame.!entry
demo_session_08,18,1786094352.146952,move,308,312,.!frame.!entry
demo_session_08,18,1786094352.1969519,move,318,317,.!frame.!entry
demo_session_08,18,1786094352.2469518,move,320,323,.!frame.!entry
demo_session_08,18,1786094352.2969518,move,315,319,.!frame.!entry
demo_session_08,18,1786094352.3469517,move,315,308,.!frame.!entry
demo_session_08,18,1786094352.3969517,move,312,327,.!frame.!entry
demo_session_08,18,1786094352.4469516,move,318,320,.!frame.!entry
demo_session_08,18,1786094352.4969516,move,311,319,.!frame.!entry
demo_session_08,18,1786094352.5469515,move,303,312,.!frame.!entry
demo_session_08,18,1786094352.5969515,move,302,327,.!frame.!entry
demo_session_08,18,1786094352.6469514,move,299,313,.!frame.!entry
demo_session_08,18,1786094352.6969514,move,310,321,.!frame.!entry
demo_session_08,18,1786094352.7469513,move,303,321,.!frame.!entry
demo_session_08,18,1786094352.7969513,move,321,321,.!frame.!entry
demo_session_08,18,1786094352.8469512,move,318,323,.!frame.!entry
demo_session_08,18,1786094352.8969512,move,319,310,.!frame.!button
demo_session_08,18,1786094352.9469512,move,316,325,.!frame.!button
demo_session_08,18,1786094352.996951,move,331,320,.!frame.!button
demo_session_08,18,1786094353.046951,move,325,314,.!frame.!button
demo_session_08,18,1786094353.096951,move,331,314,.!frame.!button
demo_session_08,18,1786094353.146951,move,325,306,.!frame.!button
demo_session_08,18,1786094353.196951,move,328,327,.!frame.!button
demo_session_08,18,1786094353.2469509,move,319,313,.!frame.!button
demo_session_08,18,1786094353.2969508,move,334,316,.!frame.!button
demo_session_08,18,1786094353.3469508,move,332,312,.!frame.!button
demo_session_08,18,1786094353.3969507,move,327,335,.!frame.!button
demo_session_08,18,1786094353.4469507,move,326,306,.!frame.!button
demo_session_08,18,1786094353.4969506,move,343,300,.!frame.!button
demo_session_08,18,1786094353.5469506,move,343,321,.!frame.!button
demo_session_08,18,1786094353.5969505,move,339,319,.!frame.!button
demo_session_08,18,1786094353.6469505,move,333,317,.!frame.!button
demo_session_08,18,1786094353.6969504,move,331,322,.!frame.!button
demo_session_08,18,1786094353.7469504,move,334,319,.!frame.!button
demo_session_08,18,1786094353.7969503,move,344,309,.!frame.!button
demo_session_08,18,1786094353.8469503,move,346,326,.!frame.!button
demo_session_08,18,1786094353.8969502,move,339,316,.!frame.!button
demo_session_08,18,1786094353.9469502,move,336,325,.!frame.!button
demo_session_08,18,1786094353.9969501,move,339,315,.!frame.!button
demo_session_08,18,1786094354.04695,move,357,322,.!frame.!button
demo_session_08,18,1786094354.09695,move,347,323,.!frame.!button
demo_session_08,18,1786094354.14695,move,355,317,.!frame.!button
demo_session_08,18,1786094354.19695,move,355,321,.!frame.!button
demo_session_08,18,1786094354.24695,move,346,332,.!frame.!button
demo_session_08,18,1786094354.2969499,move,356,311,.!frame.!button
demo_session_08,18,1786094354.3584297,click,352,322,.!frame.!button
demo_session_08,19,1786094354.3584297,move,567,310,.!frame.!entry
demo_session_08,19,1786094354.4084296,move,565,305,.!frame.!entry
demo_session_08,19,1786094354.4584296,move,565,311,.!frame.!entry
demo_session_08,19,1786094354.5084295,move,559,316,.!frame.!entry
demo_session_08,19,1786094354.5584295,move,550,313,.!frame.!entry
demo_session_08,19,1786094354.6084294,move,548,314,.!frame.!entry
demo_session_08,19,1786094354.6584294,move,548,317,.!frame.!entry
demo_session_08,19,1786094354.7084293,move,542,310,.!frame.!entry
demo_session_08,19,1786094354.7584293,move,535,313,.!frame.!entry
demo_session_08,19,1786094354.8084292,move,538,316,.!frame.!entry
demo_session_08,19,1786094354.8584292,move,537,316,.!frame.!entry
demo_session_08,19,1786094354.9084291,move,534,314,.!frame.!entry
demo_session_08,19,1786094354.958429,move,529,319,.!frame.!entry
demo_session_08,19,1786094355.008429,move,536,315,.!frame.!entry
demo_session_08,19,1786094355.058429,move,529,311,.!frame.!entry
demo_session_08,19,1786094355.108429,move,525,317,.!frame.!entry
demo_session_08,19,1786094355.158429,move,524,311,.!frame.!entry
demo_session_08,19,1786094355.2084289,move,515,314,.!frame.!entry
demo_session_08,19,1786094355.2584288,move,518,308,.!frame.!entry
demo_session_08,19,1786094355.3084288,move,513,311,.!frame.!entry
demo_session_08,19,1786094355.3584287,move,503,319,.!frame.!entry
demo_session_08,19,1786094355.4084287,move,503,308,.!frame.!entry
demo_session_08,19,1786094355.4584286,move,495,311,.!frame.!entry
demo_session_08,19,1786094355.5084286,move,495,317,.!frame.!entry
demo_session_08,19,1786094355.5584285,move,493,315,.!frame.!entry
demo_session_08,19,1786094355.6084285,move,495,312,.!frame.!entry
demo_session_08,19,1786094355.6584284,move,497,312,.!frame.!entry
demo_session_08,19,1786094355.7084284,move,490,316,.!frame.!entry
demo_session_08,19,1786094355.7584283,move,484,322,.!frame.!entry
demo_session_08,19,1786094355.8084283,move,495,308,.!frame.!entry
demo_session_08,19,1786094355.8584282,move,481,314,.!frame.!entry
demo_session_08,19,1786094355.9084282,move,482,316,.!frame.!entry
demo_session_08,19,1786094355.9584281,move,482,312,.!frame.!entry
demo_session_08,19,1786094356.008428,move,468,321,.!frame.!entry
demo_session_08,19,1786094356.058428,move,473,318,.!frame.!entry
demo_session_08,19,1786094356.108428,move,467,321,.!frame.!entry
demo_session_08,19,1786094356.158428,move,462,312,.!frame.!entry
demo_session_08,19,1786094356.208428,move,465,323,.!frame.!entry
demo_session_08,19,1786094356.2584279,move,459,311,.!frame.!entry
demo_session_08,19,1786094356.3084278,move,442,316,.!frame.!entry
demo_session_08,19,1786094356.3584278,move,449,311,.!frame.!entry
demo_session_08,19,1786094356.4084277,move,452,317,.!frame.!entry
demo_session_08,19,1786094356.4584277,move,450,314,.!frame.!entry
demo_session_08,19,1786094356.5084276,move,444,320,.!frame.!entry
demo_session_08,19,1786094356.5584276,move,439,321,.!frame.!entry
demo_session_08,19,1786094356.6084275,move,442,323,.!frame.!entry
demo_session_08,19,1786094356.6584275,move,439,314,.!frame.!entry
demo_session_08,19,1786094356.7084274,move,421,310,.!frame.!entry
demo_session_08,19,1786094356.7584274,move,431,324,.!frame.!entry
demo_session_08,19,1786094356.8084273,move,432,318,.!frame.!entry
demo_session_08,19,1786094356.8584273,move,421,318,.!frame.!entry
demo_session_08,19,1786094356.9084272,move,411,323,.!frame.!entry
demo_session_08,19,1786094356.9584272,move,412,312,.!frame.!entry
demo_session_08,19,1786094357.0084271,move,406,318,.!frame.!button
demo_session_08,19,1786094357.058427,move,412,318,.!frame.!button
demo_session_08,19,1786094357.108427,move,405,305,.!frame.!button
demo_session_08,19,1786094357.158427,move,407,320,.!frame.!button
demo_session_08,19,1786094357.208427,move,406,327,.!frame.!button
demo_session_08,19,1786094357.258427,move,398,317,.!frame.!button
demo_session_08,19,1786094357.3084269,move,400,320,.!frame.!button
demo_session_08,19,1786094357.3584268,move,386,316,.!frame.!button
demo_session_08,19,1786094357.4084268,move,383,323,.!frame.!button
demo_session_08,19,1786094357.4584267,move,375,319,.!frame.!button
demo_session_08,19,1786094357.5084267,move,384,312,.!frame.!button
demo_session_08,19,1786094357.5584266,move,382,322,.!frame.!button
demo_session_08,19,1786094357.6084266,move,381,313,.!frame.!button
demo_session_08,19,1786094357.6584265,move,367,318,.!frame.!button
demo_session_08,19,1786094357.7084265,move,380,318,.!frame.!button
demo_session_08,19,1786094357.7584264,move,372,310,.!frame.!button
demo_session_08,19,1786094357.8084264,move,366,317,.!frame.!button
demo_session_08,19,1786094357.8584263,move,362,321,.!frame.!button
demo_session_08,19,1786094357.9084263,move,363,322,.!frame.!button
demo_session_08,19,1786094357.9584262,move,359,320,.!frame.!button
demo_session_08,19,1786094358.0084262,move,363,320,.!frame.!button
demo_session_08,19,1786094358.0584261,move,348,325,.!frame.!button
demo_session_08,19,1786094358.108426,move,349,317,.!frame.!button
demo_session_08,19,1786094358.2029967,click,349,319,.!frame.!button
demo_session_08,20,1786094358.2029967,move,350,392,.!frame.!entry
demo_session_08,20,1786094358.2529967,move,352,393,.!frame.!entry
demo_session_08,20,1786094358.3029966,move,355,390,.!frame.!entry
demo_session_08,20,1786094358.3529966,move,360,398,.!frame.!entry
demo_session_08,20,1786094358.4029965,move,352,381,.!frame.!entry
demo_session_08,20,1786094358.4529965,move,351,378,.!frame.!entry
demo_session_08,20,1786094358.5029964,move,342,393,.!frame.!entry
demo_session_08,20,1786094358.5529964,move,345,388,.!frame.!entry
demo_session_08,20,1786094358.6029963,move,356,401,.!frame.!entry
demo_session_08,20,1786094358.6529963,move,369,389,.!frame.!entry
demo_session_08,20,1786094358.7029963,move,364,391,.!frame.!entry
demo_session_08,20,1786094358.7529962,move,359,387,.!frame.!entry
demo_session_08,20,1786094358.8029962,move,359,392,.!frame.!entry
demo_session_08,20,1786094358.852996,move,353,385,.!frame.!entry
demo_session_08,20,1786094358.902996,move,356,384,.!frame.!entry
demo_session_08,20,1786094358.952996,move,343,379,.!frame.!entry
demo_session_08,20,1786094359.002996,move,359,374,.!frame.!entry
demo_session_08,20,1786094359.052996,move,358,390,.!frame.!entry
demo_session_08,20,1786094359.1029959,move,357,382,.!frame.!entry
demo_session_08,20,1786094359.1529958,move,348,382,.!frame.!entry
demo_session_08,20,1786094359.2029958,move,360,377,.!frame.!entry
demo_session_08,20,1786094359.2529957,move,362,371,.!frame.!entry
demo_session_08,20,1786094359.3029957,move,370,384,.!frame.!entry
demo_session_08,20,1786094359.3529956,move,357,371,.!frame.!entry
demo_session_08,20,1786094359.4029956,move,353,385,.!frame.!entry
demo_session_08,20,1786094359.4529955,move,354,375,.!frame.!entry
demo_session_08,20,1786094359.5029955,move,353,386,.!frame.!entry
demo_session_08,20,1786094359.5529954,move,351,376,.!frame.!entry
demo_session_08,20,1786094359.6029954,move,360,382,.!frame.!entry
demo_session_08,20,1786094359.6529953,move,360,379,.!frame.!entry
demo_session_08,20,1786094359.7029953,move,358,382,.!frame.!entry
demo_session_08,20,1786094359.7529953,move,344,367,.!frame.!entry
demo_session_08,20,1786094359.8029952,move,358,363,.!frame.!entry
demo_session_08,20,1786094359.8529952,move,354,378,.!frame.!entry
demo_session_08,20,1786094359.902995,move,362,364,.!frame.!entry
demo_session_08,20,1786094359.952995,move,343,378,.!frame.!entry
demo_session_08,20,1786094360.002995,move,360,368,.!frame.!entry
demo_session_08,20,1786094360.052995,move,362,383,.!frame.!entry
demo_session_08,20,1786094360.102995,move,353,370,.!frame.!entry
demo_session_08,20,1786094360.1529949,move,351,359,.!frame.!entry
demo_session_08,20,1786094360.2029948,move,361,364,.!frame.!entry
demo_session_08,20,1786094360.2529948,move,350,346,.!frame.!entry
demo_session_08,20,1786094360.3029947,move,366,368,.!frame.!entry
demo_session_08,20,1786094360.3529947,move,355,354,.!frame.!entry
demo_session_08,20,1786094360.4029946,move,350,356,.!frame.!entry
demo_session_08,20,1786094360.4529946,move,345,364,.!frame.!entry
demo_session_08,20,1786094360.5029945,move,357,364,.!frame.!entry
demo_session_08,20,1786094360.5529945,move,353,364,.!frame.!entry
demo_session_08,20,1786094360.6029944,move,349,363,.!frame.!entry
demo_session_08,20,1786094360.6529944,move,354,367,.!frame.!entry
demo_session_08,20,1786094360.7029943,move,359,362,.!frame.!entry
demo_session_08,20,1786094360.7529943,move,358,352,.!frame.!entry
demo_session_08,20,1786094360.8029943,move,347,363,.!frame.!entry
demo_session_08,20,1786094360.8529942,move,363,354,.!frame.!entry
demo_session_08,20,1786094360.9029942,move,362,353,.!frame.!entry
demo_session_08,20,1786094360.952994,move,357,346,.!frame.!entry
demo_session_08,20,1786094361.002994,move,347,358,.!frame.!entry
demo_session_08,20,1786094361.052994,move,361,355,.!frame.!entry
demo_session_08,20,1786094361.102994,move,347,356,.!frame.!entry
demo_session_08,20,1786094361.152994,move,348,342,.!frame.!entry
demo_session_08,20,1786094361.2029939,move,354,365,.!frame.!entry
demo_session_08,20,1786094361.2529938,move,338,337,.!frame.!entry
demo_session_08,20,1786094361.3029938,move,347,342,.!frame.!entry
demo_session_08,20,1786094361.3529937,move,351,342,.!frame.!entry
demo_session_08,20,1786094361.4029937,move,355,362,.!frame.!entry
demo_session_08,20,1786094361.4529936,move,344,341,.!frame.!entry
demo_session_08,20,1786094361.5029936,move,350,350,.!frame.!entry
demo_session_08,20,1786094361.5529935,move,348,344,.!frame.!entry
demo_session_08,20,1786094361.6029935,move,355,337,.!frame.!entry
demo_session_08,20,1786094361.6529934,move,351,334,.!frame.!entry
demo_session_08,20,1786094361.7029934,move,349,348,.!frame.!button
demo_session_08,20,1786094361.7529933,move,346,333,.!frame.!button
demo_session_08,20,1786094361.8029933,move,361,339,.!frame.!button
demo_session_08,20,1786094361.8529932,move,345,342,.!frame.!button
demo_session_08,20,1786094361.9029932,move,364,329,.!frame.!button
demo_session_08,20,1786094361.9529932,move,351,340,.!frame.!button
demo_session_08,20,1786094362.002993,move,351,331,.!frame.!button
demo_session_08,20,1786094362.052993,move,359,345,.!frame.!button
demo_session_08,20,1786094362.102993,move,351,341,.!frame.!button
demo_session_08,20,1786094362.152993,move,358,336,.!frame.!button
demo_session_08,20,1786094362.202993,move,353,335,.!frame.!button
demo_session_08,20,1786094362.2529929,move,366,337,.!frame.!button
demo_session_08,20,1786094362.3029928,move,354,329,.!frame.!button
demo_session_08,20,1786094362.3529928,move,351,328,.!frame.!button
demo_session_08,20,1786094362.4029927,move,367,333,.!frame.!button
demo_session_08,20,1786094362.4529927,move,352,339,.!frame.!button
demo_session_08,20,1786094362.5029926,move,348,329,.!frame.!button
demo_session_08,20,1786094362.5529926,move,345,332,.!frame.!button
demo_session_08,20,1786094362.6029925,move,352,326,.!frame.!button
demo_session_08,20,1786094362.6529925,move,349,334,.!frame.!button
demo_session_08,20,1786094362.7029924,move,354,322,.!frame.!button
demo_session_08,20,1786094362.7529924,move,352,329,.!frame.!button
demo_session_08,20,1786094362.8029923,move,341,324,.!frame.!button
demo_session_08,20,1786094362.8529923,move,338,320,.!frame.!button
demo_session_08,20,1786094362.9029922,move,348,327,.!frame.!button
demo_session_08,20,1786094362.9529922,move,345,325,.!frame.!button
demo_session_08,20,1786094363.0029922,move,350,324,.!frame.!button
demo_session_08,20,1786094363.052992,move,358,321,.!frame.!button
demo_session_08,20,1786094363.102992,move,355,315,.!frame.!button
demo_session_08,20,1786094363.152992,move,338,315,.!frame.!button
demo_session_08,20,1786094363.202992,move,362,321,.!frame.!button
demo_session_08,20,1786094363.2827554,click,341,311,.!frame.!button
demo_session_08,21,1786094363.2827554,move,258,244,.!frame.!entry
demo_session_08,21,1786094363.3327553,move,264,248,.!frame.!entry
demo_session_08,21,1786094363.3827553,move,261,255,.!frame.!entry
demo_session_08,21,1786094363.4327552,move,267,229,.!frame.!entry
demo_session_08,21,1786094363.4827552,move,266,267,.!frame.!entry
demo_session_08,21,1786094363.5327551,move,271,255,.!frame.!entry
demo_session_08,21,1786094363.582755,move,271,244,.!frame.!entry
demo_session_08,21,1786094363.632755,move,257,240,.!frame.!entry
demo_session_08,21,1786094363.682755,move,289,253,.!frame.!entry
demo_session_08,21,1786094363.732755,move,284,257,.!frame.!entry
demo_session_08,21,1786094363.782755,move,275,245,.!frame.!entry
demo_session_08,21,1786094363.8327549,move,276,248,.!frame.!entry
demo_session_08,21,1786094363.8827548,move,277,249,.!frame.!entry
demo_session_08,21,1786094363.9327548,move,278,242,.!frame.!entry
demo_session_08,21,1786094363.9827547,move,268,263,.!frame.!entry
demo_session_08,21,1786094364.0327547,move,281,252,.!frame.!entry
demo_session_08,21,1786094364.0827546,move,276,243,.!frame.!entry
demo_session_08,21,1786094364.1327546,move,294,258,.!frame.!entry
demo_session_08,21,1786094364.1827545,move,274,262,.!frame.!entry
demo_session_08,21,1786094364.2327545,move,290,257,.!frame.!entry
demo_session_08,21,1786094364.2827544,move,278,251,.!frame.!entry
demo_session_08,21,1786094364.3327544,move,297,261,.!frame.!entry
demo_session_08,21,1786094364.3827543,move,277,262,.!frame.!entry
demo_session_08,21,1786094364.4327543,move,286,253,.!frame.!entry
demo_session_08,21,1786094364.4827542,move,300,264,.!frame.!entry
demo_session_08,21,1786094364.5327542,move,286,274,.!frame.!entry
demo_session_08,21,1786094364.5827541,move,293,260,.!frame.!entry
demo_session_08,21,1786094364.632754,move,286,272,.!frame.!entry
demo_session_08,21,1786094364.682754,move,274,264,.!frame.!entry
demo_session_08,21,1786094364.732754,move,298,265,.!frame.!entry
demo_session_08,21,1786094364.782754,move,280,274,.!frame.!entry
demo_session_08,21,1786094364.832754,move,299,275,.!frame.!entry
demo_session_08,21,1786094364.8827538,move,293,266,.!frame.!entry
demo_session_08,21,1786094364.9327538,move,293,270,.!frame.!entry
demo_session_08,21,1786094364.9827538,move,289,270,.!frame.!entry
demo_session_08,21,1786094365.0327537,move,300,248,.!frame.!entry
demo_session_08,21,1786094365.0827537,move,279,268,.!frame.!entry
demo_session_08,21,1786094365.1327536,move,292,263,.!frame.!entry
demo_session_08,21,1786094365.1827536,move,296,261,.!frame.!entry
demo_session_08,21,1786094365.2327535,move,303,260,.!frame.!entry
demo_session_08,21,1786094365.2827535,move,301,257,.!frame.!entry
demo_session_08,21,1786094365.3327534,move,302,260,.!frame.!entry
demo_session_08,21,1786094365.3827534,move,290,269,.!frame.!entry
demo_session_08,21,1786094365.4327533,move,300,267,.!frame.!entry
demo_session_08,21,1786094365.4827533,move,303,267,.!frame.!entry
demo_session_08,21,1786094365.5327532,move,301,278,.!frame.!entry
demo_session_08,21,1786094365.5827532,move,299,284,.!frame.!entry
demo_session_08,21,1786094365.6327531,move,297,275,.!frame.!entry
demo_session_08,21,1786094365.682753,move,310,284,.!frame.!entry
demo_session_08,21,1786094365.732753,move,308,272,.!frame.!entry
demo_session_08,21,1786094365.782753,move,298,271,.!frame.!entry
demo_session_08,21,1786094365.832753,move,307,285,.!frame.!entry
demo_session_08,21,1786094365.882753,move,307,280,.!frame.!entry
demo_session_08,21,1786094365.9327528,move,301,282,.!frame.!entry
demo_session_08,21,1786094365.9827528,move,294,272,.!frame.!entry
demo_session_08,21,1786094366.0327528,move,314,291,.!frame.!entry
demo_session_08,21,1786094366.0827527,move,300,266,.!frame.!entry
demo_session_08,21,1786094366.1327527,move,314,290,.!frame.!entry
demo_session_08,21,1786094366.1827526,move,298,297,.!frame.!entry
demo_session_08,21,1786094366.2327526,move,313,278,.!frame.!entry
demo_session_08,21,1786094366.2827525,move,310,274,.!frame.!entry
demo_session_08,21,1786094366.3327525,move,315,276,.!frame.!entry
demo_session_08,21,1786094366.3827524,move,309,296,.!frame.!entry
demo_session_08,21,1786094366.4327524,move,315,293,.!frame.!entry
demo_session_08,21,1786094366.4827523,move,313,287,.!frame.!entry
demo_session_08,21,1786094366.5327523,move,316,289,.!frame.!entry
demo_session_08,21,1786094366.5827522,move,331,289,.!frame.!entry
demo_session_08,21,1786094366.6327522,move,312,291,.!frame.!entry
demo_session_08,21,1786094366.6827521,move,308,287,.!frame.!entry
demo_session_08,21,1786094366.732752,move,311,281,.!frame.!entry
demo_session_08,21,1786094366.782752,move,313,278,.!frame.!entry
demo_session_08,21,1786094366.832752,move,313,299,.!frame.!entry
demo_session_08,21,1786094366.882752,move,319,279,.!frame.!entry
demo_session_08,21,1786094366.932752,move,318,292,.!frame.!entry
demo_session_08,21,1786094366.9827518,move,333,293,.!frame.!entry
demo_session_08,21,1786094367.0327518,move,310,287,.!frame.!entry
demo_session_08,21,1786094367.0827518,move,317,303,.!frame.!entry
demo_session_08,21,1786094367.1327517,move,325,300,.!frame.!entry
demo_session_08,21,1786094367.1827517,move,318,295,.!frame.!entry
demo_session_08,21,1786094367.2327516,move,321,291,.!frame.!entry
demo_session_08,21,1786094367.2827516,move,319,297,.!frame.!entry
demo_session_08,21,1786094367.3327515,move,326,295,.!frame.!entry
demo_session_08,21,1786094367.3827515,move,312,285,.!frame.!entry
demo_session_08,21,1786094367.4327514,move,328,282,.!frame.!entry
demo_session_08,21,1786094367.4827514,move,328,291,.!frame.!entry
demo_session_08,21,1786094367.5327513,move,315,296,.!frame.!button
demo_session_08,21,1786094367.5827513,move,319,295,.!frame.!button
demo_session_08,21,1786094367.6327512,move,331,294,.!frame.!button
demo_session_08,21,1786094367.6827512,move,328,302,.!frame.!button
demo_session_08,21,1786094367.7327511,move,313,307,.!frame.!button
demo_session_08,21,1786094367.782751,move,336,283,.!frame.!button
demo_session_08,21,1786094367.832751,move,331,301,.!frame.!button
demo_session_08,21,1786094367.882751,move,317,285,.!frame.!button
demo_session_08,21,1786094367.932751,move,326,286,.!frame.!button
demo_session_08,21,1786094367.982751,move,342,313,.!frame.!button
demo_session_08,21,1786094368.0327508,move,337,313,.!frame.!button
demo_session_08,21,1786094368.0827508,move,329,302,.!frame.!button
demo_session_08,21,1786094368.1327507,move,333,309,.!frame.!button
demo_session_08,21,1786094368.1827507,move,320,297,.!frame.!button
demo_session_08,21,1786094368.2327507,move,336,299,.!frame.!button
demo_session_08,21,1786094368.2827506,move,331,313,.!frame.!button
demo_session_08,21,1786094368.3327506,move,336,316,.!frame.!button
demo_session_08,21,1786094368.3827505,move,339,294,.!frame.!button
demo_session_08,21,1786094368.4327505,move,340,312,.!frame.!button
demo_session_08,21,1786094368.4827504,move,339,305,.!frame.!button
demo_session_08,21,1786094368.5327504,move,332,308,.!frame.!button
demo_session_08,21,1786094368.5827503,move,338,315,.!frame.!button
demo_session_08,21,1786094368.6327503,move,327,308,.!frame.!button
demo_session_08,21,1786094368.6827502,move,346,306,.!frame.!button
demo_session_08,21,1786094368.7327502,move,344,317,.!frame.!button
demo_session_08,21,1786094368.7827501,move,340,319,.!frame.!button
demo_session_08,21,1786094368.83275,move,334,312,.!frame.!button
demo_session_08,21,1786094368.88275,move,352,305,.!frame.!button
demo_session_08,21,1786094368.93275,move,346,309,.!frame.!button
demo_session_08,21,1786094368.98275,move,350,322,.!frame.!button
demo_session_08,21,1786094369.03275,move,343,315,.!frame.!button
demo_session_08,21,1786094369.0827498,move,344,324,.!frame.!button
demo_session_08,21,1786094369.1327498,move,335,319,.!frame.!button
demo_session_08,21,1786094369.1827497,move,348,320,.!frame.!button
demo_session_08,21,1786094369.2327497,move,365,328,.!frame.!button
demo_session_08,21,1786094369.2827497,move,354,332,.!frame.!button
demo_session_08,21,1786094369.3327496,move,350,315,.!frame.!button
demo_session_08,21,1786094369.404862,click,345,315,.!frame.!button
demo_session_08,22,1786094369.404862,move,96,170,.!frame.!entry
demo_session_08,22,1786094369.4548619,move,107,169,.!frame.!entry
demo_session_08,22,1786094369.5048618,move,112,168,.!frame.!entry
demo_session_08,22,1786094369.5548618,move,111,168,.!frame.!entry
demo_session_08,22,1786094369.6048617,move,113,180,.!frame.!entry
demo_session_08,22,1786094369.6548617,move,120,171,.!frame.!entry
demo_session_08,22,1786094369.7048616,move,121,170,.!frame.!entry
demo_session_08,22,1786094369.7548616,move,122,183,.!frame.!entry
demo_session_08,22,1786094369.8048615,move,135,176,.!frame.!entry
demo_session_08,22,1786094369.8548615,move,126,177,.!frame.!entry
demo_session_08,22,1786094369.9048615,move,122,174,.!frame.!entry
demo_session_08,22,1786094369.9548614,move,134,191,.!frame.!entry
demo_session_08,22,1786094370.0048614,move,141,191,.!frame.!entry
demo_session_08,22,1786094370.0548613,move,146,178,.!frame.!entry
demo_session_08,22,1786094370.1048613,move,151,183,.!frame.!entry
demo_session_08,22,1786094370.1548612,move,142,190,.!frame.!entry
demo_session_08,22,1786094370.2048612,move,160,185,.!frame.!entry
demo_session_08,22,1786094370.254861,move,148,194,.!frame.!entry
demo_session_08,22,1786094370.304861,move,148,190,.!frame.!entry
demo_session_08,22,1786094370.354861,move,158,193,.!frame.!entry
demo_session_08,22,1786094370.404861,move,153,204,.!frame.!entry
demo_session_08,22,1786094370.454861,move,177,199,.!frame.!entry
demo_session_08,22,1786094370.5048609,move,162,199,.!frame.!entry
demo_session_08,22,1786094370.5548608,move,173,205,.!frame.!entry
demo_session_08,22,1786094370.6048608,move,172,213,.!frame.!entry
demo_session_08,22,1786094370.6548607,move,176,209,.!frame.!entry
demo_session_08,22,1786094370.7048607,move,175,219,.!frame.!entry
demo_session_08,22,1786094370.7548606,move,181,214,.!frame.!entry
demo_session_08,22,1786094370.8048606,move,179,222,.!frame.!entry
demo_session_08,22,1786094370.8548605,move,188,214,.!frame.!entry
demo_session_08,22,1786094370.9048605,move,183,221,.!frame.!entry
demo_session_08,22,1786094370.9548604,move,194,218,.!frame.!entry
demo_session_08,22,1786094371.0048604,move,192,230,.!frame.!entry
demo_session_08,22,1786094371.0548604,move,192,220,.!frame.!entry
demo_session_08,22,1786094371.1048603,move,200,225,.!frame.!entry
demo_session_08,22,1786094371.1548603,move,202,235,.!frame.!entry
demo_session_08,22,1786094371.2048602,move,200,213,.!frame.!entry
demo_session_08,22,1786094371.2548602,move,210,227,.!frame.!entry
demo_session_08,22,1786094371.30486,move,219,233,.!frame.!entry
demo_session_08,22,1786094371.35486,move,218,233,.!frame.!entry
demo_session_08,22,1786094371.40486,move,209,236,.!frame.!entry
demo_session_08,22,1786094371.45486,move,223,234,.!frame.!entry
demo_session_08,22,1786094371.50486,move,226,247,.!frame.!entry
demo_session_08,22,1786094371.5548599,move,219,230,.!frame.!entry
demo_session_08,22,1786094371.6048598,move,231,244,.!frame.!entry
demo_session_08,22,1786094371.6548598,move,226,248,.!frame.!entry
demo_session_08,22,1786094371.7048597,move,228,244,.!frame.!entry
demo_session_08,22,1786094371.7548597,move,229,248,.!frame.!entry
demo_session_08,22,1786094371.8048596,move,234,248,.!frame.!entry
demo_session_08,22,1786094371.8548596,move,230,251,.!frame.!entry
demo_session_08,22,1786094371.9048595,move,245,263,.!frame.!entry
demo_session_08,22,1786094371.9548595,move,257,265,.!frame.!entry
demo_session_08,22,1786094372.0048594,move,239,259,.!frame.!entry
demo_session_08,22,1786094372.0548594,move,253,266,.!frame.!entry
demo_session_08,22,1786094372.1048594,move,251,257,.!frame.!entry
demo_session_08,22,1786094372.1548593,move,251,269,.!frame.!entry
demo_session_08,22,1786094372.2048593,move,261,279,.!frame.!entry
demo_session_08,22,1786094372.2548592,move,257,257,.!frame.!entry
demo_session_08,22,1786094372.3048592,move,255,275,.!frame.!entry
demo_session_08,22,1786094372.354859,move,271,271,.!frame.!entry
demo_session_08,22,1786094372.404859,move,275,269,.!frame.!entry
demo_session_08,22,1786094372.454859,move,284,275,.!frame.!entry
demo_session_08,22,1786094372.504859,move,280,274,.!frame.!button
demo_session_08,22,1786094372.554859,move,278,281,.!frame.!button
demo_session_08,22,1786094372.6048589,move,291,284,.!frame.!button
demo_session_08,22,1786094372.6548588,move,295,277,.!frame.!button
demo_session_08,22,1786094372.7048588,move,297,281,.!frame.!button
demo_session_08,22,1786094372.7548587,move,286,297,.!frame.!button
demo_session_08,22,1786094372.8048587,move,298,283,.!frame.!button
demo_session_08,22,1786094372.8548586,move,297,287,.!frame.!button
demo_session_08,22,1786094372.9048586,move,303,290,.!frame.!button
demo_session_08,22,1786094372.9548585,move,301,290,.!frame.!button
demo_session_08,22,1786094373.0048585,move,309,292,.!frame.!button
demo_session_08,22,1786094373.0548584,move,314,310,.!frame.!button
demo_session_08,22,1786094373.1048584,move,311,289,.!frame.!button
demo_session_08,22,1786094373.1548584,move,312,286,.!frame.!button
demo_session_08,22,1786094373.2048583,move,318,310,.!frame.!button
demo_session_08,22,1786094373.2548583,move,321,299,.!frame.!button
demo_session_08,22,1786094373.3048582,move,331,301,.!frame.!button
demo_session_08,22,1786094373.3548582,move,325,313,.!frame.!button
demo_session_08,22,1786094373.404858,move,322,298,.!frame.!button
demo_session_08,22,1786094373.454858,move,315,306,.!frame.!button
demo_session_08,22,1786094373.504858,move,336,317,.!frame.!button
demo_session_08,22,1786094373.554858,move,341,305,.!frame.!button
demo_session_08,22,1786094373.604858,move,337,326,.!frame.!button
demo_session_08,22,1786094373.6548579,move,341,307,.!frame.!button
demo_session_08,22,1786094373.7048578,move,334,319,.!frame.!button
demo_session_08,22,1786094373.7548578,move,342,324,.!frame.!button
demo_session_08,22,1786094373.8048577,move,350,323,.!frame.!button
demo_session_08,22,1786094373.86698,click,347,317,.!frame.!button
demo_session_08,23,1786094373.86698,move,470,360,.!frame.!entry
demo_session_08,23,1786094373.91698,move,470,360,.!frame.!entry
demo_session_08,23,1786094373.96698,move,464,356,.!frame.!entry
demo_session_08,23,1786094374.01698,move,464,356,.!frame.!entry
demo_session_08,23,1786094374.06698,move,443,356,.!frame.!entry
demo_session_08,23,1786094374.1169798,move,460,338,.!frame.!entry
demo_session_08,23,1786094374.1669798,move,456,354,.!frame.!entry
demo_session_08,23,1786094374.2169797,move,453,341,.!frame.!entry
demo_session_08,23,1786094374.2669797,move,460,348,.!frame.!entry
demo_session_08,23,1786094374.3169796,move,449,345,.!frame.!entry
demo_session_08,23,1786094374.3669796,move,444,353,.!frame.!entry
demo_session_08,23,1786094374.4169796,move,444,338,.!frame.!entry
demo_session_08,23,1786094374.4669795,move,452,334,.!frame.!entry
demo_session_08,23,1786094374.5169795,move,445,349,.!frame.!entry
demo_session_08,23,1786094374.5669794,move,448,347,.!frame.!entry
demo_session_08,23,1786094374.6169794,move,424,341,.!frame.!entry
demo_session_08,23,1786094374.6669793,move,443,352,.!frame.!entry
demo_session_08,23,1786094374.7169793,move,432,344,.!frame.!entry
demo_session_08,23,1786094374.7669792,move,447,352,.!frame.!entry
demo_session_08,23,1786094374.8169792,move,437,347,.!frame.!entry
demo_session_08,23,1786094374.8669791,move,431,348,.!frame.!entry
demo_session_08,23,1786094374.916979,move,425,351,.!frame.!entry
demo_session_08,23,1786094374.966979,move,433,338,.!frame.!entry
demo_session_08,23,1786094375.016979,move,437,341,.!frame.!entry
demo_session_08,23,1786094375.066979,move,431,342,.!frame.!entry
demo_session_08,23,1786094375.116979,move,430,339,.!frame.!entry
demo_session_08,23,1786094375.1669788,move,428,340,.!frame.!entry
demo_session_08,23,1786094375.2169788,move,422,347,.!frame.!entry
demo_session_08,23,1786094375.2669787,move,433,345,.!frame.!entry
demo_session_08,23,1786094375.3169787,move,435,341,.!frame.!entry
demo_session_08,23,1786094375.3669786,move,429,343,.!frame.!entry
demo_session_08,23,1786094375.4169786,move,422,344,.!frame.!entry
demo_session_08,23,1786094375.4669785,move,419,329,.!frame.!entry
demo_session_08,23,1786094375.5169785,move,422,341,.!frame.!entry
demo_session_08,23,1786094375.5669785,move,421,347,.!frame.!entry
demo_session_08,23,1786094375.6169784,move,418,333,.!frame.!entry
demo_session_08,23,1786094375.6669784,move,417,340,.!frame.!entry
demo_session_08,23,1786094375.7169783,move,418,346,.!frame.!entry
demo_session_08,23,1786094375.7669783,move,417,341,.!frame.!entry
demo_session_08,23,1786094375.8169782,move,406,322,.!frame.!entry
demo_session_08,23,1786094375.8669782,move,414,331,.!frame.!entry
demo_session_08,23,1786094375.9169781,move,406,335,.!frame.!entry
demo_session_08,23,1786094375.966978,move,407,347,.!frame.!entry
demo_session_08,23,1786094376.016978,move,406,339,.!frame.!entry
demo_session_08,23,1786094376.066978,move,409,343,.!frame.!entry
demo_session_08,23,1786094376.116978,move,393,339,.!frame.!entry
demo_session_08,23,1786094376.166978,move,404,339,.!frame.!entry
demo_session_08,23,1786094376.2169778,move,401,336,.!frame.!entry
demo_session_08,23,1786094376.2669778,move,406,342,.!frame.!entry
demo_session_08,23,1786094376.3169777,move,409,331,.!frame.!entry
demo_session_08,23,1786094376.3669777,move,405,329,.!frame.!entry
demo_session_08,23,1786094376.4169776,move,400,326,.!frame.!entry
demo_session_08,23,1786094376.4669776,move,404,332,.!frame.!entry
demo_session_08,23,1786094376.5169775,move,402,337,.!frame.!entry
demo_session_08,23,1786094376.5669775,move,396,337,.!frame.!entry
demo_session_08,23,1786094376.6169775,move,393,332,.!frame.!entry
demo_session_08,23,1786094376.6669774,move,381,324,.!frame.!entry
demo_session_08,23,1786094376.7169774,move,394,340,.!frame.!entry
demo_session_08,23,1786094376.7669773,move,392,346,.!frame.!entry
demo_session_08,23,1786094376.8169773,move,391,338,.!frame.!entry
demo_session_08,23,1786094376.8669772,move,397,342,.!frame.!entry
demo_session_08,23,1786094376.9169772,move,377,324,.!frame.!entry
demo_session_08,23,1786094376.9669771,move,377,337,.!frame.!entry
demo_session_08,23,1786094377.016977,move,389,333,.!frame.!entry
demo_session_08,23,1786094377.066977,move,390,321,.!frame.!button
demo_session_08,23,1786094377.116977,move,373,324,.!frame.!button
demo_session_08,23,1786094377.166977,move,394,334,.!frame.!button
demo_session_08,23,1786094377.216977,move,389,328,.!frame.!button
demo_session_08,23,1786094377.2669768,move,383,334,.!frame.!button
demo_session_08,23,1786094377.3169768,move,382,326,.!frame.!button
demo_session_08,23,1786094377.3669767,move,368,332,.!frame.!button
demo_session_08,23,1786094377.4169767,move,373,341,.!frame.!button
demo_session_08,23,1786094377.4669766,move,384,319,.!frame.!button
demo_session_08,23,1786094377.5169766,move,363,321,.!frame.!button
demo_session_08,23,1786094377.5669765,move,371,324,.!frame.!button
demo_session_08,23,1786094377.6169765,move,376,328,.!frame.!button
demo_session_08,23,1786094377.6669765,move,381,346,.!frame.!button
demo_session_08,23,1786094377.7169764,move,367,326,.!frame.!button
demo_session_08,23,1786094377.7669764,move,365,317,.!frame.!button
demo_session_08,23,1786094377.8169763,move,359,331,.!frame.!button
demo_session_08,23,1786094377.8669763,move,365,331,.!frame.!button
demo_session_08,23,1786094377.9169762,move,352,314,.!frame.!button
demo_session_08,23,1786094377.9669762,move,361,326,.!frame.!button
demo_session_08,23,1786094378.016976,move,355,336,.!frame.!button
demo_session_08,23,1786094378.066976,move,358,334,.!frame.!button
demo_session_08,23,1786094378.116976,move,357,330,.!frame.!button
demo_session_08,23,1786094378.166976,move,360,318,.!frame.!button
demo_session_08,23,1786094378.216976,move,353,328,.!frame.!button
demo_session_08,23,1786094378.2669759,move,360,316,.!frame.!button
demo_session_08,23,1786094378.3169758,move,360,326,.!frame.!button
demo_session_08,23,1786094378.3669758,move,349,319,.!frame.!button
demo_session_08,23,1786094378.4169757,move,352,315,.!frame.!button
demo_session_08,23,1786094378.4937396,click,344,314,.!frame.!button
demo_session_08,24,1786094378.4937396,move,188,179,.!frame.!entry
demo_session_08,24,1786094378.5437396,move,183,177,.!frame.!entry
demo_session_08,24,1786094378.5937395,move,198,170,.!frame.!entry
demo_session_08,24,1786094378.6437395,move,191,180,.!frame.!entry
demo_session_08,24,1786094378.6937394,move,206,192,.!frame.!entry
demo_session_08,24,1786094378.7437394,move,199,184,.!frame.!entry
demo_session_08,24,1786094378.7937393,move,212,179,.!frame.!entry
demo_session_08,24,1786094378.8437393,move,194,184,.!frame.!entry
demo_session_08,24,1786094378.8937392,move,210,191,.!frame.!entry
demo_session_08,24,1786094378.9437392,move,202,195,.!frame.!entry
demo_session_08,24,1786094378.9937391,move,208,187,.!frame.!entry
demo_session_08,24,1786094379.043739,move,206,186,.!frame.!entry
demo_session_08,24,1786094379.093739,move,212,191,.!frame.!entry
demo_session_08,24,1786094379.143739,move,209,190,.!frame.!entry
demo_session_08,24,1786094379.193739,move,218,197,.!frame.!entry
demo_session_08,24,1786094379.243739,move,215,200,.!frame.!entry
demo_session_08,24,1786094379.2937388,move,204,198,.!frame.!entry
demo_session_08,24,1786094379.3437388,move,216,198,.!frame.!entry
demo_session_08,24,1786094379.3937387,move,215,198,.!frame.!entry
demo_session_08,24,1786094379.4437387,move,212,190,.!frame.!entry
demo_session_08,24,1786094379.4937387,move,220,204,.!frame.!entry
demo_session_08,24,1786094379.5437386,move,229,212,.!frame.!entry
demo_session_08,24,1786094379.5937386,move,213,204,.!frame.!entry
demo_session_08,24,1786094379.6437385,move,217,207,.!frame.!entry
demo_session_08,24,1786094379.6937385,move,228,203,.!frame.!entry
demo_session_08,24,1786094379.7437384,move,230,203,.!frame.!entry
demo_session_08,24,1786094379.7937384,move,242,214,.!frame.!entry
demo_session_08,24,1786094379.8437383,move,227,211,.!frame.!entry
demo_session_08,24,1786094379.8937383,move,231,221,.!frame.!entry
demo_session_08,24,1786094379.9437382,move,237,218,.!frame.!entry
demo_session_08,24,1786094379.9937382,move,238,209,.!frame.!entry
demo_session_08,24,1786094380.0437381,move,223,207,.!frame.!entry
demo_session_08,24,1786094380.093738,move,237,234,.!frame.!entry
demo_session_08,24,1786094380.143738,move,234,217,.!frame.!entry
demo_session_08,24,1786094380.193738,move,240,219,.!frame.!entry
demo_session_08,24,1786094380.243738,move,246,221,.!frame.!entry
demo_session_08,24,1786094380.293738,move,244,223,.!frame.!entry
demo_session_08,24,1786094380.3437378,move,246,227,.!frame.!entry
demo_session_08,24,1786094380.3937378,move,234,233,.!frame.!entry
demo_session_08,24,1786094380.4437377,move,250,216,.!frame.!entry
demo_session_08,24,1786094380.4937377,move,259,227,.!frame.!entry
demo_session_08,24,1786094380.5437376,move,250,232,.!frame.!entry
demo_session_08,24,1786094380.5937376,move,239,233,.!frame.!entry
demo_session_08,24,1786094380.6437376,move,238,227,.!frame.!entry
demo_session_08,24,1786094380.6937375,move,246,241,.!frame.!entry
demo_session_08,24,1786094380.7437375,move,238,243,.!frame.!entry
demo_session_08,24,1786094380.7937374,move,259,235,.!frame.!entry
demo_session_08,24,1786094380.8437374,move,255,243,.!frame.!entry
demo_session_08,24,1786094380.8937373,move,265,238,.!frame.!entry
demo_session_08,24,1786094380.9437373,move,253,248,.!frame.!entry
demo_session_08,24,1786094380.9937372,move,265,252,.!frame.!entry
demo_session_08,24,1786094381.0437372,move,262,255,.!frame.!entry
demo_session_08,24,1786094381.0937371,move,275,240,.!frame.!entry
demo_session_08,24,1786094381.143737,move,281,245,.!frame.!entry
demo_session_08,24,1786094381.193737,move,281,246,.!frame.!entry
demo_session_08,24,1786094381.243737,move,267,246,.!frame.!entry
demo_session_08,24,1786094381.293737,move,266,256,.!frame.!entry
demo_session_08,24,1786094381.343737,move,280,246,.!frame.!entry
demo_session_08,24,1786094381.3937368,move,285,258,.!frame.!entry
demo_session_08,24,1786094381.4437368,move,267,252,.!frame.!entry
demo_session_08,24,1786094381.4937367,move,280,256,.!frame.!entry
demo_session_08,24,1786094381.5437367,move,274,259,.!frame.!entry
demo_session_08,24,1786094381.5937366,move,272,269,.!frame.!entry
demo_session_08,24,1786094381.6437366,move,281,245,.!frame.!entry
demo_session_08,24,1786094381.6937366,move,279,256,.!frame.!entry
demo_session_08,24,1786094381.7437365,move,285,259,.!frame.!entry
demo_session_08,24,1786094381.7937365,move,278,257,.!frame.!entry
demo_session_08,24,1786094381.8437364,move,286,263,.!frame.!entry
demo_session_08,24,1786094381.8937364,move,280,261,.!frame.!entry
demo_session_08,24,1786094381.9437363,move,295,265,.!frame.!entry
demo_session_08,24,1786094381.9937363,move,282,268,.!frame.!entry
demo_session_08,24,1786094382.0437362,move,297,266,.!frame.!entry
demo_session_08,24,1786094382.0937362,move,296,266,.!frame.!entry
demo_session_08,24,1786094382.1437361,move,302,272,.!frame.!entry
demo_session_08,24,1786094382.193736,move,276,276,.!frame.!entry
demo_session_08,24,1786094382.243736,move,299,274,.!frame.!entry
demo_session_08,24,1786094382.293736,move,305,274,.!frame.!entry
demo_session_08,24,1786094382.343736,move,303,259,.!frame.!entry
demo_session_08,24,1786094382.393736,move,302,275,.!frame.!entry
demo_session_08,24,1786094382.4437358,move,310,264,.!frame.!entry
demo_session_08,24,1786094382.4937358,move,310,287,.!frame.!button
demo_session_08,24,1786094382.5437357,move,297,276,.!frame.!button
demo_session_08,24,1786094382.5937357,move,294,292,.!frame.!button
demo_session_08,24,1786094382.6437356,move,313,286,.!frame.!button
demo_session_08,24,1786094382.6937356,move,305,281,.!frame.!button
demo_session_08,24,1786094382.7437356,move,308,273,.!frame.!button
demo_session_08,24,1786094382.7937355,move,319,298,.!frame.!button
demo_session_08,24,1786094382.8437355,move,317,281,.!frame.!button
demo_session_08,24,1786094382.8937354,move,312,284,.!frame.!button
demo_session_08,24,1786094382.9437354,move,318,284,.!frame.!button
demo_session_08,24,1786094382.9937353,move,321,282,.!frame.!button
demo_session_08,24,1786094383.0437353,move,314,302,.!frame.!button
demo_session_08,24,1786094383.0937352,move,322,305,.!frame.!button
demo_session_08,24,1786094383.1437352,move,319,295,.!frame.!button
demo_session_08,24,1786094383.1937351,move,325,296,.!frame.!button
demo_session_08,24,1786094383.243735,move,332,298,.!frame.!button
demo_session_08,24,1786094383.293735,move,311,292,.!frame.!button
demo_session_08,24,1786094383.343735,move,331,297,.!frame.!button
demo_session_08,24,1786094383.393735,move,328,308,.!frame.!button
demo_session_08,24,1786094383.443735,move,321,291,.!frame.!button
demo_session_08,24,1786094383.4937348,move,330,302,.!frame.!button
demo_session_08,24,1786094383.5437348,move,325,300,.!frame.!button
demo_session_08,24,1786094383.5937347,move,338,307,.!frame.!button
demo_session_08,24,1786094383.6437347,move,337,306,.!frame.!button
demo_session_08,24,1786094383.6937346,move,328,300,.!frame.!button
demo_session_08,24,1786094383.7437346,move,337,305,.!frame.!button
demo_session_08,24,1786094383.7937346,move,330,308,.!frame.!button
demo_session_08,24,1786094383.8437345,move,358,316,.!frame.!button
demo_session_08,24,1786094383.8937345,move,341,310,.!frame.!button
demo_session_08,24,1786094383.9437344,move,348,319,.!frame.!button
demo_session_08,24,1786094383.9937344,move,336,317,.!frame.!button
demo_session_08,24,1786094384.0437343,move,347,316,.!frame.!button
demo_session_08,24,1786094384.0937343,move,343,321,.!frame.!button
demo_session_08,24,1786094384.1437342,move,348,315,.!frame.!button
demo_session_08,24,1786094384.194676,click,350,320,.!frame.!button
demo_session_08,25,1786094384.194676,move,336,355,.!frame.!entry
demo_session_08,25,1786094384.2446759,move,358,335,.!frame.!entry
demo_session_08,25,1786094384.2946758,move,353,336,.!frame.!entry
demo_session_08,25,1786094384.3446758,move,337,328,.!frame.!entry
demo_session_08,25,1786094384.3946757,move,346,345,.!frame.!entry
demo_session_08,25,1786094384.4446757,move,337,328,.!frame.!entry
demo_session_08,25,1786094384.4946756,move,360,342,.!frame.!entry
demo_session_08,25,1786094384.5446756,move,332,330,.!frame.!entry
demo_session_08,25,1786094384.5946755,move,346,349,.!frame.!entry
demo_session_08,25,1786094384.6446755,move,341,338,.!frame.!entry
demo_session_08,25,1786094384.6946754,move,356,336,.!frame.!entry
demo_session_08,25,1786094384.7446754,move,342,336,.!frame.!entry
demo_session_08,25,1786094384.7946754,move,339,335,.!frame.!entry
demo_session_08,25,1786094384.8446753,move,348,329,.!frame.!entry
demo_session_08,25,1786094384.8946753,move,341,338,.!frame.!entry
demo_session_08,25,1786094384.9446752,move,351,344,.!frame.!entry
demo_session_08,25,1786094384.9946752,move,347,337,.!frame.!entry
demo_session_08,25,1786094385.044675,move,333,328,.!frame.!entry
demo_session_08,25,1786094385.094675,move,355,329,.!frame.!entry
demo_session_08,25,1786094385.144675,move,342,329,.!frame.!entry
demo_session_08,25,1786094385.194675,move,332,321,.!frame.!entry
demo_session_08,25,1786094385.244675,move,361,353,.!frame.!entry
demo_session_08,25,1786094385.2946749,move,348,342,.!frame.!entry
demo_session_08,25,1786094385.3446748,move,354,342,.!frame.!entry
demo_session_08,25,1786094385.3946748,move,346,340,.!frame.!entry
demo_session_08,25,1786094385.4446747,move,343,332,.!frame.!entry
demo_session_08,25,1786094385.4946747,move,350,340,.!frame.!entry
demo_session_08,25,1786094385.5446746,move,367,341,.!frame.!entry
demo_session_08,25,1786094385.5946746,move,363,312,.!frame.!entry
demo_session_08,25,1786094385.6446745,move,340,329,.!frame.!entry
demo_session_08,25,1786094385.6946745,move,342,313,.!frame.!entry
demo_session_08,25,1786094385.7446744,move,355,330,.!frame.!entry
demo_session_08,25,1786094385.7946744,move,333,328,.!frame.!entry
demo_session_08,25,1786094385.8446743,move,364,334,.!frame.!entry
demo_session_08,25,1786094385.8946743,move,335,345,.!frame.!entry
demo_session_08,25,1786094385.9446743,move,347,327,.!frame.!entry
demo_session_08,25,1786094385.9946742,move,340,322,.!frame.!entry
demo_session_08,25,1786094386.0446742,move,347,331,.!frame.!entry
demo_session_08,25,1786094386.094674,move,341,335,.!frame.!entry
demo_session_08,25,1786094386.144674,move,349,322,.!frame.!entry
demo_session_08,25,1786094386.194674,move,336,336,.!frame.!entry
demo_session_08,25,1786094386.244674,move,345,334,.!frame.!entry
demo_session_08,25,1786094386.294674,move,346,324,.!frame.!entry
demo_session_08,25,1786094386.3446739,move,361,333,.!frame.!entry
demo_session_08,25,1786094386.3946738,move,348,321,.!frame.!entry
demo_session_08,25,1786094386.4446738,move,338,316,.!frame.!entry
demo_session_08,25,1786094386.4946737,move,339,312,.!frame.!entry
demo_session_08,25,1786094386.5446737,move,349,327,.!frame.!entry
demo_session_08,25,1786094386.5946736,move,346,307,.!frame.!entry
demo_session_08,25,1786094386.6446736,move,342,329,.!frame.!entry
demo_session_08,25,1786094386.6946735,move,345,323,.!frame.!entry
demo_session_08,25,1786094386.7446735,move,349,323,.!frame.!entry
demo_session_08,25,1786094386.7946734,move,336,323,.!frame.!entry
demo_session_08,25,1786094386.8446734,move,339,334,.!frame.!entry
demo_session_08,25,1786094386.8946733,move,352,325,.!frame.!entry
demo_session_08,25,1786094386.9446733,move,347,329,.!frame.!entry
demo_session_08,25,1786094386.9946733,move,345,324,.!frame.!entry
demo_session_08,25,1786094387.0446732,move,337,332,.!frame.!entry
demo_session_08,25,1786094387.0946732,move,349,329,.!frame.!entry
demo_session_08,25,1786094387.144673,move,344,327,.!frame.!entry
demo_session_08,25,1786094387.194673,move,381,348,.!frame.!entry
demo_session_08,25,1786094387.244673,move,346,328,.!frame.!entry
demo_session_08,25,1786094387.294673,move,349,324,.!frame.!entry
demo_session_08,25,1786094387.344673,move,346,325,.!frame.!entry
demo_session_08,25,1786094387.3946729,move,351,332,.!frame.!entry
demo_session_08,25,1786094387.4446728,move,332,328,.!frame.!entry
demo_session_08,25,1786094387.4946728,move,356,323,.!frame.!entry
demo_session_08,25,1786094387.5446727,move,347,314,.!frame.!entry
demo_session_08,25,1786094387.5946727,move,344,335,.!frame.!entry
demo_session_08,25,1786094387.6446726,move,343,325,.!frame.!entry
demo_session_08,25,1786094387.6946726,move,346,321,.!frame.!entry
demo_session_08,25,1786094387.7446725,move,344,308,.!frame.!entry
demo_session_08,25,1786094387.7946725,move,348,322,.!frame.!entry
demo_session_08,25,1786094387.8446724,move,340,313,.!frame.!entry
demo_session_08,25,1786094387.8946724,move,349,354,.!frame.!entry
demo_session_08,25,1786094387.9446723,move,335,323,.!frame.!entry
demo_session_08,25,1786094387.9946723,move,352,321,.!frame.!entry
demo_session_08,25,1786094388.0446723,move,351,344,.!frame.!entry
demo_session_08,25,1786094388.0946722,move,349,318,.!frame.!entry
demo_session_08,25,1786094388.1446722,move,352,329,.!frame.!entry
demo_session_08,25,1786094388.194672,move,359,340,.!frame.!entry
demo_session_08,25,1786094388.244672,move,349,326,.!frame.!entry
demo_session_08,25,1786094388.294672,move,358,338,.!frame.!entry
demo_session_08,25,1786094388.344672,move,342,333,.!frame.!entry
demo_session_08,25,1786094388.394672,move,363,322,.!frame.!entry
demo_session_08,25,1786094388.4446719,move,358,331,.!frame.!entry
demo_session_08,25,1786094388.4946718,move,359,331,.!frame.!entry
demo_session_08,25,1786094388.5446718,move,339,325,.!frame.!entry
demo_session_08,25,1786094388.5946717,move,355,315,.!frame.!entry
demo_session_08,25,1786094388.6446717,move,354,333,.!frame.!entry
demo_session_08,25,1786094388.6946716,move,347,325,.!frame.!entry
demo_session_08,25,1786094388.7446716,move,341,334,.!frame.!entry
demo_session_08,25,1786094388.7946715,move,357,336,.!frame.!entry
demo_session_08,25,1786094388.8446715,move,352,325,.!frame.!entry
demo_session_08,25,1786094388.8946714,move,338,317,.!frame.!entry
demo_session_08,25,1786094388.9446714,move,359,323,.!frame.!entry
demo_session_08,25,1786094388.9946713,move,364,314,.!frame.!button
demo_session_08,25,1786094389.0446713,move,348,340,.!frame.!button
demo_session_08,25,1786094389.0946712,move,356,316,.!frame.!button
demo_session_08,25,1786094389.1446712,move,346,320,.!frame.!button
demo_session_08,25,1786094389.1946712,move,346,316,.!frame.!button
demo_session_08,25,1786094389.244671,move,337,307,.!frame.!button
demo_session_08,25,1786094389.294671,move,352,307,.!frame.!button
demo_session_08,25,1786094389.344671,move,344,318,.!frame.!button
demo_session_08,25,1786094389.394671,move,353,332,.!frame.!button
demo_session_08,25,1786094389.444671,move,348,317,.!frame.!button
demo_session_08,25,1786094389.4946709,move,325,314,.!frame.!button
demo_session_08,25,1786094389.5446708,move,341,323,.!frame.!button
demo_session_08,25,1786094389.5946708,move,346,319,.!frame.!button
demo_session_08,25,1786094389.6446707,move,346,319,.!frame.!button
demo_session_08,25,1786094389.6946707,move,358,321,.!frame.!button
demo_session_08,25,1786094389.7446706,move,349,329,.!frame.!button
demo_session_08,25,1786094389.7946706,move,358,324,.!frame.!button
demo_session_08,25,1786094389.8446705,move,360,314,.!frame.!button
demo_session_08,25,1786094389.8946705,move,343,313,.!frame.!button
demo_session_08,25,1786094389.9446704,move,343,331,.!frame.!button
demo_session_08,25,1786094389.9946704,move,354,323,.!frame.!button
demo_session_08,25,1786094390.0446703,move,339,327,.!frame.!button
demo_session_08,25,1786094390.0946703,move,343,299,.!frame.!button
demo_session_08,25,1786094390.1446702,move,361,328,.!frame.!button
demo_session_08,25,1786094390.1946702,move,344,331,.!frame.!button
demo_session_08,25,1786094390.2446702,move,360,319,.!frame.!button
demo_session_08,25,1786094390.29467,move,345,333,.!frame.!button
demo_session_08,25,1786094390.34467,move,351,305,.!frame.!button
demo_session_08,25,1786094390.39467,move,358,318,.!frame.!button
demo_session_08,25,1786094390.44467,move,346,314,.!frame.!button
demo_session_08,25,1786094390.49467,move,347,311,.!frame.!button
demo_session_08,25,1786094390.5446699,move,345,312,.!frame.!button
demo_session_08,25,1786094390.5946698,move,336,319,.!frame.!button
demo_session_08,25,1786094390.6446698,move,350,325,.!frame.!button
demo_session_08,25,1786094390.6946697,move,348,316,.!frame.!button
demo_session_08,25,1786094390.7446697,move,347,323,.!frame.!button
demo_session_08,25,1786094390.7946696,move,345,324,.!frame.!button
demo_session_08,25,1786094390.8446696,move,353,317,.!frame.!button
demo_session_08,25,1786094390.8946695,move,355,306,.!frame.!button
demo_session_08,25,1786094390.9446695,move,351,325,.!frame.!button
demo_session_08,25,1786094390.9946694,move,359,317,.!frame.!button
demo_session_08,25,1786094391.0446694,move,344,308,.!frame.!button
demo_session_08,25,1786094391.1131344,click,345,315,.!frame.!button
demo_session_08,26,1786094391.1131344,move,191,339,.!frame.!entry
demo_session_08,26,1786094391.1631343,move,172,353,.!frame.!entry
demo_session_08,26,1786094391.2131343,move,182,352,.!frame.!entry
demo_session_08,26,1786094391.2631342,move,178,347,.!frame.!entry
demo_session_08,26,1786094391.3131342,move,191,333,.!frame.!entry
demo_session_08,26,1786094391.3631341,move,190,350,.!frame.!entry
demo_session_08,26,1786094391.413134,move,187,336,.!frame.!entry
demo_session_08,26,1786094391.463134,move,189,356,.!frame.!entry
demo_session_08,26,1786094391.513134,move,200,337,.!frame.!entry
demo_session_08,26,1786094391.563134,move,198,329,.!frame.!entry
demo_session_08,26,1786094391.613134,move,190,336,.!frame.!entry
demo_session_08,26,1786094391.6631339,move,206,354,.!frame.!entry
demo_session_08,26,1786094391.7131338,move,179,330,.!frame.!entry
demo_session_08,26,1786094391.7631338,move,212,346,.!frame.!entry
demo_session_08,26,1786094391.8131337,move,191,338,.!frame.!entry
demo_session_08,26,1786094391.8631337,move,197,334,.!frame.!entry
demo_session_08,26,1786094391.9131336,move,200,337,.!frame.!entry
demo_session_08,26,1786094391.9631336,move,188,327,.!frame.!entry
demo_session_08,26,1786094392.0131335,move,201,340,.!frame.!entry
demo_session_08,26,1786094392.0631335,move,220,320,.!frame.!entry
demo_session_08,26,1786094392.1131334,move,208,341,.!frame.!entry
demo_session_08,26,1786094392.1631334,move,205,343,.!frame.!entry
demo_session_08,26,1786094392.2131333,move,228,335,.!frame.!entry
demo_session_08,26,1786094392.2631333,move,216,342,.!frame.!entry
demo_session_08,26,1786094392.3131332,move,212,336,.!frame.!entry
demo_session_08,26,1786094392.3631332,move,236,353,.!frame.!entry
demo_session_08,26,1786094392.4131331,move,229,334,.!frame.!entry
demo_session_08,26,1786094392.463133,move,212,350,.!frame.!entry
demo_session_08,26,1786094392.513133,move,223,333,.!frame.!entry
demo_session_08,26,1786094392.563133,move,241,344,.!frame.!entry
demo_session_08,26,1786094392.613133,move,209,328,.!frame.!entry
demo_session_08,26,1786094392.663133,move,231,348,.!frame.!entry
demo_session_08,26,1786094392.7131329,move,234,353,.!frame.!entry
demo_session_08,26,1786094392.7631328,move,247,328,.!frame.!entry
demo_session_08,26,1786094392.8131328,move,252,350,.!frame.!entry
demo_session_08,26,1786094392.8631327,move,228,339,.!frame.!entry
demo_session_08,26,1786094392.9131327,move,233,342,.!frame.!entry
demo_session_08,26,1786094392.9631326,move,231,337,.!frame.!entry
demo_session_08,26,1786094393.0131326,move,239,333,.!frame.!entry
demo_session_08,26,1786094393.0631325,move,248,335,.!frame.!entry
demo_session_08,26,1786094393.1131325,move,243,330,.!frame.!entry
demo_session_08,26,1786094393.1631324,move,264,346,.!frame.!entry
demo_session_08,26,1786094393.2131324,move,254,335,.!frame.!entry
demo_session_08,26,1786094393.2631323,move,244,334,.!frame.!entry
demo_session_08,26,1786094393.3131323,move,249,339,.!frame.!entry
demo_session_08,26,1786094393.3631322,move,256,340,.!frame.!entry
demo_session_08,26,1786094393.4131322,move,253,326,.!frame.!entry
demo_session_08,26,1786094393.4631321,move,261,335,.!frame.!entry
demo_session_08,26,1786094393.513132,move,286,341,.!frame.!entry
demo_session_08,26,1786094393.563132,move,245,319,.!frame.!entry
demo_session_08,26,1786094393.613132,move,259,322,.!frame.!entry
demo_session_08,26,1786094393.663132,move,274,329,.!frame.!entry
demo_session_08,26,1786094393.713132,move,282,338,.!frame.!entry
demo_session_08,26,1786094393.7631319,move,268,332,.!frame.!entry
demo_session_08,26,1786094393.8131318,move,280,329,.!frame.!entry
demo_session_08,26,1786094393.8631318,move,275,333,.!frame.!entry
demo_session_08,26,1786094393.9131317,move,272,328,.!frame.!entry
demo_session_08,26,1786094393.9631317,move,287,321,.!frame.!entry
demo_session_08,26,1786094394.0131316,move,287,334,.!frame.!entry
demo_session_08,26,1786094394.0631316,move,286,331,.!frame.!entry
demo_session_08,26,1786094394.1131315,move,267,326,.!frame.!entry
demo_session_08,26,1786094394.1631315,move,279,327,.!frame.!entry
demo_session_08,26,1786094394.2131314,move,289,324,.!frame.!entry
demo_session_08,26,1786094394.2631314,move,299,322,.!frame.!entry
demo_session_08,26,1786094394.3131313,move,281,333,.!frame.!entry
demo_session_08,26,1786094394.3631313,move,282,334,.!frame.!entry
demo_session_08,26,1786094394.4131312,move,294,320,.!frame.!entry
demo_session_08,26,1786094394.4631312,move,299,326,.!frame.!entry
demo_session_08,26,1786094394.5131311,move,290,324,.!frame.!entry
demo_session_08,26,1786094394.563131,move,304,331,.!frame.!entry
demo_session_08,26,1786094394.613131,move,307,319,.!frame.!button
demo_session_08,26,1786094394.663131,move,296,321,.!frame.!button
demo_session_08,26,1786094394.713131,move,298,324,.!frame.!button
demo_session_08,26,1786094394.763131,move,312,329,.!frame.!button
demo_session_08,26,1786094394.8131309,move,306,325,.!frame.!button
demo_session_08,26,1786094394.8631308,move,317,315,.!frame.!button
demo_session_08,26,1786094394.9131308,move,306,311,.!frame.!button
demo_session_08,26,1786094394.9631307,move,308,334,.!frame.!button
demo_session_08,26,1786094395.0131307,move,307,321,.!frame.!button
demo_session_08,26,1786094395.0631306,move,323,322,.!frame.!button
demo_session_08,26,1786094395.1131306,move,321,321,.!frame.!button
demo_session_08,26,1786094395.1631305,move,312,334,.!frame.!button
demo_session_08,26,1786094395.2131305,move,325,312,.!frame.!button
demo_session_08,26,1786094395.2631304,move,312,318,.!frame.!button
demo_session_08,26,1786094395.3131304,move,328,320,.!frame.!button
demo_session_08,26,1786094395.3631303,move,322,340,.!frame.!button
demo_session_08,26,1786094395.4131303,move,321,326,.!frame.!button
demo_session_08,26,1786094395.4631302,move,320,328,.!frame.!button
demo_session_08,26,1786094395.5131302,move,330,332,.!frame.!button
demo_session_08,26,1786094395.5631301,move,324,321,.!frame.!button
demo_session_08,26,1786094395.61313,move,341,337,.!frame.!button
demo_session_08,26,1786094395.66313,move,314,315,.!frame.!button
demo_session_08,26,1786094395.71313,move,348,326,.!frame.!button
demo_session_08,26,1786094395.76313,move,346,323,.!frame.!button
demo_session_08,26,1786094395.81313,move,354,330,.!frame.!button
demo_session_08,26,1786094395.8631299,move,344,324,.!frame.!button
demo_session_08,26,1786094395.9131298,move,348,315,.!frame.!button
demo_session_08,26,1786094395.9631298,move,333,313,.!frame.!button
demo_session_08,26,1786094396.0131297,move,346,328,.!frame.!button
demo_session_08,26,1786094396.0631297,move,355,316,.!frame.!button
demo_session_08,26,1786094396.1587105,click,352,322,.!frame.!button
demo_session_08,27,1786094396.1587105,move,159,345,.!frame.!entry
demo_session_08,27,1786094396.2087104,move,163,359,.!frame.!entry
demo_session_08,27,1786094396.2587104,move,155,340,.!frame.!entry
demo_session_08,27,1786094396.3087103,move,141,361,.!frame.!entry
demo_session_08,27,1786094396.3587103,move,175,340,.!frame.!entry
demo_session_08,27,1786094396.4087102,move,178,357,.!frame.!entry
demo_session_08,27,1786094396.4587102,move,178,345,.!frame.!entry
demo_session_08,27,1786094396.5087101,move,172,349,.!frame.!entry
demo_session_08,27,1786094396.55871,move,183,353,.!frame.!entry
demo_session_08,27,1786094396.60871,move,181,347,.!frame.!entry
demo_session_08,27,1786094396.65871,move,188,351,.!frame.!entry
demo_session_08,27,1786094396.70871,move,185,345,.!frame.!entry
demo_session_08,27,1786094396.75871,move,178,349,.!frame.!entry
demo_session_08,27,1786094396.8087099,move,201,340,.!frame.!entry
demo_session_08,27,1786094396.8587098,move,183,348,.!frame.!entry
demo_session_08,27,1786094396.9087098,move,191,353,.!frame.!entry
demo_session_08,27,1786094396.9587097,move,198,351,.!frame.!entry
demo_session_08,27,1786094397.0087097,move,201,342,.!frame.!entry
demo_session_08,27,1786094397.0587096,move,182,348,.!frame.!entry
demo_session_08,27,1786094397.1087096,move,195,353,.!frame.!entry
demo_session_08,27,1786094397.1587095,move,186,333,.!frame.!entry
demo_session_08,27,1786094397.2087095,move,193,339,.!frame.!entry
demo_session_08,27,1786094397.2587094,move,201,337,.!frame.!entry
demo_session_08,27,1786094397.3087094,move,208,347,.!frame.!entry
demo_session_08,27,1786094397.3587093,move,198,350,.!frame.!entry
demo_session_08,27,1786094397.4087093,move,194,334,.!frame.!entry
demo_session_08,27,1786094397.4587092,move,202,337,.!frame.!entry
demo_session_08,27,1786094397.5087092,move,200,334,.!frame.!entry
demo_session_08,27,1786094397.5587091,move,204,339,.!frame.!entry
demo_session_08,27,1786094397.608709,move,223,329,.!frame.!entry
demo_session_08,27,1786094397.658709,move,227,341,.!frame.!entry
demo_session_08,27,1786094397.708709,move,224,356,.!frame.!entry
demo_session_08,27,1786094397.758709,move,215,335,.!frame.!entry
demo_session_08,27,1786094397.808709,move,224,343,.!frame.!entry
demo_session_08,27,1786094397.8587089,move,222,353,.!frame.!entry
demo_session_08,27,1786094397.9087088,move,210,336,.!frame.!entry
demo_session_08,27,1786094397.9587088,move,226,337,.!frame.!entry
demo_session_08,27,1786094398.0087087,move,228,347,.!frame.!entry
demo_session_08,27,1786094398.0587087,move,226,327,.!frame.!entry
demo_session_08,27,1786094398.1087086,move,225,334,.!frame.!entry
demo_session_08,27,1786094398.1587086,move,234,336,.!frame.!entry
demo_session_08,27,1786094398.2087085,move,229,339,.!frame.!entry
demo_session_08,27,1786094398.2587085,move,234,356,.!frame.!entry
demo_session_08,27,1786094398.3087084,move,222,344,.!frame.!entry
demo_session_08,27,1786094398.3587084,move,247,348,.!frame.!entry
demo_session_08,27,1786094398.4087083,move,237,323,.!frame.!entry
demo_session_08,27,1786094398.4587083,move,243,337,.!frame.!entry
demo_session_08,27,1786094398.5087082,move,240,346,.!frame.!entry
demo_session_08,27,1786094398.5587082,move,237,332,.!frame.!entry
demo_session_08,27,1786094398.6087081,move,249,336,.!frame.!entry
demo_session_08,27,1786094398.658708,move,246,345,.!frame.!entry
demo_session_08,27,1786094398.708708,move,234,337,.!frame.!entry
demo_session_08,27,1786094398.758708,move,254,322,.!frame.!entry
demo_session_08,27,1786094398.808708,move,258,338,.!frame.!entry
demo_session_08,27,1786094398.858708,move,252,334,.!frame.!entry
demo_session_08,27,1786094398.9087079,move,260,331,.!frame.!entry
demo_session_08,27,1786094398.9587078,move,276,333,.!frame.!entry
demo_session_08,27,1786094399.0087078,move,254,333,.!frame.!entry
demo_session_08,27,1786094399.0587077,move,271,343,.!frame.!entry
demo_session_08,27,1786094399.1087077,move,258,319,.!frame.!entry
demo_session_08,27,1786094399.1587076,move,267,340,.!frame.!entry
demo_session_08,27,1786094399.2087076,move,276,342,.!frame.!entry
demo_session_08,27,1786094399.2587075,move,266,317,.!frame.!entry
demo_session_08,27,1786094399.3087075,move,279,346,.!frame.!entry
demo_session_08,27,1786094399.3587074,move,276,335,.!frame.!entry
demo_session_08,27,1786094399.4087074,move,277,322,.!frame.!entry
demo_session_08,27,1786094399.4587073,move,267,329,.!frame.!entry
demo_session_08,27,1786094399.5087073,move,281,336,.!frame.!entry
demo_session_08,27,1786094399.5587072,move,268,333,.!frame.!entry
demo_session_08,27,1786094399.6087072,move,286,341,.!frame.!entry
demo_session_08,27,1786094399.6587071,move,275,336,.!frame.!entry
demo_session_08,27,1786094399.708707,move,280,327,.!frame.!entry
demo_session_08,27,1786094399.758707,move,293,321,.!frame.!entry
demo_session_08,27,1786094399.808707,move,294,326,.!frame.!entry
demo_session_08,27,1786094399.858707,move,293,334,.!frame.!entry
demo_session_08,27,1786094399.908707,move,292,332,.!frame.!entry
demo_session_08,27,1786094399.9587069,move,290,337,.!frame.!entry
demo_session_08,27,1786094400.0087068,move,291,327,.!frame.!entry
demo_session_08,27,1786094400.0587068,move,288,315,.!frame.!entry
demo_session_08,27,1786094400.1087067,move,292,328,.!frame.!button
demo_session_08,27,1786094400.1587067,move,308,333,.!frame.!button
demo_session_08,27,1786094400.2087066,move,299,344,.!frame.!button
demo_session_08,27,1786094400.2587066,move,292,323,.!frame.!button
demo_session_08,27,1786094400.3087065,move,304,331,.!frame.!button
demo_session_08,27,1786094400.3587065,move,314,336,.!frame.!button
demo_session_08,27,1786094400.4087064,move,303,337,.!frame.!button
demo_session_08,27,1786094400.4587064,move,300,323,.!frame.!button
demo_session_08,27,1786094400.5087063,move,306,324,.!frame.!button
demo_session_08,27,1786094400.5587063,move,315,329,.!frame.!button
demo_session_08,27,1786094400.6087062,move,297,325,.!frame.!button
demo_session_08,27,1786094400.6587062,move,320,326,.!frame.!button
demo_session_08,27,1786094400.7087061,move,307,315,.!frame.!button
demo_session_08,27,1786094400.758706,move,338,326,.!frame.!button
demo_session_08,27,1786094400.808706,move,319,327,.!frame.!button
demo_session_08,27,1786094400.858706,move,299,330,.!frame.!button
demo_session_08,27,1786094400.908706,move,325,314,.!frame.!button
demo_session_08,27,1786094400.958706,move,317,313,.!frame.!button
demo_session_08,27,1786094401.0087059,move,323,321,.!frame.!button
demo_session_08,27,1786094401.0587058,move,324,322,.!frame.!button
demo_session_08,27,1786094401.1087058,move,335,330,.!frame.!button
demo_session_08,27,1786094401.1587057,move,327,318,.!frame.!button
demo_session_08,27,1786094401.2087057,move,329,326,.!frame.!button
demo_session_08,27,1786094401.2587056,move,332,323,.!frame.!button
demo_session_08,27,1786094401.3087056,move,334,319,.!frame.!button
demo_session_08,27,1786094401.3587055,move,325,323,.!frame.!button
demo_session_08,27,1786094401.4087055,move,326,317,.!frame.!button
demo_session_08,27,1786094401.4587054,move,343,310,.!frame.!button
demo_session_08,27,1786094401.5087054,move,345,322,.!frame.!button
demo_session_08,27,1786094401.5587053,move,349,321,.!frame.!button
demo_session_08,27,1786094401.6087053,move,351,318,.!frame.!button
demo_session_08,27,1786094401.6587052,move,346,315,.!frame.!button
demo_session_08,27,1786094401.7087052,move,351,325,.!frame.!button
demo_session_08,27,1786094401.7587051,move,365,326,.!frame.!button
demo_session_08,27,1786094401.823768,click,355,325,.!frame.!button
demo_session_08,28,1786094401.823768,move,448,117,.!frame.!entry
demo_session_08,28,1786094401.8737679,move,418,110,.!frame.!entry
demo_session_08,28,1786094401.9237678,move,416,123,.!frame.!entry
demo_session_08,28,1786094401.9737678,move,436,126,.!frame.!entry
demo_session_08,28,1786094402.0237677,move,441,113,.!frame.!entry
demo_session_08,28,1786094402.0737677,move,432,123,.!frame.!entry
demo_session_08,28,1786094402.1237676,move,426,140,.!frame.!entry
demo_session_08,28,1786094402.1737676,move,430,119,.!frame.!entry
demo_session_08,28,1786094402.2237675,move,425,128,.!frame.!entry
demo_session_08,28,1786094402.2737675,move,439,142,.!frame.!entry
demo_session_08,28,1786094402.3237674,move,423,140,.!frame.!entry
demo_session_08,28,1786094402.3737674,move,417,130,.!frame.!entry
demo_session_08,28,1786094402.4237673,move,429,142,.!frame.!entry
demo_session_08,28,1786094402.4737673,move,420,154,.!frame.!entry
demo_session_08,28,1786094402.5237672,move,410,142,.!frame.!entry
demo_session_08,28,1786094402.5737672,move,422,145,.!frame.!entry
demo_session_08,28,1786094402.6237671,move,425,151,.!frame.!entry
demo_session_08,28,1786094402.673767,move,420,155,.!frame.!entry
demo_session_08,28,1786094402.723767,move,437,154,.!frame.!entry
demo_session_08,28,1786094402.773767,move,440,152,.!frame.!entry
demo_session_08,28,1786094402.823767,move,428,155,.!frame.!entry
demo_session_08,28,1786094402.873767,move,419,145,.!frame.!entry
demo_session_08,28,1786094402.9237669,move,424,155,.!frame.!entry
demo_session_08,28,1786094402.9737668,move,417,170,.!frame.!entry
demo_session_08,28,1786094403.0237668,move,418,156,.!frame.!entry
demo_session_08,28,1786094403.0737667,move,412,163,.!frame.!entry
demo_session_08,28,1786094403.1237667,move,406,160,.!frame.!entry
demo_session_08,28,1786094403.1737666,move,416,176,.!frame.!entry
demo_session_08,28,1786094403.2237666,move,410,150,.!frame.!entry
demo_session_08,28,1786094403.2737665,move,420,166,.!frame.!entry
demo_session_08,28,1786094403.3237665,move,428,165,.!frame.!entry
demo_session_08,28,1786094403.3737664,move,418,174,.!frame.!entry
demo_session_08,28,1786094403.4237664,move,408,163,.!frame.!entry
demo_session_08,28,1786094403.4737663,move,394,162,.!frame.!entry
demo_session_08,28,1786094403.5237663,move,403,184,.!frame.!entry
demo_session_08,28,1786094403.5737662,move,392,176,.!frame.!entry
demo_session_08,28,1786094403.6237662,move,408,180,.!frame.!entry
demo_session_08,28,1786094403.6737661,move,399,191,.!frame.!entry
demo_session_08,28,1786094403.723766,move,390,190,.!frame.!entry
demo_session_08,28,1786094403.773766,move,394,194,.!frame.!entry
demo_session_08,28,1786094403.823766,move,403,199,.!frame.!entry
demo_session_08,28,1786094403.873766,move,395,194,.!frame.!entry
demo_session_08,28,1786094403.923766,move,395,196,.!frame.!entry
demo_session_08,28,1786094403.9737659,move,398,203,.!frame.!entry
demo_session_08,28,1786094404.0237658,move,409,203,.!frame.!entry
demo_session_08,28,1786094404.0737658,move,400,195,.!frame.!entry
demo_session_08,28,1786094404.1237657,move,402,199,.!frame.!entry
demo_session_08,28,1786094404.1737657,move,380,209,.!frame.!entry
demo_session_08,28,1786094404.2237656,move,402,204,.!frame.!entry
demo_session_08,28,1786094404.2737656,move,380,214,.!frame.!entry
demo_session_08,28,1786094404.3237655,move,400,213,.!frame.!entry
demo_session_08,28,1786094404.3737655,move,402,205,.!frame.!entry
demo_session_08,28,1786094404.4237654,move,393,201,.!frame.!entry
demo_session_08,28,1786094404.4737654,move,398,208,.!frame.!entry
demo_session_08,28,1786094404.5237653,move,389,212,.!frame.!entry
demo_session_08,28,1786094404.5737653,move,388,216,.!frame.!entry
demo_session_08,28,1786094404.6237652,move,391,213,.!frame.!entry
demo_session_08,28,1786094404.6737652,move,392,212,.!frame.!entry
demo_session_08,28,1786094404.7237651,move,387,226,.!frame.!entry
demo_session_08,28,1786094404.773765,move,383,232,.!frame.!entry
demo_session_08,28,1786094404.823765,move,390,224,.!frame.!entry
demo_session_08,28,1786094404.873765,move,386,244,.!frame.!entry
demo_session_08,28,1786094404.923765,move,381,230,.!frame.!entry
demo_session_08,28,1786094404.973765,move,378,240,.!frame.!entry
demo_session_08,28,1786094405.0237648,move,393,221,.!frame.!entry
demo_session_08,28,1786094405.0737648,move,372,239,.!frame.!entry
demo_session_08,28,1786094405.1237648,move,378,243,.!frame.!entry
demo_session_08,28,1786094405.1737647,move,387,235,.!frame.!entry
demo_session_08,28,1786094405.2237647,move,380,240,.!frame.!entry
demo_session_08,28,1786094405.2737646,move,382,253,.!frame.!entry
demo_session_08,28,1786094405.3237646,move,380,238,.!frame.!entry
demo_session_08,28,1786094405.3737645,move,386,254,.!frame.!entry
demo_session_08,28,1786094405.4237645,move,380,250,.!frame.!entry
demo_session_08,28,1786094405.4737644,move,377,246,.!frame.!entry
demo_session_08,28,1786094405.5237644,move,373,246,.!frame.!entry
demo_session_08,28,1786094405.5737643,move,376,254,.!frame.!entry
demo_session_08,28,1786094405.6237643,move,378,264,.!frame.!entry
demo_session_08,28,1786094405.6737642,move,377,247,.!frame.!button
demo_session_08,28,1786094405.7237642,move,365,271,.!frame.!button
demo_session_08,28,1786094405.7737641,move,358,259,.!frame.!button
demo_session_08,28,1786094405.823764,move,384,263,.!frame.!button
demo_session_08,28,1786094405.873764,move,369,269,.!frame.!button
demo_session_08,28,1786094405.923764,move,377,267,.!frame.!button
demo_session_08,28,1786094405.973764,move,362,281,.!frame.!button
demo_session_08,28,1786094406.023764,move,368,274,.!frame.!button
demo_session_08,28,1786094406.0737638,move,371,265,.!frame.!button
demo_session_08,28,1786094406.1237638,move,362,285,.!frame.!button
demo_session_08,28,1786094406.1737638,move,365,280,.!frame.!button
demo_session_08,28,1786094406.2237637,move,390,281,.!frame.!button
demo_session_08,28,1786094406.2737637,move,376,288,.!frame.!button
demo_session_08,28,1786094406.3237636,move,368,284,.!frame.!button
demo_session_08,28,1786094406.3737636,move,367,293,.!frame.!button
demo_session_08,28,1786094406.4237635,move,365,286,.!frame.!button
demo_session_08,28,1786094406.4737635,move,367,290,.!frame.!button
demo_session_08,28,1786094406.5237634,move,360,294,.!frame.!button
demo_session_08,28,1786094406.5737634,move,375,287,.!frame.!button
demo_session_08,28,1786094406.6237633,move,359,303,.!frame.!button
demo_session_08,28,1786094406.6737633,move,366,299,.!frame.!button
demo_session_08,28,1786094406.7237632,move,366,301,.!frame.!button
demo_session_08,28,1786094406.7737632,move,357,299,.!frame.!button
demo_session_08,28,1786094406.8237631,move,357,286,.!frame.!button
demo_session_08,28,1786094406.873763,move,360,308,.!frame.!button
demo_session_08,28,1786094406.923763,move,353,291,.!frame.!button
demo_session_08,28,1786094406.973763,move,355,308,.!frame.!button
demo_session_08,28,1786094407.023763,move,348,302,.!frame.!button
demo_session_08,28,1786094407.073763,move,349,312,.!frame.!button
demo_session_08,28,1786094407.1237628,move,356,313,.!frame.!button
demo_session_08,28,1786094407.1737628,move,350,318,.!frame.!button
demo_session_08,28,1786094407.2237628,move,340,323,.!frame.!button
demo_session_08,28,1786094407.2737627,move,343,313,.!frame.!button
demo_session_08,28,1786094407.3237627,move,352,326,.!frame.!button
demo_session_08,28,1786094407.3889291,click,357,327,.!frame.!button
demo_session_08,29,1786094407.3889291,move,498,331,.!frame.!entry
demo_session_08,29,1786094407.438929,move,475,339,.!frame.!entry
demo_session_08,29,1786094407.488929,move,468,335,.!frame.!entry
demo_session_08,29,1786094407.538929,move,479,329,.!frame.!entry
demo_session_08,29,1786094407.588929,move,480,337,.!frame.!entry
demo_session_08,29,1786094407.638929,move,466,351,.!frame.!entry
demo_session_08,29,1786094407.6889288,move,480,324,.!frame.!entry
demo_session_08,29,1786094407.7389288,move,466,329,.!frame.!entry
demo_session_08,29,1786094407.7889287,move,457,324,.!frame.!entry
demo_session_08,29,1786094407.8389287,move,474,336,.!frame.!entry
demo_session_08,29,1786094407.8889287,move,485,305,.!frame.!entry
demo_session_08,29,1786094407.9389286,move,468,340,.!frame.!entry
demo_session_08,29,1786094407.9889286,move,469,340,.!frame.!entry
demo_session_08,29,1786094408.0389285,move,458,346,.!frame.!entry
demo_session_08,29,1786094408.0889285,move,464,327,.!frame.!entry
demo_session_08,29,1786094408.1389284,move,463,331,.!frame.!entry
demo_session_08,29,1786094408.1889284,move,460,330,.!frame.!entry
demo_session_08,29,1786094408.2389283,move,457,325,.!frame.!entry
demo_session_08,29,1786094408.2889283,move,457,327,.!frame.!entry
demo_session_08,29,1786094408.3389282,move,457,332,.!frame.!entry
demo_session_08,29,1786094408.3889282,move,465,343,.!frame.!entry
demo_session_08,29,1786094408.4389281,move,454,317,.!frame.!entry
demo_session_08,29,1786094408.488928,move,462,332,.!frame.!entry
demo_session_08,29,1786094408.538928,move,450,324,.!frame.!entry
demo_session_08,29,1786094408.588928,move,446,329,.!frame.!entry
demo_session_08,29,1786094408.638928,move,455,332,.!frame.!entry
demo_session_08,29,1786094408.688928,move,444,345,.!frame.!entry
demo_session_08,29,1786094408.7389278,move,454,337,.!frame.!entry
demo_session_08,29,1786094408.7889278,move,443,337,.!frame.!entry
demo_session_08,29,1786094408.8389277,move,459,325,.!frame.!entry
demo_session_08,29,1786094408.8889277,move,453,323,.!frame.!entry
demo_session_08,29,1786094408.9389277,move,438,326,.!frame.!entry
demo_session_08,29,1786094408.9889276,move,452,319,.!frame.!entry
demo_session_08,29,1786094409.0389276,move,458,317,.!frame.!entry
demo_session_08,29,1786094409.0889275,move,460,326,.!frame.!entry
demo_session_08,29,1786094409.1389275,move,452,329,.!frame.!entry
demo_session_08,29,1786094409.1889274,move,456,330,.!frame.!entry
demo_session_08,29,1786094409.2389274,move,449,324,.!frame.!entry
demo_session_08,29,1786094409.2889273,move,437,323,.!frame.!entry
demo_session_08,29,1786094409.3389273,move,446,333,.!frame.!entry
demo_session_08,29,1786094409.3889272,move,438,335,.!frame.!entry
demo_session_08,29,1786094409.4389272,move,426,331,.!frame.!entry
demo_session_08,29,1786094409.4889271,move,442,322,.!frame.!entry
demo_session_08,29,1786094409.538927,move,429,331,.!frame.!entry
demo_session_08,29,1786094409.588927,move,430,330,.!frame.!entry
demo_session_08,29,1786094409.638927,move,427,332,.!frame.!entry
demo_session_08,29,1786094409.688927,move,435,332,.!frame.!entry
demo_session_08,29,1786094409.738927,move,434,332,.!frame.!entry
demo_session_08,29,1786094409.7889268,move,444,323,.!frame.!entry
demo_session_08,29,1786094409.8389268,move,418,309,.!frame.!entry
demo_session_08,29,1786094409.8889267,move,435,333,.!frame.!entry
demo_session_08,29,1786094409.9389267,move,432,333,.!frame.!entry
demo_session_08,29,1786094409.9889266,move,426,322,.!frame.!entry
demo_session_08,29,1786094410.0389266,move,427,329,.!frame.!entry
demo_session_08,29,1786094410.0889266,move,424,322,.!frame.!entry
demo_session_08,29,1786094410.1389265,move,431,327,.!frame.!entry
demo_session_08,29,1786094410.1889265,move,420,333,.!frame.!entry
demo_session_08,29,1786094410.2389264,move,426,320,.!frame.!entry
demo_session_08,29,1786094410.2889264,move,428,333,.!frame.!entry
demo_session_08,29,1786094410.3389263,move,404,343,.!frame.!entry
demo_session_08,29,1786094410.3889263,move,429,328,.!frame.!entry
demo_session_08,29,1786094410.4389262,move,418,336,.!frame.!entry
demo_session_08,29,1786094410.4889262,move,416,327,.!frame.!entry
demo_session_08,29,1786094410.5389261,move,425,326,.!frame.!entry
demo_session_08,29,1786094410.588926,move,411,331,.!frame.!entry
demo_session_08,29,1786094410.638926,move,414,317,.!frame.!entry
demo_session_08,29,1786094410.688926,move,417,309,.!frame.!entry
demo_session_08,29,1786094410.738926,move,415,327,.!frame.!entry
demo_session_08,29,1786094410.788926,move,424,311,.!frame.!entry
demo_session_08,29,1786094410.8389258,move,389,323,.!frame.!entry
demo_session_08,29,1786094410.8889258,move,412,314,.!frame.!entry
demo_session_08,29,1786094410.9389257,move,413,323,.!frame.!entry
demo_session_08,29,1786094410.9889257,move,415,337,.!frame.!entry
demo_session_08,29,1786094411.0389256,move,415,334,.!frame.!entry
demo_session_08,29,1786094411.0889256,move,419,313,.!frame.!entry
demo_session_08,29,1786094411.1389256,move,407,316,.!frame.!entry
demo_session_08,29,1786094411.1889255,move,413,313,.!frame.!entry
demo_session_08,29,1786094411.2389255,move,406,331,.!frame.!entry
demo_session_08,29,1786094411.2889254,move,400,339,.!frame.!entry
demo_session_08,29,1786094411.3389254,move,407,330,.!frame.!entry
demo_session_08,29,1786094411.3889253,move,400,309,.!frame.!entry
demo_session_08,29,1786094411.4389253,move,400,317,.!frame.!entry
demo_session_08,29,1786094411.4889252,move,392,331,.!frame.!entry
demo_session_08,29,1786094411.5389252,move,409,316,.!frame.!entry
demo_session_08,29,1786094411.5889251,move,386,329,.!frame.!entry
demo_session_08,29,1786094411.638925,move,389,332,.!frame.!entry
demo_session_08,29,1786094411.688925,move,396,336,.!frame.!entry
demo_session_08,29,1786094411.738925,move,396,336,.!frame.!entry
demo_session_08,29,1786094411.788925,move,396,322,.!frame.!entry
demo_session_08,29,1786094411.838925,move,392,328,.!frame.!entry
demo_session_08,29,1786094411.8889248,move,394,315,.!frame.!entry
demo_session_08,29,1786094411.9389248,move,387,326,.!frame.!entry
demo_session_08,29,1786094411.9889247,move,390,307,.!frame.!entry
demo_session_08,29,1786094412.0389247,move,381,326,.!frame.!entry
demo_session_08,29,1786094412.0889246,move,390,320,.!frame.!button
demo_session_08,29,1786094412.1389246,move,388,319,.!frame.!button
demo_session_08,29,1786094412.1889246,move,364,321,.!frame.!button
demo_session_08,29,1786094412.2389245,move,388,337,.!frame.!button
demo_session_08,29,1786094412.2889245,move,391,325,.!frame.!button
demo_session_08,29,1786094412.3389244,move,385,332,.!frame.!button
demo_session_08,29,1786094412.3889244,move,381,310,.!frame.!button
demo_session_08,29,1786094412.4389243,move,375,320,.!frame.!button
demo_session_08,29,1786094412.4889243,move,385,319,.!frame.!button
demo_session_08,29,1786094412.5389242,move,371,333,.!frame.!button
demo_session_08,29,1786094412.5889242,move,373,316,.!frame.!button
demo_session_08,29,1786094412.6389241,move,372,331,.!frame.!button
demo_session_08,29,1786094412.688924,move,362,309,.!frame.!button
demo_session_08,29,1786094412.738924,move,375,319,.!frame.!button
demo_session_08,29,1786094412.788924,move,393,323,.!frame.!button
demo_session_08,29,1786094412.838924,move,383,328,.!frame.!button
demo_session_08,29,1786094412.888924,move,352,325,.!frame.!button
demo_session_08,29,1786094412.9389238,move,373,335,.!frame.!button
demo_session_08,29,1786094412.9889238,move,380,325,.!frame.!button
demo_session_08,29,1786094413.0389237,move,373,319,.!frame.!button
demo_session_08,29,1786094413.0889237,move,369,336,.!frame.!button
demo_session_08,29,1786094413.1389236,move,349,320,.!frame.!button
demo_session_08,29,1786094413.1889236,move,372,322,.!frame.!button
demo_session_08,29,1786094413.2389235,move,370,305,.!frame.!button
demo_session_08,29,1786094413.2889235,move,365,320,.!frame.!button
demo_session_08,29,1786094413.3389235,move,366,317,.!frame.!button
demo_session_08,29,1786094413.3889234,move,353,297,.!frame.!button
demo_session_08,29,1786094413.4389234,move,365,323,.!frame.!button
demo_session_08,29,1786094413.4889233,move,364,318,.!frame.!button
demo_session_08,29,1786094413.5389233,move,348,329,.!frame.!button
demo_session_08,29,1786094413.5889232,move,366,317,.!frame.!button
demo_session_08,29,1786094413.6389232,move,362,326,.!frame.!button
demo_session_08,29,1786094413.6889231,move,350,327,.!frame.!button
demo_session_08,29,1786094413.738923,move,356,325,.!frame.!button
demo_session_08,29,1786094413.788923,move,351,327,.!frame.!button
demo_session_08,29,1786094413.838923,move,370,320,.!frame.!button
demo_session_08,29,1786094413.888923,move,357,327,.!frame.!button
demo_session_08,29,1786094413.938923,move,341,319,.!frame.!button
demo_session_08,29,1786094413.9889228,move,349,316,.!frame.!button
demo_session_08,29,1786094414.0389228,move,341,318,.!frame.!button
demo_session_08,29,1786094414.0889227,move,338,323,.!frame.!button
demo_session_08,29,1786094414.1853552,click,350,320,.!frame.!button
demo_session_08,30,1786094414.1853552,move,608,185,.!frame.!entry
demo_session_08,30,1786094414.2353551,move,585,208,.!frame.!entry
demo_session_08,30,1786094414.285355,move,590,216,.!frame.!entry
demo_session_08,30,1786094414.335355,move,596,194,.!frame.!entry
demo_session_08,30,1786094414.385355,move,601,213,.!frame.!entry
demo_session_08,30,1786094414.435355,move,589,205,.!frame.!entry
demo_session_08,30,1786094414.485355,move,588,215,.!frame.!entry
demo_session_08,30,1786094414.5353549,move,576,202,.!frame.!entry
demo_session_08,30,1786094414.5853548,move,579,216,.!frame.!entry
demo_session_08,30,1786094414.6353548,move,547,211,.!frame.!entry
demo_session_08,30,1786094414.6853547,move,561,204,.!frame.!entry
demo_session_08,30,1786094414.7353547,move,570,202,.!frame.!entry
demo_session_08,30,1786094414.7853546,move,567,209,.!frame.!entry
demo_session_08,30,1786094414.8353546,move,558,202,.!frame.!entry
demo_session_08,30,1786094414.8853545,move,557,205,.!frame.!entry
demo_session_08,30,1786094414.9353545,move,555,224,.!frame.!entry
demo_session_08,30,1786094414.9853544,move,550,204,.!frame.!entry
demo_session_08,30,1786094415.0353544,move,555,226,.!frame.!entry
demo_session_08,30,1786094415.0853543,move,555,222,.!frame.!entry
demo_session_08,30,1786094415.1353543,move,544,222,.!frame.!entry
demo_session_08,30,1786094415.1853542,move,546,232,.!frame.!entry
demo_session_08,30,1786094415.2353542,move,551,223,.!frame.!entry
demo_session_08,30,1786094415.2853541,move,555,229,.!frame.!entry
demo_session_08,30,1786094415.335354,move,541,221,.!frame.!entry
demo_session_08,30,1786094415.385354,move,539,231,.!frame.!entry
demo_session_08,30,1786094415.435354,move,537,224,.!frame.!entry
demo_session_08,30,1786094415.485354,move,533,230,.!frame.!entry
demo_session_08,30,1786094415.535354,move,529,233,.!frame.!entry
demo_session_08,30,1786094415.5853539,move,526,212,.!frame.!entry
demo_session_08,30,1786094415.6353538,move,529,225,.!frame.!entry
demo_session_08,30,1786094415.6853538,move,525,229,.!frame.!entry
demo_session_08,30,1786094415.7353537,move,526,231,.!frame.!entry
demo_session_08,30,1786094415.7853537,move,534,232,.!frame.!entry
demo_session_08,30,1786094415.8353536,move,517,240,.!frame.!entry
demo_session_08,30,1786094415.8853536,move,516,259,.!frame.!entry
demo_session_08,30,1786094415.9353535,move,516,237,.!frame.!entry
demo_session_08,30,1786094415.9853535,move,526,234,.!frame.!entry
demo_session_08,30,1786094416.0353534,move,509,241,.!frame.!entry
demo_session_08,30,1786094416.0853534,move,522,241,.!frame.!entry
demo_session_08,30,1786094416.1353533,move,511,232,.!frame.!entry
demo_session_08,30,1786094416.1853533,move,498,229,.!frame.!entry
demo_session_08,30,1786094416.2353532,move,512,251,.!frame.!entry
demo_session_08,30,1786094416.2853532,move,494,247,.!frame.!entry
demo_session_08,30,1786094416.3353531,move,486,240,.!frame.!entry
demo_session_08,30,1786094416.385353,move,513,251,.!frame.!entry
demo_session_08,30,1786094416.435353,move,493,237,.!frame.!entry
demo_session_08,30,1786094416.485353,move,504,238,.!frame.!entry
demo_session_08,30,1786094416.535353,move,490,249,.!frame.!entry
demo_session_08,30,1786094416.585353,move,480,254,.!frame.!entry
demo_session_08,30,1786094416.6353528,move,501,246,.!frame.!entry
demo_session_08,30,1786094416.6853528,move,463,254,.!frame.!entry
demo_session_08,30,1786094416.7353528,move,494,249,.!frame.!entry
demo_session_08,30,1786094416.7853527,move,480,253,.!frame.!entry
demo_session_08,30,1786094416.8353527,move,473,262,.!frame.!entry
demo_session_08,30,1786094416.8853526,move,466,258,.!frame.!entry
demo_session_08,30,1786094416.9353526,move,471,246,.!frame.!entry
demo_session_08,30,1786094416.9853525,move,473,244,.!frame.!entry
demo_session_08,30,1786094417.0353525,move,468,263,.!frame.!entry
demo_session_08,30,1786094417.0853524,move,456,256,.!frame.!entry
demo_session_08,30,1786094417.1353524,move,472,262,.!frame.!entry
demo_session_08,30,1786094417.1853523,move,461,272,.!frame.!entry
demo_session_08,30,1786094417.2353523,move,455,253,.!frame.!entry
demo_session_08,30,1786094417.2853522,move,472,277,.!frame.!entry
demo_session_08,30,1786094417.3353522,move,457,257,.!frame.!entry
demo_session_08,30,1786094417.3853521,move,452,274,.!frame.!entry
demo_session_08,30,1786094417.435352,move,453,276,.!frame.!entry
demo_session_08,30,1786094417.485352,move,440,257,.!frame.!entry
demo_session_08,30,1786094417.535352,move,444,272,.!frame.!entry
demo_session_08,30,1786094417.585352,move,444,265,.!frame.!entry
demo_session_08,30,1786094417.635352,move,441,273,.!frame.!entry
demo_session_08,30,1786094417.6853518,move,446,277,.!frame.!entry
demo_session_08,30,1786094417.7353518,move,440,280,.!frame.!entry
demo_session_08,30,1786094417.7853518,move,449,280,.!frame.!entry
demo_session_08,30,1786094417.8353517,move,437,294,.!frame.!entry
demo_session_08,30,1786094417.8853517,move,444,273,.!frame.!entry
demo_session_08,30,1786094417.9353516,move,425,279,.!frame.!entry
demo_session_08,30,1786094417.9853516,move,427,285,.!frame.!entry
demo_session_08,30,1786094418.0353515,move,421,269,.!frame.!button
demo_session_08,30,1786094418.0853515,move,419,284,.!frame.!button
demo_session_08,30,1786094418.1353514,move,423,289,.!frame.!button
demo_session_08,30,1786094418.1853514,move,408,289,.!frame.!button
demo_session_08,30,1786094418.2353513,move,424,292,.!frame.!button
demo_session_08,30,1786094418.2853513,move,422,292,.!frame.!button
demo_session_08,30,1786094418.3353512,move,393,303,.!frame.!button
demo_session_08,30,1786094418.3853512,move,414,278,.!frame.!button
demo_session_08,30,1786094418.4353511,move,400,295,.!frame.!button
demo_session_08,30,1786094418.485351,move,407,298,.!frame.!button
demo_session_08,30,1786094418.535351,move,398,291,.!frame.!button
demo_session_08,30,1786094418.585351,move,392,293,.!frame.!button
demo_session_08,30,1786094418.635351,move,413,298,.!frame.!button
demo_session_08,30,1786094418.685351,move,394,296,.!frame.!button
demo_session_08,30,1786094418.7353508,move,407,305,.!frame.!button
demo_session_08,30,1786094418.7853508,move,389,301,.!frame.!button
demo_session_08,30,1786094418.8353508,move,388,306,.!frame.!button
demo_session_08,30,1786094418.8853507,move,385,297,.!frame.!button
demo_session_08,30,1786094418.9353507,move,386,294,.!frame.!button
demo_session_08,30,1786094418.9853506,move,364,313,.!frame.!button
demo_session_08,30,1786094419.0353506,move,379,294,.!frame.!button
demo_session_08,30,1786094419.0853505,move,374,294,.!frame.!button
demo_session_08,30,1786094419.1353505,move,365,312,.!frame.!button
demo_session_08,30,1786094419.1853504,move,378,307,.!frame.!button
demo_session_08,30,1786094419.2353504,move,360,300,.!frame.!button
demo_session_08,30,1786094419.2853503,move,368,291,.!frame.!button
demo_session_08,30,1786094419.3353503,move,373,307,.!frame.!button
demo_session_08,30,1786094419.3853502,move,365,304,.!frame.!button
demo_session_08,30,1786094419.4353502,move,363,323,.!frame.!button
demo_session_08,30,1786094419.4853501,move,349,305,.!frame.!button
demo_session_08,30,1786094419.53535,move,359,316,.!frame.!button
demo_session_08,30,1786094419.58535,move,373,315,.!frame.!button
demo_session_08,30,1786094419.63535,move,350,321,.!frame.!button
demo_session_08,30,1786094419.68535,move,355,324,.!frame.!button
demo_session_08,30,1786094419.7492132,click,350,320,.!frame.!button
demo_session_08,31,1786094419.7492132,move,395,154,.!frame.!entry
demo_session_08,31,1786094419.7992132,move,399,186,.!frame.!entry
demo_session_08,31,1786094419.8492131,move,402,171,.!frame.!entry
demo_session_08,31,1786094419.899213,move,398,177,.!frame.!entry
demo_session_08,31,1786094419.949213,move,412,183,.!frame.!entry
demo_session_08,31,1786094419.999213,move,394,185,.!frame.!entry
demo_session_08,31,1786094420.049213,move,398,185,.!frame.!entry
demo_session_08,31,1786094420.099213,move,401,176,.!frame.!entry
demo_session_08,31,1786094420.1492128,move,403,167,.!frame.!entry
demo_session_08,31,1786094420.1992128,move,424,183,.!frame.!entry
demo_session_08,31,1786094420.2492127,move,406,175,.!frame.!entry
demo_session_08,31,1786094420.2992127,move,388,194,.!frame.!entry
demo_session_08,31,1786094420.3492126,move,404,169,.!frame.!entry
demo_session_08,31,1786094420.3992126,move,398,199,.!frame.!entry
demo_session_08,31,1786094420.4492126,move,401,191,.!frame.!entry
demo_session_08,31,1786094420.4992125,move,406,191,.!frame.!entry
demo_session_08,31,1786094420.5492125,move,398,189,.!frame.!entry
demo_session_08,31,1786094420.5992124,move,403,194,.!frame.!entry
demo_session_08,31,1786094420.6492124,move,396,194,.!frame.!entry
demo_session_08,31,1786094420.6992123,move,388,189,.!frame.!entry
demo_session_08,31,1786094420.7492123,move,396,191,.!frame.!entry
demo_session_08,31,1786094420.7992122,move,405,185,.!frame.!entry
demo_session_08,31,1786094420.8492122,move,399,215,.!frame.!entry
demo_session_08,31,1786094420.8992121,move,389,193,.!frame.!entry
demo_session_08,31,1786094420.949212,move,410,204,.!frame.!entry
demo_session_08,31,1786094420.999212,move,397,199,.!frame.!entry
demo_session_08,31,1786094421.049212,move,399,209,.!frame.!entry
demo_session_08,31,1786094421.099212,move,382,200,.!frame.!entry
demo_session_08,31,1786094421.149212,move,403,200,.!frame.!entry
demo_session_08,31,1786094421.1992118,move,415,224,.!frame.!entry
demo_session_08,31,1786094421.2492118,move,380,210,.!frame.!entry
demo_session_08,31,1786094421.2992117,move,399,204,.!frame.!entry
demo_session_08,31,1786094421.3492117,move,391,210,.!frame.!entry
demo_session_08,31,1786094421.3992116,move,384,236,.!frame.!entry
demo_session_08,31,1786094421.4492116,move,392,215,.!frame.!entry
demo_session_08,31,1786094421.4992115,move,388,226,.!frame.!entry
demo_session_08,31,1786094421.5492115,move,398,210,.!frame.!entry
demo_session_08,31,1786094421.5992115,move,400,212,.!frame.!entry
demo_session_08,31,1786094421.6492114,move,397,221,.!frame.!entry
demo_session_08,31,1786094421.6992114,move,395,222,.!frame.!entry
demo_session_08,31,1786094421.7492113,move,382,209,.!frame.!entry
demo_session_08,31,1786094421.7992113,move,374,222,.!frame.!entry
demo_session_08,31,1786094421.8492112,move,391,228,.!frame.!entry
demo_session_08,31,1786094421.8992112,move,388,227,.!frame.!entry
demo_session_08,31,1786094421.9492111,move,402,227,.!frame.!entry
demo_session_08,31,1786094421.999211,move,375,223,.!frame.!entry
demo_session_08,31,1786094422.049211,move,395,219,.!frame.!entry
demo_session_08,31,1786094422.099211,move,371,251,.!frame.!entry
demo_session_08,31,1786094422.149211,move,379,236,.!frame.!entry
demo_session_08,31,1786094422.199211,move,371,233,.!frame.!entry
demo_session_08,31,1786094422.2492108,move,386,236,.!frame.!entry
demo_session_08,31,1786094422.2992108,move,393,217,.!frame.!entry
demo_session_08,31,1786094422.3492107,move,378,238,.!frame.!entry
demo_session_08,31,1786094422.3992107,move,384,235,.!frame.!entry
demo_session_08,31,1786094422.4492106,move,367,233,.!frame.!entry
demo_session_08,31,1786094422.4992106,move,384,251,.!frame.!entry
demo_session_08,31,1786094422.5492105,move,382,244,.!frame.!entry
demo_session_08,31,1786094422.5992105,move,387,234,.!frame.!entry
demo_session_08,31,1786094422.6492105,move,379,257,.!frame.!entry
demo_session_08,31,1786094422.6992104,move,392,260,.!frame.!entry
demo_session_08,31,1786094422.7492104,move,378,263,.!frame.!entry
demo_session_08,31,1786094422.7992103,move,375,234,.!frame.!entry
demo_session_08,31,1786094422.8492103,move,392,260,.!frame.!entry
demo_session_08,31,1786094422.8992102,move,392,269,.!frame.!entry
demo_session_08,31,1786094422.9492102,move,367,259,.!frame.!entry
demo_session_08,31,1786094422.9992101,move,358,252,.!frame.!entry
demo_session_08,31,1786094423.04921,move,378,258,.!frame.!entry
demo_session_08,31,1786094423.09921,move,365,250,.!frame.!entry
demo_session_08,31,1786094423.14921,move,374,267,.!frame.!entry
demo_session_08,31,1786094423.19921,move,373,250,.!frame.!entry
demo_session_08,31,1786094423.24921,move,367,262,.!frame.!entry
demo_session_08,31,1786094423.2992098,move,363,270,.!frame.!entry
demo_session_08,31,1786094423.3492098,move,372,266,.!frame.!entry
demo_session_08,31,1786094423.3992097,move,370,261,.!frame.!entry
demo_session_08,31,1786094423.4492097,move,372,268,.!frame.!entry
demo_session_08,31,1786094423.4992096,move,360,261,.!frame.!entry
demo_session_08,31,1786094423.5492096,move,365,275,.!frame.!button
demo_session_08,31,1786094423.5992095,move,365,290,.!frame.!button
demo_session_08,31,1786094423.6492095,move,377,281,.!frame.!button
demo_session_08,31,1786094423.6992095,move,369,265,.!frame.!button
demo_session_08,31,1786094423.7492094,move,370,275,.!frame.!button
demo_session_08,31,1786094423.7992094,move,369,293,.!frame.!button
demo_session_08,31,1786094423.8492093,move,347,280,.!frame.!button
demo_session_08,31,1786094423.8992093,move,361,285,.!frame.!button
demo_session_08,31,1786094423.9492092,move,357,282,.!frame.!button
demo_session_08,31,1786094423.9992092,move,368,290,.!frame.!button
demo_session_08,31,1786094424.049209,move,342,305,.!frame.!button
demo_session_08,31,1786094424.099209,move,363,307,.!frame.!button
demo_session_08,31,1786094424.149209,move,349,282,.!frame.!button
demo_session_08,31,1786094424.199209,move,357,265,.!frame.!button
demo_session_08,31,1786094424.249209,move,363,277,.!frame.!button
demo_session_08,31,1786094424.2992089,move,341,303,.!frame.!button
demo_session_08,31,1786094424.3492088,move,350,310,.!frame.!button
demo_session_08,31,1786094424.3992088,move,354,291,.!frame.!button
demo_session_08,31,1786094424.4492087,move,349,303,.!frame.!button
demo_session_08,31,1786094424.4992087,move,377,299,.!frame.!button
demo_session_08,31,1786094424.5492086,move,350,307,.!frame.!button
demo_session_08,31,1786094424.5992086,move,357,307,.!frame.!button
demo_session_08,31,1786094424.6492085,move,350,303,.!frame.!button
demo_session_08,31,1786094424.6992085,move,354,330,.!frame.!button
demo_session_08,31,1786094424.7492085,move,349,314,.!frame.!button
demo_session_08,31,1786094424.7992084,move,351,311,.!frame.!button
demo_session_08,31,1786094424.8492084,move,360,293,.!frame.!button
demo_session_08,31,1786094424.8992083,move,333,301,.!frame.!button
demo_session_08,31,1786094424.9492083,move,348,328,.!frame.!button
demo_session_08,31,1786094424.9992082,move,365,312,.!frame.!button
demo_session_08,31,1786094425.0492082,move,339,317,.!frame.!button
demo_session_08,31,1786094425.099208,move,349,315,.!frame.!button
demo_session_08,31,1786094425.149208,move,347,307,.!frame.!button
demo_session_08,31,1786094425.2059371,click,357,327,.!frame.!button
demo_session_08,32,1786094425.2059371,move,456,360,.!frame.!entry
demo_session_08,32,1786094425.255937,move,451,346,.!frame.!entry
demo_session_08,32,1786094425.305937,move,464,343,.!frame.!entry
demo_session_08,32,1786094425.355937,move,438,350,.!frame.!entry
demo_session_08,32,1786094425.405937,move,463,325,.!frame.!entry
demo_session_08,32,1786094425.455937,move,465,338,.!frame.!entry
demo_session_08,32,1786094425.5059369,move,448,350,.!frame.!entry
demo_session_08,32,1786094425.5559368,move,457,343,.!frame.!entry
demo_session_08,32,1786094425.6059368,move,448,352,.!frame.!entry
demo_session_08,32,1786094425.6559367,move,463,338,.!frame.!entry
demo_session_08,32,1786094425.7059367,move,450,336,.!frame.!entry
demo_session_08,32,1786094425.7559366,move,443,344,.!frame.!entry
demo_session_08,32,1786094425.8059366,move,453,349,.!frame.!entry
demo_session_08,32,1786094425.8559365,move,440,355,.!frame.!entry
demo_session_08,32,1786094425.9059365,move,443,340,.!frame.!entry
demo_session_08,32,1786094425.9559364,move,446,360,.!frame.!entry
demo_session_08,32,1786094426.0059364,move,445,352,.!frame.!entry
demo_session_08,32,1786094426.0559363,move,445,343,.!frame.!entry
demo_session_08,32,1786094426.1059363,move,450,346,.!frame.!entry
demo_session_08,32,1786094426.1559362,move,447,341,.!frame.!entry
demo_session_08,32,1786094426.2059362,move,432,330,.!frame.!entry
demo_session_08,32,1786094426.2559361,move,436,337,.!frame.!entry
demo_session_08,32,1786094426.305936,move,448,332,.!frame.!entry
demo_session_08,32,1786094426.355936,move,454,343,.!frame.!entry
demo_session_08,32,1786094426.405936,move,437,348,.!frame.!entry
demo_session_08,32,1786094426.455936,move,444,338,.!frame.!entry
demo_session_08,32,1786094426.505936,move,448,332,.!frame.!entry
demo_session_08,32,1786094426.5559359,move,436,351,.!frame.!entry
demo_session_08,32,1786094426.6059358,move,432,344,.!frame.!entry
demo_session_08,32,1786094426.6559358,move,425,334,.!frame.!entry
demo_session_08,32,1786094426.7059357,move,442,336,.!frame.!entry
demo_session_08,32,1786094426.7559357,move,425,338,.!frame.!entry
demo_session_08,32,1786094426.8059356,move,433,351,.!frame.!entry
demo_session_08,32,1786094426.8559356,move,437,353,.!frame.!entry
demo_session_08,32,1786094426.9059355,move,420,350,.!frame.!entry
demo_session_08,32,1786094426.9559355,move,422,343,.!frame.!entry
demo_session_08,32,1786094427.0059354,move,425,348,.!frame.!entry
demo_session_08,32,1786094427.0559354,move,416,345,.!frame.!entry
demo_session_08,32,1786094427.1059353,move,406,347,.!frame.!entry
demo_session_08,32,1786094427.1559353,move,425,332,.!frame.!entry
demo_session_08,32,1786094427.2059352,move,416,351,.!frame.!entry
demo_session_08,32,1786094427.2559352,move,432,341,.!frame.!entry
demo_session_08,32,1786094427.3059351,move,424,326,.!frame.!entry
demo_session_08,32,1786094427.355935,move,416,341,.!frame.!entry
demo_session_08,32,1786094427.405935,move,398,344,.!frame.!entry
demo_session_08,32,1786094427.455935,move,415,338,.!frame.!entry
demo_session_08,32,1786094427.505935,move,408,348,.!frame.!entry
demo_session_08,32,1786094427.555935,move,424,330,.!frame.!entry
demo_session_08,32,1786094427.6059349,move,420,349,.!frame.!entry
demo_session_08,32,1786094427.6559348,move,401,317,.!frame.!entry
demo_session_08,32,1786094427.7059348,move,411,338,.!frame.!entry
demo_session_08,32,1786094427.7559347,move,397,324,.!frame.!entry
demo_session_08,32,1786094427.8059347,move,405,339,.!frame.!entry
demo_session_08,32,1786094427.8559346,move,394,339,.!frame.!entry
demo_session_08,32,1786094427.9059346,move,405,347,.!frame.!entry
demo_session_08,32,1786094427.9559345,move,403,338,.!frame.!entry
demo_session_08,32,1786094428.0059345,move,397,327,.!frame.!entry
demo_session_08,32,1786094428.0559344,move,423,335,.!frame.!entry
demo_session_08,32,1786094428.1059344,move,398,312,.!frame.!entry
demo_session_08,32,1786094428.1559343,move,411,329,.!frame.!entry
demo_session_08,32,1786094428.2059343,move,415,326,.!frame.!entry
demo_session_08,32,1786094428.2559342,move,394,336,.!frame.!entry
demo_session_08,32,1786094428.3059342,move,395,344,.!frame.!entry
demo_session_08,32,1786094428.3559341,move,393,329,.!frame.!entry
demo_session_08,32,1786094428.405934,move,400,334,.!frame.!entry
demo_session_08,32,1786094428.455934,move,393,336,.!frame.!entry
demo_session_08,32,1786094428.505934,move,416,346,.!frame.!entry
demo_session_08,32,1786094428.555934,move,396,331,.!frame.!entry
demo_session_08,32,1786094428.605934,move,401,332,.!frame.!entry
demo_session_08,32,1786094428.6559339,move,375,327,.!frame.!entry
demo_session_08,32,1786094428.7059338,move,400,335,.!frame.!entry
demo_session_08,32,1786094428.7559338,move,391,340,.!frame.!entry
demo_session_08,32,1786094428.8059337,move,379,335,.!frame.!entry
demo_session_08,32,1786094428.8559337,move,389,334,.!frame.!entry
demo_session_08,32,1786094428.9059336,move,393,341,.!frame.!entry
demo_session_08,32,1786094428.9559336,move,381,334,.!frame.!entry
demo_session_08,32,1786094429.0059335,move,383,336,.!frame.!entry
demo_session_08,32,1786094429.0559335,move,376,326,.!frame.!entry
demo_session_08,32,1786094429.1059334,move,368,332,.!frame.!entry
demo_session_08,32,1786094429.1559334,move,367,335,.!frame.!entry
demo_session_08,32,1786094429.2059333,move,363,337,.!frame.!entry
demo_session_08,32,1786094429.2559333,move,397,329,.!frame.!entry
demo_session_08,32,1786094429.3059332,move,369,338,.!frame.!entry
demo_session_08,32,1786094429.3559332,move,370,327,.!frame.!button
demo_session_08,32,1786094429.4059331,move,383,327,.!frame.!button
demo_session_08,32,1786094429.455933,move,370,330,.!frame.!button
demo_session_08,32,1786094429.505933,move,386,320,.!frame.!button
demo_session_08,32,1786094429.555933,move,378,324,.!frame.!button
demo_session_08,32,1786094429.605933,move,379,328,.!frame.!button
demo_session_08,32,1786094429.655933,move,375,338,.!frame.!button
demo_session_08,32,1786094429.7059329,move,377,319,.!frame.!button
demo_session_08,32,1786094429.7559328,move,385,319,.!frame.!button
demo_session_08,32,1786094429.8059328,move,376,326,.!frame.!button
demo_session_08,32,1786094429.8559327,move,361,328,.!frame.!button
demo_session_08,32,1786094429.9059327,move,351,321,.!frame.!button
demo_session_08,32,1786094429.9559326,move,366,335,.!frame.!button
demo_session_08,32,1786094430.0059326,move,375,325,.!frame.!button
demo_session_08,32,1786094430.0559325,move,358,330,.!frame.!button
demo_session_08,32,1786094430.1059325,move,375,313,.!frame.!button
demo_session_08,32,1786094430.1559324,move,360,323,.!frame.!button
demo_session_08,32,1786094430.2059324,move,362,317,.!frame.!button
demo_session_08,32,1786094430.2559323,move,382,328,.!frame.!button
demo_session_08,32,1786094430.3059323,move,359,325,.!frame.!button
demo_session_08,32,1786094430.3559322,move,370,329,.!frame.!button
demo_session_08,32,1786094430.4059322,move,368,330,.!frame.!button
demo_session_08,32,1786094430.4559321,move,366,321,.!frame.!button
demo_session_08,32,1786094430.505932,move,375,318,.!frame.!button
demo_session_08,32,1786094430.555932,move,364,310,.!frame.!button
demo_session_08,32,1786094430.605932,move,352,314,.!frame.!button
demo_session_08,32,1786094430.655932,move,373,313,.!frame.!button
demo_session_08,32,1786094430.705932,move,349,312,.!frame.!button
demo_session_08,32,1786094430.7559319,move,362,306,.!frame.!button
demo_session_08,32,1786094430.8059318,move,348,325,.!frame.!button
demo_session_08,32,1786094430.8559318,move,374,326,.!frame.!button
demo_session_08,32,1786094430.9059317,move,342,316,.!frame.!button
demo_session_08,32,1786094430.9559317,move,358,318,.!frame.!button
demo_session_08,32,1786094431.0059316,move,359,326,.!frame.!button
demo_session_08,32,1786094431.0559316,move,359,308,.!frame.!button
demo_session_08,32,1786094431.1059315,move,350,311,.!frame.!button
demo_session_08,32,1786094431.16314,click,353,323,.!frame.!button
demo_session_08,33,1786094431.16314,move,585,348,.!frame.!entry
demo_session_08,33,1786094431.21314,move,574,341,.!frame.!entry
demo_session_08,33,1786094431.26314,move,576,356,.!frame.!entry
demo_session_08,33,1786094431.31314,move,568,332,.!frame.!entry
demo_session_08,33,1786094431.3631399,move,587,360,.!frame.!entry
demo_session_08,33,1786094431.4131398,move,585,360,.!frame.!entry
demo_session_08,33,1786094431.4631398,move,577,350,.!frame.!entry
demo_session_08,33,1786094431.5131397,move,561,346,.!frame.!entry
demo_session_08,33,1786094431.5631397,move,554,343,.!frame.!entry
demo_session_08,33,1786094431.6131396,move,558,349,.!frame.!entry
demo_session_08,33,1786094431.6631396,move,565,330,.!frame.!entry
demo_session_08,33,1786094431.7131395,move,557,343,.!frame.!entry
demo_session_08,33,1786094431.7631395,move,559,352,.!frame.!entry
demo_session_08,33,1786094431.8131394,move,557,362,.!frame.!entry
demo_session_08,33,1786094431.8631394,move,553,355,.!frame.!entry
demo_session_08,33,1786094431.9131393,move,549,354,.!frame.!entry
demo_session_08,33,1786094431.9631393,move,554,359,.!frame.!entry
demo_session_08,33,1786094432.0131392,move,532,350,.!frame.!entry
demo_session_08,33,1786094432.0631392,move,555,341,.!frame.!entry
demo_session_08,33,1786094432.1131392,move,537,347,.!frame.!entry
demo_session_08,33,1786094432.163139,move,533,332,.!frame.!entry
demo_session_08,33,1786094432.213139,move,533,341,.!frame.!entry
demo_session_08,33,1786094432.263139,move,537,346,.!frame.!entry
demo_session_08,33,1786094432.313139,move,560,339,.!frame.!entry
demo_session_08,33,1786094432.363139,move,539,343,.!frame.!entry
demo_session_08,33,1786094432.4131389,move,522,340,.!frame.!entry
demo_session_08,33,1786094432.4631388,move,523,338,.!frame.!entry
demo_session_08,33,1786094432.5131388,move,524,357,.!frame.!entry
demo_session_08,33,1786094432.5631387,move,517,347,.!frame.!entry
demo_session_08,33,1786094432.6131387,move,520,339,.!frame.!entry
demo_session_08,33,1786094432.6631386,move,503,347,.!frame.!entry
demo_session_08,33,1786094432.7131386,move,531,341,.!frame.!entry
demo_session_08,33,1786094432.7631385,move,518,335,.!frame.!entry
demo_session_08,33,1786094432.8131385,move,510,356,.!frame.!entry
demo_session_08,33,1786094432.8631384,move,514,344,.!frame.!entry
demo_session_08,33,1786094432.9131384,move,508,337,.!frame.!entry
demo_session_08,33,1786094432.9631383,move,513,342,.!frame.!entry
demo_session_08,33,1786094433.0131383,move,501,327,.!frame.!entry
demo_session_08,33,1786094433.0631382,move,505,350,.!frame.!entry
demo_session_08,33,1786094433.1131382,move,496,363,.!frame.!entry
demo_session_08,33,1786094433.1631382,move,508,346,.!frame.!entry
demo_session_08,33,1786094433.213138,move,484,348,.!frame.!entry
demo_session_08,33,1786094433.263138,move,492,339,.!frame.!entry
demo_session_08,33,1786094433.313138,move,488,351,.!frame.!entry
demo_session_08,33,1786094433.363138,move,501,328,.!frame.!entry
demo_session_08,33,1786094433.413138,move,474,343,.!frame.!entry
demo_session_08,33,1786094433.4631379,move,488,349,.!frame.!entry
demo_session_08,33,1786094433.5131378,move,491,325,.!frame.!entry
demo_session_08,33,1786094433.5631378,move,482,349,.!frame.!entry
demo_session_08,33,1786094433.6131377,move,492,327,.!frame.!entry
demo_session_08,33,1786094433.6631377,move,487,347,.!frame.!entry
demo_session_08,33,1786094433.7131376,move,468,341,.!frame.!entry
demo_session_08,33,1786094433.7631376,move,483,339,.!frame.!entry
demo_session_08,33,1786094433.8131375,move,457,340,.!frame.!entry
demo_session_08,33,1786094433.8631375,move,467,352,.!frame.!entry
demo_session_08,33,1786094433.9131374,move,465,345,.!frame.!entry
demo_session_08,33,1786094433.9631374,move,448,314,.!frame.!entry
demo_session_08,33,1786094434.0131373,move,474,318,.!frame.!entry
demo_session_08,33,1786094434.0631373,move,459,336,.!frame.!entry
demo_session_08,33,1786094434.1131372,move,466,345,.!frame.!entry
demo_session_08,33,1786094434.1631372,move,458,313,.!frame.!entry
demo_session_08,33,1786094434.2131371,move,453,332,.!frame.!entry
demo_session_08,33,1786094434.263137,move,461,335,.!frame.!entry
demo_session_08,33,1786094434.313137,move,458,339,.!frame.!entry
demo_session_08,33,1786094434.363137,move,448,346,.!frame.!entry
demo_session_08,33,1786094434.413137,move,459,341,.!frame.!entry
demo_session_08,33,1786094434.463137,move,458,337,.!frame.!entry
demo_session_08,33,1786094434.5131369,move,440,345,.!frame.!entry
demo_session_08,33,1786094434.5631368,move,446,326,.!frame.!entry
demo_session_08,33,1786094434.6131368,move,431,336,.!frame.!entry
demo_session_08,33,1786094434.6631367,move,435,334,.!frame.!entry
demo_session_08,33,1786094434.7131367,move,430,329,.!frame.!entry
demo_session_08,33,1786094434.7631366,move,435,323,.!frame.!entry
demo_session_08,33,1786094434.8131366,move,434,335,.!frame.!entry
demo_session_08,33,1786094434.8631365,move,431,335,.!frame.!entry
demo_session_08,33,1786094434.9131365,move,407,319,.!frame.!entry
demo_session_08,33,1786094434.9631364,move,424,318,.!frame.!entry
demo_session_08,33,1786094435.0131364,move,408,326,.!frame.!entry
demo_session_08,33,1786094435.0631363,move,416,345,.!frame.!entry
demo_session_08,33,1786094435.1131363,move,434,320,.!frame.!button
demo_session_08,33,1786094435.1631362,move,408,334,.!frame.!button
demo_session_08,33,1786094435.2131362,move,420,337,.!frame.!button
demo_session_08,33,1786094435.2631361,move,412,327,.!frame.!button
demo_session_08,33,1786094435.313136,move,417,325,.!frame.!button
demo_session_08,33,1786094435.363136,move,404,334,.!frame.!button
demo_session_08,33,1786094435.413136,move,405,327,.!frame.!button
demo_session_08,33,1786094435.463136,move,402,338,.!frame.!button
demo_session_08,33,1786094435.513136,move,396,321,.!frame.!button
demo_session_08,33,1786094435.5631359,move,400,333,.!frame.!button
demo_session_08,33,1786094435.6131358,move,390,331,.!frame.!button
demo_session_08,33,1786094435.6631358,move,409,328,.!frame.!button
demo_session_08,33,1786094435.7131357,move,389,328,.!frame.!button
demo_session_08,33,1786094435.7631357,move,407,312,.!frame.!button
demo_session_08,33,1786094435.8131356,move,388,322,.!frame.!button
demo_session_08,33,1786094435.8631356,move,383,316,.!frame.!button
demo_session_08,33,1786094435.9131355,move,402,321,.!frame.!button
demo_session_08,33,1786094435.9631355,move,397,324,.!frame.!button
demo_session_08,33,1786094436.0131354,move,389,314,.!frame.!button
demo_session_08,33,1786094436.0631354,move,374,324,.!frame.!button
demo_session_08,33,1786094436.1131353,move,382,339,.!frame.!button
demo_session_08,33,1786094436.1631353,move,365,335,.!frame.!button
demo_session_08,33,1786094436.2131352,move,373,329,.!frame.!button
demo_session_08,33,1786094436.2631352,move,381,332,.!frame.!button
demo_session_08,33,1786094436.3131351,move,369,332,.!frame.!button
demo_session_08,33,1786094436.363135,move,382,314,.!frame.!button
demo_session_08,33,1786094436.413135,move,371,327,.!frame.!button
demo_session_08,33,1786094436.463135,move,369,323,.!frame.!button
demo_session_08,33,1786094436.513135,move,374,322,.!frame.!button
demo_session_08,33,1786094436.563135,move,354,311,.!frame.!button
demo_session_08,33,1786094436.6131349,move,346,321,.!frame.!button
demo_session_08,33,1786094436.6631348,move,356,307,.!frame.!button
demo_session_08,33,1786094436.7131348,move,355,337,.!frame.!button
demo_session_08,33,1786094436.7631347,move,344,333,.!frame.!button
demo_session_08,33,1786094436.8433082,click,354,324,.!frame.!button
demo_session_08,34,1786094436.8433082,move,417,260,.!frame.!entry
demo_session_08,34,1786094436.8933082,move,418,280,.!frame.!entry
demo_session_08,34,1786094436.943308,move,437,277,.!frame.!entry
demo_session_08,34,1786094436.993308,move,424,247,.!frame.!entry
demo_session_08,34,1786094437.043308,move,409,273,.!frame.!entry
demo_session_08,34,1786094437.093308,move,436,270,.!frame.!entry
demo_session_08,34,1786094437.143308,move,413,262,.!frame.!entry
demo_session_08,34,1786094437.1933079,move,433,286,.!frame.!entry
demo_session_08,34,1786094437.2433078,move,444,260,.!frame.!entry
demo_session_08,34,1786094437.2933078,move,421,257,.!frame.!entry
demo_session_08,34,1786094437.3433077,move,418,290,.!frame.!entry
demo_session_08,34,1786094437.3933077,move,425,276,.!frame.!entry
demo_session_08,34,1786094437.4433076,move,421,274,.!frame.!entry
demo_session_08,34,1786094437.4933076,move,421,271,.!frame.!entry
demo_session_08,34,1786094437.5433075,move,413,285,.!frame.!entry
demo_session_08,34,1786094437.5933075,move,401,275,.!frame.!entry
demo_session_08,34,1786094437.6433074,move,420,274,.!frame.!entry
demo_session_08,34,1786094437.6933074,move,426,255,.!frame.!entry
demo_session_08,34,1786094437.7433074,move,410,269,.!frame.!entry
demo_session_08,34,1786094437.7933073,move,406,265,.!frame.!entry
demo_session_08,34,1786094437.8433073,move,419,266,.!frame.!entry
demo_session_08,34,1786094437.8933072,move,422,279,.!frame.!entry
demo_session_08,34,1786094437.9433072,move,410,280,.!frame.!entry
demo_session_08,34,1786094437.993307,move,419,262,.!frame.!entry
demo_session_08,34,1786094438.043307,move,414,280,.!frame.!entry
demo_session_08,34,1786094438.093307,move,415,274,.!frame.!entry
demo_session_08,34,1786094438.143307,move,395,272,.!frame.!entry
demo_session_08,34,1786094438.193307,move,407,279,.!frame.!entry
demo_session_08,34,1786094438.2433069,move,420,277,.!frame.!entry
demo_session_08,34,1786094438.2933068,move,419,271,.!frame.!entry
demo_session_08,34,1786094438.3433068,move,411,276,.!frame.!entry
demo_session_08,34,1786094438.3933067,move,395,273,.!frame.!entry
demo_session_08,34,1786094438.4433067,move,402,272,.!frame.!entry
demo_session_08,34,1786094438.4933066,move,416,273,.!frame.!entry
demo_session_08,34,1786094438.5433066,move,406,278,.!frame.!entry
demo_session_08,34,1786094438.5933065,move,408,273,.!frame.!entry
demo_session_08,34,1786094438.6433065,move,402,270,.!frame.!entry
demo_session_08,34,1786094438.6933064,move,420,290,.!frame.!entry
demo_session_08,34,1786094438.7433064,move,410,273,.!frame.!entry
demo_session_08,34,1786094438.7933064,move,400,295,.!frame.!entry
demo_session_08,34,1786094438.8433063,move,402,268,.!frame.!entry
demo_session_08,34,1786094438.8933063,move,408,284,.!frame.!entry
demo_session_08,34,1786094438.9433062,move,409,278,.!frame.!entry
demo_session_08,34,1786094438.9933062,move,397,283,.!frame.!entry
demo_session_08,34,1786094439.043306,move,402,282,.!frame.!entry
demo_session_08,34,1786094439.093306,move,413,279,.!frame.!entry
demo_session_08,34,1786094439.143306,move,417,289,.!frame.!entry
demo_session_08,34,1786094439.193306,move,420,278,.!frame.!entry
demo_session_08,34,1786094439.243306,move,411,279,.!frame.!entry
demo_session_08,34,1786094439.2933059,move,409,291,.!frame.!entry
demo_session_08,34,1786094439.3433058,move,407,294,.!frame.!entry
demo_session_08,34,1786094439.3933058,move,403,277,.!frame.!entry
demo_session_08,34,1786094439.4433057,move,395,280,.!frame.!entry
demo_session_08,34,1786094439.4933057,move,389,281,.!frame.!entry
demo_session_08,34,1786094439.5433056,move,393,291,.!frame.!entry
demo_session_08,34,1786094439.5933056,move,396,288,.!frame.!entry
demo_session_08,34,1786094439.6433055,move,408,294,.!frame.!entry
demo_session_08,34,1786094439.6933055,move,388,299,.!frame.!entry
demo_session_08,34,1786094439.7433054,move,405,302,.!frame.!entry
demo_session_08,34,1786094439.7933054,move,386,301,.!frame.!entry
demo_session_08,34,1786094439.8433053,move,388,299,.!frame.!entry
demo_session_08,34,1786094439.8933053,move,391,293,.!frame.!entry
demo_session_08,34,1786094439.9433053,move,379,299,.!frame.!entry
demo_session_08,34,1786094439.9933052,move,389,300,.!frame.!entry
demo_session_08,34,1786094440.0433052,move,386,291,.!frame.!entry
demo_session_08,34,1786094440.093305,move,393,282,.!frame.!entry
demo_session_08,34,1786094440.143305,move,391,287,.!frame.!entry
demo_session_08,34,1786094440.193305,move,390,298,.!frame.!entry
demo_session_08,34,1786094440.243305,move,383,288,.!frame.!entry
demo_session_08,34,1786094440.293305,move,382,291,.!frame.!entry
demo_session_08,34,1786094440.3433049,move,382,280,.!frame.!entry
demo_session_08,34,1786094440.3933048,move,401,295,.!frame.!entry
demo_session_08,34,1786094440.4433048,move,391,297,.!frame.!entry
demo_session_08,34,1786094440.4933047,move,374,291,.!frame.!entry
demo_session_08,34,1786094440.5433047,move,376,287,.!frame.!entry
demo_session_08,34,1786094440.5933046,move,384,288,.!frame.!entry
demo_session_08,34,1786094440.6433046,move,380,293,.!frame.!entry
demo_session_08,34,1786094440.6933045,move,382,294,.!frame.!entry
demo_session_08,34,1786094440.7433045,move,395,296,.!frame.!entry
demo_session_08,34,1786094440.7933044,move,379,296,.!frame.!entry
demo_session_08,34,1786094440.8433044,move,393,290,.!frame.!entry
demo_session_08,34,1786094440.8933043,move,367,308,.!frame.!entry
demo_session_08,34,1786094440.9433043,move,376,307,.!frame.!entry
demo_session_08,34,1786094440.9933043,move,360,290,.!frame.!entry
demo_session_08,34,1786094441.0433042,move,374,285,.!frame.!entry
demo_session_08,34,1786094441.0933042,move,384,304,.!frame.!entry
demo_session_08,34,1786094441.143304,move,382,315,.!frame.!entry
demo_session_08,34,1786094441.193304,move,385,305,.!frame.!entry
demo_session_08,34,1786094441.243304,move,369,299,.!frame.!entry
demo_session_08,34,1786094441.293304,move,377,308,.!frame.!entry
demo_session_08,34,1786094441.343304,move,372,300,.!frame.!entry
demo_session_08,34,1786094441.3933039,move,368,296,.!frame.!button
demo_session_08,34,1786094441.4433038,move,371,297,.!frame.!button
demo_session_08,34,1786094441.4933038,move,380,292,.!frame.!button
demo_session_08,34,1786094441.5433037,move,381,311,.!frame.!button
demo_session_08,34,1786094441.5933037,move,347,304,.!frame.!button
demo_session_08,34,1786094441.6433036,move,367,320,.!frame.!button
demo_session_08,34,1786094441.6933036,move,372,300,.!frame.!button
demo_session_08,34,1786094441.7433035,move,371,308,.!frame.!button
demo_session_08,34,1786094441.7933035,move,370,318,.!frame.!button
demo_session_08,34,1786094441.8433034,move,364,304,.!frame.!button
demo_session_08,34,1786094441.8933034,move,369,326,.!frame.!button
demo_session_08,34,1786094441.9433033,move,374,308,.!frame.!button
demo_session_08,34,1786094441.9933033,move,383,321,.!frame.!button
demo_session_08,34,1786094442.0433033,move,363,313,.!frame.!button
demo_session_08,34,1786094442.0933032,move,350,313,.!frame.!button
demo_session_08,34,1786094442.1433032,move,352,326,.!frame.!button
demo_session_08,34,1786094442.193303,move,371,323,.!frame.!button
demo_session_08,34,1786094442.243303,move,367,301,.!frame.!button
demo_session_08,34,1786094442.293303,move,365,301,.!frame.!button
demo_session_08,34,1786094442.343303,move,371,331,.!frame.!button
demo_session_08,34,1786094442.393303,move,363,329,.!frame.!button
demo_session_08,34,1786094442.4433029,move,359,302,.!frame.!button
demo_session_08,34,1786094442.4933028,move,364,311,.!frame.!button
demo_session_08,34,1786094442.5433028,move,362,318,.!frame.!button
demo_session_08,34,1786094442.5933027,move,361,316,.!frame.!button
demo_session_08,34,1786094442.6433027,move,374,313,.!frame.!button
demo_session_08,34,1786094442.6933026,move,362,309,.!frame.!button
demo_session_08,34,1786094442.7433026,move,364,307,.!frame.!button
demo_session_08,34,1786094442.7933025,move,356,315,.!frame.!button
demo_session_08,34,1786094442.8433025,move,338,311,.!frame.!button
demo_session_08,34,1786094442.8933024,move,351,312,.!frame.!button
demo_session_08,34,1786094442.9433024,move,352,332,.!frame.!button
demo_session_08,34,1786094442.9933023,move,348,308,.!frame.!button
demo_session_08,34,1786094443.0433023,move,354,317,.!frame.!button
demo_session_08,34,1786094443.0933022,move,344,314,.!frame.!button
demo_session_08,34,1786094443.1433022,move,345,321,.!frame.!button
demo_session_08,34,1786094443.1933022,move,349,316,.!frame.!button
demo_session_08,34,1786094443.243302,move,348,321,.!frame.!button
demo_session_08,34,1786094443.293302,move,346,324,.!frame.!button
demo_session_08,34,1786094443.343302,move,354,322,.!frame.!button
demo_session_08,34,1786094443.4334376,click,354,324,.!frame.!button
demo_session_08,35,1786094443.4334376,move,415,182,.!frame.!entry
demo_session_08,35,1786094443.4834375,move,427,200,.!frame.!entry
demo_session_08,35,1786094443.5334375,move,423,199,.!frame.!entry
demo_session_08,35,1786094443.5834374,move,413,200,.!frame.!entry
demo_session_08,35,1786094443.6334374,move,418,185,.!frame.!entry
demo_session_08,35,1786094443.6834373,move,424,196,.!frame.!entry
demo_session_08,35,1786094443.7334373,move,415,195,.!frame.!entry
demo_session_08,35,1786094443.7834373,move,409,221,.!frame.!entry
demo_session_08,35,1786094443.8334372,move,410,183,.!frame.!entry
demo_session_08,35,1786094443.8834372,move,423,199,.!frame.!entry
demo_session_08,35,1786094443.933437,move,412,208,.!frame.!entry
demo_session_08,35,1786094443.983437,move,417,209,.!frame.!entry
demo_session_08,35,1786094444.033437,move,428,212,.!frame.!entry
demo_session_08,35,1786094444.083437,move,403,199,.!frame.!entry
demo_session_08,35,1786094444.133437,move,410,211,.!frame.!entry
demo_session_08,35,1786094444.1834369,move,394,199,.!frame.!entry
demo_session_08,35,1786094444.2334368,move,396,195,.!frame.!entry
demo_session_08,35,1786094444.2834368,move,409,227,.!frame.!entry
demo_session_08,35,1786094444.3334367,move,424,206,.!frame.!entry
demo_session_08,35,1786094444.3834367,move,396,221,.!frame.!entry
demo_session_08,35,1786094444.4334366,move,423,209,.!frame.!entry
demo_session_08,35,1786094444.4834366,move,401,225,.!frame.!entry
demo_session_08,35,1786094444.5334365,move,415,193,.!frame.!entry
demo_session_08,35,1786094444.5834365,move,397,200,.!frame.!entry
demo_session_08,35,1786094444.6334364,move,407,218,.!frame.!entry
demo_session_08,35,1786094444.6834364,move,396,212,.!frame.!entry
demo_session_08,35,1786094444.7334363,move,413,222,.!frame.!entry
demo_session_08,35,1786094444.7834363,move,406,232,.!frame.!entry
demo_session_08,35,1786094444.8334363,move,412,225,.!frame.!entry
demo_session_08,35,1786094444.8834362,move,396,229,.!frame.!entry
demo_session_08,35,1786094444.9334362,move,401,225,.!frame.!entry
demo_session_08,35,1786094444.983436,move,393,216,.!frame.!entry
demo_session_08,35,1786094445.033436,move,393,219,.!frame.!entry
demo_session_08,35,1786094445.083436,move,378,239,.!frame.!entry
demo_session_08,35,1786094445.133436,move,411,235,.!frame.!entry
demo_session_08,35,1786094445.183436,move,405,219,.!frame.!entry
demo_session_08,35,1786094445.2334359,move,404,220,.!frame.!entry
demo_session_08,35,1786094445.2834358,move,388,249,.!frame.!entry
demo_session_08,35,1786094445.3334358,move,399,249,.!frame.!entry
demo_session_08,35,1786094445.3834357,move,394,256,.!frame.!entry
demo_session_08,35,1786094445.4334357,move,391,241,.!frame.!entry
demo_session_08,35,1786094445.4834356,move,386,241,.!frame.!entry
demo_session_08,35,1786094445.5334356,move,405,241,.!frame.!entry
demo_session_08,35,1786094445.5834355,move,393,242,.!frame.!entry
demo_session_08,35,1786094445.6334355,move,372,235,.!frame.!entry
demo_session_08,35,1786094445.6834354,move,388,260,.!frame.!entry
demo_session_08,35,1786094445.7334354,move,394,245,.!frame.!entry
demo_session_08,35,1786094445.7834353,move,385,240,.!frame.!entry
demo_session_08,35,1786094445.8334353,move,394,248,.!frame.!entry
demo_session_08,35,1786094445.8834352,move,384,249,.!frame.!entry
demo_session_08,35,1786094445.9334352,move,392,238,.!frame.!entry
demo_session_08,35,1786094445.9834352,move,392,253,.!frame.!entry
demo_session_08,35,1786094446.033435,move,394,250,.!frame.!entry
demo_session_08,35,1786094446.083435,move,372,262,.!frame.!entry
demo_session_08,35,1786094446.133435,move,376,240,.!frame.!entry
demo_session_08,35,1786094446.183435,move,390,253,.!frame.!entry
demo_session_08,35,1786094446.233435,move,389,240,.!frame.!entry
demo_session_08,35,1786094446.2834349,move,398,258,.!frame.!entry
demo_session_08,35,1786094446.3334348,move,376,258,.!frame.!entry
demo_session_08,35,1786094446.3834348,move,364,244,.!frame.!entry
demo_session_08,35,1786094446.4334347,move,381,245,.!frame.!entry
demo_session_08,35,1786094446.4834347,move,384,282,.!frame.!entry
demo_session_08,35,1786094446.5334346,move,399,265,.!frame.!entry
demo_session_08,35,1786094446.5834346,move,393,260,.!frame.!entry
demo_session_08,35,1786094446.6334345,move,392,267,.!frame.!entry
demo_session_08,35,1786094446.6834345,move,365,256,.!frame.!entry
demo_session_08,35,1786094446.7334344,move,392,258,.!frame.!entry
demo_session_08,35,1786094446.7834344,move,384,251,.!frame.!entry
demo_session_08,35,1786094446.8334343,move,377,270,.!frame.!entry
demo_session_08,35,1786094446.8834343,move,367,289,.!frame.!entry
demo_session_08,35,1786094446.9334342,move,369,274,.!frame.!entry
demo_session_08,35,1786094446.9834342,move,374,269,.!frame.!entry
demo_session_08,35,1786094447.0334342,move,362,265,.!frame.!entry
demo_session_08,35,1786094447.083434,move,393,260,.!frame.!entry
demo_session_08,35,1786094447.133434,move,383,302,.!frame.!entry
demo_session_08,35,1786094447.183434,move,376,289,.!frame.!entry
demo_session_08,35,1786094447.233434,move,379,278,.!frame.!entry
demo_session_08,35,1786094447.283434,move,366,279,.!frame.!entry
demo_session_08,35,1786094447.3334339,move,380,280,.!frame.!entry
demo_session_08,35,1786094447.3834338,move,363,267,.!frame.!entry
demo_session_08,35,1786094447.4334338,move,363,291,.!frame.!entry
demo_session_08,35,1786094447.4834337,move,372,276,.!frame.!entry
demo_session_08,35,1786094447.5334337,move,377,288,.!frame.!button
demo_session_08,35,1786094447.5834336,move,389,279,.!frame.!button
demo_session_08,35,1786094447.6334336,move,394,277,.!frame.!button
demo_session_08,35,1786094447.6834335,move,394,290,.!frame.!button
demo_session_08,35,1786094447.7334335,move,375,294,.!frame.!button
demo_session_08,35,1786094447.7834334,move,372,312,.!frame.!button
demo_session_08,35,1786094447.8334334,move,363,286,.!frame.!button
demo_session_08,35,1786094447.8834333,move,377,278,.!frame.!button
demo_session_08,35,1786094447.9334333,move,360,285,.!frame.!button
demo_session_08,35,1786094447.9834332,move,354,279,.!frame.!button
demo_session_08,35,1786094448.0334332,move,362,282,.!frame.!button
demo_session_08,35,1786094448.0834332,move,373,297,.!frame.!button
demo_session_08,35,1786094448.133433,move,366,305,.!frame.!button
demo_session_08,35,1786094448.183433,move,368,282,.!frame.!button
demo_session_08,35,1786094448.233433,move,356,296,.!frame.!button
demo_session_08,35,1786094448.283433,move,352,295,.!frame.!button
demo_session_08,35,1786094448.333433,move,347,300,.!frame.!button
demo_session_08,35,1786094448.3834329,move,356,296,.!frame.!button
demo_session_08,35,1786094448.4334328,move,378,294,.!frame.!button
demo_session_08,35,1786094448.4834328,move,377,311,.!frame.!button
demo_session_08,35,1786094448.5334327,move,350,311,.!frame.!button
demo_session_08,35,1786094448.5834327,move,364,312,.!frame.!button
demo_session_08,35,1786094448.6334326,move,370,296,.!frame.!button
demo_session_08,35,1786094448.6834326,move,370,299,.!frame.!button
demo_session_08,35,1786094448.7334325,move,354,314,.!frame.!button
demo_session_08,35,1786094448.7834325,move,359,312,.!frame.!button
demo_session_08,35,1786094448.8334324,move,355,304,.!frame.!button
demo_session_08,35,1786094448.8834324,move,357,316,.!frame.!button
demo_session_08,35,1786094448.9334323,move,356,303,.!frame.!button
demo_session_08,35,1786094448.9834323,move,361,322,.!frame.!button
demo_session_08,35,1786094449.0334322,move,356,306,.!frame.!button
demo_session_08,35,1786094449.0834322,move,359,304,.!frame.!button
demo_session_08,35,1786094449.1334321,move,362,333,.!frame.!button
demo_session_08,35,1786094449.183432,move,343,309,.!frame.!button
demo_session_08,35,1786094449.233432,move,350,313,.!frame.!button
demo_session_08,35,1786094449.283432,move,359,323,.!frame.!button
demo_session_08,35,1786094449.3552294,click,337,307,.!frame.!button
demo_session_08,36,1786094449.3552294,move,174,372,.!frame.!entry
demo_session_08,36,1786094449.4052293,move,180,357,.!frame.!entry
demo_session_08,36,1786094449.4552293,move,185,379,.!frame.!entry
demo_session_08,36,1786094449.5052292,move,198,391,.!frame.!entry
demo_session_08,36,1786094449.5552292,move,194,369,.!frame.!entry
demo_session_08,36,1786094449.6052291,move,175,380,.!frame.!entry
demo_session_08,36,1786094449.655229,move,188,378,.!frame.!entry
demo_session_08,36,1786094449.705229,move,188,378,.!frame.!entry
demo_session_08,36,1786094449.755229,move,192,379,.!frame.!entry
demo_session_08,36,1786094449.805229,move,198,379,.!frame.!entry
demo_session_08,36,1786094449.855229,move,198,379,.!frame.!entry
demo_session_08,36,1786094449.9052289,move,182,369,.!frame.!entry
demo_session_08,36,1786094449.9552288,move,211,375,.!frame.!entry
demo_session_08,36,1786094450.0052288,move,202,369,.!frame.!entry
demo_session_08,36,1786094450.0552287,move,228,362,.!frame.!entry
demo_session_08,36,1786094450.1052287,move,194,366,.!frame.!entry
demo_session_08,36,1786094450.1552286,move,197,369,.!frame.!entry
demo_session_08,36,1786094450.2052286,move,208,375,.!frame.!entry
demo_session_08,36,1786094450.2552285,move,213,371,.!frame.!entry
demo_session_08,36,1786094450.3052285,move,217,369,.!frame.!entry
demo_session_08,36,1786094450.3552284,move,196,350,.!frame.!entry
demo_session_08,36,1786094450.4052284,move,222,373,.!frame.!entry
demo_session_08,36,1786094450.4552283,move,216,362,.!frame.!entry
demo_session_08,36,1786094450.5052283,move,205,361,.!frame.!entry
demo_session_08,36,1786094450.5552282,move,226,365,.!frame.!entry
demo_session_08,36,1786094450.6052282,move,220,347,.!frame.!entry
demo_session_08,36,1786094450.6552281,move,210,352,.!frame.!entry
demo_session_08,36,1786094450.705228,move,228,363,.!frame.!entry
demo_session_08,36,1786094450.755228,move,221,371,.!frame.!entry
demo_session_08,36,1786094450.805228,move,226,353,.!frame.!entry
demo_session_08,36,1786094450.855228,move,216,369,.!frame.!entry
demo_session_08,36,1786094450.905228,move,220,358,.!frame.!entry
demo_session_08,36,1786094450.9552279,move,225,341,.!frame.!entry
demo_session_08,36,1786094451.0052278,move,243,371,.!frame.!entry
demo_session_08,36,1786094451.0552278,move,236,372,.!frame.!entry
demo_session_08,36,1786094451.1052277,move,234,362,.!frame.!entry
demo_session_08,36,1786094451.1552277,move,228,374,.!frame.!entry
demo_session_08,36,1786094451.2052276,move,251,356,.!frame.!entry
demo_session_08,36,1786094451.2552276,move,234,362,.!frame.!entry
demo_session_08,36,1786094451.3052275,move,240,350,.!frame.!entry
demo_session_08,36,1786094451.3552275,move,250,358,.!frame.!entry
demo_session_08,36,1786094451.4052274,move,239,345,.!frame.!entry
demo_session_08,36,1786094451.4552274,move,252,358,.!frame.!entry
demo_session_08,36,1786094451.5052273,move,243,360,.!frame.!entry
demo_session_08,36,1786094451.5552273,move,249,346,.!frame.!entry
demo_session_08,36,1786094451.6052272,move,254,377,.!frame.!entry
demo_session_08,36,1786094451.6552272,move,261,374,.!frame.!entry
demo_session_08,36,1786094451.7052271,move,257,352,.!frame.!entry
demo_session_08,36,1786094451.755227,move,247,341,.!frame.!entry
demo_session_08,36,1786094451.805227,move,251,355,.!frame.!entry
demo_session_08,36,1786094451.855227,move,268,349,.!frame.!entry
demo_session_08,36,1786094451.905227,move,253,356,.!frame.!entry
demo_session_08,36,1786094451.955227,move,260,372,.!frame.!entry
demo_session_08,36,1786094452.0052269,move,253,350,.!frame.!entry
demo_session_08,36,1786094452.0552268,move,276,357,.!frame.!entry
demo_session_08,36,1786094452.1052268,move,253,330,.!frame.!entry
demo_session_08,36,1786094452.1552267,move,266,353,.!frame.!entry
demo_session_08,36,1786094452.2052267,move,269,348,.!frame.!entry
demo_session_08,36,1786094452.2552266,move,271,363,.!frame.!entry
demo_session_08,36,1786094452.3052266,move,281,357,.!frame.!entry
demo_session_08,36,1786094452.3552265,move,278,342,.!frame.!entry
demo_session_08,36,1786094452.4052265,move,267,328,.!frame.!entry
demo_session_08,36,1786094452.4552264,move,269,355,.!frame.!entry
demo_session_08,36,1786094452.5052264,move,295,363,.!frame.!entry
demo_session_08,36,1786094452.5552263,move,292,340,.!frame.!entry
demo_session_08,36,1786094452.6052263,move,259,352,.!frame.!entry
demo_session_08,36,1786094452.6552262,move,288,321,.!frame.!entry
demo_session_08,36,1786094452.7052262,move,289,341,.!frame.!entry
demo_session_08,36,1786094452.7552261,move,289,341,.!frame.!entry
demo_session_08,36,1786094452.805226,move,275,338,.!frame.!entry
demo_session_08,36,1786094452.855226,move,304,328,.!frame.!entry
demo_session_08,36,1786094452.905226,move,299,346,.!frame.!entry
demo_session_08,36,1786094452.955226,move,291,339,.!frame.!entry
demo_session_08,36,1786094453.005226,move,299,349,.!frame.!entry
demo_session_08,36,1786094453.0552258,move,297,328,.!frame.!entry
demo_session_08,36,1786094453.1052258,move,288,328,.!frame.!entry
demo_session_08,36,1786094453.1552258,move,316,324,.!frame.!entry
demo_session_08,36,1786094453.2052257,move,298,341,.!frame.!button
demo_session_08,36,1786094453.2552257,move,295,345,.!frame.!button
demo_session_08,36,1786094453.3052256,move,319,338,.!frame.!button
demo_session_08,36,1786094453.3552256,move,315,340,.!frame.!button
demo_session_08,36,1786094453.4052255,move,312,339,.!frame.!button
demo_session_08,36,1786094453.4552255,move,323,329,.!frame.!button
demo_session_08,36,1786094453.5052254,move,318,338,.!frame.!button
demo_session_08,36,1786094453.5552254,move,310,338,.!frame.!button
demo_session_08,36,1786094453.6052253,move,317,331,.!frame.!button
demo_session_08,36,1786094453.6552253,move,306,335,.!frame.!button
demo_session_08,36,1786094453.7052252,move,334,335,.!frame.!button
demo_session_08,36,1786094453.7552252,move,308,337,.!frame.!button
demo_session_08,36,1786094453.8052251,move,314,338,.!frame.!button
demo_session_08,36,1786094453.855225,move,319,345,.!frame.!button
demo_session_08,36,1786094453.905225,move,309,332,.!frame.!button
demo_session_08,36,1786094453.955225,move,330,326,.!frame.!button
demo_session_08,36,1786094454.005225,move,311,317,.!frame.!button
demo_session_08,36,1786094454.055225,move,330,342,.!frame.!button
demo_session_08,36,1786094454.1052248,move,328,327,.!frame.!button
demo_session_08,36,1786094454.1552248,move,347,311,.!frame.!button
demo_session_08,36,1786094454.2052248,move,326,329,.!frame.!button
demo_session_08,36,1786094454.2552247,move,320,326,.!frame.!button
demo_session_08,36,1786094454.3052247,move,338,320,.!frame.!button
demo_session_08,36,1786094454.3552246,move,335,324,.!frame.!button
demo_session_08,36,1786094454.4052246,move,337,318,.!frame.!button
demo_session_08,36,1786094454.4552245,move,350,331,.!frame.!button
demo_session_08,36,1786094454.5052245,move,320,336,.!frame.!button
demo_session_08,36,1786094454.5552244,move,341,333,.!frame.!button
demo_session_08,36,1786094454.6052244,move,342,326,.!frame.!button
demo_session_08,36,1786094454.6552243,move,343,323,.!frame.!button
demo_session_08,36,1786094454.7052243,move,357,323,.!frame.!button
demo_session_08,36,1786094454.7552242,move,354,325,.!frame.!button
demo_session_08,36,1786094454.8052242,move,338,304,.!frame.!button
demo_session_08,36,1786094454.8996468,click,330,300,.!frame.!button
demo_session_08,37,1786094454.8996468,move,324,311,.!frame.!entry
demo_session_08,37,1786094454.9496467,move,295,277,.!frame.!entry
demo_session_08,37,1786094454.9996467,move,289,307,.!frame.!entry
demo_session_08,37,1786094455.0496466,move,287,309,.!frame.!entry
demo_session_08,37,1786094455.0996466,move,303,295,.!frame.!entry
demo_session_08,37,1786094455.1496465,move,302,315,.!frame.!entry
demo_session_08,37,1786094455.1996465,move,296,320,.!frame.!entry
demo_session_08,37,1786094455.2496464,move,284,316,.!frame.!entry
demo_session_08,37,1786094455.2996464,move,307,293,.!frame.!entry
demo_session_08,37,1786094455.3496463,move,316,332,.!frame.!entry
demo_session_08,37,1786094455.3996463,move,295,316,.!frame.!entry
demo_session_08,37,1786094455.4496462,move,305,292,.!frame.!entry
demo_session_08,37,1786094455.4996462,move,294,296,.!frame.!entry
demo_session_08,37,1786094455.5496461,move,302,316,.!frame.!entry
demo_session_08,37,1786094455.599646,move,322,321,.!frame.!entry
demo_session_08,37,1786094455.649646,move,300,304,.!frame.!entry
demo_session_08,37,1786094455.699646,move,291,315,.!frame.!entry
demo_session_08,37,1786094455.749646,move,310,293,.!frame.!entry
demo_session_08,37,1786094455.799646,move,296,303,.!frame.!entry
demo_session_08,37,1786094455.8496459,move,316,300,.!frame.!entry
demo_session_08,37,1786094455.8996458,move,319,307,.!frame.!entry
demo_session_08,37,1786094455.9496458,move,306,314,.!frame.!entry
demo_session_08,37,1786094455.9996457,move,317,304,.!frame.!entry
demo_session_08,37,1786094456.0496457,move,293,305,.!frame.!entry
demo_session_08,37,1786094456.0996456,move,313,301,.!frame.!entry
demo_session_08,37,1786094456.1496456,move,306,312,.!frame.!entry
demo_session_08,37,1786094456.1996455,move,296,303,.!frame.!entry
demo_session_08,37,1786094456.2496455,move,281,301,.!frame.!entry
demo_session_08,37,1786094456.2996454,move,317,307,.!frame.!entry
demo_session_08,37,1786094456.3496454,move,330,313,.!frame.!entry
demo_session_08,37,1786094456.3996453,move,316,296,.!frame.!entry
demo_session_08,37,1786094456.4496453,move,323,332,.!frame.!entry
demo_session_08,37,1786094456.4996452,move,323,304,.!frame.!entry
demo_session_08,37,1786094456.5496452,move,321,299,.!frame.!entry
demo_session_08,37,1786094456.5996451,move,319,300,.!frame.!entry
demo_session_08,37,1786094456.649645,move,305,309,.!frame.!entry
demo_session_08,37,1786094456.699645,move,308,318,.!frame.!entry
demo_session_08,37,1786094456.749645,move,331,301,.!frame.!entry
demo_session_08,37,1786094456.799645,move,296,317,.!frame.!entry
demo_session_08,37,1786094456.849645,move,316,287,.!frame.!entry
demo_session_08,37,1786094456.8996449,move,310,312,.!frame.!entry
demo_session_08,37,1786094456.9496448,move,316,308,.!frame.!entry
demo_session_08,37,1786094456.9996448,move,323,320,.!frame.!entry
demo_session_08,37,1786094457.0496447,move,317,316,.!frame.!entry
demo_session_08,37,1786094457.0996447,move,318,316,.!frame.!entry
demo_session_08,37,1786094457.1496446,move,309,298,.!frame.!entry
demo_session_08,37,1786094457.1996446,move,316,311,.!frame.!entry
demo_session_08,37,1786094457.2496445,move,307,291,.!frame.!entry
demo_session_08,37,1786094457.2996445,move,333,300,.!frame.!entry
demo_session_08,37,1786094457.3496444,move,298,303,.!frame.!entry
demo_session_08,37,1786094457.3996444,move,316,301,.!frame.!entry
demo_session_08,37,1786094457.4496443,move,337,315,.!frame.!entry
demo_session_08,37,1786094457.4996443,move,316,303,.!frame.!entry
demo_session_08,37,1786094457.5496442,move,341,304,.!frame.!entry
demo_session_08,37,1786094457.5996442,move,306,292,.!frame.!entry
demo_session_08,37,1786094457.6496441,move,336,323,.!frame.!entry
demo_session_08,37,1786094457.699644,move,320,327,.!frame.!entry
demo_session_08,37,1786094457.749644,move,311,320,.!frame.!entry
demo_session_08,37,1786094457.799644,move,315,320,.!frame.!entry
demo_session_08,37,1786094457.849644,move,329,316,.!frame.!entry
demo_session_08,37,1786094457.899644,move,314,310,.!frame.!entry
demo_session_08,37,1786094457.9496439,move,324,297,.!frame.!entry
demo_session_08,37,1786094457.9996438,move,312,323,.!frame.!entry
demo_session_08,37,1786094458.0496438,move,307,307,.!frame.!entry
demo_session_08,37,1786094458.0996437,move,305,312,.!frame.!entry
demo_session_08,37,1786094458.1496437,move,316,323,.!frame.!entry
demo_session_08,37,1786094458.1996436,move,316,335,.!frame.!entry
demo_session_08,37,1786094458.2496436,move,316,324,.!frame.!entry
demo_session_08,37,1786094458.2996435,move,315,299,.!frame.!entry
demo_session_08,37,1786094458.3496435,move,331,318,.!frame.!entry
demo_session_08,37,1786094458.3996434,move,324,293,.!frame.!entry
demo_session_08,37,1786094458.4496434,move,326,311,.!frame.!entry
demo_session_08,37,1786094458.4996433,move,329,306,.!frame.!entry
demo_session_08,37,1786094458.5496433,move,314,309,.!frame.!entry
demo_session_08,37,1786094458.5996432,move,321,302,.!frame.!entry
demo_session_08,37,1786094458.6496432,move,320,316,.!frame.!entry
demo_session_08,37,1786094458.6996431,move,320,322,.!frame.!entry
demo_session_08,37,1786094458.749643,move,329,313,.!frame.!entry
demo_session_08,37,1786094458.799643,move,320,311,.!frame.!entry
demo_session_08,37,1786094458.849643,move,335,300,.!frame.!entry
demo_session_08,37,1786094458.899643,move,316,321,.!frame.!entry
demo_session_08,37,1786094458.949643,move,316,310,.!frame.!entry
demo_session_08,37,1786094458.9996428,move,318,306,.!frame.!entry
demo_session_08,37,1786094459.0496428,move,327,300,.!frame.!entry
demo_session_08,37,1786094459.0996428,move,328,332,.!frame.!entry
demo_session_08,37,1786094459.1496427,move,317,314,.!frame.!entry
demo_session_08,37,1786094459.1996427,move,344,296,.!frame.!entry
demo_session_08,37,1786094459.2496426,move,321,325,.!frame.!entry
demo_session_08,37,1786094459.2996426,move,319,315,.!frame.!entry
demo_session_08,37,1786094459.3496425,move,324,306,.!frame.!entry
demo_session_08,37,1786094459.3996425,move,339,306,.!frame.!entry
demo_session_08,37,1786094459.4496424,move,319,312,.!frame.!entry
demo_session_08,37,1786094459.4996424,move,330,339,.!frame.!entry
demo_session_08,37,1786094459.5496423,move,331,314,.!frame.!entry
demo_session_08,37,1786094459.5996423,move,329,327,.!frame.!entry
demo_session_08,37,1786094459.6496422,move,335,305,.!frame.!entry
demo_session_08,37,1786094459.6996422,move,339,323,.!frame.!entry
demo_session_08,37,1786094459.7496421,move,339,306,.!frame.!entry
demo_session_08,37,1786094459.799642,move,334,319,.!frame.!entry
demo_session_08,37,1786094459.849642,move,330,315,.!frame.!entry
demo_session_08,37,1786094459.899642,move,333,330,.!frame.!entry
demo_session_08,37,1786094459.949642,move,314,310,.!frame.!entry
demo_session_08,37,1786094459.999642,move,336,305,.!frame.!entry
demo_session_08,37,1786094460.0496418,move,330,320,.!frame.!entry
demo_session_08,37,1786094460.0996418,move,331,310,.!frame.!entry
demo_session_08,37,1786094460.1496418,move,342,331,.!frame.!entry
demo_session_08,37,1786094460.1996417,move,320,322,.!frame.!entry
demo_session_08,37,1786094460.2496417,move,333,316,.!frame.!entry
demo_session_08,37,1786094460.2996416,move,336,319,.!frame.!entry
demo_session_08,37,1786094460.3496416,move,330,311,.!frame.!entry
demo_session_08,37,1786094460.3996415,move,338,339,.!frame.!entry
demo_session_08,37,1786094460.4496415,move,333,313,.!frame.!entry
demo_session_08,37,1786094460.4996414,move,325,332,.!frame.!entry
demo_session_08,37,1786094460.5496414,move,309,305,.!frame.!entry
demo_session_08,37,1786094460.5996413,move,324,327,.!frame.!entry
demo_session_08,37,1786094460.6496413,move,324,302,.!frame.!button
demo_session_08,37,1786094460.6996412,move,330,290,.!frame.!button
demo_session_08,37,1786094460.7496412,move,326,339,.!frame.!button
demo_session_08,37,1786094460.7996411,move,339,314,.!frame.!button
demo_session_08,37,1786094460.849641,move,349,320,.!frame.!button
demo_session_08,37,1786094460.899641,move,336,316,.!frame.!button
demo_session_08,37,1786094460.949641,move,359,311,.!frame.!button
demo_session_08,37,1786094460.999641,move,327,311,.!frame.!button
demo_session_08,37,1786094461.049641,move,333,302,.!frame.!button
demo_session_08,37,1786094461.0996408,move,338,303,.!frame.!button
demo_session_08,37,1786094461.1496408,move,335,317,.!frame.!button
demo_session_08,37,1786094461.1996408,move,347,306,.!frame.!button
demo_session_08,37,1786094461.2496407,move,345,320,.!frame.!button
demo_session_08,37,1786094461.2996407,move,323,317,.!frame.!button
demo_session_08,37,1786094461.3496406,move,340,299,.!frame.!button
demo_session_08,37,1786094461.3996406,move,326,322,.!frame.!button
demo_session_08,37,1786094461.4496405,move,337,323,.!frame.!button
demo_session_08,37,1786094461.4996405,move,349,322,.!frame.!button
demo_session_08,37,1786094461.5496404,move,334,334,.!frame.!button
demo_session_08,37,1786094461.5996404,move,340,308,.!frame.!button
demo_session_08,37,1786094461.6496403,move,338,322,.!frame.!button
demo_session_08,37,1786094461.6996403,move,352,308,.!frame.!button
demo_session_08,37,1786094461.7496402,move,351,317,.!frame.!button
demo_session_08,37,1786094461.7996402,move,340,319,.!frame.!button
demo_session_08,37,1786094461.8496401,move,340,308,.!frame.!button
demo_session_08,37,1786094461.89964,move,360,313,.!frame.!button
demo_session_08,37,1786094461.94964,move,353,329,.!frame.!button
demo_session_08,37,1786094461.99964,move,340,317,.!frame.!button
demo_session_08,37,1786094462.04964,move,342,315,.!frame.!button
demo_session_08,37,1786094462.09964,move,323,319,.!frame.!button
demo_session_08,37,1786094462.1496398,move,357,324,.!frame.!button
demo_session_08,37,1786094462.1996398,move,331,301,.!frame.!button
demo_session_08,37,1786094462.2496397,move,355,330,.!frame.!button
demo_session_08,37,1786094462.2996397,move,356,331,.!frame.!button
demo_session_08,37,1786094462.3496397,move,376,316,.!frame.!button
demo_session_08,37,1786094462.3996396,move,326,317,.!frame.!button
demo_session_08,37,1786094462.4496396,move,337,328,.!frame.!button
demo_session_08,37,1786094462.4996395,move,336,307,.!frame.!button
demo_session_08,37,1786094462.5496395,move,346,323,.!frame.!button
demo_session_08,37,1786094462.5996394,move,341,309,.!frame.!button
demo_session_08,37,1786094462.6496394,move,344,330,.!frame.!button
demo_session_08,37,1786094462.6996393,move,338,318,.!frame.!button
demo_session_08,37,1786094462.7496393,move,347,299,.!frame.!button
demo_session_08,37,1786094462.7996392,move,339,318,.!frame.!button
demo_session_08,37,1786094462.8496392,move,359,324,.!frame.!button
demo_session_08,37,1786094462.8996391,move,364,314,.!frame.!button
demo_session_08,37,1786094462.949639,move,355,311,.!frame.!button
demo_session_08,37,1786094462.999639,move,361,311,.!frame.!button
demo_session_08,37,1786094463.049639,move,353,336,.!frame.!button
demo_session_08,37,1786094463.099639,move,367,317,.!frame.!button
demo_session_08,37,1786094463.192311,click,356,326,.!frame.!button
demo_session_08,38,1786094463.192311,move,346,260,.!frame.!entry
demo_session_08,38,1786094463.242311,move,335,247,.!frame.!entry
demo_session_08,38,1786094463.292311,move,347,252,.!frame.!entry
demo_session_08,38,1786094463.342311,move,341,241,.!frame.!entry
demo_session_08,38,1786094463.3923109,move,348,261,.!frame.!entry
demo_session_08,38,1786094463.4423108,move,345,262,.!frame.!entry
demo_session_08,38,1786094463.4923108,move,358,264,.!frame.!entry
demo_session_08,38,1786094463.5423107,move,341,263,.!frame.!entry
demo_session_08,38,1786094463.5923107,move,339,258,.!frame.!entry
demo_session_08,38,1786094463.6423106,move,353,275,.!frame.!entry
demo_session_08,38,1786094463.6923106,move,331,267,.!frame.!entry
demo_session_08,38,1786094463.7423105,move,348,267,.!frame.!entry
demo_session_08,38,1786094463.7923105,move,341,252,.!frame.!entry
demo_session_08,38,1786094463.8423104,move,341,281,.!frame.!entry
demo_session_08,38,1786094463.8923104,move,348,254,.!frame.!entry
demo_session_08,38,1786094463.9423103,move,329,268,.!frame.!entry
demo_session_08,38,1786094463.9923103,move,342,258,.!frame.!entry
demo_session_08,38,1786094464.0423102,move,335,257,.!frame.!entry
demo_session_08,38,1786094464.0923102,move,349,265,.!frame.!entry
demo_session_08,38,1786094464.1423101,move,327,250,.!frame.!entry
demo_session_08,38,1786094464.19231,move,343,276,.!frame.!entry
demo_session_08,38,1786094464.24231,move,327,271,.!frame.!entry
demo_session_08,38,1786094464.29231,move,353,258,.!frame.!entry
demo_session_08,38,1786094464.34231,move,341,278,.!frame.!entry
demo_session_08,38,1786094464.39231,move,349,263,.!frame.!entry
demo_session_08,38,1786094464.4423099,move,354,267,.!frame.!entry
demo_session_08,38,1786094464.4923098,move,345,272,.!frame.!entry
demo_session_08,38,1786094464.5423098,move,334,270,.!frame.!entry
demo_session_08,38,1786094464.5923097,move,351,251,.!frame.!entry
demo_session_08,38,1786094464.6423097,move,335,270,.!frame.!entry
demo_session_08,38,1786094464.6923096,move,359,267,.!frame.!entry
demo_session_08,38,1786094464.7423096,move,343,261,.!frame.!entry
demo_session_08,38,1786094464.7923095,move,353,259,.!frame.!entry
demo_session_08,38,1786094464.8423095,move,349,285,.!frame.!entry
demo_session_08,38,1786094464.8923094,move,368,274,.!frame.!entry
demo_session_08,38,1786094464.9423094,move,337,272,.!frame.!entry
demo_session_08,38,1786094464.9923093,move,351,267,.!frame.!entry
demo_session_08,38,1786094465.0423093,move,352,270,.!frame.!entry
demo_session_08,38,1786094465.0923092,move,341,251,.!frame.!entry
demo_session_08,38,1786094465.1423092,move,352,278,.!frame.!entry
demo_session_08,38,1786094465.1923091,move,339,276,.!frame.!entry
demo_session_08,38,1786094465.242309,move,346,289,.!frame.!entry
demo_session_08,38,1786094465.292309,move,340,269,.!frame.!entry
demo_session_08,38,1786094465.342309,move,343,277,.!frame.!entry
demo_session_08,38,1786094465.392309,move,353,280,.!frame.!entry
demo_session_08,38,1786094465.442309,move,378,274,.!frame.!entry
demo_session_08,38,1786094465.4923089,move,357,289,.!frame.!entry
demo_session_08,38,1786094465.5423088,move,355,266,.!frame.!entry
demo_session_08,38,1786094465.5923088,move,352,287,.!frame.!entry
demo_session_08,38,1786094465.6423087,move,343,280,.!frame.!entry
demo_session_08,38,1786094465.6923087,move,357,279,.!frame.!entry
demo_session_08,38,1786094465.7423086,move,335,281,.!frame.!entry
demo_session_08,38,1786094465.7923086,move,352,283,.!frame.!entry
demo_session_08,38,1786094465.8423085,move,341,267,.!frame.!entry
demo_session_08,38,1786094465.8923085,move,329,274,.!frame.!entry
demo_session_08,38,1786094465.9423084,move,361,261,.!frame.!entry
demo_session_08,38,1786094465.9923084,move,353,262,.!frame.!entry
demo_session_08,38,1786094466.0423083,move,369,288,.!frame.!entry
demo_session_08,38,1786094466.0923083,move,355,291,.!frame.!entry
demo_session_08,38,1786094466.1423082,move,350,281,.!frame.!entry
demo_session_08,38,1786094466.1923082,move,350,272,.!frame.!entry
demo_session_08,38,1786094466.2423081,move,352,294,.!frame.!entry
demo_session_08,38,1786094466.292308,move,342,291,.!frame.!entry
demo_session_08,38,1786094466.342308,move,338,294,.!frame.!entry
demo_session_08,38,1786094466.392308,move,357,288,.!frame.!entry
demo_session_08,38,1786094466.442308,move,347,273,.!frame.!entry
demo_session_08,38,1786094466.492308,move,355,285,.!frame.!entry
demo_session_08,38,1786094466.5423079,move,342,295,.!frame.!entry
demo_session_08,38,1786094466.5923078,move,344,292,.!frame.!entry
demo_session_08,38,1786094466.6423078,move,351,290,.!frame.!entry
demo_session_08,38,1786094466.6923077,move,350,293,.!frame.!entry
demo_session_08,38,1786094466.7423077,move,344,278,.!frame.!entry
demo_session_08,38,1786094466.7923076,move,357,299,.!frame.!entry
demo_session_08,38,1786094466.8423076,move,325,287,.!frame.!entry
demo_session_08,38,1786094466.8923075,move,358,261,.!frame.!entry
demo_session_08,38,1786094466.9423075,move,354,296,.!frame.!entry
demo_session_08,38,1786094466.9923074,move,352,291,.!frame.!entry
demo_session_08,38,1786094467.0423074,move,327,308,.!frame.!entry
demo_session_08,38,1786094467.0923073,move,342,307,.!frame.!entry
demo_session_08,38,1786094467.1423073,move,335,293,.!frame.!entry
demo_session_08,38,1786094467.1923072,move,324,293,.!frame.!entry
demo_session_08,38,1786094467.2423072,move,336,295,.!frame.!entry
demo_session_08,38,1786094467.2923071,move,354,299,.!frame.!entry
demo_session_08,38,1786094467.342307,move,339,293,.!frame.!entry
demo_session_08,38,1786094467.392307,move,342,291,.!frame.!entry
demo_session_08,38,1786094467.442307,move,339,299,.!frame.!entry
demo_session_08,38,1786094467.492307,move,345,310,.!frame.!entry
demo_session_08,38,1786094467.542307,move,356,291,.!frame.!entry
demo_session_08,38,1786094467.5923069,move,343,302,.!frame.!entry
demo_session_08,38,1786094467.6423068,move,341,287,.!frame.!entry
demo_session_08,38,1786094467.6923068,move,357,310,.!frame.!entry
demo_session_08,38,1786094467.7423067,move,362,284,.!frame.!entry
demo_session_08,38,1786094467.7923067,move,348,315,.!frame.!entry
demo_session_08,38,1786094467.8423066,move,350,296,.!frame.!entry
demo_session_08,38,1786094467.8923066,move,356,304,.!frame.!entry
demo_session_08,38,1786094467.9423065,move,339,282,.!frame.!entry
demo_session_08,38,1786094467.9923065,move,340,302,.!frame.!entry
demo_session_08,38,1786094468.0423064,move,341,300,.!frame.!entry
demo_session_08,38,1786094468.0923064,move,365,322,.!frame.!entry
demo_session_08,38,1786094468.1423063,move,348,308,.!frame.!entry
demo_session_08,38,1786094468.1923063,move,338,307,.!frame.!entry
demo_session_08,38,1786094468.2423062,move,348,294,.!frame.!button
demo_session_08,38,1786094468.2923062,move,342,306,.!frame.!button
demo_session_08,38,1786094468.3423061,move,349,294,.!frame.!button
demo_session_08,38,1786094468.392306,move,328,301,.!frame.!button
demo_session_08,38,1786094468.442306,move,366,295,.!frame.!button
demo_session_08,38,1786094468.492306,move,359,324,.!frame.!button
demo_session_08,38,1786094468.542306,move,351,306,.!frame.!button
demo_session_08,38,1786094468.592306,move,348,309,.!frame.!button
demo_session_08,38,1786094468.6423059,move,343,309,.!frame.!button
demo_session_08,38,1786094468.6923058,move,368,310,.!frame.!button
demo_session_08,38,1786094468.7423058,move,355,303,.!frame.!button
demo_session_08,38,1786094468.7923057,move,337,297,.!frame.!button
demo_session_08,38,1786094468.8423057,move,357,290,.!frame.!button
demo_session_08,38,1786094468.8923056,move,361,316,.!frame.!button
demo_session_08,38,1786094468.9423056,move,355,322,.!frame.!button
demo_session_08,38,1786094468.9923055,move,329,300,.!frame.!button
demo_session_08,38,1786094469.0423055,move,344,306,.!frame.!button
demo_session_08,38,1786094469.0923054,move,347,321,.!frame.!button
demo_session_08,38,1786094469.1423054,move,352,319,.!frame.!button
demo_session_08,38,1786094469.1923053,move,352,291,.!frame.!button
demo_session_08,38,1786094469.2423053,move,350,310,.!frame.!button
demo_session_08,38,1786094469.2923052,move,355,304,.!frame.!button
demo_session_08,38,1786094469.3423052,move,355,308,.!frame.!button
demo_session_08,38,1786094469.3923051,move,360,298,.!frame.!button
demo_session_08,38,1786094469.442305,move,352,306,.!frame.!button
demo_session_08,38,1786094469.492305,move,339,313,.!frame.!button
demo_session_08,38,1786094469.542305,move,345,313,.!frame.!button
demo_session_08,38,1786094469.592305,move,345,315,.!frame.!button
demo_session_08,38,1786094469.642305,move,357,315,.!frame.!button
demo_session_08,38,1786094469.6923048,move,337,322,.!frame.!button
demo_session_08,38,1786094469.7423048,move,349,314,.!frame.!button
demo_session_08,38,1786094469.7923048,move,341,323,.!frame.!button
demo_session_08,38,1786094469.8423047,move,350,316,.!frame.!button
demo_session_08,38,1786094469.8923047,move,344,319,.!frame.!button
demo_session_08,38,1786094469.9423046,move,335,306,.!frame.!button
demo_session_08,38,1786094469.9923046,move,350,316,.!frame.!button
demo_session_08,38,1786094470.0423045,move,354,327,.!frame.!button
demo_session_08,38,1786094470.0923045,move,342,309,.!frame.!button
demo_session_08,38,1786094470.1423044,move,353,313,.!frame.!button
demo_session_08,38,1786094470.1923044,move,346,307,.!frame.!button
demo_session_08,38,1786094470.2423043,move,347,311,.!frame.!button
demo_session_08,38,1786094470.2923043,move,354,326,.!frame.!button
demo_session_08,38,1786094470.3423042,move,349,308,.!frame.!button
demo_session_08,38,1786094470.415599,click,346,316,.!frame.!button
demo_session_08,39,1786094470.415599,move,364,234,.!frame.!entry
demo_session_08,39,1786094470.465599,move,348,231,.!frame.!entry
demo_session_08,39,1786094470.515599,move,331,249,.!frame.!entry
demo_session_08,39,1786094470.565599,move,327,245,.!frame.!entry
demo_session_08,39,1786094470.615599,move,376,222,.!frame.!entry
demo_session_08,39,1786094470.6655989,move,354,244,.!frame.!entry
demo_session_08,39,1786094470.7155988,move,358,242,.!frame.!entry
demo_session_08,39,1786094470.7655988,move,346,228,.!frame.!entry
demo_session_08,39,1786094470.8155987,move,343,220,.!frame.!entry
demo_session_08,39,1786094470.8655987,move,337,275,.!frame.!entry
demo_session_08,39,1786094470.9155986,move,354,256,.!frame.!entry
demo_session_08,39,1786094470.9655986,move,358,253,.!frame.!entry
demo_session_08,39,1786094471.0155985,move,332,235,.!frame.!entry
demo_session_08,39,1786094471.0655985,move,340,223,.!frame.!entry
demo_session_08,39,1786094471.1155984,move,354,245,.!frame.!entry
demo_session_08,39,1786094471.1655984,move,337,253,.!frame.!entry
demo_session_08,39,1786094471.2155983,move,340,244,.!frame.!entry
demo_session_08,39,1786094471.2655983,move,349,262,.!frame.!entry
demo_session_08,39,1786094471.3155982,move,358,253,.!frame.!entry
demo_session_08,39,1786094471.3655982,move,362,252,.!frame.!entry
demo_session_08,39,1786094471.4155982,move,333,233,.!frame.!entry
demo_session_08,39,1786094471.465598,move,343,266,.!frame.!entry
demo_session_08,39,1786094471.515598,move,355,250,.!frame.!entry
demo_session_08,39,1786094471.565598,move,336,235,.!frame.!entry
demo_session_08,39,1786094471.615598,move,362,246,.!frame.!entry
demo_session_08,39,1786094471.665598,move,346,238,.!frame.!entry
demo_session_08,39,1786094471.7155979,move,349,256,.!frame.!entry
demo_session_08,39,1786094471.7655978,move,360,254,.!frame.!entry
demo_session_08,39,1786094471.8155978,move,336,255,.!frame.!entry
demo_session_08,39,1786094471.8655977,move,361,256,.!frame.!entry
demo_session_08,39,1786094471.9155977,move,365,244,.!frame.!entry
demo_session_08,39,1786094471.9655976,move,348,266,.!frame.!entry
demo_session_08,39,1786094472.0155976,move,340,267,.!frame.!entry
demo_session_08,39,1786094472.0655975,move,343,271,.!frame.!entry
demo_session_08,39,1786094472.1155975,move,341,256,.!frame.!entry
demo_session_08,39,1786094472.1655974,move,365,249,.!frame.!entry
demo_session_08,39,1786094472.2155974,move,356,248,.!frame.!entry
demo_session_08,39,1786094472.2655973,move,344,254,.!frame.!entry
demo_session_08,39,1786094472.3155973,move,356,261,.!frame.!entry
demo_session_08,39,1786094472.3655972,move,369,256,.!frame.!entry
demo_session_08,39,1786094472.4155972,move,351,282,.!frame.!entry
demo_session_08,39,1786094472.4655972,move,349,270,.!frame.!entry
demo_session_08,39,1786094472.515597,move,340,268,.!frame.!entry
demo_session_08,39,1786094472.565597,move,322,279,.!frame.!entry
demo_session_08,39,1786094472.615597,move,337,268,.!frame.!entry
demo_session_08,39,1786094472.665597,move,343,278,.!frame.!entry
demo_session_08,39,1786094472.715597,move,354,282,.!frame.!entry
demo_session_08,39,1786094472.7655969,move,344,276,.!frame.!entry
demo_session_08,39,1786094472.8155968,move,341,265,.!frame.!entry
demo_session_08,39,1786094472.8655968,move,350,254,.!frame.!entry
demo_session_08,39,1786094472.9155967,move,346,276,.!frame.!entry
demo_session_08,39,1786094472.9655967,move,341,259,.!frame.!entry
demo_session_08,39,1786094473.0155966,move,357,267,.!frame.!entry
demo_session_08,39,1786094473.0655966,move,337,254,.!frame.!entry
demo_session_08,39,1786094473.1155965,move,350,277,.!frame.!entry
demo_session_08,39,1786094473.1655965,move,347,257,.!frame.!entry
demo_session_08,39,1786094473.2155964,move,332,278,.!frame.!entry
demo_session_08,39,1786094473.2655964,move,344,274,.!frame.!entry
demo_session_08,39,1786094473.3155963,move,344,271,.!frame.!entry
demo_session_08,39,1786094473.3655963,move,328,290,.!frame.!entry
demo_session_08,39,1786094473.4155962,move,347,278,.!frame.!entry
demo_session_08,39,1786094473.4655962,move,347,277,.!frame.!entry
demo_session_08,39,1786094473.5155962,move,337,261,.!frame.!entry
demo_session_08,39,1786094473.565596,move,339,271,.!frame.!entry
demo_session_08,39,1786094473.615596,move,362,274,.!frame.!entry
demo_session_08,39,1786094473.665596,move,352,268,.!frame.!entry
demo_session_08,39,1786094473.715596,move,365,277,.!frame.!entry
demo_session_08,39,1786094473.765596,move,338,281,.!frame.!entry
demo_session_08,39,1786094473.8155959,move,348,287,.!frame.!entry
demo_session_08,39,1786094473.8655958,move,335,291,.!frame.!entry
demo_session_08,39,1786094473.9155958,move,345,278,.!frame.!entry
demo_session_08,39,1786094473.9655957,move,350,282,.!frame.!entry
demo_session_08,39,1786094474.0155957,move,383,277,.!frame.!entry
demo_session_08,39,1786094474.0655956,move,353,296,.!frame.!entry
demo_session_08,39,1786094474.1155956,move,362,291,.!frame.!entry
demo_session_08,39,1786094474.1655955,move,342,276,.!frame.!entry
demo_session_08,39,1786094474.2155955,move,344,298,.!frame.!entry
demo_session_08,39,1786094474.2655954,move,334,302,.!frame.!entry
demo_session_08,39,1786094474.3155954,move,345,292,.!frame.!entry
demo_session_08,39,1786094474.3655953,move,346,291,.!frame.!entry
demo_session_08,39,1786094474.4155953,move,343,285,.!frame.!entry
demo_session_08,39,1786094474.4655952,move,346,307,.!frame.!entry
demo_session_08,39,1786094474.5155952,move,350,308,.!frame.!entry
demo_session_08,39,1786094474.5655951,move,342,295,.!frame.!entry
demo_session_08,39,1786094474.615595,move,350,295,.!frame.!button
demo_session_08,39,1786094474.665595,move,338,305,.!frame.!button
demo_session_08,39,1786094474.715595,move,341,273,.!frame.!button
demo_session_08,39,1786094474.765595,move,353,318,.!frame.!button
demo_session_08,39,1786094474.815595,move,370,317,.!frame.!button
demo_session_08,39,1786094474.8655949,move,355,296,.!frame.!button
demo_session_08,39,1786094474.9155948,move,352,299,.!frame.!button
demo_session_08,39,1786094474.9655948,move,372,274,.!frame.!button
demo_session_08,39,1786094475.0155947,move,318,299,.!frame.!button
demo_session_08,39,1786094475.0655947,move,335,293,.!frame.!button
demo_session_08,39,1786094475.1155946,move,345,313,.!frame.!button
demo_session_08,39,1786094475.1655946,move,342,281,.!frame.!button
demo_session_08,39,1786094475.2155945,move,352,300,.!frame.!button
demo_session_08,39,1786094475.2655945,move,355,304,.!frame.!button
demo_session_08,39,1786094475.3155944,move,335,300,.!frame.!button
demo_session_08,39,1786094475.3655944,move,360,291,.!frame.!button
demo_session_08,39,1786094475.4155943,move,349,303,.!frame.!button
demo_session_08,39,1786094475.4655943,move,359,316,.!frame.!button
demo_session_08,39,1786094475.5155942,move,348,307,.!frame.!button
demo_session_08,39,1786094475.5655942,move,354,304,.!frame.!button
demo_session_08,39,1786094475.6155941,move,338,314,.!frame.!button
demo_session_08,39,1786094475.665594,move,364,309,.!frame.!button
demo_session_08,39,1786094475.715594,move,336,322,.!frame.!button
demo_session_08,39,1786094475.765594,move,344,313,.!frame.!button
demo_session_08,39,1786094475.815594,move,311,331,.!frame.!button
demo_session_08,39,1786094475.865594,move,331,335,.!frame.!button
demo_session_08,39,1786094475.9155939,move,351,311,.!frame.!button
demo_session_08,39,1786094475.9655938,move,353,295,.!frame.!button
demo_session_08,39,1786094476.0155938,move,342,313,.!frame.!button
demo_session_08,39,1786094476.0655937,move,365,316,.!frame.!button
demo_session_08,39,1786094476.1155937,move,339,289,.!frame.!button
demo_session_08,39,1786094476.1655936,move,343,303,.!frame.!button
demo_session_08,39,1786094476.2155936,move,339,306,.!frame.!button
demo_session_08,39,1786094476.2655935,move,342,308,.!frame.!button
demo_session_08,39,1786094476.3155935,move,339,314,.!frame.!button
demo_session_08,39,1786094476.3655934,move,352,319,.!frame.!button
demo_session_08,39,1786094476.4155934,move,361,308,.!frame.!button
demo_session_08,39,1786094476.5068204,click,341,311,.!frame.!button
demo_session_08,40,1786094499.9839005,move,124,229,.!frame.!entry
demo_session_08,40,1786094500.0339005,move,114,218,.!frame.!entry
demo_session_08,40,1786094500.0839005,move,103,225,.!frame.!entry
demo_session_08,40,1786094500.1339004,move,119,212,.!frame.!entry
demo_session_08,40,1786094500.1839004,move,112,210,.!frame.!entry
demo_session_08,40,1786094500.2339003,move,114,219,.!frame.!entry
demo_session_08,40,1786094500.2839003,move,114,237,.!frame.!entry
demo_session_08,40,1786094500.3339002,move,90,206,.!frame.!entry
demo_session_08,40,1786094500.3839002,move,128,234,.!frame.!entry
demo_session_08,40,1786094500.4339,move,120,207,.!frame.!entry
demo_session_08,40,1786094500.4839,move,106,237,.!frame.!entry
demo_session_08,40,1786094500.5339,move,135,242,.!frame.!entry
demo_session_08,40,1786094500.5839,move,139,221,.!frame.!entry
demo_session_08,40,1786094500.6339,move,122,238,.!frame.!entry
demo_session_08,40,1786094500.6838999,move,137,226,.!frame.!entry
demo_session_08,40,1786094500.7338998,move,143,237,.!frame.!entry
demo_session_08,40,1786094500.7838998,move,132,235,.!frame.!entry
demo_session_08,40,1786094500.8338997,move,146,219,.!frame.!entry
demo_session_08,40,1786094500.8838997,move,151,225,.!frame.!entry
demo_session_08,40,1786094500.9338996,move,143,222,.!frame.!entry
demo_session_08,40,1786094500.9838996,move,141,214,.!frame.!entry
demo_session_08,40,1786094501.0338995,move,131,227,.!frame.!entry
demo_session_08,40,1786094501.0838995,move,139,244,.!frame.!entry
demo_session_08,40,1786094501.1338995,move,138,233,.!frame.!entry
demo_session_08,40,1786094501.1838994,move,134,227,.!frame.!entry
demo_session_08,40,1786094501.2338994,move,157,225,.!frame.!entry
demo_session_08,40,1786094501.2838993,move,138,240,.!frame.!entry
demo_session_08,40,1786094501.3338993,move,139,237,.!frame.!entry
demo_session_08,40,1786094501.3838992,move,150,228,.!frame.!entry
demo_session_08,40,1786094501.4338992,move,148,240,.!frame.!entry
demo_session_08,40,1786094501.483899,move,166,241,.!frame.!entry
demo_session_08,40,1786094501.533899,move,162,236,.!frame.!entry
demo_session_08,40,1786094501.583899,move,160,254,.!frame.!entry
demo_session_08,40,1786094501.633899,move,166,260,.!frame.!entry
demo_session_08,40,1786094501.683899,move,164,228,.!frame.!entry
demo_session_08,40,1786094501.7338989,move,156,230,.!frame.!entry
demo_session_08,40,1786094501.7838988,move,152,227,.!frame.!entry
demo_session_08,40,1786094501.8338988,move,144,262,.!frame.!entry
demo_session_08,40,1786094501.8838987,move,180,242,.!frame.!entry
demo_session_08,40,1786094501.9338987,move,173,237,.!frame.!entry
demo_session_08,40,1786094501.9838986,move,156,245,.!frame.!entry
demo_session_08,40,1786094502.0338986,move,153,244,.!frame.!entry
demo_session_08,40,1786094502.0838985,move,190,250,.!frame.!entry
demo_session_08,40,1786094502.1338985,move,181,242,.!frame.!entry
demo_session_08,40,1786094502.1838984,move,185,244,.!frame.!entry
demo_session_08,40,1786094502.2338984,move,183,241,.!frame.!entry
demo_session_08,40,1786094502.2838984,move,182,234,.!frame.!entry
demo_session_08,40,1786094502.3338983,move,186,233,.!frame.!entry
demo_session_08,40,1786094502.3838983,move,182,237,.!frame.!entry
demo_session_08,40,1786094502.4338982,move,180,241,.!frame.!entry
demo_session_08,40,1786094502.4838982,move,187,253,.!frame.!entry
demo_session_08,40,1786094502.533898,move,180,259,.!frame.!entry
demo_session_08,40,1786094502.583898,move,176,248,.!frame.!entry
demo_session_08,40,1786094502.633898,move,184,270,.!frame.!entry
demo_session_08,40,1786094502.683898,move,187,260,.!frame.!entry
demo_session_08,40,1786094502.733898,move,202,276,.!frame.!entry
demo_session_08,40,1786094502.7838979,move,187,276,.!frame.!entry
demo_session_08,40,1786094502.8338978,move,205,261,.!frame.!entry
demo_session_08,40,1786094502.8838978,move,155,245,.!frame.!entry
demo_session_08,40,1786094502.9338977,move,182,263,.!frame.!entry
demo_session_08,40,1786094502.9838977,move,196,259,.!frame.!entry
demo_session_08,40,1786094503.0338976,move,193,258,.!frame.!entry
demo_session_08,40,1786094503.0838976,move,214,247,.!frame.!entry
demo_session_08,40,1786094503.1338975,move,194,255,.!frame.!entry
demo_session_08,40,1786094503.1838975,move,191,271,.!frame.!entry
demo_session_08,40,1786094503.2338974,move,196,231,.!frame.!entry
demo_session_08,40,1786094503.2838974,move,210,246,.!frame.!entry
demo_session_08,40,1786094503.3338974,move,196,248,.!frame.!entry
demo_session_08,40,1786094503.3838973,move,202,260,.!frame.!entry
demo_session_08,40,1786094503.4338973,move,200,248,.!frame.!entry
demo_session_08,40,1786094503.4838972,move,198,273,.!frame.!entry
demo_session_08,40,1786094503.5338972,move,205,262,.!frame.!entry
demo_session_08,40,1786094503.583897,move,224,271,.!frame.!entry
demo_session_08,40,1786094503.633897,move,204,268,.!frame.!entry
demo_session_08,40,1786094503.683897,move,231,246,.!frame.!entry
demo_session_08,40,1786094503.733897,move,206,263,.!frame.!entry
demo_session_08,40,1786094503.783897,move,211,268,.!frame.!entry
demo_session_08,40,1786094503.8338969,move,212,282,.!frame.!entry
demo_session_08,40,1786094503.8838968,move,223,269,.!frame.!entry
demo_session_08,40,1786094503.9338968,move,220,277,.!frame.!entry
demo_session_08,40,1786094503.9838967,move,220,262,.!frame.!entry
demo_session_08,40,1786094504.0338967,move,218,270,.!frame.!entry
demo_session_08,40,1786094504.0838966,move,236,277,.!frame.!entry
demo_session_08,40,1786094504.1338966,move,228,277,.!frame.!entry
demo_session_08,40,1786094504.1838965,move,231,274,.!frame.!entry
demo_session_08,40,1786094504.2338965,move,239,267,.!frame.!entry
demo_session_08,40,1786094504.2838964,move,228,274,.!frame.!entry
demo_session_08,40,1786094504.3338964,move,241,282,.!frame.!entry
demo_session_08,40,1786094504.3838964,move,235,276,.!frame.!entry
demo_session_08,40,1786094504.4338963,move,245,263,.!frame.!entry
demo_session_08,40,1786094504.4838963,move,246,289,.!frame.!entry
demo_session_08,40,1786094504.5338962,move,255,268,.!frame.!entry
demo_session_08,40,1786094504.5838962,move,250,275,.!frame.!entry
demo_session_08,40,1786094504.633896,move,250,297,.!frame.!entry
demo_session_08,40,1786094504.683896,move,257,270,.!frame.!entry
demo_session_08,40,1786094504.733896,move,245,289,.!frame.!entry
demo_session_08,40,1786094504.783896,move,256,283,.!frame.!entry
demo_session_08,40,1786094504.833896,move,250,262,.!frame.!entry
demo_session_08,40,1786094504.8838959,move,262,276,.!frame.!entry
demo_session_08,40,1786094504.9338958,move,255,284,.!frame.!entry
demo_session_08,40,1786094504.9838958,move,240,285,.!frame.!entry
demo_session_08,40,1786094505.0338957,move,241,284,.!frame.!entry
demo_session_08,40,1786094505.0838957,move,254,282,.!frame.!entry
demo_session_08,40,1786094505.1338956,move,249,294,.!frame.!entry
demo_session_08,40,1786094505.1838956,move,268,275,.!frame.!entry
demo_session_08,40,1786094505.2338955,move,253,286,.!frame.!entry
demo_session_08,40,1786094505.2838955,move,245,286,.!frame.!entry
demo_session_08,40,1786094505.3338954,move,251,295,.!frame.!entry
demo_session_08,40,1786094505.3838954,move,264,287,.!frame.!entry
demo_session_08,40,1786094505.4338953,move,286,289,.!frame.!entry
demo_session_08,40,1786094505.4838953,move,275,294,.!frame.!entry
demo_session_08,40,1786094505.5338953,move,245,284,.!frame.!entry
demo_session_08,40,1786094505.5838952,move,282,294,.!frame.!entry
demo_session_08,40,1786094505.6338952,move,269,291,.!frame.!entry
demo_session_08,40,1786094505.683895,move,273,303,.!frame.!entry
demo_session_08,40,1786094505.733895,move,288,295,.!frame.!entry
demo_session_08,40,1786094505.783895,move,284,275,.!frame.!entry
demo_session_08,40,1786094505.833895,move,278,291,.!frame.!button
demo_session_08,40,1786094505.883895,move,260,294,.!frame.!button
demo_session_08,40,1786094505.9338949,move,283,299,.!frame.!button
demo_session_08,40,1786094505.9838948,move,300,299,.!frame.!button
demo_session_08,40,1786094506.0338948,move,263,289,.!frame.!button
demo_session_08,40,1786094506.0838947,move,280,289,.!frame.!button
demo_session_08,40,1786094506.1338947,move,278,291,.!frame.!button
demo_session_08,40,1786094506.1838946,move,288,301,.!frame.!button
demo_session_08,40,1786094506.2338946,move,292,318,.!frame.!button
demo_session_08,40,1786094506.2838945,move,293,312,.!frame.!button
demo_session_08,40,1786094506.3338945,move,284,294,.!frame.!button
demo_session_08,40,1786094506.3838944,move,296,298,.!frame.!button
demo_session_08,40,1786094506.4338944,move,294,310,.!frame.!button
demo_session_08,40,1786094506.4838943,move,288,297,.!frame.!button
demo_session_08,40,1786094506.5338943,move,301,293,.!frame.!button
demo_session_08,40,1786094506.5838943,move,305,318,.!frame.!button
demo_session_08,40,1786094506.6338942,move,294,283,.!frame.!button
demo_session_08,40,1786094506.6838942,move,314,296,.!frame.!button
demo_session_08,40,1786094506.733894,move,298,311,.!frame.!button
demo_session_08,40,1786094506.783894,move,305,295,.!frame.!button
demo_session_08,40,1786094506.833894,move,301,311,.!frame.!button
demo_session_08,40,1786094506.883894,move,305,285,.!frame.!button
demo_session_08,40,1786094506.933894,move,322,298,.!frame.!button
demo_session_08,40,1786094506.9838939,move,308,290,.!frame.!button
demo_session_08,40,1786094507.0338938,move,311,306,.!frame.!button
demo_session_08,40,1786094507.0838938,move,329,302,.!frame.!button
demo_session_08,40,1786094507.1338937,move,327,306,.!frame.!button
demo_session_08,40,1786094507.1838937,move,293,310,.!frame.!button
demo_session_08,40,1786094507.2338936,move,324,308,.!frame.!button
demo_session_08,40,1786094507.2838936,move,307,315,.!frame.!button
demo_session_08,40,1786094507.3338935,move,331,312,.!frame.!button
demo_session_08,40,1786094507.3838935,move,337,296,.!frame.!button
demo_session_08,40,1786094507.4338934,move,320,306,.!frame.!button
demo_session_08,40,1786094507.4838934,move,317,322,.!frame.!button
demo_session_08,40,1786094507.5338933,move,323,303,.!frame.!button
demo_session_08,40,1786094507.5838933,move,336,303,.!frame.!button
demo_session_08,40,1786094507.6338933,move,344,320,.!frame.!button
demo_session_08,40,1786094507.6838932,move,317,315,.!frame.!button
demo_session_08,40,1786094507.7338932,move,336,307,.!frame.!button
demo_session_08,40,1786094507.783893,move,331,302,.!frame.!button
demo_session_08,40,1786094507.833893,move,350,320,.!frame.!button
demo_session_08,40,1786094507.883893,move,339,329,.!frame.!button
demo_session_08,40,1786094507.933893,move,336,310,.!frame.!button
demo_session_08,40,1786094507.983893,move,330,317,.!frame.!button
demo_session_08,40,1786094508.0338929,move,337,319,.!frame.!button
demo_session_08,40,1786094508.0838928,move,331,318,.!frame.!button
demo_session_08,40,1786094508.1338928,move,339,310,.!frame.!button
demo_session_08,40,1786094508.1838927,move,345,321,.!frame.!button
demo_session_08,40,1786094508.2338927,move,347,321,.!frame.!button
demo_session_08,40,1786094508.2838926,move,336,311,.!frame.!button
demo_session_08,40,1786094508.379348,click,361,331,.!frame.!button
demo_session_08,41,1786094508.379348,move,370,104,.!frame.!entry
demo_session_08,41,1786094508.429348,move,365,98,.!frame.!entry
demo_session_08,41,1786094508.479348,move,360,113,.!frame.!entry
demo_session_08,41,1786094508.529348,move,371,111,.!frame.!entry
demo_session_08,41,1786094508.5793478,move,369,106,.!frame.!entry
demo_session_08,41,1786094508.6293478,move,369,114,.!frame.!entry
demo_session_08,41,1786094508.6793478,move,364,120,.!frame.!entry
demo_session_08,41,1786094508.7293477,move,363,132,.!frame.!entry
demo_session_08,41,1786094508.7793477,move,359,109,.!frame.!entry
demo_session_08,41,1786094508.8293476,move,369,111,.!frame.!entry
demo_session_08,41,1786094508.8793476,move,372,123,.!frame.!entry
demo_session_08,41,1786094508.9293475,move,345,144,.!frame.!entry
demo_session_08,41,1786094508.9793475,move,370,131,.!frame.!entry
demo_session_08,41,1786094509.0293474,move,350,126,.!frame.!entry
demo_session_08,41,1786094509.0793474,move,366,118,.!frame.!entry
demo_session_08,41,1786094509.1293473,move,361,129,.!frame.!entry
demo_session_08,41,1786094509.1793473,move,373,131,.!frame.!entry
demo_session_08,41,1786094509.2293472,move,368,143,.!frame.!entry
demo_session_08,41,1786094509.2793472,move,371,143,.!frame.!entry
demo_session_08,41,1786094509.3293471,move,356,142,.!frame.!entry
demo_session_08,41,1786094509.379347,move,347,153,.!frame.!entry
demo_session_08,41,1786094509.429347,move,353,140,.!frame.!entry
demo_session_08,41,1786094509.479347,move,349,136,.!frame.!entry
demo_session_08,41,1786094509.529347,move,360,147,.!frame.!entry
demo_session_08,41,1786094509.579347,move,365,136,.!frame.!entry
demo_session_08,41,1786094509.6293468,move,358,160,.!frame.!entry
demo_session_08,41,1786094509.6793468,move,352,160,.!frame.!entry
demo_session_08,41,1786094509.7293468,move,350,156,.!frame.!entry
demo_session_08,41,1786094509.7793467,move,358,149,.!frame.!entry
demo_session_08,41,1786094509.8293467,move,361,145,.!frame.!entry
demo_session_08,41,1786094509.8793466,move,341,148,.!frame.!entry
demo_session_08,41,1786094509.9293466,move,378,147,.!frame.!entry
demo_session_08,41,1786094509.9793465,move,364,152,.!frame.!entry
demo_session_08,41,1786094510.0293465,move,358,165,.!frame.!entry
demo_session_08,41,1786094510.0793464,move,341,160,.!frame.!entry
demo_session_08,41,1786094510.1293464,move,355,156,.!frame.!entry
demo_session_08,41,1786094510.1793463,move,368,174,.!frame.!entry
demo_session_08,41,1786094510.2293463,move,342,178,.!frame.!entry
demo_session_08,41,1786094510.2793462,move,347,186,.!frame.!entry
demo_session_08,41,1786094510.3293462,move,364,187,.!frame.!entry
demo_session_08,41,1786094510.3793461,move,359,161,.!frame.!entry
demo_session_08,41,1786094510.429346,move,336,187,.!frame.!entry
demo_session_08,41,1786094510.479346,move,374,190,.!frame.!entry
demo_session_08,41,1786094510.529346,move,346,194,.!frame.!entry
demo_session_08,41,1786094510.579346,move,335,190,.!frame.!entry
demo_session_08,41,1786094510.629346,move,370,185,.!frame.!entry
demo_session_08,41,1786094510.6793458,move,351,186,.!frame.!entry
demo_session_08,41,1786094510.7293458,move,346,187,.!frame.!entry
demo_session_08,41,1786094510.7793458,move,356,180,.!frame.!entry
demo_session_08,41,1786094510.8293457,move,363,184,.!frame.!entry
demo_session_08,41,1786094510.8793457,move,347,164,.!frame.!entry
demo_session_08,41,1786094510.9293456,move,371,200,.!frame.!entry
demo_session_08,41,1786094510.9793456,move,341,191,.!frame.!entry
demo_session_08,41,1786094511.0293455,move,353,211,.!frame.!entry
demo_session_08,41,1786094511.0793455,move,357,196,.!frame.!entry
demo_session_08,41,1786094511.1293454,move,330,209,.!frame.!entry
demo_session_08,41,1786094511.1793454,move,348,217,.!frame.!entry
demo_session_08,41,1786094511.2293453,move,354,194,.!frame.!entry
demo_session_08,41,1786094511.2793453,move,346,228,.!frame.!entry
demo_session_08,41,1786094511.3293452,move,364,198,.!frame.!entry
demo_session_08,41,1786094511.3793452,move,349,202,.!frame.!entry
demo_session_08,41,1786094511.4293451,move,349,208,.!frame.!entry
demo_session_08,41,1786094511.479345,move,352,224,.!frame.!entry
demo_session_08,41,1786094511.529345,move,359,214,.!frame.!entry
demo_session_08,41,1786094511.579345,move,353,238,.!frame.!entry
demo_session_08,41,1786094511.629345,move,347,209,.!frame.!entry
demo_session_08,41,1786094511.679345,move,356,203,.!frame.!entry
demo_session_08,41,1786094511.7293448,move,358,225,.!frame.!entry
demo_session_08,41,1786094511.7793448,move,336,218,.!frame.!entry
demo_session_08,41,1786094511.8293447,move,341,234,.!frame.!entry
demo_session_08,41,1786094511.8793447,move,360,233,.!frame.!entry
demo_session_08,41,1786094511.9293447,move,356,212,.!frame.!entry
demo_session_08,41,1786094511.9793446,move,353,236,.!frame.!entry
demo_session_08,41,1786094512.0293446,move,349,252,.!frame.!entry
demo_session_08,41,1786094512.0793445,move,346,232,.!frame.!entry
demo_session_08,41,1786094512.1293445,move,352,241,.!frame.!entry
demo_session_08,41,1786094512.1793444,move,349,239,.!frame.!entry
demo_session_08,41,1786094512.2293444,move,358,238,.!frame.!entry
demo_session_08,41,1786094512.2793443,move,345,254,.!frame.!entry
demo_session_08,41,1786094512.3293443,move,360,254,.!frame.!entry
demo_session_08,41,1786094512.3793442,move,353,256,.!frame.!entry
demo_session_08,41,1786094512.4293442,move,352,241,.!frame.!entry
demo_session_08,41,1786094512.4793441,move,355,255,.!frame.!entry
demo_session_08,41,1786094512.529344,move,350,255,.!frame.!entry
demo_session_08,41,1786094512.579344,move,342,260,.!frame.!button
demo_session_08,41,1786094512.629344,move,354,276,.!frame.!button
demo_session_08,41,1786094512.679344,move,361,261,.!frame.!button
demo_session_08,41,1786094512.729344,move,349,273,.!frame.!button
demo_session_08,41,1786094512.7793438,move,349,271,.!frame.!button
demo_session_08,41,1786094512.8293438,move,345,253,.!frame.!button
demo_session_08,41,1786094512.8793437,move,356,266,.!frame.!button
demo_session_08,41,1786094512.9293437,move,360,270,.!frame.!button
demo_session_08,41,1786094512.9793437,move,348,272,.!frame.!button
demo_session_08,41,1786094513.0293436,move,351,265,.!frame.!button
demo_session_08,41,1786094513.0793436,move,343,275,.!frame.!button
demo_session_08,41,1786094513.1293435,move,343,258,.!frame.!button
demo_session_08,41,1786094513.1793435,move,360,262,.!frame.!button
demo_session_08,41,1786094513.2293434,move,359,285,.!frame.!button
demo_session_08,41,1786094513.2793434,move,344,284,.!frame.!button
demo_session_08,41,1786094513.3293433,move,351,279,.!frame.!button
demo_session_08,41,1786094513.3793433,move,341,281,.!frame.!button
demo_session_08,41,1786094513.4293432,move,349,275,.!frame.!button
demo_session_08,41,1786094513.4793432,move,361,292,.!frame.!button
demo_session_08,41,1786094513.5293431,move,332,288,.!frame.!button
demo_session_08,41,1786094513.579343,move,359,292,.!frame.!button
demo_session_08,41,1786094513.629343,move,348,297,.!frame.!button
demo_session_08,41,1786094513.679343,move,346,306,.!frame.!button
demo_session_08,41,1786094513.729343,move,355,286,.!frame.!button
demo_session_08,41,1786094513.779343,move,358,315,.!frame.!button
demo_session_08,41,1786094513.8293428,move,369,299,.!frame.!button
demo_session_08,41,1786094513.8793428,move,356,288,.!frame.!button
demo_session_08,41,1786094513.9293427,move,344,299,.!frame.!button
demo_session_08,41,1786094513.9793427,move,342,321,.!frame.!button
demo_session_08,41,1786094514.0293427,move,368,302,.!frame.!button
demo_session_08,41,1786094514.0793426,move,358,312,.!frame.!button
demo_session_08,41,1786094514.1293426,move,357,302,.!frame.!button
demo_session_08,41,1786094514.1793425,move,354,320,.!frame.!button
demo_session_08,41,1786094514.2293425,move,374,321,.!frame.!button
demo_session_08,41,1786094514.2793424,move,332,304,.!frame.!button
demo_session_08,41,1786094514.3293424,move,352,314,.!frame.!button
demo_session_08,41,1786094514.4133418,click,363,333,.!frame.!button
demo_session_08,42,1786094514.4133418,move,489,353,.!frame.!entry
demo_session_08,42,1786094514.4633417,move,471,373,.!frame.!entry
demo_session_08,42,1786094514.5133417,move,457,342,.!frame.!entry
demo_session_08,42,1786094514.5633416,move,460,365,.!frame.!entry
demo_session_08,42,1786094514.6133416,move,472,351,.!frame.!entry
demo_session_08,42,1786094514.6633415,move,464,358,.!frame.!entry
demo_session_08,42,1786094514.7133415,move,450,360,.!frame.!entry
demo_session_08,42,1786094514.7633414,move,481,353,.!frame.!entry
demo_session_08,42,1786094514.8133414,move,477,344,.!frame.!entry
demo_session_08,42,1786094514.8633413,move,465,359,.!frame.!entry
demo_session_08,42,1786094514.9133413,move,469,361,.!frame.!entry
demo_session_08,42,1786094514.9633412,move,480,346,.!frame.!entry
demo_session_08,42,1786094515.0133412,move,468,337,.!frame.!entry
demo_session_08,42,1786094515.0633411,move,462,350,.!frame.!entry
demo_session_08,42,1786094515.113341,move,454,369,.!frame.!entry
demo_session_08,42,1786094515.163341,move,451,319,.!frame.!entry
demo_session_08,42,1786094515.213341,move,477,345,.!frame.!entry
demo_session_08,42,1786094515.263341,move,466,352,.!frame.!entry
demo_session_08,42,1786094515.313341,move,474,333,.!frame.!entry
demo_session_08,42,1786094515.3633409,move,432,358,.!frame.!entry
demo_session_08,42,1786094515.4133408,move,454,341,.!frame.!entry
demo_session_08,42,1786094515.4633408,move,456,365,.!frame.!entry
demo_session_08,42,1786094515.5133407,move,457,343,.!frame.!entry
demo_session_08,42,1786094515.5633407,move,462,337,.!frame.!entry
demo_session_08,42,1786094515.6133406,move,476,355,.!frame.!entry
demo_session_08,42,1786094515.6633406,move,460,338,.!frame.!entry
demo_session_08,42,1786094515.7133405,move,449,345,.!frame.!entry
demo_session_08,42,1786094515.7633405,move,433,356,.!frame.!entry
demo_session_08,42,1786094515.8133404,move,426,360,.!frame.!entry
demo_session_08,42,1786094515.8633404,move,455,353,.!frame.!entry
demo_session_08,42,1786094515.9133403,move,423,358,.!frame.!entry
demo_session_08,42,1786094515.9633403,move,458,333,.!frame.!entry
demo_session_08,42,1786094516.0133402,move,448,363,.!frame.!entry
demo_session_08,42,1786094516.0633402,move,437,338,.!frame.!entry
demo_session_08,42,1786094516.1133401,move,439,362,.!frame.!entry
demo_session_08,42,1786094516.16334,move,468,377,.!frame.!entry
demo_session_08,42,1786094516.21334,move,432,349,.!frame.!entry
demo_session_08,42,1786094516.26334,move,435,357,.!frame.!entry
demo_session_08,42,1786094516.31334,move,455,346,.!frame.!entry
demo_session_08,42,1786094516.36334,move,436,362,.!frame.!entry
demo_session_08,42,1786094516.4133399,move,445,332,.!frame.!entry
demo_session_08,42,1786094516.4633398,move,445,332,.!frame.!entry
demo_session_08,42,1786094516.5133398,move,432,354,.!frame.!entry
demo_session_08,42,1786094516.5633397,move,413,318,.!frame.!entry
demo_session_08,42,1786094516.6133397,move,420,342,.!frame.!entry
demo_session_08,42,1786094516.6633396,move,440,326,.!frame.!entry
demo_session_08,42,1786094516.7133396,move,422,331,.!frame.!entry
demo_session_08,42,1786094516.7633395,move,429,343,.!frame.!entry
demo_session_08,42,1786094516.8133395,move,411,351,.!frame.!entry
demo_session_08,42,1786094516.8633394,move,442,347,.!frame.!entry
demo_session_08,42,1786094516.9133394,move,426,339,.!frame.!entry
demo_session_08,42,1786094516.9633393,move,418,335,.!frame.!entry
demo_session_08,42,1786094517.0133393,move,438,341,.!frame.!entry
demo_session_08,42,1786094517.0633392,move,440,360,.!frame.!entry
demo_session_08,42,1786094517.1133392,move,445,354,.!frame.!entry
demo_session_08,42,1786094517.1633391,move,427,341,.!frame.!entry
demo_session_08,42,1786094517.213339,move,432,339,.!frame.!entry
demo_session_08,42,1786094517.263339,move,437,336,.!frame.!entry
demo_session_08,42,1786094517.313339,move,398,343,.!frame.!entry
demo_session_08,42,1786094517.363339,move,421,358,.!frame.!entry
demo_session_08,42,1786094517.413339,move,413,325,.!frame.!entry
demo_session_08,42,1786094517.4633389,move,400,350,.!frame.!entry
demo_session_08,42,1786094517.5133388,move,411,340,.!frame.!entry
demo_session_08,42,1786094517.5633388,move,417,344,.!frame.!entry
demo_session_08,42,1786094517.6133387,move,407,359,.!frame.!entry
demo_session_08,42,1786094517.6633387,move,419,332,.!frame.!entry
demo_session_08,42,1786094517.7133386,move,428,340,.!frame.!entry
demo_session_08,42,1786094517.7633386,move,401,342,.!frame.!entry
demo_session_08,42,1786094517.8133385,move,410,335,.!frame.!entry
demo_session_08,42,1786094517.8633385,move,402,334,.!frame.!entry
demo_session_08,42,1786094517.9133384,move,383,329,.!frame.!entry
demo_session_08,42,1786094517.9633384,move,402,338,.!frame.!entry
demo_session_08,42,1786094518.0133383,move,412,322,.!frame.!entry
demo_session_08,42,1786094518.0633383,move,411,342,.!frame.!entry
demo_session_08,42,1786094518.1133382,move,386,339,.!frame.!entry
demo_session_08,42,1786094518.1633382,move,391,337,.!frame.!entry
demo_session_08,42,1786094518.2133381,move,400,334,.!frame.!entry
demo_session_08,42,1786094518.263338,move,382,329,.!frame.!entry
demo_session_08,42,1786094518.313338,move,386,338,.!frame.!entry
demo_session_08,42,1786094518.363338,move,385,324,.!frame.!entry
demo_session_08,42,1786094518.413338,move,380,332,.!frame.!entry
demo_session_08,42,1786094518.463338,move,386,329,.!frame.!entry
demo_session_08,42,1786094518.5133379,move,393,344,.!frame.!entry
demo_session_08,42,1786094518.5633378,move,378,342,.!frame.!entry
demo_session_08,42,1786094518.6133378,move,386,338,.!frame.!entry
demo_session_08,42,1786094518.6633377,move,393,321,.!frame.!entry
demo_session_08,42,1786094518.7133377,move,376,329,.!frame.!entry
demo_session_08,42,1786094518.7633376,move,393,306,.!frame.!entry
demo_session_08,42,1786094518.8133376,move,405,318,.!frame.!button
demo_session_08,42,1786094518.8633375,move,375,336,.!frame.!button
demo_session_08,42,1786094518.9133375,move,382,338,.!frame.!button
demo_session_08,42,1786094518.9633374,move,371,323,.!frame.!button
demo_session_08,42,1786094519.0133374,move,397,348,.!frame.!button
demo_session_08,42,1786094519.0633373,move,393,343,.!frame.!button
demo_session_08,42,1786094519.1133373,move,382,314,.!frame.!button
demo_session_08,42,1786094519.1633372,move,352,339,.!frame.!button
demo_session_08,42,1786094519.2133372,move,389,324,.!frame.!button
demo_session_08,42,1786094519.2633371,move,384,336,.!frame.!button
demo_session_08,42,1786094519.313337,move,382,332,.!frame.!button
demo_session_08,42,1786094519.363337,move,381,319,.!frame.!button
demo_session_08,42,1786094519.413337,move,369,328,.!frame.!button
demo_session_08,42,1786094519.463337,move,365,337,.!frame.!button
demo_session_08,42,1786094519.513337,move,384,335,.!frame.!button
demo_session_08,42,1786094519.5633368,move,381,346,.!frame.!button
demo_session_08,42,1786094519.6133368,move,383,338,.!frame.!button
demo_session_08,42,1786094519.6633368,move,376,339,.!frame.!button
demo_session_08,42,1786094519.7133367,move,370,327,.!frame.!button
demo_session_08,42,1786094519.7633367,move,357,322,.!frame.!button
demo_session_08,42,1786094519.8133366,move,356,336,.!frame.!button
demo_session_08,42,1786094519.8633366,move,341,320,.!frame.!button
demo_session_08,42,1786094519.9133365,move,405,309,.!frame.!button
demo_session_08,42,1786094519.9633365,move,359,325,.!frame.!button
demo_session_08,42,1786094520.0133364,move,378,334,.!frame.!button
demo_session_08,42,1786094520.0633364,move,348,327,.!frame.!button
demo_session_08,42,1786094520.1133363,move,360,321,.!frame.!button
demo_session_08,42,1786094520.1633363,move,371,339,.!frame.!button
demo_session_08,42,1786094520.2133362,move,374,320,.!frame.!button
demo_session_08,42,1786094520.2633362,move,368,308,.!frame.!button
demo_session_08,42,1786094520.3133361,move,367,311,.!frame.!button
demo_session_08,42,1786094520.363336,move,354,317,.!frame.!button
demo_session_08,42,1786094520.413336,move,371,327,.!frame.!button
demo_session_08,42,1786094520.463336,move,339,330,.!frame.!button
demo_session_08,42,1786094520.513336,move,351,323,.!frame.!button
demo_session_08,42,1786094520.563336,move,369,326,.!frame.!button
demo_session_08,42,1786094520.6133358,move,353,321,.!frame.!button
demo_session_08,42,1786094520.6633358,move,351,323,.!frame.!button
demo_session_08,42,1786094520.7501156,click,334,304,.!frame.!button
demo_session_08,43,1786094520.7501156,move,142,385,.!frame.!entry
demo_session_08,43,1786094520.8001156,move,127,372,.!frame.!entry
demo_session_08,43,1786094520.8501155,move,146,366,.!frame.!entry
demo_session_08,43,1786094520.9001155,move,143,386,.!frame.!entry
demo_session_08,43,1786094520.9501154,move,149,391,.!frame.!entry
demo_session_08,43,1786094521.0001154,move,154,403,.!frame.!entry
demo_session_08,43,1786094521.0501153,move,162,386,.!frame.!entry
demo_session_08,43,1786094521.1001153,move,148,389,.!frame.!entry
demo_session_08,43,1786094521.1501153,move,161,399,.!frame.!entry
demo_session_08,43,1786094521.2001152,move,145,363,.!frame.!entry
demo_session_08,43,1786094521.2501152,move,157,375,.!frame.!entry
demo_session_08,43,1786094521.300115,move,147,394,.!frame.!entry
demo_session_08,43,1786094521.350115,move,156,391,.!frame.!entry
demo_session_08,43,1786094521.400115,move,171,380,.!frame.!entry
demo_session_08,43,1786094521.450115,move,171,386,.!frame.!entry
demo_session_08,43,1786094521.500115,move,186,376,.!frame.!entry
demo_session_08,43,1786094521.5501149,move,162,396,.!frame.!entry
demo_session_08,43,1786094521.6001148,move,185,387,.!frame.!entry
demo_session_08,43,1786094521.6501148,move,178,364,.!frame.!entry
demo_session_08,43,1786094521.7001147,move,165,375,.!frame.!entry
demo_session_08,43,1786094521.7501147,move,177,369,.!frame.!entry
demo_session_08,43,1786094521.8001146,move,184,386,.!frame.!entry
demo_session_08,43,1786094521.8501146,move,184,378,.!frame.!entry
demo_session_08,43,1786094521.9001145,move,188,370,.!frame.!entry
demo_session_08,43,1786094521.9501145,move,182,381,.!frame.!entry
demo_session_08,43,1786094522.0001144,move,185,376,.!frame.!entry
demo_session_08,43,1786094522.0501144,move,180,359,.!frame.!entry
demo_session_08,43,1786094522.1001143,move,173,383,.!frame.!entry
demo_session_08,43,1786094522.1501143,move,184,382,.!frame.!entry
demo_session_08,43,1786094522.2001143,move,167,366,.!frame.!entry
demo_session_08,43,1786094522.2501142,move,195,364,.!frame.!entry
demo_session_08,43,1786094522.3001142,move,194,384,.!frame.!entry
demo_session_08,43,1786094522.350114,move,195,376,.!frame.!entry
demo_session_08,43,1786094522.400114,move,200,372,.!frame.!entry
demo_session_08,43,1786094522.450114,move,187,383,.!frame.!entry
demo_session_08,43,1786094522.500114,move,197,370,.!frame.!entry
demo_session_08,43,1786094522.550114,move,210,371,.!frame.!entry
demo_session_08,43,1786094522.6001139,move,182,371,.!frame.!entry
demo_session_08,43,1786094522.6501138,move,204,371,.!frame.!entry
demo_session_08,43,1786094522.7001138,move,207,369,.!frame.!entry
demo_session_08,43,1786094522.7501137,move,207,367,.!frame.!entry
demo_session_08,43,1786094522.8001137,move,207,368,.!frame.!entry
demo_session_08,43,1786094522.8501136,move,194,379,.!frame.!entry
demo_session_08,43,1786094522.9001136,move,201,368,.!frame.!entry
demo_session_08,43,1786094522.9501135,move,209,372,.!frame.!entry
demo_session_08,43,1786094523.0001135,move,215,357,.!frame.!entry
demo_session_08,43,1786094523.0501134,move,205,364,.!frame.!entry
demo_session_08,43,1786094523.1001134,move,223,372,.!frame.!entry
demo_session_08,43,1786094523.1501133,move,213,357,.!frame.!entry
demo_session_08,43,1786094523.2001133,move,221,348,.!frame.!entry
demo_session_08,43,1786094523.2501132,move,206,360,.!frame.!entry
demo_session_08,43,1786094523.3001132,move,231,368,.!frame.!entry
demo_session_08,43,1786094523.3501132,move,201,364,.!frame.!entry
demo_session_08,43,1786094523.400113,move,223,381,.!frame.!entry
demo_session_08,43,1786094523.450113,move,234,361,.!frame.!entry
demo_session_08,43,1786094523.500113,move,232,336,.!frame.!entry
demo_session_08,43,1786094523.550113,move,235,367,.!frame.!entry
demo_session_08,43,1786094523.600113,move,219,368,.!frame.!entry
demo_session_08,43,1786094523.6501129,move,235,355,.!frame.!entry
demo_session_08,43,1786094523.7001128,move,239,359,.!frame.!entry
demo_session_08,43,1786094523.7501128,move,227,349,.!frame.!entry
demo_session_08,43,1786094523.8001127,move,230,366,.!frame.!entry
demo_session_08,43,1786094523.8501127,move,223,347,.!frame.!entry
demo_session_08,43,1786094523.9001126,move,248,339,.!frame.!entry
demo_session_08,43,1786094523.9501126,move,235,350,.!frame.!entry
demo_session_08,43,1786094524.0001125,move,240,355,.!frame.!entry
demo_session_08,43,1786094524.0501125,move,245,353,.!frame.!entry
demo_session_08,43,1786094524.1001124,move,235,362,.!frame.!entry
demo_session_08,43,1786094524.1501124,move,245,340,.!frame.!entry
demo_session_08,43,1786094524.2001123,move,244,358,.!frame.!entry
demo_session_08,43,1786094524.2501123,move,251,351,.!frame.!entry
demo_session_08,43,1786094524.3001122,move,251,358,.!frame.!entry
demo_session_08,43,1786094524.3501122,move,246,360,.!frame.!entry
demo_session_08,43,1786094524.4001122,move,252,357,.!frame.!entry
demo_session_08,43,1786094524.450112,move,259,347,.!frame.!entry
demo_session_08,43,1786094524.500112,move,234,364,.!frame.!entry
demo_session_08,43,1786094524.550112,move,274,344,.!frame.!entry
demo_session_08,43,1786094524.600112,move,251,342,.!frame.!entry
demo_session_08,43,1786094524.650112,move,258,343,.!frame.!entry
demo_session_08,43,1786094524.7001119,move,250,351,.!frame.!entry
demo_session_08,43,1786094524.7501118,move,258,357,.!frame.!entry
demo_session_08,43,1786094524.8001118,move,269,361,.!frame.!entry
demo_session_08,43,1786094524.8501117,move,267,363,.!frame.!entry
demo_session_08,43,1786094524.9001117,move,270,361,.!frame.!entry
demo_session_08,43,1786094524.9501116,move,269,355,.!frame.!entry
demo_session_08,43,1786094525.0001116,move,282,352,.!frame.!entry
demo_session_08,43,1786094525.0501115,move,268,336,.!frame.!entry
demo_session_08,43,1786094525.1001115,move,271,338,.!frame.!entry
demo_session_08,43,1786094525.1501114,move,256,360,.!frame.!entry
demo_session_08,43,1786094525.2001114,move,275,337,.!frame.!entry
demo_session_08,43,1786094525.2501113,move,282,362,.!frame.!entry
demo_session_08,43,1786094525.3001113,move,284,336,.!frame.!entry
demo_session_08,43,1786094525.3501112,move,277,332,.!frame.!entry
demo_session_08,43,1786094525.4001112,move,277,339,.!frame.!entry
demo_session_08,43,1786094525.4501112,move,284,345,.!frame.!entry
demo_session_08,43,1786094525.500111,move,293,337,.!frame.!entry
demo_session_08,43,1786094525.550111,move,276,356,.!frame.!entry
demo_session_08,43,1786094525.600111,move,305,338,.!frame.!entry
demo_session_08,43,1786094525.650111,move,290,326,.!frame.!button
demo_session_08,43,1786094525.700111,move,276,350,.!frame.!button
demo_session_08,43,1786094525.7501109,move,275,343,.!frame.!button
demo_session_08,43,1786094525.8001108,move,299,336,.!frame.!button
demo_session_08,43,1786094525.8501108,move,302,336,.!frame.!button
demo_session_08,43,1786094525.9001107,move,299,331,.!frame.!button
demo_session_08,43,1786094525.9501107,move,309,334,.!frame.!button
demo_session_08,43,1786094526.0001106,move,304,317,.!frame.!button
demo_session_08,43,1786094526.0501106,move,302,321,.!frame.!button
demo_session_08,43,1786094526.1001105,move,321,322,.!frame.!button
demo_session_08,43,1786094526.1501105,move,317,335,.!frame.!button
demo_session_08,43,1786094526.2001104,move,296,345,.!frame.!button
demo_session_08,43,1786094526.2501104,move,300,332,.!frame.!button
demo_session_08,43,1786094526.3001103,move,300,323,.!frame.!button
demo_session_08,43,1786094526.3501103,move,287,316,.!frame.!button
demo_session_08,43,1786094526.4001102,move,307,338,.!frame.!button
demo_session_08,43,1786094526.4501102,move,315,326,.!frame.!button
demo_session_08,43,1786094526.5001101,move,316,332,.!frame.!button
demo_session_08,43,1786094526.55011,move,302,323,.!frame.!button
demo_session_08,43,1786094526.60011,move,326,315,.!frame.!button
demo_session_08,43,1786094526.65011,move,317,329,.!frame.!button
demo_session_08,43,1786094526.70011,move,317,316,.!frame.!button
demo_session_08,43,1786094526.75011,move,304,329,.!frame.!button
demo_session_08,43,1786094526.8001099,move,319,299,.!frame.!button
demo_session_08,43,1786094526.8501098,move,327,330,.!frame.!button
demo_session_08,43,1786094526.9001098,move,328,327,.!frame.!button
demo_session_08,43,1786094526.9501097,move,333,344,.!frame.!button
demo_session_08,43,1786094527.0001097,move,335,325,.!frame.!button
demo_session_08,43,1786094527.0501096,move,340,328,.!frame.!button
demo_session_08,43,1786094527.1001096,move,325,327,.!frame.!button
demo_session_08,43,1786094527.1501095,move,336,313,.!frame.!button
demo_session_08,43,1786094527.2001095,move,332,337,.!frame.!button
demo_session_08,43,1786094527.2501094,move,325,331,.!frame.!button
demo_session_08,43,1786094527.3001094,move,322,321,.!frame.!button
demo_session_08,43,1786094527.3501093,move,334,321,.!frame.!button
demo_session_08,43,1786094527.4001093,move,329,325,.!frame.!button
demo_session_08,43,1786094527.4501092,move,343,317,.!frame.!button
demo_session_08,43,1786094527.5001092,move,335,309,.!frame.!button
demo_session_08,43,1786094527.5501091,move,335,333,.!frame.!button
demo_session_08,43,1786094527.600109,move,345,309,.!frame.!button
demo_session_08,43,1786094527.650109,move,359,314,.!frame.!button
demo_session_08,43,1786094527.700109,move,353,323,.!frame.!button
demo_session_08,43,1786094527.750109,move,336,315,.!frame.!button
demo_session_08,43,1786094527.8479447,click,345,315,.!frame.!button
demo_session_08,44,1786094544.5267098,move,474,362,.!frame.!entry
demo_session_08,44,1786094544.5767097,move,460,382,.!frame.!entry
demo_session_08,44,1786094544.6267097,move,441,367,.!frame.!entry
demo_session_08,44,1786094544.6767097,move,440,406,.!frame.!entry
demo_session_08,44,1786094544.7267096,move,443,395,.!frame.!entry
demo_session_08,44,1786094544.7767096,move,449,369,.!frame.!entry
demo_session_08,44,1786094544.8267095,move,433,372,.!frame.!entry
demo_session_08,44,1786094544.8767095,move,441,382,.!frame.!entry
demo_session_08,44,1786094544.9267094,move,441,375,.!frame.!entry
demo_session_08,44,1786094544.9767094,move,448,366,.!frame.!entry
demo_session_08,44,1786094545.0267093,move,420,365,.!frame.!entry
demo_session_08,44,1786094545.0767093,move,432,376,.!frame.!entry
demo_session_08,44,1786094545.1267092,move,455,381,.!frame.!entry
demo_session_08,44,1786094545.1767092,move,451,360,.!frame.!entry
demo_session_08,44,1786094545.2267091,move,445,379,.!frame.!entry
demo_session_08,44,1786094545.276709,move,437,380,.!frame.!entry
demo_session_08,44,1786094545.326709,move,448,356,.!frame.!entry
demo_session_08,44,1786094545.376709,move,442,383,.!frame.!entry
demo_session_08,44,1786094545.426709,move,422,367,.!frame.!entry
demo_session_08,44,1786094545.476709,move,450,369,.!frame.!entry
demo_session_08,44,1786094545.5267088,move,414,386,.!frame.!entry
demo_session_08,44,1786094545.5767088,move,434,355,.!frame.!entry
demo_session_08,44,1786094545.6267087,move,433,386,.!frame.!entry
demo_session_08,44,1786094545.6767087,move,440,377,.!frame.!entry
demo_session_08,44,1786094545.7267087,move,416,366,.!frame.!entry
demo_session_08,44,1786094545.7767086,move,454,363,.!frame.!entry
demo_session_08,44,1786094545.8267086,move,432,356,.!frame.!entry
demo_session_08,44,1786094545.8767085,move,416,362,.!frame.!entry
demo_session_08,44,1786094545.9267085,move,420,367,.!frame.!entry
demo_session_08,44,1786094545.9767084,move,428,375,.!frame.!entry
demo_session_08,44,1786094546.0267084,move,437,375,.!frame.!entry
demo_session_08,44,1786094546.0767083,move,445,380,.!frame.!entry
demo_session_08,44,1786094546.1267083,move,414,374,.!frame.!entry
demo_session_08,44,1786094546.1767082,move,419,364,.!frame.!entry
demo_session_08,44,1786094546.2267082,move,428,359,.!frame.!entry
demo_session_08,44,1786094546.2767081,move,442,371,.!frame.!entry
demo_session_08,44,1786094546.326708,move,439,348,.!frame.!entry
demo_session_08,44,1786094546.376708,move,412,349,.!frame.!entry
demo_session_08,44,1786094546.426708,move,429,367,.!frame.!entry
demo_session_08,44,1786094546.476708,move,420,360,.!frame.!entry
demo_session_08,44,1786094546.526708,move,424,373,.!frame.!entry
demo_session_08,44,1786094546.5767078,move,413,355,.!frame.!entry
demo_session_08,44,1786094546.6267078,move,413,380,.!frame.!entry
demo_session_08,44,1786094546.6767077,move,416,363,.!frame.!entry
demo_session_08,44,1786094546.7267077,move,423,378,.!frame.!entry
demo_session_08,44,1786094546.7767076,move,411,359,.!frame.!entry
demo_session_08,44,1786094546.8267076,move,404,326,.!frame.!entry
demo_session_08,44,1786094546.8767076,move,414,363,.!frame.!entry
demo_session_08,44,1786094546.9267075,move,402,374,.!frame.!entry
demo_session_08,44,1786094546.9767075,move,400,385,.!frame.!entry
demo_session_08,44,1786094547.0267074,move,431,375,.!frame.!entry
demo_session_08,44,1786094547.0767074,move,411,371,.!frame.!entry
demo_session_08,44,1786094547.1267073,move,413,369,.!frame.!entry
demo_session_08,44,1786094547.1767073,move,416,350,.!frame.!entry
demo_session_08,44,1786094547.2267072,move,428,365,.!frame.!entry
demo_session_08,44,1786094547.2767072,move,411,369,.!frame.!entry
demo_session_08,44,1786094547.3267071,move,422,360,.!frame.!entry
demo_session_08,44,1786094547.376707,move,425,345,.!frame.!entry
demo_session_08,44,1786094547.426707,move,421,350,.!frame.!entry
demo_session_08,44,1786094547.476707,move,414,356,.!frame.!entry
demo_session_08,44,1786094547.526707,move,402,356,.!frame.!entry
demo_session_08,44,1786094547.576707,move,416,377,.!frame.!entry
demo_session_08,44,1786094547.6267068,move,398,354,.!frame.!entry
demo_session_08,44,1786094547.6767068,move,414,344,.!frame.!entry
demo_session_08,44,1786094547.7267067,move,410,356,.!frame.!entry
demo_session_08,44,1786094547.7767067,move,421,342,.!frame.!entry
demo_session_08,44,1786094547.8267066,move,412,371,.!frame.!entry
demo_session_08,44,1786094547.8767066,move,408,349,.!frame.!entry
demo_session_08,44,1786094547.9267066,move,407,354,.!frame.!entry
demo_session_08,44,1786094547.9767065,move,412,362,.!frame.!entry
demo_session_08,44,1786094548.0267065,move,407,348,.!frame.!entry
demo_session_08,44,1786094548.0767064,move,410,329,.!frame.!entry
demo_session_08,44,1786094548.1267064,move,401,364,.!frame.!entry
demo_session_08,44,1786094548.1767063,move,406,345,.!frame.!entry
demo_session_08,44,1786094548.2267063,move,406,363,.!frame.!entry
demo_session_08,44,1786094548.2767062,move,404,358,.!frame.!entry
demo_session_08,44,1786094548.3267062,move,413,373,.!frame.!entry
demo_session_08,44,1786094548.3767061,move,393,376,.!frame.!entry
demo_session_08,44,1786094548.426706,move,389,327,.!frame.!entry
demo_session_08,44,1786094548.476706,move,409,360,.!frame.!entry
demo_session_08,44,1786094548.526706,move,411,343,.!frame.!entry
demo_session_08,44,1786094548.576706,move,416,334,.!frame.!entry
demo_session_08,44,1786094548.626706,move,412,340,.!frame.!entry
demo_session_08,44,1786094548.6767058,move,420,363,.!frame.!entry
demo_session_08,44,1786094548.7267058,move,411,346,.!frame.!entry
demo_session_08,44,1786094548.7767057,move,388,370,.!frame.!entry
demo_session_08,44,1786094548.8267057,move,394,380,.!frame.!entry
demo_session_08,44,1786094548.8767056,move,397,337,.!frame.!entry
demo_session_08,44,1786094548.9267056,move,391,359,.!frame.!entry
demo_session_08,44,1786094548.9767056,move,410,354,.!frame.!entry
demo_session_08,44,1786094549.0267055,move,396,362,.!frame.!entry
demo_session_08,44,1786094549.0767055,move,389,342,.!frame.!entry
demo_session_08,44,1786094549.1267054,move,398,344,.!frame.!entry
demo_session_08,44,1786094549.1767054,move,368,347,.!frame.!entry
demo_session_08,44,1786094549.2267053,move,394,357,.!frame.!entry
demo_session_08,44,1786094549.2767053,move,398,370,.!frame.!entry
demo_session_08,44,1786094549.3267052,move,390,342,.!frame.!entry
demo_session_08,44,1786094549.3767052,move,386,358,.!frame.!entry
demo_session_08,44,1786094549.4267051,move,416,330,.!frame.!entry
demo_session_08,44,1786094549.476705,move,413,349,.!frame.!entry
demo_session_08,44,1786094549.526705,move,381,343,.!frame.!entry
demo_session_08,44,1786094549.576705,move,386,354,.!frame.!entry
demo_session_08,44,1786094549.626705,move,379,339,.!frame.!entry
demo_session_08,44,1786094549.676705,move,388,342,.!frame.!entry
demo_session_08,44,1786094549.7267048,move,387,350,.!frame.!entry
demo_session_08,44,1786094549.7767048,move,394,338,.!frame.!entry
demo_session_08,44,1786094549.8267047,move,403,346,.!frame.!entry
demo_session_08,44,1786094549.8767047,move,384,321,.!frame.!entry
demo_session_08,44,1786094549.9267046,move,371,336,.!frame.!entry
demo_session_08,44,1786094549.9767046,move,381,336,.!frame.!entry
demo_session_08,44,1786094550.0267045,move,388,353,.!frame.!entry
demo_session_08,44,1786094550.0767045,move,393,345,.!frame.!entry
demo_session_08,44,1786094550.1267045,move,401,346,.!frame.!entry
demo_session_08,44,1786094550.1767044,move,388,355,.!frame.!entry
demo_session_08,44,1786094550.2267044,move,387,355,.!frame.!entry
demo_session_08,44,1786094550.2767043,move,382,338,.!frame.!entry
demo_session_08,44,1786094550.3267043,move,393,335,.!frame.!entry
demo_session_08,44,1786094550.3767042,move,393,350,.!frame.!entry
demo_session_08,44,1786094550.4267042,move,364,343,.!frame.!entry
demo_session_08,44,1786094550.4767041,move,380,348,.!frame.!entry
demo_session_08,44,1786094550.526704,move,368,322,.!frame.!entry
demo_session_08,44,1786094550.576704,move,381,329,.!frame.!entry
demo_session_08,44,1786094550.626704,move,385,340,.!frame.!button
demo_session_08,44,1786094550.676704,move,359,335,.!frame.!button
demo_session_08,44,1786094550.726704,move,367,358,.!frame.!button
demo_session_08,44,1786094550.7767038,move,381,339,.!frame.!button
demo_session_08,44,1786094550.8267038,move,371,340,.!frame.!button
demo_session_08,44,1786094550.8767037,move,396,332,.!frame.!button
demo_session_08,44,1786094550.9267037,move,380,322,.!frame.!button
demo_session_08,44,1786094550.9767036,move,389,335,.!frame.!button
demo_session_08,44,1786094551.0267036,move,364,317,.!frame.!button
demo_session_08,44,1786094551.0767035,move,370,338,.!frame.!button
demo_session_08,44,1786094551.1267035,move,379,333,.!frame.!button
demo_session_08,44,1786094551.1767035,move,373,326,.!frame.!button
demo_session_08,44,1786094551.2267034,move,377,363,.!frame.!button
demo_session_08,44,1786094551.2767034,move,369,329,.!frame.!button
demo_session_08,44,1786094551.3267033,move,347,341,.!frame.!button
demo_session_08,44,1786094551.3767033,move,366,333,.!frame.!button
demo_session_08,44,1786094551.4267032,move,360,320,.!frame.!button
demo_session_08,44,1786094551.4767032,move,375,322,.!frame.!button
demo_session_08,44,1786094551.5267031,move,381,346,.!frame.!button
demo_session_08,44,1786094551.576703,move,396,329,.!frame.!button
demo_session_08,44,1786094551.626703,move,376,325,.!frame.!button
demo_session_08,44,1786094551.676703,move,372,329,.!frame.!button
demo_session_08,44,1786094551.726703,move,370,337,.!frame.!button
demo_session_08,44,1786094551.776703,move,368,321,.!frame.!button
demo_session_08,44,1786094551.8267028,move,364,324,.!frame.!button
demo_session_08,44,1786094551.8767028,move,339,305,.!frame.!button
demo_session_08,44,1786094551.9267027,move,363,336,.!frame.!button
demo_session_08,44,1786094551.9767027,move,395,334,.!frame.!button
demo_session_08,44,1786094552.0267026,move,354,335,.!frame.!button
demo_session_08,44,1786094552.0767026,move,386,327,.!frame.!button
demo_session_08,44,1786094552.1267025,move,374,354,.!frame.!button
demo_session_08,44,1786094552.1767025,move,345,336,.!frame.!button
demo_session_08,44,1786094552.2267025,move,345,309,.!frame.!button
demo_session_08,44,1786094552.2767024,move,362,305,.!frame.!button
demo_session_08,44,1786094552.3267024,move,373,332,.!frame.!button
demo_session_08,44,1786094552.3767023,move,377,345,.!frame.!button
demo_session_08,44,1786094552.4267023,move,365,327,.!frame.!button
demo_session_08,44,1786094552.4767022,move,337,307,.!frame.!button
demo_session_08,44,1786094552.5267022,move,363,338,.!frame.!button
demo_session_08,44,1786094552.576702,move,375,330,.!frame.!button
demo_session_08,44,1786094552.626702,move,372,328,.!frame.!button
demo_session_08,44,1786094552.676702,move,350,306,.!frame.!button
demo_session_08,44,1786094552.726702,move,339,319,.!frame.!button
demo_session_08,44,1786094552.776702,move,350,330,.!frame.!button
demo_session_08,44,1786094552.8267019,move,346,322,.!frame.!button
demo_session_08,44,1786094552.8767018,move,354,324,.!frame.!button
demo_session_08,44,1786094552.9267018,move,345,328,.!frame.!button
demo_session_08,44,1786094552.9767017,move,361,310,.!frame.!button
demo_session_08,44,1786094553.0267017,move,371,318,.!frame.!button
demo_session_08,44,1786094553.0767016,move,323,330,.!frame.!button
demo_session_08,44,1786094553.1267016,move,353,339,.!frame.!button
demo_session_08,44,1786094553.1767015,move,350,308,.!frame.!button
demo_session_08,44,1786094553.2267015,move,352,327,.!frame.!button
demo_session_08,44,1786094553.3102832,click,352,322,.!frame.!button
demo_session_08,45,1786094553.3102832,move,139,178,.!frame.!entry
demo_session_08,45,1786094553.3602831,move,145,172,.!frame.!entry
demo_session_08,45,1786094553.410283,move,138,167,.!frame.!entry
demo_session_08,45,1786094553.460283,move,146,170,.!frame.!entry
demo_session_08,45,1786094553.510283,move,144,162,.!frame.!entry
demo_session_08,45,1786094553.560283,move,142,167,.!frame.!entry
demo_session_08,45,1786094553.610283,move,145,183,.!frame.!entry
demo_session_08,45,1786094553.6602829,move,155,183,.!frame.!entry
demo_session_08,45,1786094553.7102828,move,163,178,.!frame.!entry
demo_session_08,45,1786094553.7602828,move,149,172,.!frame.!entry
demo_session_08,45,1786094553.8102827,move,161,169,.!frame.!entry
demo_session_08,45,1786094553.8602827,move,158,179,.!frame.!entry
demo_session_08,45,1786094553.9102826,move,149,170,.!frame.!entry
demo_session_08,45,1786094553.9602826,move,172,184,.!frame.!entry
demo_session_08,45,1786094554.0102825,move,179,174,.!frame.!entry
demo_session_08,45,1786094554.0602825,move,172,181,.!frame.!entry
demo_session_08,45,1786094554.1102824,move,171,188,.!frame.!entry
demo_session_08,45,1786094554.1602824,move,182,177,.!frame.!entry
demo_session_08,45,1786094554.2102823,move,181,177,.!frame.!entry
demo_session_08,45,1786094554.2602823,move,161,182,.!frame.!entry
demo_session_08,45,1786094554.3102822,move,169,180,.!frame.!entry
demo_session_08,45,1786094554.3602822,move,159,177,.!frame.!entry
demo_session_08,45,1786094554.4102821,move,180,198,.!frame.!entry
demo_session_08,45,1786094554.460282,move,169,179,.!frame.!entry
demo_session_08,45,1786094554.510282,move,187,196,.!frame.!entry
demo_session_08,45,1786094554.560282,move,171,195,.!frame.!entry
demo_session_08,45,1786094554.610282,move,182,200,.!frame.!entry
demo_session_08,45,1786094554.660282,move,184,200,.!frame.!entry
demo_session_08,45,1786094554.7102818,move,187,200,.!frame.!entry
demo_session_08,45,1786094554.7602818,move,165,193,.!frame.!entry
demo_session_08,45,1786094554.8102818,move,194,203,.!frame.!entry
demo_session_08,45,1786094554.8602817,move,217,203,.!frame.!entry
demo_session_08,45,1786094554.9102817,move,210,215,.!frame.!entry
demo_session_08,45,1786094554.9602816,move,192,202,.!frame.!entry
demo_session_08,45,1786094555.0102816,move,199,195,.!frame.!entry
demo_session_08,45,1786094555.0602815,move,189,207,.!frame.!entry
demo_session_08,45,1786094555.1102815,move,204,229,.!frame.!entry
demo_session_08,45,1786094555.1602814,move,211,214,.!frame.!entry
demo_session_08,45,1786094555.2102814,move,191,195,.!frame.!entry
demo_session_08,45,1786094555.2602813,move,201,212,.!frame.!entry
demo_session_08,45,1786094555.3102813,move,197,209,.!frame.!entry
demo_session_08,45,1786094555.3602812,move,205,213,.!frame.!entry
demo_session_08,45,1786094555.4102812,move,211,206,.!frame.!entry
demo_session_08,45,1786094555.4602811,move,221,225,.!frame.!entry
demo_session_08,45,1786094555.510281,move,213,220,.!frame.!entry
demo_session_08,45,1786094555.560281,move,218,206,.!frame.!entry
demo_session_08,45,1786094555.610281,move,235,228,.!frame.!entry
demo_session_08,45,1786094555.660281,move,206,210,.!frame.!entry
demo_session_08,45,1786094555.710281,move,227,217,.!frame.!entry
demo_session_08,45,1786094555.7602808,move,225,250,.!frame.!entry
demo_session_08,45,1786094555.8102808,move,237,220,.!frame.!entry
demo_session_08,45,1786094555.8602808,move,231,215,.!frame.!entry
demo_session_08,45,1786094555.9102807,move,235,228,.!frame.!entry
demo_session_08,45,1786094555.9602807,move,226,197,.!frame.!entry
demo_session_08,45,1786094556.0102806,move,239,243,.!frame.!entry
demo_session_08,45,1786094556.0602806,move,216,226,.!frame.!entry
demo_session_08,45,1786094556.1102805,move,248,226,.!frame.!entry
demo_session_08,45,1786094556.1602805,move,243,247,.!frame.!entry
demo_session_08,45,1786094556.2102804,move,254,237,.!frame.!entry
demo_session_08,45,1786094556.2602804,move,246,228,.!frame.!entry
demo_session_08,45,1786094556.3102803,move,251,240,.!frame.!entry
demo_session_08,45,1786094556.3602803,move,242,245,.!frame.!entry
demo_session_08,45,1786094556.4102802,move,241,243,.!frame.!entry
demo_session_08,45,1786094556.4602802,move,248,253,.!frame.!entry
demo_session_08,45,1786094556.5102801,move,258,257,.!frame.!entry
demo_session_08,45,1786094556.56028,move,246,244,.!frame.!entry
demo_session_08,45,1786094556.61028,move,250,249,.!frame.!entry
demo_session_08,45,1786094556.66028,move,261,252,.!frame.!entry
demo_session_08,45,1786094556.71028,move,263,248,.!frame.!entry
demo_session_08,45,1786094556.76028,move,268,243,.!frame.!entry
demo_session_08,45,1786094556.8102798,move,279,245,.!frame.!entry
demo_session_08,45,1786094556.8602798,move,257,240,.!frame.!entry
demo_session_08,45,1786094556.9102798,move,278,247,.!frame.!entry
demo_session_08,45,1786094556.9602797,move,273,249,.!frame.!entry
demo_session_08,45,1786094557.0102797,move,272,248,.!frame.!entry
demo_session_08,45,1786094557.0602796,move,286,245,.!frame.!entry
demo_session_08,45,1786094557.1102796,move,279,267,.!frame.!entry
demo_session_08,45,1786094557.1602795,move,270,263,.!frame.!entry
demo_session_08,45,1786094557.2102795,move,267,254,.!frame.!entry
demo_session_08,45,1786094557.2602794,move,261,263,.!frame.!entry
demo_session_08,45,1786094557.3102794,move,285,268,.!frame.!entry
demo_session_08,45,1786094557.3602793,move,266,252,.!frame.!entry
demo_session_08,45,1786094557.4102793,move,289,267,.!frame.!entry
demo_session_08,45,1786094557.4602792,move,290,265,.!frame.!entry
demo_session_08,45,1786094557.5102792,move,281,268,.!frame.!entry
demo_session_08,45,1786094557.5602791,move,279,271,.!frame.!entry
demo_session_08,45,1786094557.610279,move,275,256,.!frame.!button
demo_session_08,45,1786094557.660279,move,297,281,.!frame.!button
demo_session_08,45,1786094557.710279,move,304,272,.!frame.!button
demo_session_08,45,1786094557.760279,move,287,283,.!frame.!button
demo_session_08,45,1786094557.810279,move,303,292,.!frame.!button
demo_session_08,45,1786094557.8602788,move,299,283,.!frame.!button
demo_session_08,45,1786094557.9102788,move,302,285,.!frame.!button
demo_session_08,45,1786094557.9602787,move,314,283,.!frame.!button
demo_session_08,45,1786094558.0102787,move,296,291,.!frame.!button
demo_session_08,45,1786094558.0602787,move,294,267,.!frame.!button
demo_session_08,45,1786094558.1102786,move,302,286,.!frame.!button
demo_session_08,45,1786094558.1602786,move,321,279,.!frame.!button
demo_session_08,45,1786094558.2102785,move,322,281,.!frame.!button
demo_session_08,45,1786094558.2602785,move,291,283,.!frame.!button
demo_session_08,45,1786094558.3102784,move,322,285,.!frame.!button
demo_session_08,45,1786094558.3602784,move,314,294,.!frame.!button
demo_session_08,45,1786094558.4102783,move,330,288,.!frame.!button
demo_session_08,45,1786094558.4602783,move,323,280,.!frame.!button
demo_session_08,45,1786094558.5102782,move,323,304,.!frame.!button
demo_session_08,45,1786094558.5602782,move,326,291,.!frame.!button
demo_session_08,45,1786094558.6102781,move,329,289,.!frame.!button
demo_session_08,45,1786094558.660278,move,335,314,.!frame.!button
demo_session_08,45,1786094558.710278,move,323,288,.!frame.!button
demo_session_08,45,1786094558.760278,move,327,312,.!frame.!button
demo_session_08,45,1786094558.810278,move,317,302,.!frame.!button
demo_session_08,45,1786094558.860278,move,344,304,.!frame.!button
demo_session_08,45,1786094558.9102778,move,328,338,.!frame.!button
demo_session_08,45,1786094558.9602778,move,336,316,.!frame.!button
demo_session_08,45,1786094559.0102777,move,358,309,.!frame.!button
demo_session_08,45,1786094559.0602777,move,340,310,.!frame.!button
demo_session_08,45,1786094559.1102777,move,345,317,.!frame.!button
demo_session_08,45,1786094559.1602776,move,331,313,.!frame.!button
demo_session_08,45,1786094559.2102776,move,329,326,.!frame.!button
demo_session_08,45,1786094559.2602775,move,342,313,.!frame.!button
demo_session_08,45,1786094559.3102775,move,342,305,.!frame.!button
demo_session_08,45,1786094559.3602774,move,357,325,.!frame.!button
demo_session_08,45,1786094559.4102774,move,353,307,.!frame.!button
demo_session_08,45,1786094559.501876,click,345,315,.!frame.!button
demo_session_08,46,1786094559.501876,move,95,146,.!frame.!entry
demo_session_08,46,1786094559.551876,move,99,149,.!frame.!entry
demo_session_08,46,1786094559.601876,move,112,151,.!frame.!entry
demo_session_08,46,1786094559.651876,move,113,158,.!frame.!entry
demo_session_08,46,1786094559.701876,move,103,151,.!frame.!entry
demo_session_08,46,1786094559.7518759,move,117,152,.!frame.!entry
demo_session_08,46,1786094559.8018758,move,114,166,.!frame.!entry
demo_session_08,46,1786094559.8518758,move,135,160,.!frame.!entry
demo_session_08,46,1786094559.9018757,move,112,158,.!frame.!entry
demo_session_08,46,1786094559.9518757,move,137,163,.!frame.!entry
demo_session_08,46,1786094560.0018756,move,132,164,.!frame.!entry
demo_session_08,46,1786094560.0518756,move,125,156,.!frame.!entry
demo_session_08,46,1786094560.1018755,move,133,154,.!frame.!entry
demo_session_08,46,1786094560.1518755,move,144,157,.!frame.!entry
demo_session_08,46,1786094560.2018754,move,159,164,.!frame.!entry
demo_session_08,46,1786094560.2518754,move,123,172,.!frame.!entry
demo_session_08,46,1786094560.3018754,move,143,143,.!frame.!entry
demo_session_08,46,1786094560.3518753,move,141,161,.!frame.!entry
demo_session_08,46,1786094560.4018753,move,143,182,.!frame.!entry
demo_session_08,46,1786094560.4518752,move,141,172,.!frame.!entry
demo_session_08,46,1786094560.5018752,move,152,160,.!frame.!entry
demo_session_08,46,1786094560.551875,move,143,181,.!frame.!entry
demo_session_08,46,1786094560.601875,move,148,185,.!frame.!entry
demo_session_08,46,1786094560.651875,move,157,175,.!frame.!entry
demo_session_08,46,1786094560.701875,move,163,198,.!frame.!entry
demo_session_08,46,1786094560.751875,move,159,173,.!frame.!entry
demo_session_08,46,1786094560.8018749,move,147,190,.!frame.!entry
demo_session_08,46,1786094560.8518748,move,152,202,.!frame.!entry
demo_session_08,46,1786094560.9018748,move,163,196,.!frame.!entry
demo_session_08,46,1786094560.9518747,move,185,210,.!frame.!entry
demo_session_08,46,1786094561.0018747,move,149,190,.!frame.!entry
demo_session_08,46,1786094561.0518746,move,160,208,.!frame.!entry
demo_session_08,46,1786094561.1018746,move,169,181,.!frame.!entry
demo_session_08,46,1786094561.1518745,move,183,181,.!frame.!entry
demo_session_08,46,1786094561.2018745,move,167,208,.!frame.!entry
demo_session_08,46,1786094561.2518744,move,166,182,.!frame.!entry
demo_session_08,46,1786094561.3018744,move,191,190,.!frame.!entry
demo_session_08,46,1786094561.3518744,move,191,201,.!frame.!entry
demo_session_08,46,1786094561.4018743,move,180,185,.!frame.!entry
demo_session_08,46,1786094561.4518743,move,170,203,.!frame.!entry
demo_session_08,46,1786094561.5018742,move,197,187,.!frame.!entry
demo_session_08,46,1786094561.5518742,move,197,214,.!frame.!entry
demo_session_08,46,1786094561.601874,move,215,201,.!frame.!entry
demo_session_08,46,1786094561.651874,move,196,217,.!frame.!entry
demo_session_08,46,1786094561.701874,move,183,219,.!frame.!entry
demo_session_08,46,1786094561.751874,move,203,221,.!frame.!entry
demo_session_08,46,1786094561.801874,move,202,213,.!frame.!entry
demo_session_08,46,1786094561.8518739,move,189,213,.!frame.!entry
demo_session_08,46,1786094561.9018738,move,209,214,.!frame.!entry
demo_session_08,46,1786094561.9518738,move,193,229,.!frame.!entry
demo_session_08,46,1786094562.0018737,move,213,228,.!frame.!entry
demo_session_08,46,1786094562.0518737,move,217,227,.!frame.!entry
demo_session_08,46,1786094562.1018736,move,199,223,.!frame.!entry
demo_session_08,46,1786094562.1518736,move,214,239,.!frame.!entry
demo_session_08,46,1786094562.2018735,move,221,218,.!frame.!entry
demo_session_08,46,1786094562.2518735,move,229,233,.!frame.!entry
demo_session_08,46,1786094562.3018734,move,224,226,.!frame.!entry
demo_session_08,46,1786094562.3518734,move,230,248,.!frame.!entry
demo_session_08,46,1786094562.4018734,move,235,245,.!frame.!entry
demo_session_08,46,1786094562.4518733,move,229,220,.!frame.!entry
demo_session_08,46,1786094562.5018733,move,212,227,.!frame.!entry
demo_session_08,46,1786094562.5518732,move,232,239,.!frame.!entry
demo_session_08,46,1786094562.6018732,move,231,244,.!frame.!entry
demo_session_08,46,1786094562.651873,move,229,226,.!frame.!entry
demo_session_08,46,1786094562.701873,move,229,243,.!frame.!entry
demo_session_08,46,1786094562.751873,move,236,253,.!frame.!entry
demo_session_08,46,1786094562.801873,move,242,234,.!frame.!entry
demo_session_08,46,1786094562.851873,move,247,264,.!frame.!entry
demo_session_08,46,1786094562.9018729,move,251,239,.!frame.!entry
demo_session_08,46,1786094562.9518728,move,232,247,.!frame.!entry
demo_session_08,46,1786094563.0018728,move,250,261,.!frame.!entry
demo_session_08,46,1786094563.0518727,move,262,234,.!frame.!entry
demo_session_08,46,1786094563.1018727,move,257,253,.!frame.!entry
demo_session_08,46,1786094563.1518726,move,253,254,.!frame.!entry
demo_session_08,46,1786094563.2018726,move,259,259,.!frame.!entry
demo_session_08,46,1786094563.2518725,move,241,257,.!frame.!entry
demo_session_08,46,1786094563.3018725,move,268,261,.!frame.!entry
demo_session_08,46,1786094563.3518724,move,255,245,.!frame.!entry
demo_session_08,46,1786094563.4018724,move,280,271,.!frame.!entry
demo_session_08,46,1786094563.4518723,move,268,269,.!frame.!entry
demo_session_08,46,1786094563.5018723,move,269,246,.!frame.!entry
demo_session_08,46,1786094563.5518723,move,278,255,.!frame.!entry
demo_session_08,46,1786094563.6018722,move,268,239,.!frame.!entry
demo_session_08,46,1786094563.6518722,move,285,287,.!frame.!entry
demo_session_08,46,1786094563.701872,move,275,258,.!frame.!button
demo_session_08,46,1786094563.751872,move,284,267,.!frame.!button
demo_session_08,46,1786094563.801872,move,288,265,.!frame.!button
demo_session_08,46,1786094563.851872,move,267,275,.!frame.!button
demo_session_08,46,1786094563.901872,move,277,298,.!frame.!button
demo_session_08,46,1786094563.9518719,move,284,274,.!frame.!button
demo_session_08,46,1786094564.0018718,move,294,274,.!frame.!button
demo_session_08,46,1786094564.0518718,move,295,271,.!frame.!button
demo_session_08,46,1786094564.1018717,move,298,273,.!frame.!button
demo_session_08,46,1786094564.1518717,move,303,289,.!frame.!button
demo_session_08,46,1786094564.2018716,move,305,276,.!frame.!button
demo_session_08,46,1786094564.2518716,move,292,292,.!frame.!button
demo_session_08,46,1786094564.3018715,move,329,279,.!frame.!button
demo_session_08,46,1786094564.3518715,move,293,293,.!frame.!button
demo_session_08,46,1786094564.4018714,move,294,291,.!frame.!button
demo_session_08,46,1786094564.4518714,move,285,275,.!frame.!button
demo_session_08,46,1786094564.5018713,move,316,286,.!frame.!button
demo_session_08,46,1786094564.5518713,move,289,285,.!frame.!button
demo_session_08,46,1786094564.6018713,move,299,307,.!frame.!button
demo_session_08,46,1786094564.6518712,move,304,301,.!frame.!button
demo_session_08,46,1786094564.7018712,move,309,295,.!frame.!button
demo_session_08,46,1786094564.751871,move,316,287,.!frame.!button
demo_session_08,46,1786094564.801871,move,319,299,.!frame.!button
demo_session_08,46,1786094564.851871,move,292,312,.!frame.!button
demo_session_08,46,1786094564.901871,move,337,296,.!frame.!button
demo_session_08,46,1786094564.951871,move,327,301,.!frame.!button
demo_session_08,46,1786094565.0018709,move,322,310,.!frame.!button
demo_session_08,46,1786094565.0518708,move,331,298,.!frame.!button
demo_session_08,46,1786094565.1018708,move,332,303,.!frame.!button
demo_session_08,46,1786094565.1518707,move,344,311,.!frame.!button
demo_session_08,46,1786094565.2018707,move,346,318,.!frame.!button
demo_session_08,46,1786094565.2518706,move,349,326,.!frame.!button
demo_session_08,46,1786094565.3018706,move,342,328,.!frame.!button
demo_session_08,46,1786094565.3518705,move,343,293,.!frame.!button
demo_session_08,46,1786094565.4018705,move,344,316,.!frame.!button
demo_session_08,46,1786094565.4518704,move,336,302,.!frame.!button
demo_session_08,46,1786094565.5497057,click,348,318,.!frame.!button
demo_session_08,47,1786094565.5497057,move,170,371,.!frame.!entry
demo_session_08,47,1786094565.5997057,move,164,350,.!frame.!entry
demo_session_08,47,1786094565.6497056,move,182,354,.!frame.!entry
demo_session_08,47,1786094565.6997056,move,160,364,.!frame.!entry
demo_session_08,47,1786094565.7497056,move,152,350,.!frame.!entry
demo_session_08,47,1786094565.7997055,move,185,363,.!frame.!entry
demo_session_08,47,1786094565.8497055,move,198,355,.!frame.!entry
demo_session_08,47,1786094565.8997054,move,184,375,.!frame.!entry
demo_session_08,47,1786094565.9497054,move,179,339,.!frame.!entry
demo_session_08,47,1786094565.9997053,move,177,348,.!frame.!entry
demo_session_08,47,1786094566.0497053,move,169,353,.!frame.!entry
demo_session_08,47,1786094566.0997052,move,178,361,.!frame.!entry
demo_session_08,47,1786094566.1497052,move,186,365,.!frame.!entry
demo_session_08,47,1786094566.1997051,move,169,352,.!frame.!entry
demo_session_08,47,1786094566.249705,move,186,359,.!frame.!entry
demo_session_08,47,1786094566.299705,move,181,374,.!frame.!entry
demo_session_08,47,1786094566.349705,move,181,354,.!frame.!entry
demo_session_08,47,1786094566.399705,move,199,354,.!frame.!entry
demo_session_08,47,1786094566.449705,move,180,337,.!frame.!entry
demo_session_08,47,1786094566.4997048,move,178,363,.!frame.!entry
demo_session_08,47,1786094566.5497048,move,190,349,.!frame.!entry
demo_session_08,47,1786094566.5997047,move,202,336,.!frame.!entry
demo_session_08,47,1786094566.6497047,move,173,352,.!frame.!entry
demo_session_08,47,1786094566.6997046,move,196,344,.!frame.!entry
demo_session_08,47,1786094566.7497046,move,187,340,.!frame.!entry
demo_session_08,47,1786094566.7997046,move,201,361,.!frame.!entry
demo_session_08,47,1786094566.8497045,move,194,359,.!frame.!entry
demo_session_08,47,1786094566.8997045,move,185,353,.!frame.!entry
demo_session_08,47,1786094566.9497044,move,184,354,.!frame.!entry
demo_session_08,47,1786094566.9997044,move,188,338,.!frame.!entry
demo_session_08,47,1786094567.0497043,move,193,362,.!frame.!entry
demo_session_08,47,1786094567.0997043,move,210,367,.!frame.!entry
demo_session_08,47,1786094567.1497042,move,223,341,.!frame.!entry
demo_session_08,47,1786094567.1997042,move,212,352,.!frame.!entry
demo_session_08,47,1786094567.2497041,move,216,351,.!frame.!entry
demo_session_08,47,1786094567.299704,move,204,339,.!frame.!entry
demo_session_08,47,1786094567.349704,move,232,361,.!frame.!entry
demo_session_08,47,1786094567.399704,move,220,361,.!frame.!entry
demo_session_08,47,1786094567.449704,move,220,330,.!frame.!entry
demo_session_08,47,1786094567.499704,move,232,357,.!frame.!entry
demo_session_08,47,1786094567.5497038,move,223,342,.!frame.!entry
demo_session_08,47,1786094567.5997038,move,227,358,.!frame.!entry
demo_session_08,47,1786094567.6497037,move,214,333,.!frame.!entry
demo_session_08,47,1786094567.6997037,move,245,350,.!frame.!entry
demo_session_08,47,1786094567.7497036,move,243,348,.!frame.!entry
demo_session_08,47,1786094567.7997036,move,246,335,.!frame.!entry
demo_session_08,47,1786094567.8497036,move,222,352,.!frame.!entry
demo_session_08,47,1786094567.8997035,move,214,347,.!frame.!entry
demo_session_08,47,1786094567.9497035,move,208,366,.!frame.!entry
demo_session_08,47,1786094567.9997034,move,213,349,.!frame.!entry
demo_session_08,47,1786094568.0497034,move,235,341,.!frame.!entry
demo_session_08,47,1786094568.0997033,move,247,342,.!frame.!entry
demo_session_08,47,1786094568.1497033,move,218,355,.!frame.!entry
demo_session_08,47,1786094568.1997032,move,240,341,.!frame.!entry
demo_session_08,47,1786094568.2497032,move,232,337,.!frame.!entry
demo_session_08,47,1786094568.2997031,move,238,344,.!frame.!entry
demo_session_08,47,1786094568.349703,move,227,321,.!frame.!entry
demo_session_08,47,1786094568.399703,move,248,345,.!frame.!entry
demo_session_08,47,1786094568.449703,move,241,324,.!frame.!entry
demo_session_08,47,1786094568.499703,move,229,325,.!frame.!entry
demo_session_08,47,1786094568.549703,move,234,331,.!frame.!entry
demo_session_08,47,1786094568.5997028,move,245,337,.!frame.!entry
demo_session_08,47,1786094568.6497028,move,242,338,.!frame.!entry
demo_session_08,47,1786094568.6997027,move,231,341,.!frame.!entry
demo_session_08,47,1786094568.7497027,move,252,340,.!frame.!entry
demo_session_08,47,1786094568.7997026,move,243,317,.!frame.!entry
demo_session_08,47,1786094568.8497026,move,246,322,.!frame.!entry
demo_session_08,47,1786094568.8997025,move,237,338,.!frame.!entry
demo_session_08,47,1786094568.9497025,move,239,324,.!frame.!entry
demo_session_08,47,1786094568.9997025,move,250,338,.!frame.!entry
demo_session_08,47,1786094569.0497024,move,270,335,.!frame.!entry
demo_session_08,47,1786094569.0997024,move,248,331,.!frame.!entry
demo_session_08,47,1786094569.1497023,move,256,352,.!frame.!entry
demo_session_08,47,1786094569.1997023,move,257,354,.!frame.!entry
demo_session_08,47,1786094569.2497022,move,262,336,.!frame.!entry
demo_session_08,47,1786094569.2997022,move,269,331,.!frame.!entry
demo_session_08,47,1786094569.3497021,move,256,329,.!frame.!entry
demo_session_08,47,1786094569.399702,move,244,344,.!frame.!entry
demo_session_08,47,1786094569.449702,move,262,306,.!frame.!entry
demo_session_08,47,1786094569.499702,move,280,336,.!frame.!entry
demo_session_08,47,1786094569.549702,move,264,336,.!frame.!entry
demo_session_08,47,1786094569.599702,move,271,330,.!frame.!entry
demo_session_08,47,1786094569.6497018,move,287,330,.!frame.!entry
demo_session_08,47,1786094569.6997018,move,267,351,.!frame.!entry
demo_session_08,47,1786094569.7497017,move,262,356,.!frame.!entry
demo_session_08,47,1786094569.7997017,move,261,346,.!frame.!entry
demo_session_08,47,1786094569.8497016,move,273,326,.!frame.!entry
demo_session_08,47,1786094569.8997016,move,272,350,.!frame.!entry
demo_session_08,47,1786094569.9497015,move,282,335,.!frame.!entry
demo_session_08,47,1786094569.9997015,move,275,324,.!frame.!entry
demo_session_08,47,1786094570.0497015,move,299,326,.!frame.!entry
demo_session_08,47,1786094570.0997014,move,278,316,.!frame.!entry
demo_session_08,47,1786094570.1497014,move,270,322,.!frame.!entry
demo_session_08,47,1786094570.1997013,move,279,320,.!frame.!entry
demo_session_08,47,1786094570.2497013,move,299,328,.!frame.!entry
demo_session_08,47,1786094570.2997012,move,292,332,.!frame.!entry
demo_session_08,47,1786094570.3497012,move,291,343,.!frame.!entry
demo_session_08,47,1786094570.399701,move,298,317,.!frame.!entry
demo_session_08,47,1786094570.449701,move,288,331,.!frame.!entry
demo_session_08,47,1786094570.499701,move,287,324,.!frame.!entry
demo_session_08,47,1786094570.549701,move,292,359,.!frame.!entry
demo_session_08,47,1786094570.599701,move,303,320,.!frame.!button
demo_session_08,47,1786094570.6497009,move,287,328,.!frame.!button
demo_session_08,47,1786094570.6997008,move,298,345,.!frame.!button
demo_session_08,47,1786094570.7497008,move,285,334,.!frame.!button
demo_session_08,47,1786094570.7997007,move,308,341,.!frame.!button
demo_session_08,47,1786094570.8497007,move,288,321,.!frame.!button
demo_session_08,47,1786094570.8997006,move,291,330,.!frame.!button
demo_session_08,47,1786094570.9497006,move,279,347,.!frame.!button
demo_session_08,47,1786094570.9997005,move,310,311,.!frame.!button
demo_session_08,47,1786094571.0497005,move,311,332,.!frame.!button
demo_session_08,47,1786094571.0997005,move,290,346,.!frame.!button
demo_session_08,47,1786094571.1497004,move,317,331,.!frame.!button
demo_session_08,47,1786094571.1997004,move,309,348,.!frame.!button
demo_session_08,47,1786094571.2497003,move,319,348,.!frame.!button
demo_session_08,47,1786094571.2997003,move,306,325,.!frame.!button
demo_session_08,47,1786094571.3497002,move,312,296,.!frame.!button
demo_session_08,47,1786094571.3997002,move,321,330,.!frame.!button
demo_session_08,47,1786094571.4497,move,309,334,.!frame.!button
demo_session_08,47,1786094571.4997,move,311,338,.!frame.!button
demo_session_08,47,1786094571.5497,move,351,326,.!frame.!button
demo_session_08,47,1786094571.5997,move,322,332,.!frame.!button
demo_session_08,47,1786094571.6497,move,313,321,.!frame.!button
demo_session_08,47,1786094571.6996999,move,323,319,.!frame.!button
demo_session_08,47,1786094571.7496998,move,334,319,.!frame.!button
demo_session_08,47,1786094571.7996998,move,333,329,.!frame.!button
demo_session_08,47,1786094571.8496997,move,323,322,.!frame.!button
demo_session_08,47,1786094571.8996997,move,331,314,.!frame.!button
demo_session_08,47,1786094571.9496996,move,327,324,.!frame.!button
demo_session_08,47,1786094571.9996996,move,333,335,.!frame.!button
demo_session_08,47,1786094572.0496995,move,329,319,.!frame.!button
demo_session_08,47,1786094572.0996995,move,344,314,.!frame.!button
demo_session_08,47,1786094572.1496994,move,337,317,.!frame.!button
demo_session_08,47,1786094572.1996994,move,336,309,.!frame.!button
demo_session_08,47,1786094572.2496994,move,329,328,.!frame.!button
demo_session_08,47,1786094572.2996993,move,319,307,.!frame.!button
demo_session_08,47,1786094572.3496993,move,357,329,.!frame.!button
demo_session_08,47,1786094572.3996992,move,323,346,.!frame.!button
demo_session_08,47,1786094572.4496992,move,343,345,.!frame.!button
demo_session_08,47,1786094572.499699,move,332,323,.!frame.!button
demo_session_08,47,1786094572.549699,move,342,309,.!frame.!button
demo_session_08,47,1786094572.599699,move,343,327,.!frame.!button
demo_session_08,47,1786094572.649699,move,330,317,.!frame.!button
demo_session_08,47,1786094572.699699,move,355,308,.!frame.!button
demo_session_08,47,1786094572.7496989,move,342,324,.!frame.!button
demo_session_08,47,1786094572.8260977,click,351,321,.!frame.!button
demo_session_08,48,1786094572.8260977,move,459,375,.!frame.!entry
demo_session_08,48,1786094572.8760977,move,484,395,.!frame.!entry
demo_session_08,48,1786094572.9260976,move,459,387,.!frame.!entry
demo_session_08,48,1786094572.9760976,move,499,389,.!frame.!entry
demo_session_08,48,1786094573.0260975,move,479,390,.!frame.!entry
demo_session_08,48,1786094573.0760975,move,487,388,.!frame.!entry
demo_session_08,48,1786094573.1260974,move,453,401,.!frame.!entry
demo_session_08,48,1786094573.1760974,move,487,369,.!frame.!entry
demo_session_08,48,1786094573.2260973,move,469,382,.!frame.!entry
demo_session_08,48,1786094573.2760973,move,449,391,.!frame.!entry
demo_session_08,48,1786094573.3260972,move,448,372,.!frame.!entry
demo_session_08,48,1786094573.3760972,move,473,374,.!frame.!entry
demo_session_08,48,1786094573.4260972,move,450,381,.!frame.!entry
demo_session_08,48,1786094573.476097,move,472,353,.!frame.!entry
demo_session_08,48,1786094573.526097,move,464,371,.!frame.!entry
demo_session_08,48,1786094573.576097,move,482,374,.!frame.!entry
demo_session_08,48,1786094573.626097,move,472,373,.!frame.!entry
demo_session_08,48,1786094573.676097,move,470,369,.!frame.!entry
demo_session_08,48,1786094573.7260969,move,456,378,.!frame.!entry
demo_session_08,48,1786094573.7760968,move,473,375,.!frame.!entry
demo_session_08,48,1786094573.8260968,move,459,375,.!frame.!entry
demo_session_08,48,1786094573.8760967,move,458,364,.!frame.!entry
demo_session_08,48,1786094573.9260967,move,487,367,.!frame.!entry
demo_session_08,48,1786094573.9760966,move,446,349,.!frame.!entry
demo_session_08,48,1786094574.0260966,move,458,388,.!frame.!entry
demo_session_08,48,1786094574.0760965,move,444,374,.!frame.!entry
demo_session_08,48,1786094574.1260965,move,447,369,.!frame.!entry
demo_session_08,48,1786094574.1760964,move,450,373,.!frame.!entry
demo_session_08,48,1786094574.2260964,move,462,368,.!frame.!entry
demo_session_08,48,1786094574.2760963,move,451,372,.!frame.!entry
demo_session_08,48,1786094574.3260963,move,464,379,.!frame.!entry
demo_session_08,48,1786094574.3760962,move,458,386,.!frame.!entry
demo_session_08,48,1786094574.4260962,move,459,370,.!frame.!entry
demo_session_08,48,1786094574.4760962,move,448,362,.!frame.!entry
demo_session_08,48,1786094574.526096,move,447,388,.!frame.!entry
demo_session_08,48,1786094574.576096,move,463,370,.!frame.!entry
demo_session_08,48,1786094574.626096,move,440,368,.!frame.!entry
demo_session_08,48,1786094574.676096,move,434,372,.!frame.!entry
demo_session_08,48,1786094574.726096,move,437,366,.!frame.!entry
demo_session_08,48,1786094574.7760959,move,436,387,.!frame.!entry
demo_session_08,48,1786094574.8260958,move,432,348,.!frame.!entry
demo_session_08,48,1786094574.8760958,move,455,393,.!frame.!entry
demo_session_08,48,1786094574.9260957,move,450,355,.!frame.!entry
demo_session_08,48,1786094574.9760957,move,433,348,.!frame.!entry
demo_session_08,48,1786094575.0260956,move,450,368,.!frame.!entry
demo_session_08,48,1786094575.0760956,move,434,378,.!frame.!entry
demo_session_08,48,1786094575.1260955,move,421,368,.!frame.!entry
demo_session_08,48,1786094575.1760955,move,455,370,.!frame.!entry
demo_session_08,48,1786094575.2260954,move,427,358,.!frame.!entry
demo_session_08,48,1786094575.2760954,move,435,363,.!frame.!entry
demo_session_08,48,1786094575.3260953,move,443,377,.!frame.!entry
demo_session_08,48,1786094575.3760953,move,440,368,.!frame.!entry
demo_session_08,48,1786094575.4260952,move,438,361,.!frame.!entry
demo_session_08,48,1786094575.4760952,move,434,354,.!frame.!entry
demo_session_08,48,1786094575.5260952,move,440,357,.!frame.!entry
demo_session_08,48,1786094575.576095,move,433,361,.!frame.!entry
demo_session_08,48,1786094575.626095,move,433,356,.!frame.!entry
demo_session_08,48,1786094575.676095,move,427,352,.!frame.!entry
demo_session_08,48,1786094575.726095,move,444,368,.!frame.!entry
demo_session_08,48,1786094575.776095,move,423,361,.!frame.!entry
demo_session_08,48,1786094575.8260949,move,435,368,.!frame.!entry
demo_session_08,48,1786094575.8760948,move,423,360,.!frame.!entry
demo_session_08,48,1786094575.9260948,move,440,366,.!frame.!entry
demo_session_08,48,1786094575.9760947,move,424,354,.!frame.!entry
demo_session_08,48,1786094576.0260947,move,415,359,.!frame.!entry
demo_session_08,48,1786094576.0760946,move,408,378,.!frame.!entry
demo_session_08,48,1786094576.1260946,move,426,352,.!frame.!entry
demo_session_08,48,1786094576.1760945,move,420,363,.!frame.!entry
demo_session_08,48,1786094576.2260945,move,402,353,.!frame.!entry
demo_session_08,48,1786094576.2760944,move,402,353,.!frame.!entry
demo_session_08,48,1786094576.3260944,move,412,346,.!frame.!entry
demo_session_08,48,1786094576.3760943,move,413,369,.!frame.!entry
demo_session_08,48,1786094576.4260943,move,406,361,.!frame.!entry
demo_session_08,48,1786094576.4760942,move,427,365,.!frame.!entry
demo_session_08,48,1786094576.5260942,move,406,368,.!frame.!entry
demo_session_08,48,1786094576.5760942,move,431,369,.!frame.!entry
demo_session_08,48,1786094576.626094,move,407,354,.!frame.!entry
demo_session_08,48,1786094576.676094,move,405,352,.!frame.!entry
demo_session_08,48,1786094576.726094,move,405,351,.!frame.!entry
demo_session_08,48,1786094576.776094,move,391,349,.!frame.!entry
demo_session_08,48,1786094576.826094,move,415,340,.!frame.!entry
demo_session_08,48,1786094576.8760939,move,397,347,.!frame.!entry
demo_session_08,48,1786094576.9260938,move,401,358,.!frame.!entry
demo_session_08,48,1786094576.9760938,move,417,343,.!frame.!entry
demo_session_08,48,1786094577.0260937,move,394,352,.!frame.!entry
demo_session_08,48,1786094577.0760937,move,397,360,.!frame.!entry
demo_session_08,48,1786094577.1260936,move,429,358,.!frame.!entry
demo_session_08,48,1786094577.1760936,move,420,337,.!frame.!entry
demo_session_08,48,1786094577.2260935,move,388,338,.!frame.!entry
demo_session_08,48,1786094577.2760935,move,398,363,.!frame.!entry
demo_session_08,48,1786094577.3260934,move,394,343,.!frame.!entry
demo_session_08,48,1786094577.3760934,move,405,333,.!frame.!entry
demo_session_08,48,1786094577.4260933,move,379,352,.!frame.!entry
demo_session_08,48,1786094577.4760933,move,415,341,.!frame.!entry
demo_session_08,48,1786094577.5260932,move,411,342,.!frame.!entry
demo_session_08,48,1786094577.5760932,move,399,329,.!frame.!entry
demo_session_08,48,1786094577.6260931,move,423,341,.!frame.!entry
demo_session_08,48,1786094577.676093,move,393,326,.!frame.!entry
demo_session_08,48,1786094577.726093,move,396,344,.!frame.!entry
demo_session_08,48,1786094577.776093,move,394,350,.!frame.!entry
demo_session_08,48,1786094577.826093,move,379,343,.!frame.!entry
demo_session_08,48,1786094577.876093,move,406,331,.!frame.!entry
demo_session_08,48,1786094577.9260929,move,388,333,.!frame.!entry
demo_session_08,48,1786094577.9760928,move,402,337,.!frame.!entry
demo_session_08,48,1786094578.0260928,move,389,327,.!frame.!entry
demo_session_08,48,1786094578.0760927,move,383,350,.!frame.!button
demo_session_08,48,1786094578.1260927,move,382,344,.!frame.!button
demo_session_08,48,1786094578.1760926,move,375,349,.!frame.!button
demo_session_08,48,1786094578.2260926,move,382,340,.!frame.!button
demo_session_08,48,1786094578.2760925,move,379,342,.!frame.!button
demo_session_08,48,1786094578.3260925,move,382,346,.!frame.!button
demo_session_08,48,1786094578.3760924,move,404,340,.!frame.!button
demo_session_08,48,1786094578.4260924,move,380,340,.!frame.!button
demo_session_08,48,1786094578.4760923,move,394,333,.!frame.!button
demo_session_08,48,1786094578.5260923,move,377,332,.!frame.!button
demo_session_08,48,1786094578.5760922,move,374,321,.!frame.!button
demo_session_08,48,1786094578.6260922,move,383,327,.!frame.!button
demo_session_08,48,1786094578.6760921,move,379,314,.!frame.!button
demo_session_08,48,1786094578.726092,move,369,335,.!frame.!button
demo_session_08,48,1786094578.776092,move,368,329,.!frame.!button
demo_session_08,48,1786094578.826092,move,364,319,.!frame.!button
demo_session_08,48,1786094578.876092,move,370,308,.!frame.!button
demo_session_08,48,1786094578.926092,move,364,334,.!frame.!button
demo_session_08,48,1786094578.9760919,move,370,338,.!frame.!button
demo_session_08,48,1786094579.0260918,move,376,330,.!frame.!button
demo_session_08,48,1786094579.0760918,move,379,331,.!frame.!button
demo_session_08,48,1786094579.1260917,move,381,329,.!frame.!button
demo_session_08,48,1786094579.1760917,move,364,338,.!frame.!button
demo_session_08,48,1786094579.2260916,move,362,320,.!frame.!button
demo_session_08,48,1786094579.2760916,move,362,319,.!frame.!button
demo_session_08,48,1786094579.3260915,move,365,346,.!frame.!button
demo_session_08,48,1786094579.3760915,move,370,315,.!frame.!button
demo_session_08,48,1786094579.4260914,move,382,325,.!frame.!button
demo_session_08,48,1786094579.4760914,move,371,324,.!frame.!button
demo_session_08,48,1786094579.5260913,move,352,327,.!frame.!button
demo_session_08,48,1786094579.5760913,move,354,328,.!frame.!button
demo_session_08,48,1786094579.6260912,move,373,340,.!frame.!button
demo_session_08,48,1786094579.6760912,move,374,339,.!frame.!button
demo_session_08,48,1786094579.7260911,move,373,328,.!frame.!button
demo_session_08,48,1786094579.776091,move,337,318,.!frame.!button
demo_session_08,48,1786094579.826091,move,350,318,.!frame.!button
demo_session_08,48,1786094579.876091,move,337,318,.!frame.!button
demo_session_08,48,1786094579.926091,move,369,326,.!frame.!button
demo_session_08,48,1786094579.976091,move,352,347,.!frame.!button
demo_session_08,48,1786094580.0260909,move,368,314,.!frame.!button
demo_session_08,48,1786094580.0760908,move,364,318,.!frame.!button
demo_session_08,48,1786094580.1260908,move,369,319,.!frame.!button
demo_session_08,48,1786094580.1760907,move,363,309,.!frame.!button
demo_session_08,48,1786094580.2260907,move,354,313,.!frame.!button
demo_session_08,48,1786094580.2760906,move,361,324,.!frame.!button
demo_session_08,48,1786094580.3260906,move,350,330,.!frame.!button
demo_session_08,48,1786094580.4012873,click,337,307,.!frame.!button
demo_session_08,49,1786094580.4012873,move,381,381,.!frame.!entry
demo_session_08,49,1786094580.4512873,move,389,405,.!frame.!entry
demo_session_08,49,1786094580.5012872,move,394,376,.!frame.!entry
demo_session_08,49,1786094580.5512872,move,371,366,.!frame.!entry
demo_session_08,49,1786094580.6012871,move,370,379,.!frame.!entry
demo_session_08,49,1786094580.651287,move,372,402,.!frame.!entry
demo_session_08,49,1786094580.701287,move,370,394,.!frame.!entry
demo_session_08,49,1786094580.751287,move,390,387,.!frame.!entry
demo_session_08,49,1786094580.801287,move,384,413,.!frame.!entry
demo_session_08,49,1786094580.851287,move,383,387,.!frame.!entry
demo_session_08,49,1786094580.9012868,move,385,384,.!frame.!entry
demo_session_08,49,1786094580.9512868,move,399,389,.!frame.!entry
demo_session_08,49,1786094581.0012867,move,380,389,.!frame.!entry
demo_session_08,49,1786094581.0512867,move,374,386,.!frame.!entry
demo_session_08,49,1786094581.1012866,move,352,349,.!frame.!entry
demo_session_08,49,1786094581.1512866,move,368,389,.!frame.!entry
demo_session_08,49,1786094581.2012866,move,375,382,.!frame.!entry
demo_session_08,49,1786094581.2512865,move,387,384,.!frame.!entry
demo_session_08,49,1786094581.3012865,move,411,367,.!frame.!entry
demo_session_08,49,1786094581.3512864,move,354,390,.!frame.!entry
demo_session_08,49,1786094581.4012864,move,376,377,.!frame.!entry
demo_session_08,49,1786094581.4512863,move,379,381,.!frame.!entry
demo_session_08,49,1786094581.5012863,move,379,382,.!frame.!entry
demo_session_08,49,1786094581.5512862,move,376,397,.!frame.!entry
demo_session_08,49,1786094581.6012862,move,368,386,.!frame.!entry
demo_session_08,49,1786094581.6512861,move,389,381,.!frame.!entry
demo_session_08,49,1786094581.701286,move,385,368,.!frame.!entry
demo_session_08,49,1786094581.751286,move,382,376,.!frame.!entry
demo_session_08,49,1786094581.801286,move,378,375,.!frame.!entry
demo_session_08,49,1786094581.851286,move,373,387,.!frame.!entry
demo_session_08,49,1786094581.901286,move,376,358,.!frame.!entry
demo_session_08,49,1786094581.9512858,move,377,376,.!frame.!entry
demo_session_08,49,1786094582.0012858,move,352,349,.!frame.!entry
demo_session_08,49,1786094582.0512857,move,383,374,.!frame.!entry
demo_session_08,49,1786094582.1012857,move,365,358,.!frame.!entry
demo_session_08,49,1786094582.1512856,move,393,375,.!frame.!entry
demo_session_08,49,1786094582.2012856,move,367,373,.!frame.!entry
demo_session_08,49,1786094582.2512856,move,372,373,.!frame.!entry
demo_session_08,49,1786094582.3012855,move,374,370,.!frame.!entry
demo_session_08,49,1786094582.3512855,move,382,376,.!frame.!entry
demo_session_08,49,1786094582.4012854,move,365,352,.!frame.!entry
demo_session_08,49,1786094582.4512854,move,371,389,.!frame.!entry
demo_session_08,49,1786094582.5012853,move,375,360,.!frame.!entry
demo_session_08,49,1786094582.5512853,move,370,382,.!frame.!entry
demo_session_08,49,1786094582.6012852,move,390,379,.!frame.!entry
demo_session_08,49,1786094582.6512852,move,361,372,.!frame.!entry
demo_session_08,49,1786094582.7012851,move,388,380,.!frame.!entry
demo_session_08,49,1786094582.751285,move,385,379,.!frame.!entry
demo_session_08,49,1786094582.801285,move,366,345,.!frame.!entry
demo_session_08,49,1786094582.851285,move,364,354,.!frame.!entry
demo_session_08,49,1786094582.901285,move,350,379,.!frame.!entry
demo_session_08,49,1786094582.951285,move,370,372,.!frame.!entry
demo_session_08,49,1786094583.0012848,move,361,365,.!frame.!entry
demo_session_08,49,1786094583.0512848,move,367,363,.!frame.!entry
demo_session_08,49,1786094583.1012847,move,375,343,.!frame.!entry
demo_session_08,49,1786094583.1512847,move,363,364,.!frame.!entry
demo_session_08,49,1786094583.2012846,move,382,357,.!frame.!entry
demo_session_08,49,1786094583.2512846,move,348,358,.!frame.!entry
demo_session_08,49,1786094583.3012846,move,373,379,.!frame.!entry
demo_session_08,49,1786094583.3512845,move,358,375,.!frame.!entry
demo_session_08,49,1786094583.4012845,move,361,360,.!frame.!entry
demo_session_08,49,1786094583.4512844,move,366,365,.!frame.!entry
demo_session_08,49,1786094583.5012844,move,384,365,.!frame.!entry
demo_session_08,49,1786094583.5512843,move,385,349,.!frame.!entry
demo_session_08,49,1786094583.6012843,move,378,355,.!frame.!entry
demo_session_08,49,1786094583.6512842,move,381,362,.!frame.!entry
demo_session_08,49,1786094583.7012842,move,352,359,.!frame.!entry
demo_session_08,49,1786094583.7512841,move,359,365,.!frame.!entry
demo_session_08,49,1786094583.801284,move,377,348,.!frame.!entry
demo_session_08,49,1786094583.851284,move,386,365,.!frame.!entry
demo_session_08,49,1786094583.901284,move,367,340,.!frame.!entry
demo_session_08,49,1786094583.951284,move,339,344,.!frame.!entry
demo_session_08,49,1786094584.001284,move,374,361,.!frame.!entry
demo_session_08,49,1786094584.0512838,move,349,358,.!frame.!entry
demo_session_08,49,1786094584.1012838,move,375,368,.!frame.!entry
demo_session_08,49,1786094584.1512837,move,355,363,.!frame.!entry
demo_session_08,49,1786094584.2012837,move,367,363,.!frame.!entry
demo_session_08,49,1786094584.2512836,move,363,338,.!frame.!entry
demo_session_08,49,1786094584.3012836,move,350,365,.!frame.!entry
demo_session_08,49,1786094584.3512836,move,361,346,.!frame.!entry
demo_session_08,49,1786094584.4012835,move,374,366,.!frame.!entry
demo_session_08,49,1786094584.4512835,move,386,337,.!frame.!entry
demo_session_08,49,1786094584.5012834,move,356,332,.!frame.!entry
demo_session_08,49,1786094584.5512834,move,349,363,.!frame.!entry
demo_session_08,49,1786094584.6012833,move,353,349,.!frame.!entry
demo_session_08,49,1786094584.6512833,move,372,347,.!frame.!entry
demo_session_08,49,1786094584.7012832,move,359,373,.!frame.!entry
demo_session_08,49,1786094584.7512832,move,372,340,.!frame.!entry
demo_session_08,49,1786094584.8012831,move,370,341,.!frame.!entry
demo_session_08,49,1786094584.851283,move,373,348,.!frame.!entry
demo_session_08,49,1786094584.901283,move,357,329,.!frame.!entry
demo_session_08,49,1786094584.951283,move,371,341,.!frame.!entry
demo_session_08,49,1786094585.001283,move,354,360,.!frame.!entry
demo_session_08,49,1786094585.051283,move,367,353,.!frame.!entry
demo_session_08,49,1786094585.1012828,move,384,358,.!frame.!entry
demo_session_08,49,1786094585.1512828,move,375,379,.!frame.!entry
demo_session_08,49,1786094585.2012827,move,378,341,.!frame.!entry
demo_session_08,49,1786094585.2512827,move,338,345,.!frame.!entry
demo_session_08,49,1786094585.3012826,move,378,339,.!frame.!entry
demo_session_08,49,1786094585.3512826,move,342,349,.!frame.!entry
demo_session_08,49,1786094585.4012825,move,365,331,.!frame.!entry
demo_session_08,49,1786094585.4512825,move,375,352,.!frame.!entry
demo_session_08,49,1786094585.5012825,move,358,337,.!frame.!entry
demo_session_08,49,1786094585.5512824,move,365,348,.!frame.!entry
demo_session_08,49,1786094585.6012824,move,373,344,.!frame.!entry
demo_session_08,49,1786094585.6512823,move,346,339,.!frame.!entry
demo_session_08,49,1786094585.7012823,move,360,354,.!frame.!entry
demo_session_08,49,1786094585.7512822,move,354,342,.!frame.!entry
demo_session_08,49,1786094585.8012822,move,373,354,.!frame.!entry
demo_session_08,49,1786094585.8512821,move,370,348,.!frame.!entry
demo_session_08,49,1786094585.901282,move,338,341,.!frame.!entry
demo_session_08,49,1786094585.951282,move,350,357,.!frame.!entry
demo_session_08,49,1786094586.001282,move,351,330,.!frame.!entry
demo_session_08,49,1786094586.051282,move,342,348,.!frame.!entry
demo_session_08,49,1786094586.101282,move,359,347,.!frame.!entry
demo_session_08,49,1786094586.1512818,move,341,340,.!frame.!entry
demo_session_08,49,1786094586.2012818,move,350,342,.!frame.!entry
demo_session_08,49,1786094586.2512817,move,370,336,.!frame.!button
demo_session_08,49,1786094586.3012817,move,358,334,.!frame.!button
demo_session_08,49,1786094586.3512816,move,359,327,.!frame.!button
demo_session_08,49,1786094586.4012816,move,364,329,.!frame.!button
demo_session_08,49,1786094586.4512815,move,355,348,.!frame.!button
demo_session_08,49,1786094586.5012815,move,357,336,.!frame.!button
demo_session_08,49,1786094586.5512815,move,354,322,.!frame.!button
demo_session_08,49,1786094586.6012814,move,360,348,.!frame.!button
demo_session_08,49,1786094586.6512814,move,362,346,.!frame.!button
demo_session_08,49,1786094586.7012813,move,338,335,.!frame.!button
demo_session_08,49,1786094586.7512813,move,360,345,.!frame.!button
demo_session_08,49,1786094586.8012812,move,352,346,.!frame.!button
demo_session_08,49,1786094586.8512812,move,371,328,.!frame.!button
demo_session_08,49,1786094586.901281,move,343,323,.!frame.!button
demo_session_08,49,1786094586.951281,move,337,352,.!frame.!button
demo_session_08,49,1786094587.001281,move,363,321,.!frame.!button
demo_session_08,49,1786094587.051281,move,345,347,.!frame.!button
demo_session_08,49,1786094587.101281,move,364,345,.!frame.!button
demo_session_08,49,1786094587.1512809,move,351,330,.!frame.!button
demo_session_08,49,1786094587.2012808,move,355,358,.!frame.!button
demo_session_08,49,1786094587.2512808,move,345,324,.!frame.!button
demo_session_08,49,1786094587.3012807,move,332,307,.!frame.!button
demo_session_08,49,1786094587.3512807,move,366,301,.!frame.!button
demo_session_08,49,1786094587.4012806,move,357,331,.!frame.!button
demo_session_08,49,1786094587.4512806,move,342,330,.!frame.!button
demo_session_08,49,1786094587.5012805,move,363,335,.!frame.!button
demo_session_08,49,1786094587.5512805,move,348,327,.!frame.!button
demo_session_08,49,1786094587.6012805,move,352,332,.!frame.!button
demo_session_08,49,1786094587.6512804,move,360,350,.!frame.!button
demo_session_08,49,1786094587.7012804,move,351,324,.!frame.!button
demo_session_08,49,1786094587.7512803,move,351,316,.!frame.!button
demo_session_08,49,1786094587.8012803,move,350,320,.!frame.!button
demo_session_08,49,1786094587.8512802,move,350,332,.!frame.!button
demo_session_08,49,1786094587.9012802,move,344,317,.!frame.!button
demo_session_08,49,1786094587.95128,move,341,323,.!frame.!button
demo_session_08,49,1786094588.00128,move,344,314,.!frame.!button
demo_session_08,49,1786094588.05128,move,360,333,.!frame.!button
demo_session_08,49,1786094588.10128,move,351,319,.!frame.!button
demo_session_08,49,1786094588.15128,move,344,329,.!frame.!button
demo_session_08,49,1786094588.2012799,move,374,322,.!frame.!button
demo_session_08,49,1786094588.2512798,move,359,313,.!frame.!button
demo_session_08,49,1786094588.3012798,move,337,306,.!frame.!button
demo_session_08,49,1786094588.3512797,move,332,320,.!frame.!button
demo_session_08,49,1786094588.4012797,move,341,322,.!frame.!button
demo_session_08,49,1786094588.4512796,move,347,301,.!frame.!button
demo_session_08,49,1786094588.5012796,move,355,333,.!frame.!button
demo_session_08,49,1786094588.5512795,move,363,338,.!frame.!button
demo_session_08,49,1786094588.6012795,move,357,324,.!frame.!button
demo_session_08,49,1786094588.6512794,move,333,335,.!frame.!button
demo_session_08,49,1786094588.7012794,move,354,322,.!frame.!button
demo_session_08,49,1786094588.7512794,move,339,311,.!frame.!button
demo_session_08,49,1786094588.8093174,click,355,325,.!frame.!button
demo_session_08,50,1786094588.8093174,move,502,228,.!frame.!entry
demo_session_08,50,1786094588.8593173,move,521,207,.!frame.!entry
demo_session_08,50,1786094588.9093173,move,486,220,.!frame.!entry
demo_session_08,50,1786094588.9593172,move,516,224,.!frame.!entry
demo_session_08,50,1786094589.0093172,move,499,235,.!frame.!entry
demo_session_08,50,1786094589.059317,move,508,237,.!frame.!entry
demo_session_08,50,1786094589.109317,move,510,224,.!frame.!entry
demo_session_08,50,1786094589.159317,move,518,224,.!frame.!entry
demo_session_08,50,1786094589.209317,move,513,244,.!frame.!entry
demo_session_08,50,1786094589.259317,move,510,217,.!frame.!entry
demo_session_08,50,1786094589.3093169,move,496,214,.!frame.!entry
demo_session_08,50,1786094589.3593168,move,484,253,.!frame.!entry
demo_session_08,50,1786094589.4093168,move,497,224,.!frame.!entry
demo_session_08,50,1786094589.4593167,move,512,209,.!frame.!entry
demo_session_08,50,1786094589.5093167,move,504,233,.!frame.!entry
demo_session_08,50,1786094589.5593166,move,494,246,.!frame.!entry
demo_session_08,50,1786094589.6093166,move,488,235,.!frame.!entry
demo_session_08,50,1786094589.6593165,move,482,251,.!frame.!entry
demo_session_08,50,1786094589.7093165,move,493,234,.!frame.!entry
demo_session_08,50,1786094589.7593164,move,473,224,.!frame.!entry
demo_session_08,50,1786094589.8093164,move,480,242,.!frame.!entry
demo_session_08,50,1786094589.8593163,move,482,236,.!frame.!entry
demo_session_08,50,1786094589.9093163,move,490,226,.!frame.!entry
demo_session_08,50,1786094589.9593163,move,482,235,.!frame.!entry
demo_session_08,50,1786094590.0093162,move,492,251,.!frame.!entry
demo_session_08,50,1786094590.0593162,move,476,259,.!frame.!entry
demo_session_08,50,1786094590.109316,move,476,253,.!frame.!entry
demo_session_08,50,1786094590.159316,move,483,244,.!frame.!entry
demo_session_08,50,1786094590.209316,move,483,249,.!frame.!entry
demo_session_08,50,1786094590.259316,move,498,261,.!frame.!entry
demo_session_08,50,1786094590.309316,move,467,239,.!frame.!entry
demo_session_08,50,1786094590.3593159,move,475,242,.!frame.!entry
demo_session_08,50,1786094590.4093158,move,483,251,.!frame.!entry
demo_session_08,50,1786094590.4593158,move,476,259,.!frame.!entry
demo_session_08,50,1786094590.5093157,move,467,244,.!frame.!entry
demo_session_08,50,1786094590.5593157,move,470,259,.!frame.!entry
demo_session_08,50,1786094590.6093156,move,479,249,.!frame.!entry
demo_session_08,50,1786094590.6593156,move,469,255,.!frame.!entry
demo_session_08,50,1786094590.7093155,move,465,243,.!frame.!entry
demo_session_08,50,1786094590.7593155,move,464,267,.!frame.!entry
demo_session_08,50,1786094590.8093154,move,466,238,.!frame.!entry
demo_session_08,50,1786094590.8593154,move,457,244,.!frame.!entry
demo_session_08,50,1786094590.9093153,move,450,249,.!frame.!entry
demo_session_08,50,1786094590.9593153,move,460,257,.!frame.!entry
demo_session_08,50,1786094591.0093153,move,457,246,.!frame.!entry
demo_session_08,50,1786094591.0593152,move,455,248,.!frame.!entry
demo_session_08,50,1786094591.1093152,move,457,258,.!frame.!entry
demo_session_08,50,1786094591.159315,move,473,260,.!frame.!entry
demo_session_08,50,1786094591.209315,move,460,267,.!frame.!entry
demo_session_08,50,1786094591.259315,move,457,281,.!frame.!entry
demo_session_08,50,1786094591.309315,move,441,260,.!frame.!entry
demo_session_08,50,1786094591.359315,move,461,281,.!frame.!entry
demo_session_08,50,1786094591.4093149,move,441,237,.!frame.!entry
demo_session_08,50,1786094591.4593148,move,446,244,.!frame.!entry
demo_session_08,50,1786094591.5093148,move,454,264,.!frame.!entry
demo_session_08,50,1786094591.5593147,move,452,246,.!frame.!entry
demo_session_08,50,1786094591.6093147,move,475,249,.!frame.!entry
demo_session_08,50,1786094591.6593146,move,433,256,.!frame.!entry
demo_session_08,50,1786094591.7093146,move,466,250,.!frame.!entry
demo_session_08,50,1786094591.7593145,move,455,249,.!frame.!entry
demo_session_08,50,1786094591.8093145,move,444,249,.!frame.!entry
demo_session_08,50,1786094591.8593144,move,452,270,.!frame.!entry
demo_session_08,50,1786094591.9093144,move,454,251,.!frame.!entry
demo_session_08,50,1786094591.9593143,move,459,261,.!frame.!entry
demo_session_08,50,1786094592.0093143,move,430,258,.!frame.!entry
demo_session_08,50,1786094592.0593143,move,432,261,.!frame.!entry
demo_session_08,50,1786094592.1093142,move,451,273,.!frame.!entry
demo_session_08,50,1786094592.1593142,move,454,257,.!frame.!entry
demo_session_08,50,1786094592.209314,move,428,250,.!frame.!entry
demo_session_08,50,1786094592.259314,move,444,274,.!frame.!entry
demo_session_08,50,1786094592.309314,move,438,253,.!frame.!entry
demo_session_08,50,1786094592.359314,move,418,274,.!frame.!entry
demo_session_08,50,1786094592.409314,move,423,257,.!frame.!entry
demo_session_08,50,1786094592.4593139,move,459,270,.!frame.!entry
demo_session_08,50,1786094592.5093138,move,419,262,.!frame.!entry
demo_session_08,50,1786094592.5593138,move,417,277,.!frame.!entry
demo_session_08,50,1786094592.6093137,move,416,253,.!frame.!entry
demo_session_08,50,1786094592.6593137,move,437,282,.!frame.!entry
demo_session_08,50,1786094592.7093136,move,428,262,.!frame.!entry
demo_session_08,50,1786094592.7593136,move,424,281,.!frame.!entry
demo_session_08,50,1786094592.8093135,move,400,268,.!frame.!entry
demo_session_08,50,1786094592.8593135,move,437,272,.!frame.!entry
demo_session_08,50,1786094592.9093134,move,421,277,.!frame.!entry
demo_session_08,50,1786094592.9593134,move,424,273,.!frame.!entry
demo_session_08,50,1786094593.0093133,move,422,276,.!frame.!entry
demo_session_08,50,1786094593.0593133,move,434,280,.!frame.!entry
demo_session_08,50,1786094593.1093132,move,403,283,.!frame.!entry
demo_session_08,50,1786094593.1593132,move,417,288,.!frame.!entry
demo_session_08,50,1786094593.2093132,move,407,278,.!frame.!entry
demo_session_08,50,1786094593.259313,move,408,290,.!frame.!entry
demo_session_08,50,1786094593.309313,move,415,282,.!frame.!entry
demo_session_08,50,1786094593.359313,move,387,279,.!frame.!entry
demo_session_08,50,1786094593.409313,move,433,290,.!frame.!entry
demo_session_08,50,1786094593.459313,move,413,282,.!frame.!entry
demo_session_08,50,1786094593.5093129,move,416,273,.!frame.!entry
demo_session_08,50,1786094593.5593128,move,405,283,.!frame.!entry
demo_session_08,50,1786094593.6093128,move,397,300,.!frame.!entry
demo_session_08,50,1786094593.6593127,move,399,272,.!frame.!entry
demo_session_08,50,1786094593.7093127,move,398,281,.!frame.!entry
demo_session_08,50,1786094593.7593126,move,393,279,.!frame.!entry
demo_session_08,50,1786094593.8093126,move,401,288,.!frame.!entry
demo_session_08,50,1786094593.8593125,move,404,288,.!frame.!entry
demo_session_08,50,1786094593.9093125,move,399,275,.!frame.!entry
demo_session_08,50,1786094593.9593124,move,401,287,.!frame.!button
demo_session_08,50,1786094594.0093124,move,396,303,.!frame.!button
demo_session_08,50,1786094594.0593123,move,402,299,.!frame.!button
demo_session_08,50,1786094594.1093123,move,399,291,.!frame.!button
demo_session_08,50,1786094594.1593122,move,409,296,.!frame.!button
demo_session_08,50,1786094594.2093122,move,388,291,.!frame.!button
demo_session_08,50,1786094594.2593122,move,396,298,.!frame.!button
demo_session_08,50,1786094594.309312,move,394,279,.!frame.!button
demo_session_08,50,1786094594.359312,move,396,300,.!frame.!button
demo_session_08,50,1786094594.409312,move,406,303,.!frame.!button
demo_session_08,50,1786094594.459312,move,384,271,.!frame.!button
demo_session_08,50,1786094594.509312,move,374,309,.!frame.!button
demo_session_08,50,1786094594.5593119,move,373,292,.!frame.!button
demo_session_08,50,1786094594.6093118,move,372,294,.!frame.!button
demo_session_08,50,1786094594.6593118,move,382,294,.!frame.!button
demo_session_08,50,1786094594.7093117,move,377,290,.!frame.!button
demo_session_08,50,1786094594.7593117,move,381,304,.!frame.!button
demo_session_08,50,1786094594.8093116,move,363,326,.!frame.!button
demo_session_08,50,1786094594.8593116,move,377,308,.!frame.!button
demo_session_08,50,1786094594.9093115,move,368,309,.!frame.!button
demo_session_08,50,1786094594.9593115,move,380,289,.!frame.!button
demo_session_08,50,1786094595.0093114,move,382,308,.!frame.!button
demo_session_08,50,1786094595.0593114,move,364,297,.!frame.!button
demo_session_08,50,1786094595.1093113,move,372,310,.!frame.!button
demo_session_08,50,1786094595.1593113,move,357,291,.!frame.!button
demo_session_08,50,1786094595.2093112,move,379,297,.!frame.!button
demo_session_08,50,1786094595.2593112,move,369,306,.!frame.!button
demo_session_08,50,1786094595.3093112,move,344,303,.!frame.!button
demo_session_08,50,1786094595.359311,move,364,310,.!frame.!button
demo_session_08,50,1786094595.409311,move,353,315,.!frame.!button
demo_session_08,50,1786094595.459311,move,361,305,.!frame.!button
demo_session_08,50,1786094595.509311,move,364,306,.!frame.!button
demo_session_08,50,1786094595.559311,move,354,305,.!frame.!button
demo_session_08,50,1786094595.6093109,move,366,316,.!frame.!button
demo_session_08,50,1786094595.6593108,move,384,319,.!frame.!button
demo_session_08,50,1786094595.7093108,move,356,308,.!frame.!button
demo_session_08,50,1786094595.7593107,move,350,322,.!frame.!button
demo_session_08,50,1786094595.8093107,move,353,327,.!frame.!button
demo_session_08,50,1786094595.8593106,move,354,306,.!frame.!button
demo_session_08,50,1786094595.9093106,move,381,309,.!frame.!button
demo_session_08,50,1786094595.9593105,move,365,326,.!frame.!button
demo_session_08,50,1786094596.0093105,move,359,327,.!frame.!button
demo_session_08,50,1786094596.0593104,move,332,326,.!frame.!button
demo_session_08,50,1786094596.1093104,move,347,328,.!frame.!button
demo_session_08,50,1786094596.1593103,move,350,312,.!frame.!button
demo_session_08,50,1786094596.2259614,click,339,309,.!frame.!button
