session_id,question_index,timestamp,event_type,x,y,target_element
demo_session_02,1,1786094205.2961705,move,523,153,.!frame.!entry
demo_session_02,1,1786094205.3461704,move,521,155,.!frame.!entry
demo_session_02,1,1786094205.3961704,move,523,166,.!frame.!entry
demo_session_02,1,1786094205.4461703,move,519,166,.!frame.!entry
demo_session_02,1,1786094205.4961703,move,512,170,.!frame.!entry
demo_session_02,1,1786094205.5461702,move,520,174,.!frame.!entry
demo_session_02,1,1786094205.5961702,move,507,173,.!frame.!entry
demo_session_02,1,1786094205.6461701,move,508,170,.!frame.!entry
demo_session_02,1,1786094205.69617,move,508,171,.!frame.!entry
demo_session_02,1,1786094205.74617,move,508,176,.!frame.!entry
demo_session_02,1,1786094205.79617,move,504,177,.!frame.!entry
demo_session_02,1,1786094205.84617,move,502,187,.!frame.!entry
demo_session_02,1,1786094205.89617,move,503,184,.!frame.!entry
demo_session_02,1,1786094205.9461699,move,501,185,.!frame.!entry
demo_session_02,1,1786094205.9961698,move,492,189,.!frame.!entry
demo_session_02,1,1786094206.0461698,move,492,194,.!frame.!entry
demo_session_02,1,1786094206.0961697,move,488,194,.!frame.!entry
demo_session_02,1,1786094206.1461697,move,486,191,.!frame.!entry
demo_session_02,1,1786094206.1961696,move,489,195,.!frame.!entry
demo_session_02,1,1786094206.2461696,move,471,199,.!frame.!entry
demo_session_02,1,1786094206.2961695,move,478,200,.!frame.!entry
demo_session_02,1,1786094206.3461695,move,476,197,.!frame.!entry
demo_session_02,1,1786094206.3961694,move,471,201,.!frame.!entry
demo_session_02,1,1786094206.4461694,move,469,206,.!frame.!entry
demo_session_02,1,1786094206.4961693,move,467,209,.!frame.!entry
demo_session_02,1,1786094206.5461693,move,463,215,.!frame.!entry
demo_session_02,1,1786094206.5961692,move,470,223,.!frame.!entry
demo_session_02,1,1786094206.6461692,move,455,215,.!frame.!entry
demo_session_02,1,1786094206.6961691,move,464,225,.!frame.!entry
demo_session_02,1,1786094206.746169,move,454,217,.!frame.!entry
demo_session_02,1,1786094206.796169,move,457,221,.!frame.!entry
demo_session_02,1,1786094206.846169,move,451,223,.!frame.!entry
demo_session_02,1,1786094206.896169,move,448,230,.!frame.!entry
demo_session_02,1,1786094206.946169,move,443,225,.!frame.!entry
demo_session_02,1,1786094206.9961689,move,448,238,.!frame.!entry
demo_session_02,1,1786094207.0461688,move,442,233,.!frame.!entry
demo_session_02,1,1786094207.0961688,move,435,235,.!frame.!entry
demo_session_02,1,1786094207.1461687,move,440,233,.!frame.!entry
demo_session_02,1,1786094207.1961687,move,430,235,.!frame.!entry
demo_session_02,1,1786094207.2461686,move,434,245,.!frame.!entry
demo_session_02,1,1786094207.2961686,move,434,244,.!frame.!entry
demo_session_02,1,1786094207.3461685,move,432,244,.!frame.!entry
demo_session_02,1,1786094207.3961685,move,424,243,.!frame.!entry
demo_session_02,1,1786094207.4461684,move,429,252,.!frame.!entry
demo_session_02,1,1786094207.4961684,move,418,253,.!frame.!entry
demo_session_02,1,1786094207.5461683,move,421,257,.!frame.!entry
demo_session_02,1,1786094207.5961683,move,420,256,.!frame.!entry
demo_session_02,1,1786094207.6461682,move,408,259,.!frame.!entry
demo_session_02,1,1786094207.6961682,move,415,267,.!frame.!entry
demo_session_02,1,1786094207.7461681,move,407,265,.!frame.!entry
demo_session_02,1,1786094207.796168,move,412,268,.!frame.!entry
demo_session_02,1,1786094207.846168,move,402,266,.!frame.!entry
demo_session_02,1,1786094207.896168,move,405,272,.!frame.!entry
demo_session_02,1,1786094207.946168,move,405,277,.!frame.!button
demo_session_02,1,1786094207.996168,move,400,280,.!frame.!button
demo_session_02,1,1786094208.0461679,move,394,276,.!frame.!button
demo_session_02,1,1786094208.0961678,move,391,278,.!frame.!button
demo_session_02,1,1786094208.1461678,move,383,271,.!frame.!button
demo_session_02,1,1786094208.1961677,move,388,276,.!frame.!button
demo_session_02,1,1786094208.2461677,move,391,285,.!frame.!button
demo_session_02,1,1786094208.2961676,move,380,285,.!frame.!button
demo_session_02,1,1786094208.3461676,move,387,288,.!frame.!button
demo_session_02,1,1786094208.3961675,move,381,289,.!frame.!button
demo_session_02,1,1786094208.4461675,move,376,303,.!frame.!button
demo_session_02,1,1786094208.4961674,move,386,306,.!frame.!button
demo_session_02,1,1786094208.5461674,move,374,297,.!frame.!button
demo_session_02,1,1786094208.5961673,move,373,294,.!frame.!button
demo_session_02,1,1786094208.6461673,move,371,298,.!frame.!button
demo_session_02,1,1786094208.6961672,move,360,304,.!frame.!button
demo_session_02,1,1786094208.7461672,move,368,312,.!frame.!button
demo_session_02,1,1786094208.7961671,move,359,316,.!frame.!button
demo_session_02,1,1786094208.846167,move,353,307,.!frame.!button
demo_session_02,1,1786094208.896167,move,360,318,.!frame.!button
demo_session_02,1,1786094208.946167,move,354,317,.!frame.!button
demo_session_02,1,1786094208.996167,move,348,317,.!frame.!button
demo_session_02,1,1786094209.046167,move,352,318,.!frame.!button
demo_session_02,1,1786094209.1183953,click,347,317,.!frame.!button
demo_session_02,2,1786094209.1183953,move,338,155,.!frame.!entry
demo_session_02,2,1786094209.1683953,move,323,163,.!frame.!entry
demo_session_02,2,1786094209.2183952,move,341,167,.!frame.!entry
demo_session_02,2,1786094209.2683952,move,335,163,.!frame.!entry
demo_session_02,2,1786094209.3183951,move,343,164,.!frame.!entry
demo_session_02,2,1786094209.368395,move,331,170,.!frame.!entry
demo_session_02,2,1786094209.418395,move,334,170,.!frame.!entry
demo_session_02,2,1786094209.468395,move,332,173,.!frame.!entry
demo_session_02,2,1786094209.518395,move,338,179,.!frame.!entry
demo_session_02,2,1786094209.568395,move,337,186,.!frame.!entry
demo_session_02,2,1786094209.6183949,move,339,187,.!frame.!entry
demo_session_02,2,1786094209.6683948,move,344,191,.!frame.!entry
demo_session_02,2,1786094209.7183948,move,331,184,.!frame.!entry
demo_session_02,2,1786094209.7683947,move,337,186,.!frame.!entry
demo_session_02,2,1786094209.8183947,move,330,191,.!frame.!entry
demo_session_02,2,1786094209.8683946,move,335,201,.!frame.!entry
demo_session_02,2,1786094209.9183946,move,342,199,.!frame.!entry
demo_session_02,2,1786094209.9683945,move,337,204,.!frame.!entry
demo_session_02,2,1786094210.0183945,move,335,204,.!frame.!entry
demo_session_02,2,1786094210.0683944,move,338,201,.!frame.!entry
demo_session_02,2,1786094210.1183944,move,325,207,.!frame.!entry
demo_session_02,2,1786094210.1683943,move,332,212,.!frame.!entry
demo_session_02,2,1786094210.2183943,move,336,202,.!frame.!entry
demo_session_02,2,1786094210.2683942,move,341,210,.!frame.!entry
demo_session_02,2,1786094210.3183942,move,337,217,.!frame.!entry
demo_session_02,2,1786094210.3683941,move,344,216,.!frame.!entry
demo_session_02,2,1786094210.418394,move,346,222,.!frame.!entry
demo_session_02,2,1786094210.468394,move,340,216,.!frame.!entry
demo_session_02,2,1786094210.518394,move,343,222,.!frame.!entry
demo_session_02,2,1786094210.568394,move,339,224,.!frame.!entry
demo_session_02,2,1786094210.618394,move,340,232,.!frame.!entry
demo_session_02,2,1786094210.6683939,move,336,233,.!frame.!entry
demo_session_02,2,1786094210.7183938,move,344,233,.!frame.!entry
demo_session_02,2,1786094210.7683938,move,348,230,.!frame.!entry
demo_session_02,2,1786094210.8183937,move,339,239,.!frame.!entry
demo_session_02,2,1786094210.8683937,move,349,232,.!frame.!entry
demo_session_02,2,1786094210.9183936,move,341,229,.!frame.!entry
demo_session_02,2,1786094210.9683936,move,335,244,.!frame.!entry
demo_session_02,2,1786094211.0183935,move,338,251,.!frame.!entry
demo_session_02,2,1786094211.0683935,move,342,247,.!frame.!entry
demo_session_02,2,1786094211.1183934,move,339,244,.!frame.!entry
demo_session_02,2,1786094211.1683934,move,348,252,.!frame.!entry
demo_session_02,2,1786094211.2183933,move,339,249,.!frame.!entry
demo_session_02,2,1786094211.2683933,move,349,259,.!frame.!entry
demo_session_02,2,1786094211.3183932,move,345,264,.!frame.!entry
demo_session_02,2,1786094211.3683932,move,340,272,.!frame.!entry
demo_session_02,2,1786094211.4183931,move,348,263,.!frame.!entry
demo_session_02,2,1786094211.468393,move,342,264,.!frame.!entry
demo_session_02,2,1786094211.518393,move,349,275,.!frame.!entry
demo_session_02,2,1786094211.568393,move,341,270,.!frame.!button
demo_session_02,2,1786094211.618393,move,340,269,.!frame.!button
demo_session_02,2,1786094211.668393,move,335,278,.!frame.!button
demo_session_02,2,1786094211.7183928,move,339,281,.!frame.!button
demo_session_02,2,1786094211.7683928,move,346,277,.!frame.!button
demo_session_02,2,1786094211.8183928,move,352,288,.!frame.!button
demo_session_02,2,1786094211.8683927,move,347,281,.!frame.!button
demo_session_02,2,1786094211.9183927,move,345,294,.!frame.!button
demo_session_02,2,1786094211.9683926,move,352,287,.!frame.!button
demo_session_02,2,1786094212.0183926,move,349,287,.!frame.!button
demo_session_02,2,1786094212.0683925,move,350,288,.!frame.!button
demo_session_02,2,1786094212.1183925,move,347,299,.!frame.!button
demo_session_02,2,1786094212.1683924,move,342,302,.!frame.!button
demo_session_02,2,1786094212.2183924,move,346,303,.!frame.!button
demo_session_02,2,1786094212.2683923,move,349,299,.!frame.!button
demo_session_02,2,1786094212.3183923,move,352,308,.!frame.!button
demo_session_02,2,1786094212.3683922,move,345,312,.!frame.!button
demo_session_02,2,1786094212.4183922,move,341,308,.!frame.!button
demo_session_02,2,1786094212.4683921,move,348,312,.!frame.!button
demo_session_02,2,1786094212.518392,move,349,315,.!frame.!button
demo_session_02,2,1786094212.568392,move,349,311,.!frame.!button
demo_session_02,2,1786094212.618392,move,349,319,.!frame.!button
demo_session_02,2,1786094212.68527,click,346,316,.!frame.!button
demo_session_02,3,1786094212.68527,move,190,180,.!frame.!entry
demo_session_02,3,1786094212.73527,move,202,179,.!frame.!entry
demo_session_02,3,1786094212.78527,move,194,183,.!frame.!entry
demo_session_02,3,1786094212.83527,move,197,181,.!frame.!entry
demo_session_02,3,1786094212.8852699,move,199,187,.!frame.!entry
demo_session_02,3,1786094212.9352698,move,193,181,.!frame.!entry
demo_session_02,3,1786094212.9852698,move,192,185,.!frame.!entry
demo_session_02,3,1786094213.0352697,move,206,193,.!frame.!entry
demo_session_02,3,1786094213.0852697,move,199,191,.!frame.!entry
demo_session_02,3,1786094213.1352696,move,201,194,.!frame.!entry
demo_session_02,3,1786094213.1852696,move,200,192,.!frame.!entry
demo_session_02,3,1786094213.2352695,move,201,193,.!frame.!entry
demo_session_02,3,1786094213.2852695,move,211,190,.!frame.!entry
demo_session_02,3,1786094213.3352695,move,210,198,.!frame.!entry
demo_session_02,3,1786094213.3852694,move,213,193,.!frame.!entry
demo_session_02,3,1786094213.4352694,move,210,195,.!frame.!entry
demo_session_02,3,1786094213.4852693,move,224,207,.!frame.!entry
demo_session_02,3,1786094213.5352693,move,228,198,.!frame.!entry
demo_session_02,3,1786094213.5852692,move,222,193,.!frame.!entry
demo_session_02,3,1786094213.6352692,move,209,196,.!frame.!entry
demo_session_02,3,1786094213.685269,move,219,207,.!frame.!entry
demo_session_02,3,1786094213.735269,move,217,200,.!frame.!entry
demo_session_02,3,1786094213.785269,move,226,201,.!frame.!entry
demo_session_02,3,1786094213.835269,move,220,206,.!frame.!entry
demo_session_02,3,1786094213.885269,move,223,209,.!frame.!entry
demo_session_02,3,1786094213.9352689,move,226,204,.!frame.!entry
demo_session_02,3,1786094213.9852688,move,226,208,.!frame.!entry
demo_session_02,3,1786094214.0352688,move,234,214,.!frame.!entry
demo_session_02,3,1786094214.0852687,move,234,209,.!frame.!entry
demo_session_02,3,1786094214.1352687,move,225,205,.!frame.!entry
demo_session_02,3,1786094214.1852686,move,232,214,.!frame.!entry
demo_session_02,3,1786094214.2352686,move,241,222,.!frame.!entry
demo_session_02,3,1786094214.2852685,move,233,213,.!frame.!entry
demo_session_02,3,1786094214.3352685,move,232,215,.!frame.!entry
demo_session_02,3,1786094214.3852684,move,239,216,.!frame.!entry
demo_session_02,3,1786094214.4352684,move,240,223,.!frame.!entry
demo_session_02,3,1786094214.4852684,move,238,215,.!frame.!entry
demo_session_02,3,1786094214.5352683,move,248,220,.!frame.!entry
demo_session_02,3,1786094214.5852683,move,243,222,.!frame.!entry
demo_session_02,3,1786094214.6352682,move,243,232,.!frame.!entry
demo_session_02,3,1786094214.6852682,move,247,229,.!frame.!entry
demo_session_02,3,1786094214.735268,move,249,228,.!frame.!entry
demo_session_02,3,1786094214.785268,move,253,228,.!frame.!entry
demo_session_02,3,1786094214.835268,move,244,228,.!frame.!entry
demo_session_02,3,1786094214.885268,move,248,239,.!frame.!entry
demo_session_02,3,1786094214.935268,move,259,236,.!frame.!entry
demo_session_02,3,1786094214.9852679,move,258,240,.!frame.!entry
demo_session_02,3,1786094215.0352678,move,260,234,.!frame.!entry
demo_session_02,3,1786094215.0852678,move,256,237,.!frame.!entry
demo_session_02,3,1786094215.1352677,move,256,237,.!frame.!entry
demo_session_02,3,1786094215.1852677,move,255,236,.!frame.!entry
demo_session_02,3,1786094215.2352676,move,264,242,.!frame.!entry
demo_session_02,3,1786094215.2852676,move,260,249,.!frame.!entry
demo_session_02,3,1786094215.3352675,move,267,245,.!frame.!entry
demo_session_02,3,1786094215.3852675,move,265,242,.!frame.!entry
demo_session_02,3,1786094215.4352674,move,264,244,.!frame.!entry
demo_session_02,3,1786094215.4852674,move,263,245,.!frame.!entry
demo_session_02,3,1786094215.5352674,move,270,247,.!frame.!entry
demo_session_02,3,1786094215.5852673,move,278,243,.!frame.!entry
demo_session_02,3,1786094215.6352673,move,269,253,.!frame.!entry
demo_session_02,3,1786094215.6852672,move,274,250,.!frame.!entry
demo_session_02,3,1786094215.7352672,move,275,255,.!frame.!entry
demo_session_02,3,1786094215.785267,move,275,260,.!frame.!entry
demo_session_02,3,1786094215.835267,move,278,257,.!frame.!entry
demo_session_02,3,1786094215.885267,move,274,252,.!frame.!entry
demo_session_02,3,1786094215.935267,move,280,257,.!frame.!entry
demo_session_02,3,1786094215.985267,move,277,260,.!frame.!entry
demo_session_02,3,1786094216.0352669,move,280,253,.!frame.!entry
demo_session_02,3,1786094216.0852668,move,289,264,.!frame.!entry
demo_session_02,3,1786094216.1352668,move,288,258,.!frame.!entry
demo_session_02,3,1786094216.1852667,move,286,268,.!frame.!entry
demo_session_02,3,1786094216.2352667,move,289,258,.!frame.!entry
demo_session_02,3,1786094216.2852666,move,289,266,.!frame.!entry
demo_session_02,3,1786094216.3352666,move,290,271,.!frame.!entry
demo_session_02,3,1786094216.3852665,move,294,268,.!frame.!entry
demo_session_02,3,1786094216.4352665,move,294,271,.!frame.!entry
demo_session_02,3,1786094216.4852664,move,297,272,.!frame.!entry
demo_session_02,3,1786094216.5352664,move,286,270,.!frame.!entry
demo_session_02,3,1786094216.5852664,move,300,272,.!frame.!entry
demo_session_02,3,1786094216.6352663,move,299,275,.!frame.!entry
demo_session_02,3,1786094216.6852663,move,293,280,.!frame.!entry
demo_session_02,3,1786094216.7352662,move,305,286,.!frame.!entry
demo_session_02,3,1786094216.7852662,move,303,281,.!frame.!button
demo_session_02,3,1786094216.835266,move,303,277,.!frame.!button
demo_session_02,3,1786094216.885266,move,305,284,.!frame.!button
demo_session_02,3,1786094216.935266,move,301,289,.!frame.!button
demo_session_02,3,1786094216.985266,move,306,284,.!frame.!button
demo_session_02,3,1786094217.035266,move,312,280,.!frame.!button
demo_session_02,3,1786094217.0852659,move,313,286,.!frame.!button
demo_session_02,3,1786094217.1352658,move,314,285,.!frame.!button
demo_session_02,3,1786094217.1852658,move,308,286,.!frame.!button
demo_session_02,3,1786094217.2352657,move,317,285,.!frame.!button
demo_session_02,3,1786094217.2852657,move,311,286,.!frame.!button
demo_session_02,3,1786094217.3352656,move,318,298,.!frame.!button
demo_session_02,3,1786094217.3852656,move,318,288,.!frame.!button
demo_session_02,3,1786094217.4352655,move,316,293,.!frame.!button
demo_session_02,3,1786094217.4852655,move,324,290,.!frame.!button
demo_session_02,3,1786094217.5352654,move,324,302,.!frame.!button
demo_session_02,3,1786094217.5852654,move,331,305,.!frame.!button
demo_session_02,3,1786094217.6352654,move,329,306,.!frame.!button
demo_session_02,3,1786094217.6852653,move,326,298,.!frame.!button
demo_session_02,3,1786094217.7352653,move,333,298,.!frame.!button
demo_session_02,3,1786094217.7852652,move,327,307,.!frame.!button
demo_session_02,3,1786094217.8352652,move,336,303,.!frame.!button
demo_session_02,3,1786094217.885265,move,336,308,.!frame.!button
demo_session_02,3,1786094217.935265,move,328,307,.!frame.!button
demo_session_02,3,1786094217.985265,move,335,305,.!frame.!button
demo_session_02,3,1786094218.035265,move,332,306,.!frame.!button
demo_session_02,3,1786094218.085265,move,337,313,.!frame.!button
demo_session_02,3,1786094218.1352649,move,337,304,.!frame.!button
demo_session_02,3,1786094218.1852648,move,348,309,.!frame.!button
demo_session_02,3,1786094218.2352648,move,345,313,.!frame.!button
demo_session_02,3,1786094218.2852647,move,348,317,.!frame.!button
demo_session_02,3,1786094218.3352647,move,344,320,.!frame.!button
demo_session_02,3,1786094218.3852646,move,345,318,.!frame.!button
demo_session_02,3,1786094218.4352646,move,356,311,.!frame.!button
demo_session_02,3,1786094218.4852645,move,347,322,.!frame.!button
demo_session_02,3,1786094218.5671704,click,350,320,.!frame.!button
demo_session_02,4,1786094218.5671704,move,103,202,.!frame.!entry
demo_session_02,4,1786094218.6171703,move,105,202,.!frame.!entry
demo_session_02,4,1786094218.6671703,move,110,204,.!frame.!entry
demo_session_02,4,1786094218.7171702,move,114,214,.!frame.!entry
demo_session_02,4,1786094218.7671702,move,120,207,.!frame.!entry
demo_session_02,4,1786094218.8171701,move,117,214,.!frame.!entry
demo_session_02,4,1786094218.86717,move,133,214,.!frame.!entry
demo_session_02,4,1786094218.91717,move,127,215,.!frame.!entry
demo_session_02,4,1786094218.96717,move,139,216,.!frame.!entry
demo_session_02,4,1786094219.01717,move,143,213,.!frame.!entry
demo_session_02,4,1786094219.06717,move,147,221,.!frame.!entry
demo_session_02,4,1786094219.1171699,move,147,224,.!frame.!entry
demo_session_02,4,1786094219.1671698,move,142,224,.!frame.!entry
demo_session_02,4,1786094219.2171698,move,157,227,.!frame.!entry
demo_session_02,4,1786094219.2671697,move,154,220,.!frame.!entry
demo_session_02,4,1786094219.3171697,move,156,225,.!frame.!entry
demo_session_02,4,1786094219.3671696,move,170,226,.!frame.!entry
demo_session_02,4,1786094219.4171696,move,171,229,.!frame.!entry
demo_session_02,4,1786094219.4671695,move,169,227,.!frame.!entry
demo_session_02,4,1786094219.5171695,move,177,241,.!frame.!entry
demo_session_02,4,1786094219.5671694,move,175,236,.!frame.!entry
demo_session_02,4,1786094219.6171694,move,185,239,.!frame.!entry
demo_session_02,4,1786094219.6671693,move,186,234,.!frame.!entry
demo_session_02,4,1786094219.7171693,move,185,237,.!frame.!entry
demo_session_02,4,1786094219.7671692,move,198,243,.!frame.!entry
demo_session_02,4,1786094219.8171692,move,195,241,.!frame.!entry
demo_session_02,4,1786094219.8671691,move,204,245,.!frame.!entry
demo_session_02,4,1786094219.917169,move,204,253,.!frame.!entry
demo_session_02,4,1786094219.967169,move,214,250,.!frame.!entry
demo_session_02,4,1786094220.017169,move,217,252,.!frame.!entry
demo_session_02,4,1786094220.067169,move,217,251,.!frame.!entry
demo_session_02,4,1786094220.117169,move,218,255,.!frame.!entry
demo_session_02,4,1786094220.1671689,move,224,263,.!frame.!entry
demo_session_02,4,1786094220.2171688,move,230,261,.!frame.!entry
demo_session_02,4,1786094220.2671688,move,237,263,.!frame.!entry
demo_session_02,4,1786094220.3171687,move,241,264,.!frame.!entry
demo_session_02,4,1786094220.3671687,move,237,266,.!frame.!entry
demo_session_02,4,1786094220.4171686,move,245,265,.!frame.!entry
demo_session_02,4,1786094220.4671686,move,245,268,.!frame.!entry
demo_session_02,4,1786094220.5171685,move,258,275,.!frame.!entry
demo_session_02,4,1786094220.5671685,move,261,272,.!frame.!entry
demo_session_02,4,1786094220.6171684,move,254,273,.!frame.!entry
demo_session_02,4,1786094220.6671684,move,261,282,.!frame.!entry
demo_session_02,4,1786094220.7171683,move,263,278,.!frame.!entry
demo_session_02,4,1786094220.7671683,move,263,281,.!frame.!entry
demo_session_02,4,1786094220.8171682,move,265,278,.!frame.!entry
demo_session_02,4,1786094220.8671682,move,274,285,.!frame.!button
demo_session_02,4,1786094220.9171681,move,281,282,.!frame.!button
demo_session_02,4,1786094220.967168,move,283,278,.!frame.!button
demo_session_02,4,1786094221.017168,move,285,287,.!frame.!button
demo_session_02,4,1786094221.067168,move,294,297,.!frame.!button
demo_session_02,4,1786094221.117168,move,301,292,.!frame.!button
demo_session_02,4,1786094221.167168,move,294,297,.!frame.!button
demo_session_02,4,1786094221.2171679,move,302,294,.!frame.!button
demo_session_02,4,1786094221.2671678,move,309,304,.!frame.!button
demo_session_02,4,1786094221.3171678,move,307,298,.!frame.!button
demo_session_02,4,1786094221.3671677,move,308,306,.!frame.!button
demo_session_02,4,1786094221.4171677,move,315,304,.!frame.!button
demo_session_02,4,1786094221.4671676,move,327,309,.!frame.!button
demo_session_02,4,1786094221.5171676,move,329,311,.!frame.!button
demo_session_02,4,1786094221.5671675,move,331,303,.!frame.!button
demo_session_02,4,1786094221.6171675,move,337,305,.!frame.!button
demo_session_02,4,1786094221.6671674,move,338,315,.!frame.!button
demo_session_02,4,1786094221.7171674,move,340,315,.!frame.!button
demo_session_02,4,1786094221.7671673,move,346,320,.!frame.!button
demo_session_02,4,1786094221.8171673,move,359,320,.!frame.!button
demo_session_02,4,1786094221.8846188,click,352,322,.!frame.!button
demo_session_02,5,1786094221.8846188,move,547,103,.!frame.!entry
demo_session_02,5,1786094221.9346187,move,557,110,.!frame.!entry
demo_session_02,5,1786094221.9846187,move,547,111,.!frame.!entry
demo_session_02,5,1786094222.0346186,move,552,118,.!frame.!entry
demo_session_02,5,1786094222.0846186,move,540,115,.!frame.!entry
demo_session_02,5,1786094222.1346185,move,538,120,.!frame.!entry
demo_session_02,5,1786094222.1846185,move,531,122,.!frame.!entry
demo_session_02,5,1786094222.2346184,move,529,117,.!frame.!entry
demo_session_02,5,1786094222.2846184,move,531,120,.!frame.!entry
demo_session_02,5,1786094222.3346183,move,540,124,.!frame.!entry
demo_session_02,5,1786094222.3846183,move,530,138,.!frame.!entry
demo_session_02,5,1786094222.4346182,move,531,142,.!frame.!entry
demo_session_02,5,1786094222.4846182,move,525,132,.!frame.!entry
demo_session_02,5,1786094222.5346181,move,527,131,.!frame.!entry
demo_session_02,5,1786094222.584618,move,521,150,.!frame.!entry
demo_session_02,5,1786094222.634618,move,519,151,.!frame.!entry
demo_session_02,5,1786094222.684618,move,511,150,.!frame.!entry
demo_session_02,5,1786094222.734618,move,511,148,.!frame.!entry
demo_session_02,5,1786094222.784618,move,511,148,.!frame.!entry
demo_session_02,5,1786094222.8346179,move,499,157,.!frame.!entry
demo_session_02,5,1786094222.8846178,move,508,162,.!frame.!entry
demo_session_02,5,1786094222.9346178,move,497,160,.!frame.!entry
demo_session_02,5,1786094222.9846177,move,497,167,.!frame.!entry
demo_session_02,5,1786094223.0346177,move,482,178,.!frame.!entry
demo_session_02,5,1786094223.0846176,move,490,177,.!frame.!entry
demo_session_02,5,1786094223.1346176,move,496,175,.!frame.!entry
demo_session_02,5,1786094223.1846175,move,490,184,.!frame.!entry
demo_session_02,5,1786094223.2346175,move,483,180,.!frame.!entry
demo_session_02,5,1786094223.2846174,move,476,173,.!frame.!entry
demo_session_02,5,1786094223.3346174,move,475,189,.!frame.!entry
demo_session_02,5,1786094223.3846173,move,478,187,.!frame.!entry
demo_session_02,5,1786094223.4346173,move,472,196,.!frame.!entry
demo_session_02,5,1786094223.4846172,move,459,202,.!frame.!entry
demo_session_02,5,1786094223.5346172,move,469,197,.!frame.!entry
demo_session_02,5,1786094223.5846171,move,459,207,.!frame.!entry
demo_session_02,5,1786094223.634617,move,459,206,.!frame.!entry
demo_session_02,5,1786094223.684617,move,458,204,.!frame.!entry
demo_session_02,5,1786094223.734617,move,458,217,.!frame.!entry
demo_session_02,5,1786094223.784617,move,462,206,.!frame.!entry
demo_session_02,5,1786094223.834617,move,460,215,.!frame.!entry
demo_session_02,5,1786094223.8846169,move,449,216,.!frame.!entry
demo_session_02,5,1786094223.9346168,move,452,214,.!frame.!entry
demo_session_02,5,1786094223.9846168,move,442,221,.!frame.!entry
demo_session_02,5,1786094224.0346167,move,445,233,.!frame.!entry
demo_session_02,5,1786094224.0846167,move,445,231,.!frame.!entry
demo_session_02,5,1786094224.1346166,move,438,235,.!frame.!entry
demo_session_02,5,1786094224.1846166,move,439,238,.!frame.!entry
demo_session_02,5,1786094224.2346165,move,430,233,.!frame.!entry
demo_session_02,5,1786094224.2846165,move,426,248,.!frame.!entry
demo_session_02,5,1786094224.3346164,move,425,240,.!frame.!entry
demo_session_02,5,1786094224.3846164,move,417,253,.!frame.!entry
demo_session_02,5,1786094224.4346163,move,424,247,.!frame.!entry
demo_session_02,5,1786094224.4846163,move,416,249,.!frame.!entry
demo_session_02,5,1786094224.5346162,move,415,256,.!frame.!entry
demo_session_02,5,1786094224.5846162,move,414,267,.!frame.!button
demo_session_02,5,1786094224.6346161,move,405,261,.!frame.!button
demo_session_02,5,1786094224.684616,move,410,258,.!frame.!button
demo_session_02,5,1786094224.734616,move,404,264,.!frame.!button
demo_session_02,5,1786094224.784616,move,402,276,.!frame.!button
demo_session_02,5,1786094224.834616,move,390,276,.!frame.!button
demo_session_02,5,1786094224.884616,move,392,278,.!frame.!button
demo_session_02,5,1786094224.9346159,move,391,264,.!frame.!button
demo_session_02,5,1786094224.9846158,move,389,280,.!frame.!button
demo_session_02,5,1786094225.0346158,move,385,283,.!frame.!button
demo_session_02,5,1786094225.0846157,move,385,282,.!frame.!button
demo_session_02,5,1786094225.1346157,move,382,289,.!frame.!button
demo_session_02,5,1786094225.1846156,move,380,291,.!frame.!button
demo_session_02,5,1786094225.2346156,move,376,295,.!frame.!button
demo_session_02,5,1786094225.2846155,move,368,286,.!frame.!button
demo_session_02,5,1786094225.3346155,move,366,296,.!frame.!button
demo_session_02,5,1786094225.3846154,move,372,305,.!frame.!button
demo_session_02,5,1786094225.4346154,move,357,305,.!frame.!button
demo_session_02,5,1786094225.4846153,move,355,311,.!frame.!button
demo_session_02,5,1786094225.5346153,move,365,318,.!frame.!button
demo_session_02,5,1786094225.5846152,move,354,313,.!frame.!button
demo_session_02,5,1786094225.6346152,move,346,310,.!frame.!button
demo_session_02,5,1786094225.6846151,move,351,315,.!frame.!button
demo_session_02,5,1786094225.766316,click,348,318,.!frame.!button
demo_session_02,6,1786094225.766316,move,147,251,.!frame.!entry
demo_session_02,6,1786094225.816316,move,152,253,.!frame.!entry
demo_session_02,6,1786094225.8663158,move,163,259,.!frame.!entry
demo_session_02,6,1786094225.9163158,move,155,252,.!frame.!entry
demo_session_02,6,1786094225.9663157,move,159,257,.!frame.!entry
demo_session_02,6,1786094226.0163157,move,161,256,.!frame.!entry
demo_session_02,6,1786094226.0663157,move,172,253,.!frame.!entry
demo_session_02,6,1786094226.1163156,move,172,257,.!frame.!entry
demo_session_02,6,1786094226.1663156,move,173,257,.!frame.!entry
demo_session_02,6,1786094226.2163155,move,176,268,.!frame.!entry
demo_session_02,6,1786094226.2663155,move,180,257,.!frame.!entry
demo_session_02,6,1786094226.3163154,move,178,257,.!frame.!entry
demo_session_02,6,1786094226.3663154,move,188,266,.!frame.!entry
demo_session_02,6,1786094226.4163153,move,178,260,.!frame.!entry
demo_session_02,6,1786094226.4663153,move,182,268,.!frame.!entry
demo_session_02,6,1786094226.5163152,move,197,273,.!frame.!entry
demo_session_02,6,1786094226.5663152,move,191,263,.!frame.!entry
demo_session_02,6,1786094226.6163151,move,202,268,.!frame.!entry
demo_session_02,6,1786094226.666315,move,203,267,.!frame.!entry
demo_session_02,6,1786094226.716315,move,206,268,.!frame.!entry
demo_session_02,6,1786094226.766315,move,210,269,.!frame.!entry
demo_session_02,6,1786094226.816315,move,204,272,.!frame.!entry
demo_session_02,6,1786094226.866315,move,213,274,.!frame.!entry
demo_session_02,6,1786094226.9163148,move,215,279,.!frame.!entry
demo_session_02,6,1786094226.9663148,move,220,281,.!frame.!entry
demo_session_02,6,1786094227.0163147,move,220,270,.!frame.!entry
demo_session_02,6,1786094227.0663147,move,219,280,.!frame.!entry
demo_session_02,6,1786094227.1163146,move,217,279,.!frame.!entry
demo_session_02,6,1786094227.1663146,move,234,287,.!frame.!entry
demo_session_02,6,1786094227.2163146,move,230,285,.!frame.!entry
demo_session_02,6,1786094227.2663145,move,238,279,.!frame.!entry
demo_session_02,6,1786094227.3163145,move,249,280,.!frame.!entry
demo_session_02,6,1786094227.3663144,move,238,278,.!frame.!entry
demo_session_02,6,1786094227.4163144,move,255,282,.!frame.!entry
demo_session_02,6,1786094227.4663143,move,246,289,.!frame.!entry
demo_session_02,6,1786094227.5163143,move,242,286,.!frame.!entry
demo_session_02,6,1786094227.5663142,move,254,286,.!frame.!entry
demo_session_02,6,1786094227.6163142,move,259,294,.!frame.!entry
demo_session_02,6,1786094227.6663141,move,261,288,.!frame.!entry
demo_session_02,6,1786094227.716314,move,267,293,.!frame.!entry
demo_session_02,6,1786094227.766314,move,262,297,.!frame.!entry
demo_session_02,6,1786094227.816314,move,264,291,.!frame.!entry
demo_session_02,6,1786094227.866314,move,265,298,.!frame.!entry
demo_session_02,6,1786094227.916314,move,273,301,.!frame.!entry
demo_session_02,6,1786094227.9663138,move,276,301,.!frame.!entry
demo_session_02,6,1786094228.0163138,move,280,291,.!frame.!entry
demo_session_02,6,1786094228.0663137,move,291,301,.!frame.!entry
demo_session_02,6,1786094228.1163137,move,283,303,.!frame.!entry
demo_session_02,6,1786094228.1663136,move,281,308,.!frame.!entry
demo_session_02,6,1786094228.2163136,move,290,296,.!frame.!entry
demo_session_02,6,1786094228.2663136,move,300,303,.!frame.!button
demo_session_02,6,1786094228.3163135,move,292,310,.!frame.!button
demo_session_02,6,1786094228.3663135,move,296,303,.!frame.!button
demo_session_02,6,1786094228.4163134,move,298,302,.!frame.!button
demo_session_02,6,1786094228.4663134,move,293,306,.!frame.!button
demo_session_02,6,1786094228.5163133,move,304,293,.!frame.!button
demo_session_02,6,1786094228.5663133,move,303,312,.!frame.!button
demo_session_02,6,1786094228.6163132,move,315,314,.!frame.!button
demo_session_02,6,1786094228.6663132,move,309,304,.!frame.!button
demo_session_02,6,1786094228.7163131,move,315,312,.!frame.!button
demo_session_02,6,1786094228.766313,move,312,304,.!frame.!button
demo_session_02,6,1786094228.816313,move,320,307,.!frame.!button
demo_session_02,6,1786094228.866313,move,321,312,.!frame.!button
demo_session_02,6,1786094228.916313,move,328,310,.!frame.!button
demo_session_02,6,1786094228.966313,move,340,311,.!frame.!button
demo_session_02,6,1786094229.0163128,move,333,314,.!frame.!button
demo_session_02,6,1786094229.0663128,move,340,312,.!frame.!button
demo_session_02,6,1786094229.1163127,move,344,315,.!frame.!button
demo_session_02,6,1786094229.1663127,move,341,316,.!frame.!button
demo_session_02,6,1786094229.2163126,move,341,312,.!frame.!button
demo_session_02,6,1786094229.2663126,move,353,322,.!frame.!button
demo_session_02,6,1786094229.3163126,move,346,320,.!frame.!button
demo_session_02,6,1786094229.399259,click,344,314,.!frame.!button
demo_session_02,7,1786094229.399259,move,380,139,.!frame.!entry
demo_session_02,7,1786094229.449259,move,379,149,.!frame.!entry
demo_session_02,7,1786094229.499259,move,378,151,.!frame.!entry
demo_session_02,7,1786094229.549259,move,374,149,.!frame.!entry
demo_session_02,7,1786094229.599259,move,383,152,.!frame.!entry
demo_session_02,7,1786094229.6492589,move,387,156,.!frame.!entry
demo_session_02,7,1786094229.6992588,move,381,157,.!frame.!entry
demo_session_02,7,1786094229.7492588,move,372,154,.!frame.!entry
demo_session_02,7,1786094229.7992587,move,388,156,.!frame.!entry
demo_session_02,7,1786094229.8492587,move,379,157,.!frame.!entry
demo_session_02,7,1786094229.8992586,move,377,152,.!frame.!entry
demo_session_02,7,1786094229.9492586,move,374,162,.!frame.!entry
demo_session_02,7,1786094229.9992585,move,373,157,.!frame.!entry
demo_session_02,7,1786094230.0492585,move,368,167,.!frame.!entry
demo_session_02,7,1786094230.0992584,move,381,155,.!frame.!entry
demo_session_02,7,1786094230.1492584,move,366,166,.!frame.!entry
demo_session_02,7,1786094230.1992583,move,379,170,.!frame.!entry
demo_session_02,7,1786094230.2492583,move,369,167,.!frame.!entry
demo_session_02,7,1786094230.2992582,move,381,166,.!frame.!entry
demo_session_02,7,1786094230.3492582,move,383,178,.!frame.!entry
demo_session_02,7,1786094230.3992581,move,365,178,.!frame.!entry
demo_session_02,7,1786094230.449258,move,368,172,.!frame.!entry
demo_session_02,7,1786094230.499258,move,371,173,.!frame.!entry
demo_session_02,7,1786094230.549258,move,368,167,.!frame.!entry
demo_session_02,7,1786094230.599258,move,378,184,.!frame.!entry
demo_session_02,7,1786094230.649258,move,372,185,.!frame.!entry
demo_session_02,7,1786094230.6992579,move,378,184,.!frame.!entry
demo_session_02,7,1786094230.7492578,move,369,191,.!frame.!entry
demo_session_02,7,1786094230.7992578,move,375,183,.!frame.!entry
demo_session_02,7,1786094230.8492577,move,371,187,.!frame.!entry
demo_session_02,7,1786094230.8992577,move,373,183,.!frame.!entry
demo_session_02,7,1786094230.9492576,move,365,191,.!frame.!entry
demo_session_02,7,1786094230.9992576,move,372,195,.!frame.!entry
demo_session_02,7,1786094231.0492575,move,369,190,.!frame.!entry
demo_session_02,7,1786094231.0992575,move,366,188,.!frame.!entry
demo_session_02,7,1786094231.1492574,move,370,192,.!frame.!entry
demo_session_02,7,1786094231.1992574,move,364,194,.!frame.!entry
demo_session_02,7,1786094231.2492573,move,373,205,.!frame.!entry
demo_session_02,7,1786094231.2992573,move,363,204,.!frame.!entry
demo_session_02,7,1786094231.3492572,move,364,209,.!frame.!entry
demo_session_02,7,1786094231.3992572,move,374,200,.!frame.!entry
demo_session_02,7,1786094231.4492571,move,364,199,.!frame.!entry
demo_session_02,7,1786094231.499257,move,368,196,.!frame.!entry
demo_session_02,7,1786094231.549257,move,375,208,.!frame.!entry
demo_session_02,7,1786094231.599257,move,370,201,.!frame.!entry
demo_session_02,7,1786094231.649257,move,372,212,.!frame.!entry
demo_session_02,7,1786094231.699257,move,372,206,.!frame.!entry
demo_session_02,7,1786094231.7492568,move,366,213,.!frame.!entry
demo_session_02,7,1786094231.7992568,move,371,211,.!frame.!entry
demo_session_02,7,1786094231.8492568,move,364,211,.!frame.!entry
demo_session_02,7,1786094231.8992567,move,364,219,.!frame.!entry
demo_session_02,7,1786094231.9492567,move,371,221,.!frame.!entry
demo_session_02,7,1786094231.9992566,move,364,216,.!frame.!entry
demo_session_02,7,1786094232.0492566,move,375,222,.!frame.!entry
demo_session_02,7,1786094232.0992565,move,364,223,.!frame.!entry
demo_session_02,7,1786094232.1492565,move,363,217,.!frame.!entry
demo_session_02,7,1786094232.1992564,move,362,227,.!frame.!entry
demo_session_02,7,1786094232.2492564,move,360,223,.!frame.!entry
demo_session_02,7,1786094232.2992563,move,370,223,.!frame.!entry
demo_session_02,7,1786094232.3492563,move,372,224,.!frame.!entry
demo_session_02,7,1786094232.3992562,move,367,220,.!frame.!entry
demo_session_02,7,1786094232.4492562,move,366,224,.!frame.!entry
demo_session_02,7,1786094232.4992561,move,359,234,.!frame.!entry
demo_session_02,7,1786094232.549256,move,367,220,.!frame.!entry
demo_session_02,7,1786094232.599256,move,364,240,.!frame.!entry
demo_session_02,7,1786094232.649256,move,366,232,.!frame.!entry
demo_session_02,7,1786094232.699256,move,363,238,.!frame.!entry
demo_session_02,7,1786094232.749256,move,374,222,.!frame.!entry
demo_session_02,7,1786094232.7992558,move,362,236,.!frame.!entry
demo_session_02,7,1786094232.8492558,move,364,250,.!frame.!entry
demo_session_02,7,1786094232.8992558,move,362,256,.!frame.!entry
demo_session_02,7,1786094232.9492557,move,353,236,.!frame.!entry
demo_session_02,7,1786094232.9992557,move,364,244,.!frame.!entry
demo_session_02,7,1786094233.0492556,move,362,245,.!frame.!entry
demo_session_02,7,1786094233.0992556,move,373,244,.!frame.!entry
demo_session_02,7,1786094233.1492555,move,358,240,.!frame.!entry
demo_session_02,7,1786094233.1992555,move,354,242,.!frame.!entry
demo_session_02,7,1786094233.2492554,move,364,253,.!frame.!entry
demo_session_02,7,1786094233.2992554,move,359,246,.!frame.!entry
demo_session_02,7,1786094233.3492553,move,363,257,.!frame.!entry
demo_session_02,7,1786094233.3992553,move,367,257,.!frame.!entry
demo_session_02,7,1786094233.4492552,move,371,267,.!frame.!entry
demo_session_02,7,1786094233.4992552,move,352,252,.!frame.!entry
demo_session_02,7,1786094233.5492551,move,357,258,.!frame.!entry
demo_session_02,7,1786094233.599255,move,356,260,.!frame.!entry
demo_session_02,7,1786094233.649255,move,361,252,.!frame.!entry
demo_session_02,7,1786094233.699255,move,359,258,.!frame.!entry
demo_session_02,7,1786094233.749255,move,358,259,.!frame.!entry
demo_session_02,7,1786094233.799255,move,359,259,.!frame.!entry
demo_session_02,7,1786094233.8492548,move,353,280,.!frame.!entry
demo_session_02,7,1786094233.8992548,move,358,278,.!frame.!entry
demo_session_02,7,1786094233.9492548,move,359,258,.!frame.!button
demo_session_02,7,1786094233.9992547,move,351,265,.!frame.!button
demo_session_02,7,1786094234.0492547,move,359,272,.!frame.!button
demo_session_02,7,1786094234.0992546,move,364,272,.!frame.!button
demo_session_02,7,1786094234.1492546,move,352,276,.!frame.!button
demo_session_02,7,1786094234.1992545,move,360,272,.!frame.!button
demo_session_02,7,1786094234.2492545,move,356,270,.!frame.!button
demo_session_02,7,1786094234.2992544,move,358,272,.!frame.!button
demo_session_02,7,1786094234.3492544,move,358,280,.!frame.!button
demo_session_02,7,1786094234.3992543,move,346,279,.!frame.!button
demo_session_02,7,1786094234.4492543,move,368,284,.!frame.!button
demo_session_02,7,1786094234.4992542,move,354,285,.!frame.!button
demo_session_02,7,1786094234.5492542,move,349,287,.!frame.!button
demo_session_02,7,1786094234.5992541,move,356,284,.!frame.!button
demo_session_02,7,1786094234.649254,move,350,290,.!frame.!button
demo_session_02,7,1786094234.699254,move,360,289,.!frame.!button
demo_session_02,7,1786094234.749254,move,353,285,.!frame.!button
demo_session_02,7,1786094234.799254,move,352,287,.!frame.!button
demo_session_02,7,1786094234.849254,move,348,289,.!frame.!button
demo_session_02,7,1786094234.8992538,move,347,290,.!frame.!button
demo_session_02,7,1786094234.9492538,move,348,294,.!frame.!button
demo_session_02,7,1786094234.9992537,move,356,294,.!frame.!button
demo_session_02,7,1786094235.0492537,move,350,294,.!frame.!button
demo_session_02,7,1786094235.0992537,move,358,300,.!frame.!button
demo_session_02,7,1786094235.1492536,move,360,302,.!frame.!button
demo_session_02,7,1786094235.1992536,move,353,300,.!frame.!button
demo_session_02,7,1786094235.2492535,move,360,301,.!frame.!button
demo_session_02,7,1786094235.2992535,move,354,303,.!frame.!button
demo_session_02,7,1786094235.3492534,move,357,305,.!frame.!button
demo_session_02,7,1786094235.3992534,move,352,306,.!frame.!button
demo_session_02,7,1786094235.4492533,move,350,306,.!frame.!button
demo_session_02,7,1786094235.4992533,move,349,318,.!frame.!button
demo_session_02,7,1786094235.5492532,move,346,315,.!frame.!button
demo_session_02,7,1786094235.5992532,move,353,320,.!frame.!button
demo_session_02,7,1786094235.6492531,move,352,312,.!frame.!button
demo_session_02,7,1786094235.699253,move,345,309,.!frame.!button
demo_session_02,7,1786094235.749253,move,346,314,.!frame.!button
demo_session_02,7,1786094235.799253,move,354,319,.!frame.!button
demo_session_02,7,1786094235.849253,move,347,327,.!frame.!button
demo_session_02,7,1786094235.9241529,click,349,319,.!frame.!button
demo_session_02,8,1786094235.9241529,move,247,133,.!frame.!entry
demo_session_02,8,1786094235.9741528,move,261,137,.!frame.!entry
demo_session_02,8,1786094236.0241528,move,249,148,.!frame.!entry
demo_session_02,8,1786094236.0741527,move,249,138,.!frame.!entry
demo_session_02,8,1786094236.1241527,move,251,139,.!frame.!entry
demo_session_02,8,1786094236.1741526,move,270,140,.!frame.!entry
demo_session_02,8,1786094236.2241526,move,259,149,.!frame.!entry
demo_session_02,8,1786094236.2741525,move,253,149,.!frame.!entry
demo_session_02,8,1786094236.3241525,move,265,144,.!frame.!entry
demo_session_02,8,1786094236.3741524,move,257,144,.!frame.!entry
demo_session_02,8,1786094236.4241524,move,257,153,.!frame.!entry
demo_session_02,8,1786094236.4741523,move,252,147,.!frame.!entry
demo_session_02,8,1786094236.5241523,move,266,147,.!frame.!entry
demo_session_02,8,1786094236.5741522,move,267,148,.!frame.!entry
demo_session_02,8,1786094236.6241522,move,269,151,.!frame.!entry
demo_session_02,8,1786094236.6741521,move,266,165,.!frame.!entry
demo_session_02,8,1786094236.724152,move,264,157,.!frame.!entry
demo_session_02,8,1786094236.774152,move,267,164,.!frame.!entry
demo_session_02,8,1786094236.824152,move,284,165,.!frame.!entry
demo_session_02,8,1786094236.874152,move,272,166,.!frame.!entry
demo_session_02,8,1786094236.924152,move,270,175,.!frame.!entry
demo_session_02,8,1786094236.9741518,move,273,170,.!frame.!entry
demo_session_02,8,1786094237.0241518,move,266,179,.!frame.!entry
demo_session_02,8,1786094237.0741518,move,274,172,.!frame.!entry
demo_session_02,8,1786094237.1241517,move,271,171,.!frame.!entry
demo_session_02,8,1786094237.1741517,move,277,170,.!frame.!entry
demo_session_02,8,1786094237.2241516,move,277,172,.!frame.!entry
demo_session_02,8,1786094237.2741516,move,278,176,.!frame.!entry
demo_session_02,8,1786094237.3241515,move,266,183,.!frame.!entry
demo_session_02,8,1786094237.3741515,move,281,177,.!frame.!entry
demo_session_02,8,1786094237.4241514,move,291,180,.!frame.!entry
demo_session_02,8,1786094237.4741514,move,281,189,.!frame.!entry
demo_session_02,8,1786094237.5241513,move,278,178,.!frame.!entry
demo_session_02,8,1786094237.5741513,move,281,197,.!frame.!entry
demo_session_02,8,1786094237.6241512,move,283,176,.!frame.!entry
demo_session_02,8,1786094237.6741512,move,285,201,.!frame.!entry
demo_session_02,8,1786094237.7241511,move,295,194,.!frame.!entry
demo_session_02,8,1786094237.774151,move,284,184,.!frame.!entry
demo_session_02,8,1786094237.824151,move,280,191,.!frame.!entry
demo_session_02,8,1786094237.874151,move,299,201,.!frame.!entry
demo_session_02,8,1786094237.924151,move,293,202,.!frame.!entry
demo_session_02,8,1786094237.974151,move,292,200,.!frame.!entry
demo_session_02,8,1786094238.0241508,move,290,205,.!frame.!entry
demo_session_02,8,1786094238.0741508,move,286,215,.!frame.!entry
demo_session_02,8,1786094238.1241508,move,293,191,.!frame.!entry
demo_session_02,8,1786094238.1741507,move,294,214,.!frame.!entry
demo_session_02,8,1786094238.2241507,move,288,207,.!frame.!entry
demo_session_02,8,1786094238.2741506,move,299,214,.!frame.!entry
demo_session_02,8,1786094238.3241506,move,296,208,.!frame.!entry
demo_session_02,8,1786094238.3741505,move,296,225,.!frame.!entry
demo_session_02,8,1786094238.4241505,move,307,211,.!frame.!entry
demo_session_02,8,1786094238.4741504,move,297,215,.!frame.!entry
demo_session_02,8,1786094238.5241504,move,286,222,.!frame.!entry
demo_session_02,8,1786094238.5741503,move,299,217,.!frame.!entry
demo_session_02,8,1786094238.6241503,move,296,234,.!frame.!entry
demo_session_02,8,1786094238.6741502,move,294,216,.!frame.!entry
demo_session_02,8,1786094238.7241502,move,288,230,.!frame.!entry
demo_session_02,8,1786094238.7741501,move,295,221,.!frame.!entry
demo_session_02,8,1786094238.82415,move,301,220,.!frame.!entry
demo_session_02,8,1786094238.87415,move,295,226,.!frame.!entry
demo_session_02,8,1786094238.92415,move,300,233,.!frame.!entry
demo_session_02,8,1786094238.97415,move,305,232,.!frame.!entry
demo_session_02,8,1786094239.02415,move,301,238,.!frame.!entry
demo_session_02,8,1786094239.0741498,move,295,246,.!frame.!entry
demo_session_02,8,1786094239.1241498,move,300,237,.!frame.!entry
demo_session_02,8,1786094239.1741498,move,300,242,.!frame.!entry
demo_session_02,8,1786094239.2241497,move,305,243,.!frame.!entry
demo_session_02,8,1786094239.2741497,move,310,236,.!frame.!entry
demo_session_02,8,1786094239.3241496,move,306,239,.!frame.!entry
demo_session_02,8,1786094239.3741496,move,322,242,.!frame.!entry
demo_session_02,8,1786094239.4241495,move,321,250,.!frame.!entry
demo_session_02,8,1786094239.4741495,move,306,250,.!frame.!entry
demo_session_02,8,1786094239.5241494,move,313,248,.!frame.!entry
demo_session_02,8,1786094239.5741494,move,311,246,.!frame.!entry
demo_session_02,8,1786094239.6241493,move,311,259,.!frame.!entry
demo_session_02,8,1786094239.6741493,move,316,245,.!frame.!entry
demo_session_02,8,1786094239.7241492,move,313,247,.!frame.!entry
demo_session_02,8,1786094239.7741492,move,308,253,.!frame.!entry
demo_session_02,8,1786094239.8241491,move,316,260,.!frame.!entry
demo_session_02,8,1786094239.874149,move,321,264,.!frame.!entry
demo_session_02,8,1786094239.924149,move,316,255,.!frame.!entry
demo_session_02,8,1786094239.974149,move,324,257,.!frame.!button
demo_session_02,8,1786094240.024149,move,319,277,.!frame.!button
demo_session_02,8,1786094240.074149,move,330,273,.!frame.!button
demo_session_02,8,1786094240.1241488,move,325,270,.!frame.!button
demo_session_02,8,1786094240.1741488,move,322,282,.!frame.!button
demo_session_02,8,1786094240.2241488,move,321,284,.!frame.!button
demo_session_02,8,1786094240.2741487,move,321,263,.!frame.!button
demo_session_02,8,1786094240.3241487,move,323,273,.!frame.!button
demo_session_02,8,1786094240.3741486,move,331,272,.!frame.!button
demo_session_02,8,1786094240.4241486,move,328,290,.!frame.!button
demo_session_02,8,1786094240.4741485,move,329,276,.!frame.!button
demo_session_02,8,1786094240.5241485,move,333,282,.!frame.!button
demo_session_02,8,1786094240.5741484,move,336,275,.!frame.!button
demo_session_02,8,1786094240.6241484,move,333,284,.!frame.!button
demo_session_02,8,1786094240.6741483,move,336,283,.!frame.!button
demo_session_02,8,1786094240.7241483,move,319,287,.!frame.!button
demo_session_02,8,1786094240.7741482,move,333,298,.!frame.!button
demo_session_02,8,1786094240.8241482,move,337,287,.!frame.!button
demo_session_02,8,1786094240.8741481,move,332,294,.!frame.!button
demo_session_02,8,1786094240.924148,move,346,308,.!frame.!button
demo_session_02,8,1786094240.974148,move,335,298,.!frame.!button
demo_session_02,8,1786094241.024148,move,350,301,.!frame.!button
demo_session_02,8,1786094241.074148,move,334,297,.!frame.!button
demo_session_02,8,1786094241.124148,move,330,303,.!frame.!button
demo_session_02,8,1786094241.1741478,move,340,295,.!frame.!button
demo_session_02,8,1786094241.2241478,move,346,310,.!frame.!button
demo_session_02,8,1786094241.2741477,move,341,299,.!frame.!button
demo_session_02,8,1786094241.3241477,move,348,296,.!frame.!button
demo_session_02,8,1786094241.3741477,move,332,307,.!frame.!button
demo_session_02,8,1786094241.4241476,move,341,298,.!frame.!button
demo_session_02,8,1786094241.4741476,move,348,317,.!frame.!button
demo_session_02,8,1786094241.5241475,move,345,321,.!frame.!button
demo_session_02,8,1786094241.5741475,move,360,327,.!frame.!button
demo_session_02,8,1786094241.6241474,move,353,322,.!frame.!button
demo_session_02,8,1786094241.6741474,move,342,313,.!frame.!button
demo_session_02,8,1786094241.7525208,click,353,323,.!frame.!button
demo_session_02,9,1786094241.7525208,move,423,366,.!frame.!entry
demo_session_02,9,1786094241.8025208,move,438,381,.!frame.!entry
demo_session_02,9,1786094241.8525207,move,433,361,.!frame.!entry
demo_session_02,9,1786094241.9025207,move,427,373,.!frame.!entry
demo_session_02,9,1786094241.9525206,move,431,363,.!frame.!entry
demo_session_02,9,1786094242.0025206,move,432,369,.!frame.!entry
demo_session_02,9,1786094242.0525205,move,424,360,.!frame.!entry
demo_session_02,9,1786094242.1025205,move,419,367,.!frame.!entry
demo_session_02,9,1786094242.1525204,move,424,365,.!frame.!entry
demo_session_02,9,1786094242.2025204,move,436,363,.!frame.!entry
demo_session_02,9,1786094242.2525203,move,427,362,.!frame.!entry
demo_session_02,9,1786094242.3025203,move,414,369,.!frame.!entry
demo_session_02,9,1786094242.3525202,move,421,369,.!frame.!entry
demo_session_02,9,1786094242.4025202,move,428,364,.!frame.!entry
demo_session_02,9,1786094242.4525201,move,427,362,.!frame.!entry
demo_session_02,9,1786094242.50252,move,412,360,.!frame.!entry
demo_session_02,9,1786094242.55252,move,427,355,.!frame.!entry
demo_session_02,9,1786094242.60252,move,418,363,.!frame.!entry
demo_session_02,9,1786094242.65252,move,417,361,.!frame.!entry
demo_session_02,9,1786094242.70252,move,419,364,.!frame.!entry
demo_session_02,9,1786094242.7525198,move,419,354,.!frame.!entry
demo_session_02,9,1786094242.8025198,move,419,363,.!frame.!entry
demo_session_02,9,1786094242.8525198,move,424,342,.!frame.!entry
demo_session_02,9,1786094242.9025197,move,410,360,.!frame.!entry
demo_session_02,9,1786094242.9525197,move,414,356,.!frame.!entry
demo_session_02,9,1786094243.0025196,move,423,350,.!frame.!entry
demo_session_02,9,1786094243.0525196,move,413,349,.!frame.!entry
demo_session_02,9,1786094243.1025195,move,422,354,.!frame.!entry
demo_session_02,9,1786094243.1525195,move,417,359,.!frame.!entry
demo_session_02,9,1786094243.2025194,move,408,356,.!frame.!entry
demo_session_02,9,1786094243.2525194,move,417,346,.!frame.!entry
demo_session_02,9,1786094243.3025193,move,411,345,.!frame.!entry
demo_session_02,9,1786094243.3525193,move,408,348,.!frame.!entry
demo_session_02,9,1786094243.4025192,move,411,332,.!frame.!entry
demo_session_02,9,1786094243.4525192,move,409,365,.!frame.!entry
demo_session_02,9,1786094243.5025191,move,409,345,.!frame.!entry
demo_session_02,9,1786094243.552519,move,415,356,.!frame.!entry
demo_session_02,9,1786094243.602519,move,398,343,.!frame.!entry
demo_session_02,9,1786094243.652519,move,406,340,.!frame.!entry
demo_session_02,9,1786094243.702519,move,398,347,.!frame.!entry
demo_session_02,9,1786094243.752519,move,394,353,.!frame.!entry
demo_session_02,9,1786094243.8025188,move,390,356,.!frame.!entry
demo_session_02,9,1786094243.8525188,move,394,337,.!frame.!entry
demo_session_02,9,1786094243.9025187,move,389,349,.!frame.!entry
demo_session_02,9,1786094243.9525187,move,405,351,.!frame.!entry
demo_session_02,9,1786094244.0025187,move,393,349,.!frame.!entry
demo_session_02,9,1786094244.0525186,move,400,344,.!frame.!entry
demo_session_02,9,1786094244.1025186,move,392,345,.!frame.!entry
demo_session_02,9,1786094244.1525185,move,398,353,.!frame.!entry
demo_session_02,9,1786094244.2025185,move,406,332,.!frame.!entry
demo_session_02,9,1786094244.2525184,move,391,344,.!frame.!entry
demo_session_02,9,1786094244.3025184,move,392,345,.!frame.!entry
demo_session_02,9,1786094244.3525183,move,392,339,.!frame.!entry
demo_session_02,9,1786094244.4025183,move,390,344,.!frame.!entry
demo_session_02,9,1786094244.4525182,move,394,341,.!frame.!entry
demo_session_02,9,1786094244.5025182,move,386,347,.!frame.!entry
demo_session_02,9,1786094244.5525181,move,381,340,.!frame.!entry
demo_session_02,9,1786094244.602518,move,394,335,.!frame.!entry
demo_session_02,9,1786094244.652518,move,395,346,.!frame.!entry
demo_session_02,9,1786094244.702518,move,396,337,.!frame.!entry
demo_session_02,9,1786094244.752518,move,401,345,.!frame.!entry
demo_session_02,9,1786094244.802518,move,388,341,.!frame.!entry
demo_session_02,9,1786094244.8525178,move,379,328,.!frame.!entry
demo_session_02,9,1786094244.9025178,move,394,340,.!frame.!entry
demo_session_02,9,1786094244.9525177,move,371,339,.!frame.!entry
demo_session_02,9,1786094245.0025177,move,385,336,.!frame.!entry
demo_session_02,9,1786094245.0525177,move,383,333,.!frame.!entry
demo_session_02,9,1786094245.1025176,move,374,337,.!frame.!entry
demo_session_02,9,1786094245.1525176,move,383,340,.!frame.!entry
demo_session_02,9,1786094245.2025175,move,383,327,.!frame.!entry
demo_session_02,9,1786094245.2525175,move,374,332,.!frame.!entry
demo_session_02,9,1786094245.3025174,move,382,329,.!frame.!entry
demo_session_02,9,1786094245.3525174,move,378,332,.!frame.!entry
demo_session_02,9,1786094245.4025173,move,369,330,.!frame.!entry
demo_session_02,9,1786094245.4525173,move,384,328,.!frame.!entry
demo_session_02,9,1786094245.5025172,move,372,336,.!frame.!entry
demo_session_02,9,1786094245.5525172,move,383,331,.!frame.!entry
demo_session_02,9,1786094245.6025171,move,378,336,.!frame.!button
demo_session_02,9,1786094245.652517,move,371,333,.!frame.!button
demo_session_02,9,1786094245.702517,move,369,330,.!frame.!button
demo_session_02,9,1786094245.752517,move,368,329,.!frame.!button
demo_session_02,9,1786094245.802517,move,370,333,.!frame.!button
demo_session_02,9,1786094245.852517,move,361,321,.!frame.!button
demo_session_02,9,1786094245.9025168,move,373,333,.!frame.!button
demo_session_02,9,1786094245.9525168,move,373,334,.!frame.!button
demo_session_02,9,1786094246.0025167,move,367,336,.!frame.!button
demo_session_02,9,1786094246.0525167,move,371,325,.!frame.!button
demo_session_02,9,1786094246.1025167,move,361,338,.!frame.!button
demo_session_02,9,1786094246.1525166,move,356,328,.!frame.!button
demo_session_02,9,1786094246.2025166,move,368,329,.!frame.!button
demo_session_02,9,1786094246.2525165,move,368,331,.!frame.!button
demo_session_02,9,1786094246.3025165,move,360,329,.!frame.!button
demo_session_02,9,1786094246.3525164,move,365,332,.!frame.!button
demo_session_02,9,1786094246.4025164,move,362,334,.!frame.!button
demo_session_02,9,1786094246.4525163,move,356,332,.!frame.!button
demo_session_02,9,1786094246.5025163,move,360,330,.!frame.!button
demo_session_02,9,1786094246.5525162,move,354,324,.!frame.!button
demo_session_02,9,1786094246.6025162,move,360,329,.!frame.!button
demo_session_02,9,1786094246.6525161,move,368,322,.!frame.!button
demo_session_02,9,1786094246.702516,move,358,324,.!frame.!button
demo_session_02,9,1786094246.752516,move,353,328,.!frame.!button
demo_session_02,9,1786094246.802516,move,361,320,.!frame.!button
demo_session_02,9,1786094246.852516,move,344,326,.!frame.!button
demo_session_02,9,1786094246.902516,move,357,325,.!frame.!button
demo_session_02,9,1786094246.9525158,move,349,323,.!frame.!button
demo_session_02,9,1786094247.0025158,move,351,313,.!frame.!button
demo_session_02,9,1786094247.0525157,move,352,328,.!frame.!button
demo_session_02,9,1786094247.1025157,move,349,327,.!frame.!button
demo_session_02,9,1786094247.1525156,move,335,327,.!frame.!button
demo_session_02,9,1786094247.2025156,move,353,324,.!frame.!button
demo_session_02,9,1786094247.2713685,click,350,320,.!frame.!button
demo_session_02,10,1786094247.2713685,move,140,193,.!frame.!entry
demo_session_02,10,1786094247.3213685,move,137,200,.!frame.!entry
demo_session_02,10,1786094247.3713684,move,151,205,.!frame.!entry
demo_session_02,10,1786094247.4213684,move,144,200,.!frame.!entry
demo_session_02,10,1786094247.4713683,move,137,209,.!frame.!entry
demo_session_02,10,1786094247.5213683,move,149,204,.!frame.!entry
demo_session_02,10,1786094247.5713682,move,157,198,.!frame.!entry
demo_session_02,10,1786094247.6213682,move,148,202,.!frame.!entry
demo_session_02,10,1786094247.6713681,move,150,205,.!frame.!entry
demo_session_02,10,1786094247.721368,move,155,211,.!frame.!entry
demo_session_02,10,1786094247.771368,move,157,202,.!frame.!entry
demo_session_02,10,1786094247.821368,move,168,210,.!frame.!entry
demo_session_02,10,1786094247.871368,move,159,209,.!frame.!entry
demo_session_02,10,1786094247.921368,move,165,219,.!frame.!entry
demo_session_02,10,1786094247.9713678,move,167,213,.!frame.!entry
demo_session_02,10,1786094248.0213678,move,170,225,.!frame.!entry
demo_session_02,10,1786094248.0713677,move,175,211,.!frame.!entry
demo_session_02,10,1786094248.1213677,move,174,217,.!frame.!entry
demo_session_02,10,1786094248.1713676,move,168,214,.!frame.!entry
demo_session_02,10,1786094248.2213676,move,178,211,.!frame.!entry
demo_session_02,10,1786094248.2713675,move,178,216,.!frame.!entry
demo_session_02,10,1786094248.3213675,move,187,223,.!frame.!entry
demo_session_02,10,1786094248.3713675,move,184,226,.!frame.!entry
demo_session_02,10,1786094248.4213674,move,185,221,.!frame.!entry
demo_session_02,10,1786094248.4713674,move,189,224,.!frame.!entry
demo_session_02,10,1786094248.5213673,move,191,220,.!frame.!entry
demo_session_02,10,1786094248.5713673,move,193,223,.!frame.!entry
demo_session_02,10,1786094248.6213672,move,190,225,.!frame.!entry
demo_session_02,10,1786094248.6713672,move,198,223,.!frame.!entry
demo_session_02,10,1786094248.7213671,move,185,232,.!frame.!entry
demo_session_02,10,1786094248.771367,move,198,226,.!frame.!entry
demo_session_02,10,1786094248.821367,move,198,221,.!frame.!entry
demo_session_02,10,1786094248.871367,move,195,241,.!frame.!entry
demo_session_02,10,1786094248.921367,move,204,231,.!frame.!entry
demo_session_02,10,1786094248.971367,move,204,235,.!frame.!entry
demo_session_02,10,1786094249.0213668,move,205,237,.!frame.!entry
demo_session_02,10,1786094249.0713668,move,211,230,.!frame.!entry
demo_session_02,10,1786094249.1213667,move,215,225,.!frame.!entry
demo_session_02,10,1786094249.1713667,move,214,226,.!frame.!entry
demo_session_02,10,1786094249.2213666,move,208,233,.!frame.!entry
demo_session_02,10,1786094249.2713666,move,211,252,.!frame.!entry
demo_session_02,10,1786094249.3213665,move,216,248,.!frame.!entry
demo_session_02,10,1786094249.3713665,move,218,251,.!frame.!entry
demo_session_02,10,1786094249.4213665,move,227,245,.!frame.!entry
demo_session_02,10,1786094249.4713664,move,224,242,.!frame.!entry
demo_session_02,10,1786094249.5213664,move,233,246,.!frame.!entry
demo_session_02,10,1786094249.5713663,move,233,254,.!frame.!entry
demo_session_02,10,1786094249.6213663,move,227,246,.!frame.!entry
demo_session_02,10,1786094249.6713662,move,239,247,.!frame.!entry
demo_session_02,10,1786094249.7213662,move,236,248,.!frame.!entry
demo_session_02,10,1786094249.7713661,move,235,253,.!frame.!entry
demo_session_02,10,1786094249.821366,move,222,243,.!frame.!entry
demo_session_02,10,1786094249.871366,move,233,255,.!frame.!entry
demo_session_02,10,1786094249.921366,move,240,256,.!frame.!entry
demo_session_02,10,1786094249.971366,move,241,257,.!frame.!entry
demo_session_02,10,1786094250.021366,move,240,256,.!frame.!entry
demo_session_02,10,1786094250.0713658,move,256,262,.!frame.!entry
demo_session_02,10,1786094250.1213658,move,254,267,.!frame.!entry
demo_session_02,10,1786094250.1713657,move,246,254,.!frame.!entry
demo_session_02,10,1786094250.2213657,move,268,261,.!frame.!entry
demo_session_02,10,1786094250.2713656,move,259,260,.!frame.!entry
demo_session_02,10,1786094250.3213656,move,251,278,.!frame.!entry
demo_session_02,10,1786094250.3713655,move,258,264,.!frame.!entry
demo_session_02,10,1786094250.4213655,move,263,271,.!frame.!entry
demo_session_02,10,1786094250.4713655,move,259,276,.!frame.!entry
demo_session_02,10,1786094250.5213654,move,269,266,.!frame.!entry
demo_session_02,10,1786094250.5713654,move,257,274,.!frame.!entry
demo_session_02,10,1786094250.6213653,move,265,268,.!frame.!entry
demo_session_02,10,1786094250.6713653,move,267,277,.!frame.!entry
demo_session_02,10,1786094250.7213652,move,271,265,.!frame.!entry
demo_session_02,10,1786094250.7713652,move,281,284,.!frame.!entry
demo_session_02,10,1786094250.821365,move,273,273,.!frame.!entry
demo_session_02,10,1786094250.871365,move,273,271,.!frame.!entry
demo_session_02,10,1786094250.921365,move,276,274,.!frame.!entry
demo_session_02,10,1786094250.971365,move,294,286,.!frame.!entry
demo_session_02,10,1786094251.021365,move,287,267,.!frame.!entry
demo_session_02,10,1786094251.0713649,move,298,282,.!frame.!button
demo_session_02,10,1786094251.1213648,move,293,285,.!frame.!button
demo_session_02,10,1786094251.1713648,move,289,291,.!frame.!button
demo_session_02,10,1786094251.2213647,move,290,281,.!frame.!button
demo_session_02,10,1786094251.2713647,move,287,276,.!frame.!button
demo_session_02,10,1786094251.3213646,move,297,279,.!frame.!button
demo_session_02,10,1786094251.3713646,move,300,299,.!frame.!button
demo_session_02,10,1786094251.4213645,move,308,290,.!frame.!button
demo_session_02,10,1786094251.4713645,move,293,290,.!frame.!button
demo_session_02,10,1786094251.5213645,move,307,293,.!frame.!button
demo_session_02,10,1786094251.5713644,move,299,304,.!frame.!button
demo_session_02,10,1786094251.6213644,move,317,297,.!frame.!button
demo_session_02,10,1786094251.6713643,move,322,298,.!frame.!button
demo_session_02,10,1786094251.7213643,move,326,305,.!frame.!button
demo_session_02,10,1786094251.7713642,move,317,303,.!frame.!button
demo_session_02,10,1786094251.8213642,move,314,292,.!frame.!button
demo_session_02,10,1786094251.871364,move,315,306,.!frame.!button
demo_session_02,10,1786094251.921364,move,324,304,.!frame.!button
demo_session_02,10,1786094251.971364,move,323,307,.!frame.!button
demo_session_02,10,1786094252.021364,move,326,318,.!frame.!button
demo_session_02,10,1786094252.071364,move,334,301,.!frame.!button
demo_session_02,10,1786094252.1213639,move,326,315,.!frame.!button
demo_session_02,10,1786094252.1713638,move,334,313,.!frame.!button
demo_session_02,10,1786094252.2213638,move,333,303,.!frame.!button
demo_session_02,10,1786094252.2713637,move,349,319,.!frame.!button
demo_session_02,10,1786094252.3213637,move,337,311,.!frame.!button
demo_session_02,10,1786094252.3713636,move,332,303,.!frame.!button
demo_session_02,10,1786094252.4213636,move,329,303,.!frame.!button
demo_session_02,10,1786094252.4713635,move,336,307,.!frame.!button
demo_session_02,10,1786094252.5213635,move,348,308,.!frame.!button
demo_session_02,10,1786094252.5713634,move,351,318,.!frame.!button
demo_session_02,10,1786094252.6213634,move,344,322,.!frame.!button
demo_session_02,10,1786094252.6713634,move,358,315,.!frame.!button
demo_session_02,10,1786094252.7307065,click,346,316,.!frame.!button
demo_session_02,11,1786094252.7307065,move,427,165,.!frame.!entry
demo_session_02,11,1786094252.7807064,move,421,164,.!frame.!entry
demo_session_02,11,1786094252.8307064,move,429,167,.!frame.!entry
demo_session_02,11,1786094252.8807063,move,425,177,.!frame.!entry
demo_session_02,11,1786094252.9307063,move,436,168,.!frame.!entry
demo_session_02,11,1786094252.9807062,move,430,178,.!frame.!entry
demo_session_02,11,1786094253.0307062,move,432,167,.!frame.!entry
demo_session_02,11,1786094253.0807061,move,417,165,.!frame.!entry
demo_session_02,11,1786094253.130706,move,431,177,.!frame.!entry
demo_session_02,11,1786094253.180706,move,401,180,.!frame.!entry
demo_session_02,11,1786094253.230706,move,426,175,.!frame.!entry
demo_session_02,11,1786094253.280706,move,424,189,.!frame.!entry
demo_session_02,11,1786094253.330706,move,417,184,.!frame.!entry
demo_session_02,11,1786094253.3807058,move,415,195,.!frame.!entry
demo_session_02,11,1786094253.4307058,move,412,184,.!frame.!entry
demo_session_02,11,1786094253.4807057,move,411,190,.!frame.!entry
demo_session_02,11,1786094253.5307057,move,409,194,.!frame.!entry
demo_session_02,11,1786094253.5807056,move,409,186,.!frame.!entry
demo_session_02,11,1786094253.6307056,move,410,198,.!frame.!entry
demo_session_02,11,1786094253.6807055,move,408,186,.!frame.!entry
demo_session_02,11,1786094253.7307055,move,412,194,.!frame.!entry
demo_session_02,11,1786094253.7807055,move,410,200,.!frame.!entry
demo_session_02,11,1786094253.8307054,move,413,196,.!frame.!entry
demo_session_02,11,1786094253.8807054,move,397,211,.!frame.!entry
demo_session_02,11,1786094253.9307053,move,390,199,.!frame.!entry
demo_session_02,11,1786094253.9807053,move,409,204,.!frame.!entry
demo_session_02,11,1786094254.0307052,move,406,199,.!frame.!entry
demo_session_02,11,1786094254.0807052,move,402,211,.!frame.!entry
demo_session_02,11,1786094254.130705,move,396,215,.!frame.!entry
demo_session_02,11,1786094254.180705,move,400,219,.!frame.!entry
demo_session_02,11,1786094254.230705,move,399,208,.!frame.!entry
demo_session_02,11,1786094254.280705,move,403,208,.!frame.!entry
demo_session_02,11,1786094254.330705,move,400,210,.!frame.!entry
demo_session_02,11,1786094254.3807049,move,388,224,.!frame.!entry
demo_session_02,11,1786094254.4307048,move,400,220,.!frame.!entry
demo_session_02,11,1786094254.4807048,move,394,235,.!frame.!entry
demo_session_02,11,1786094254.5307047,move,406,225,.!frame.!entry
demo_session_02,11,1786094254.5807047,move,400,220,.!frame.!entry
demo_session_02,11,1786094254.6307046,move,396,236,.!frame.!entry
demo_session_02,11,1786094254.6807046,move,376,226,.!frame.!entry
demo_session_02,11,1786094254.7307045,move,396,231,.!frame.!entry
demo_session_02,11,1786094254.7807045,move,389,232,.!frame.!entry
demo_session_02,11,1786094254.8307045,move,390,224,.!frame.!entry
demo_session_02,11,1786094254.8807044,move,392,234,.!frame.!entry
demo_session_02,11,1786094254.9307044,move,385,229,.!frame.!entry
demo_session_02,11,1786094254.9807043,move,388,247,.!frame.!entry
demo_session_02,11,1786094255.0307043,move,391,251,.!frame.!entry
demo_session_02,11,1786094255.0807042,move,383,241,.!frame.!entry
demo_session_02,11,1786094255.1307042,move,395,247,.!frame.!entry
demo_session_02,11,1786094255.180704,move,396,240,.!frame.!entry
demo_session_02,11,1786094255.230704,move,400,242,.!frame.!entry
demo_session_02,11,1786094255.280704,move,378,247,.!frame.!entry
demo_session_02,11,1786094255.330704,move,364,251,.!frame.!entry
demo_session_02,11,1786094255.380704,move,387,251,.!frame.!entry
demo_session_02,11,1786094255.4307039,move,384,260,.!frame.!entry
demo_session_02,11,1786094255.4807038,move,375,251,.!frame.!entry
demo_session_02,11,1786094255.5307038,move,388,256,.!frame.!entry
demo_session_02,11,1786094255.5807037,move,391,259,.!frame.!entry
demo_session_02,11,1786094255.6307037,move,393,263,.!frame.!entry
demo_session_02,11,1786094255.6807036,move,371,257,.!frame.!entry
demo_session_02,11,1786094255.7307036,move,383,266,.!frame.!entry
demo_session_02,11,1786094255.7807035,move,370,265,.!frame.!entry
demo_session_02,11,1786094255.8307035,move,380,269,.!frame.!entry
demo_session_02,11,1786094255.8807034,move,390,261,.!frame.!entry
demo_session_02,11,1786094255.9307034,move,369,268,.!frame.!entry
demo_session_02,11,1786094255.9807034,move,380,255,.!frame.!entry
demo_session_02,11,1786094256.0307033,move,376,272,.!frame.!entry
demo_session_02,11,1786094256.0807033,move,373,272,.!frame.!entry
demo_session_02,11,1786094256.1307032,move,370,269,.!frame.!button
demo_session_02,11,1786094256.1807032,move,360,258,.!frame.!button
demo_session_02,11,1786094256.230703,move,375,287,.!frame.!button
demo_session_02,11,1786094256.280703,move,373,284,.!frame.!button
demo_session_02,11,1786094256.330703,move,364,291,.!frame.!button
demo_session_02,11,1786094256.380703,move,368,281,.!frame.!button
demo_session_02,11,1786094256.430703,move,374,275,.!frame.!button
demo_session_02,11,1786094256.4807029,move,362,282,.!frame.!button
demo_session_02,11,1786094256.5307028,move,378,293,.!frame.!button
demo_session_02,11,1786094256.5807028,move,360,290,.!frame.!button
demo_session_02,11,1786094256.6307027,move,355,278,.!frame.!button
demo_session_02,11,1786094256.6807027,move,368,294,.!frame.!button
demo_session_02,11,1786094256.7307026,move,366,296,.!frame.!button
demo_session_02,11,1786094256.7807026,move,365,292,.!frame.!button
demo_session_02,11,1786094256.8307025,move,367,292,.!frame.!button
demo_session_02,11,1786094256.8807025,move,364,290,.!frame.!button
demo_session_02,11,1786094256.9307024,move,355,294,.!frame.!button
demo_session_02,11,1786094256.9807024,move,362,295,.!frame.!button
demo_session_02,11,1786094257.0307024,move,356,304,.!frame.!button
demo_session_02,11,1786094257.0807023,move,353,305,.!frame.!button
demo_session_02,11,1786094257.1307023,move,352,309,.!frame.!button
demo_session_02,11,1786094257.1807022,move,372,305,.!frame.!button
demo_session_02,11,1786094257.2307022,move,360,307,.!frame.!button
demo_session_02,11,1786094257.280702,move,345,303,.!frame.!button
demo_session_02,11,1786094257.330702,move,354,309,.!frame.!button
demo_session_02,11,1786094257.380702,move,344,296,.!frame.!button
demo_session_02,11,1786094257.430702,move,360,325,.!frame.!button
demo_session_02,11,1786094257.480702,move,360,322,.!frame.!button
demo_session_02,11,1786094257.5307019,move,345,321,.!frame.!button
demo_session_02,11,1786094257.5807018,move,356,321,.!frame.!button
demo_session_02,11,1786094257.661075,click,346,316,.!frame.!button
demo_session_02,12,1786094257.661075,move,116,280,.!frame.!entry
demo_session_02,12,1786094257.711075,move,117,280,.!frame.!entry
demo_session_02,12,1786094257.761075,move,125,288,.!frame.!entry
demo_session_02,12,1786094257.811075,move,128,271,.!frame.!entry
demo_session_02,12,1786094257.861075,move,121,276,.!frame.!entry
demo_session_02,12,1786094257.9110749,move,133,277,.!frame.!entry
demo_session_02,12,1786094257.9610748,move,144,275,.!frame.!entry
demo_session_02,12,1786094258.0110748,move,132,278,.!frame.!entry
demo_session_02,12,1786094258.0610747,move,137,273,.!frame.!entry
demo_session_02,12,1786094258.1110747,move,132,283,.!frame.!entry
demo_session_02,12,1786094258.1610746,move,139,276,.!frame.!entry
demo_session_02,12,1786094258.2110746,move,146,288,.!frame.!entry
demo_session_02,12,1786094258.2610745,move,149,282,.!frame.!entry
demo_session_02,12,1786094258.3110745,move,151,284,.!frame.!entry
demo_session_02,12,1786094258.3610744,move,155,289,.!frame.!entry
demo_session_02,12,1786094258.4110744,move,160,294,.!frame.!entry
demo_session_02,12,1786094258.4610744,move,165,288,.!frame.!entry
demo_session_02,12,1786094258.5110743,move,168,275,.!frame.!entry
demo_session_02,12,1786094258.5610743,move,178,281,.!frame.!entry
demo_session_02,12,1786094258.6110742,move,169,281,.!frame.!entry
demo_session_02,12,1786094258.6610742,move,174,286,.!frame.!entry
demo_session_02,12,1786094258.711074,move,173,278,.!frame.!entry
demo_session_02,12,1786094258.761074,move,176,288,.!frame.!entry
demo_session_02,12,1786094258.811074,move,184,288,.!frame.!entry
demo_session_02,12,1786094258.861074,move,181,281,.!frame.!entry
demo_session_02,12,1786094258.911074,move,195,292,.!frame.!entry
demo_session_02,12,1786094258.9610739,move,192,283,.!frame.!entry
demo_session_02,12,1786094259.0110738,move,200,280,.!frame.!entry
demo_session_02,12,1786094259.0610738,move,201,286,.!frame.!entry
demo_session_02,12,1786094259.1110737,move,205,289,.!frame.!entry
demo_session_02,12,1786094259.1610737,move,213,297,.!frame.!entry
demo_session_02,12,1786094259.2110736,move,209,288,.!frame.!entry
demo_session_02,12,1786094259.2610736,move,213,292,.!frame.!entry
demo_session_02,12,1786094259.3110735,move,208,291,.!frame.!entry
demo_session_02,12,1786094259.3610735,move,211,294,.!frame.!entry
demo_session_02,12,1786094259.4110734,move,221,283,.!frame.!entry
demo_session_02,12,1786094259.4610734,move,214,290,.!frame.!entry
demo_session_02,12,1786094259.5110734,move,225,290,.!frame.!entry
demo_session_02,12,1786094259.5610733,move,228,298,.!frame.!entry
demo_session_02,12,1786094259.6110733,move,240,284,.!frame.!entry
demo_session_02,12,1786094259.6610732,move,231,304,.!frame.!entry
demo_session_02,12,1786094259.7110732,move,246,292,.!frame.!entry
demo_session_02,12,1786094259.761073,move,229,296,.!frame.!entry
demo_session_02,12,1786094259.811073,move,246,302,.!frame.!entry
demo_session_02,12,1786094259.861073,move,251,301,.!frame.!entry
demo_session_02,12,1786094259.911073,move,252,306,.!frame.!entry
demo_session_02,12,1786094259.961073,move,249,288,.!frame.!entry
demo_session_02,12,1786094260.0110729,move,256,299,.!frame.!entry
demo_session_02,12,1786094260.0610728,move,262,297,.!frame.!entry
demo_session_02,12,1786094260.1110728,move,255,303,.!frame.!entry
demo_session_02,12,1786094260.1610727,move,253,307,.!frame.!entry
demo_session_02,12,1786094260.2110727,move,260,304,.!frame.!entry
demo_session_02,12,1786094260.2610726,move,271,303,.!frame.!entry
demo_session_02,12,1786094260.3110726,move,269,300,.!frame.!entry
demo_session_02,12,1786094260.3610725,move,286,304,.!frame.!entry
demo_session_02,12,1786094260.4110725,move,288,306,.!frame.!entry
demo_session_02,12,1786094260.4610724,move,273,303,.!frame.!button
demo_session_02,12,1786094260.5110724,move,285,308,.!frame.!button
demo_session_02,12,1786094260.5610723,move,283,312,.!frame.!button
demo_session_02,12,1786094260.6110723,move,291,306,.!frame.!button
demo_session_02,12,1786094260.6610723,move,301,297,.!frame.!button
demo_session_02,12,1786094260.7110722,move,304,308,.!frame.!button
demo_session_02,12,1786094260.7610722,move,293,311,.!frame.!button
demo_session_02,12,1786094260.811072,move,302,314,.!frame.!button
demo_session_02,12,1786094260.861072,move,302,316,.!frame.!button
demo_session_02,12,1786094260.911072,move,311,308,.!frame.!button
demo_session_02,12,1786094260.961072,move,315,309,.!frame.!button
demo_session_02,12,1786094261.011072,move,315,317,.!frame.!button
demo_session_02,12,1786094261.0610719,move,320,310,.!frame.!button
demo_session_02,12,1786094261.1110718,move,326,308,.!frame.!button
demo_session_02,12,1786094261.1610718,move,318,312,.!frame.!button
demo_session_02,12,1786094261.2110717,move,329,319,.!frame.!button
demo_session_02,12,1786094261.2610717,move,331,311,.!frame.!button
demo_session_02,12,1786094261.3110716,move,331,317,.!frame.!button
demo_session_02,12,1786094261.3610716,move,332,315,.!frame.!button
demo_session_02,12,1786094261.4110715,move,326,318,.!frame.!button
demo_session_02,12,1786094261.4610715,move,331,315,.!frame.!button
demo_session_02,12,1786094261.5110714,move,346,319,.!frame.!button
demo_session_02,12,1786094261.5610714,move,349,324,.!frame.!button
demo_session_02,12,1786094261.6110713,move,350,317,.!frame.!button
demo_session_02,12,1786094261.6649911,click,349,319,.!frame.!button
demo_session_02,13,1786094261.6649911,move,168,273,.!frame.!entry
demo_session_02,13,1786094261.714991,move,172,277,.!frame.!entry
demo_session_02,13,1786094261.764991,move,181,280,.!frame.!entry
demo_session_02,13,1786094261.814991,move,176,292,.!frame.!entry
demo_session_02,13,1786094261.864991,move,182,282,.!frame.!entry
demo_session_02,13,1786094261.914991,move,179,279,.!frame.!entry
demo_session_02,13,1786094261.9649909,move,178,286,.!frame.!entry
demo_session_02,13,1786094262.0149908,move,179,287,.!frame.!entry
demo_session_02,13,1786094262.0649908,move,188,278,.!frame.!entry
demo_session_02,13,1786094262.1149907,move,183,276,.!frame.!entry
demo_session_02,13,1786094262.1649907,move,179,277,.!frame.!entry
demo_session_02,13,1786094262.2149906,move,203,292,.!frame.!entry
demo_session_02,13,1786094262.2649906,move,183,288,.!frame.!entry
demo_session_02,13,1786094262.3149905,move,191,287,.!frame.!entry
demo_session_02,13,1786094262.3649905,move,212,285,.!frame.!entry
demo_session_02,13,1786094262.4149904,move,192,289,.!frame.!entry
demo_session_02,13,1786094262.4649904,move,201,290,.!frame.!entry
demo_session_02,13,1786094262.5149903,move,193,301,.!frame.!entry
demo_session_02,13,1786094262.5649903,move,209,295,.!frame.!entry
demo_session_02,13,1786094262.6149902,move,211,287,.!frame.!entry
demo_session_02,13,1786094262.6649902,move,209,290,.!frame.!entry
demo_session_02,13,1786094262.7149901,move,206,293,.!frame.!entry
demo_session_02,13,1786094262.76499,move,209,286,.!frame.!entry
demo_session_02,13,1786094262.81499,move,209,289,.!frame.!entry
demo_session_02,13,1786094262.86499,move,213,285,.!frame.!entry
demo_session_02,13,1786094262.91499,move,211,297,.!frame.!entry
demo_session_02,13,1786094262.96499,move,218,281,.!frame.!entry
demo_session_02,13,1786094263.0149899,move,234,296,.!frame.!entry
demo_session_02,13,1786094263.0649898,move,233,286,.!frame.!entry
demo_session_02,13,1786094263.1149898,move,220,293,.!frame.!entry
demo_session_02,13,1786094263.1649897,move,218,303,.!frame.!entry
demo_session_02,13,1786094263.2149897,move,221,285,.!frame.!entry
demo_session_02,13,1786094263.2649896,move,235,289,.!frame.!entry
demo_session_02,13,1786094263.3149896,move,238,285,.!frame.!entry
demo_session_02,13,1786094263.3649895,move,231,296,.!frame.!entry
demo_session_02,13,1786094263.4149895,move,240,290,.!frame.!entry
demo_session_02,13,1786094263.4649894,move,247,286,.!frame.!entry
demo_session_02,13,1786094263.5149894,move,245,288,.!frame.!entry
demo_session_02,13,1786094263.5649893,move,250,303,.!frame.!entry
demo_session_02,13,1786094263.6149893,move,246,297,.!frame.!entry
demo_session_02,13,1786094263.6649892,move,246,294,.!frame.!entry
demo_session_02,13,1786094263.7149892,move,247,304,.!frame.!entry
demo_session_02,13,1786094263.7649891,move,251,316,.!frame.!entry
demo_session_02,13,1786094263.814989,move,235,296,.!frame.!entry
demo_session_02,13,1786094263.864989,move,249,299,.!frame.!entry
demo_session_02,13,1786094263.914989,move,248,297,.!frame.!entry
demo_session_02,13,1786094263.964989,move,267,297,.!frame.!entry
demo_session_02,13,1786094264.014989,move,256,299,.!frame.!entry
demo_session_02,13,1786094264.0649889,move,266,310,.!frame.!entry
demo_session_02,13,1786094264.1149888,move,276,303,.!frame.!entry
demo_session_02,13,1786094264.1649888,move,269,308,.!frame.!entry
demo_session_02,13,1786094264.2149887,move,281,300,.!frame.!entry
demo_session_02,13,1786094264.2649887,move,273,299,.!frame.!entry
demo_session_02,13,1786094264.3149886,move,275,308,.!frame.!entry
demo_session_02,13,1786094264.3649886,move,282,299,.!frame.!entry
demo_session_02,13,1786094264.4149885,move,280,310,.!frame.!entry
demo_session_02,13,1786094264.4649885,move,283,296,.!frame.!entry
demo_session_02,13,1786094264.5149884,move,283,305,.!frame.!entry
demo_session_02,13,1786094264.5649884,move,281,305,.!frame.!entry
demo_session_02,13,1786094264.6149883,move,282,297,.!frame.!entry
demo_session_02,13,1786094264.6649883,move,290,299,.!frame.!entry
demo_session_02,13,1786094264.7149882,move,293,300,.!frame.!entry
demo_session_02,13,1786094264.7649882,move,290,313,.!frame.!entry
demo_session_02,13,1786094264.8149881,move,303,306,.!frame.!entry
demo_session_02,13,1786094264.864988,move,296,308,.!frame.!button
demo_session_02,13,1786094264.914988,move,287,310,.!frame.!button
demo_session_02,13,1786094264.964988,move,305,301,.!frame.!button
demo_session_02,13,1786094265.014988,move,304,307,.!frame.!button
demo_session_02,13,1786094265.064988,move,303,308,.!frame.!button
demo_session_02,13,1786094265.1149879,move,304,315,.!frame.!button
demo_session_02,13,1786094265.1649878,move,323,312,.!frame.!button
demo_session_02,13,1786094265.2149878,move,311,303,.!frame.!button
demo_session_02,13,1786094265.2649877,move,323,320,.!frame.!button
demo_session_02,13,1786094265.3149877,move,314,312,.!frame.!button
demo_session_02,13,1786094265.3649876,move,314,312,.!frame.!button
demo_session_02,13,1786094265.4149876,move,317,309,.!frame.!button
demo_session_02,13,1786094265.4649875,move,301,309,.!frame.!button
demo_session_02,13,1786094265.5149875,move,314,308,.!frame.!button
demo_session_02,13,1786094265.5649874,move,319,314,.!frame.!button
demo_session_02,13,1786094265.6149874,move,317,307,.!frame.!button
demo_session_02,13,1786094265.6649873,move,323,321,.!frame.!button
demo_session_02,13,1786094265.7149873,move,326,311,.!frame.!button
demo_session_02,13,1786094265.7649872,move,328,310,.!frame.!button
demo_session_02,13,1786094265.8149872,move,335,319,.!frame.!button
demo_session_02,13,1786094265.8649871,move,332,332,.!frame.!button
demo_session_02,13,1786094265.914987,move,329,317,.!frame.!button
demo_session_02,13,1786094265.964987,move,332,319,.!frame.!button
demo_session_02,13,1786094266.014987,move,333,322,.!frame.!button
demo_session_02,13,1786094266.064987,move,344,305,.!frame.!button
demo_session_02,13,1786094266.114987,move,346,326,.!frame.!button
demo_session_02,13,1786094266.1649868,move,335,320,.!frame.!button
demo_session_02,13,1786094266.2149868,move,351,322,.!frame.!button
demo_session_02,13,1786094266.2748435,click,356,326,.!frame.!button
demo_session_02,14,1786094266.2748435,move,320,115,.!frame.!entry
demo_session_02,14,1786094266.3248434,move,317,110,.!frame.!entry
demo_session_02,14,1786094266.3748434,move,329,116,.!frame.!entry
demo_session_02,14,1786094266.4248433,move,315,129,.!frame.!entry
demo_session_02,14,1786094266.4748433,move,325,117,.!frame.!entry
demo_session_02,14,1786094266.5248432,move,323,129,.!frame.!entry
demo_session_02,14,1786094266.5748432,move,326,126,.!frame.!entry
demo_session_02,14,1786094266.6248431,move,326,128,.!frame.!entry
demo_session_02,14,1786094266.674843,move,316,137,.!frame.!entry
demo_session_02,14,1786094266.724843,move,318,135,.!frame.!entry
demo_session_02,14,1786094266.774843,move,323,141,.!frame.!entry
demo_session_02,14,1786094266.824843,move,323,130,.!frame.!entry
demo_session_02,14,1786094266.874843,move,326,147,.!frame.!entry
demo_session_02,14,1786094266.9248428,move,311,132,.!frame.!entry
demo_session_02,14,1786094266.9748428,move,313,131,.!frame.!entry
demo_session_02,14,1786094267.0248427,move,325,130,.!frame.!entry
demo_session_02,14,1786094267.0748427,move,326,135,.!frame.!entry
demo_session_02,14,1786094267.1248426,move,329,140,.!frame.!entry
demo_session_02,14,1786094267.1748426,move,323,138,.!frame.!entry
demo_session_02,14,1786094267.2248425,move,317,139,.!frame.!entry
demo_session_02,14,1786094267.2748425,move,341,155,.!frame.!entry
demo_session_02,14,1786094267.3248425,move,321,144,.!frame.!entry
demo_session_02,14,1786094267.3748424,move,332,144,.!frame.!entry
demo_session_02,14,1786094267.4248424,move,329,143,.!frame.!entry
demo_session_02,14,1786094267.4748423,move,342,146,.!frame.!entry
demo_session_02,14,1786094267.5248423,move,331,143,.!frame.!entry
demo_session_02,14,1786094267.5748422,move,328,155,.!frame.!entry
demo_session_02,14,1786094267.6248422,move,326,157,.!frame.!entry
demo_session_02,14,1786094267.6748421,move,321,171,.!frame.!entry
demo_session_02,14,1786094267.724842,move,332,175,.!frame.!entry
demo_session_02,14,1786094267.774842,move,329,157,.!frame.!entry
demo_session_02,14,1786094267.824842,move,329,155,.!frame.!entry
demo_session_02,14,1786094267.874842,move,318,155,.!frame.!entry
demo_session_02,14,1786094267.924842,move,343,164,.!frame.!entry
demo_session_02,14,1786094267.9748418,move,323,173,.!frame.!entry
demo_session_02,14,1786094268.0248418,move,324,159,.!frame.!entry
demo_session_02,14,1786094268.0748417,move,323,171,.!frame.!entry
demo_session_02,14,1786094268.1248417,move,334,164,.!frame.!entry
demo_session_02,14,1786094268.1748416,move,330,171,.!frame.!entry
demo_session_02,14,1786094268.2248416,move,326,166,.!frame.!entry
demo_session_02,14,1786094268.2748415,move,323,172,.!frame.!entry
demo_session_02,14,1786094268.3248415,move,324,183,.!frame.!entry
demo_session_02,14,1786094268.3748415,move,317,170,.!frame.!entry
demo_session_02,14,1786094268.4248414,move,332,178,.!frame.!entry
demo_session_02,14,1786094268.4748414,move,327,176,.!frame.!entry
demo_session_02,14,1786094268.5248413,move,323,196,.!frame.!entry
demo_session_02,14,1786094268.5748413,move,338,183,.!frame.!entry
demo_session_02,14,1786094268.6248412,move,322,181,.!frame.!entry
demo_session_02,14,1786094268.6748412,move,335,184,.!frame.!entry
demo_session_02,14,1786094268.724841,move,330,202,.!frame.!entry
demo_session_02,14,1786094268.774841,move,324,182,.!frame.!entry
demo_session_02,14,1786094268.824841,move,334,197,.!frame.!entry
demo_session_02,14,1786094268.874841,move,329,196,.!frame.!entry
demo_session_02,14,1786094268.924841,move,339,177,.!frame.!entry
demo_session_02,14,1786094268.9748409,move,325,203,.!frame.!entry
demo_session_02,14,1786094269.0248408,move,330,194,.!frame.!entry
demo_session_02,14,1786094269.0748408,move,331,202,.!frame.!entry
demo_session_02,14,1786094269.1248407,move,329,198,.!frame.!entry
demo_session_02,14,1786094269.1748407,move,324,204,.!frame.!entry
demo_session_02,14,1786094269.2248406,move,351,204,.!frame.!entry
demo_session_02,14,1786094269.2748406,move,333,192,.!frame.!entry
demo_session_02,14,1786094269.3248405,move,326,201,.!frame.!entry
demo_session_02,14,1786094269.3748405,move,316,212,.!frame.!entry
demo_session_02,14,1786094269.4248405,move,333,218,.!frame.!entry
demo_session_02,14,1786094269.4748404,move,331,191,.!frame.!entry
demo_session_02,14,1786094269.5248404,move,327,221,.!frame.!entry
demo_session_02,14,1786094269.5748403,move,332,208,.!frame.!entry
demo_session_02,14,1786094269.6248403,move,343,209,.!frame.!entry
demo_session_02,14,1786094269.6748402,move,331,212,.!frame.!entry
demo_session_02,14,1786094269.7248402,move,346,218,.!frame.!entry
demo_session_02,14,1786094269.77484,move,340,211,.!frame.!entry
demo_session_02,14,1786094269.82484,move,350,210,.!frame.!entry
demo_session_02,14,1786094269.87484,move,330,220,.!frame.!entry
demo_session_02,14,1786094269.92484,move,342,194,.!frame.!entry
demo_session_02,14,1786094269.97484,move,333,222,.!frame.!entry
demo_session_02,14,1786094270.0248399,move,333,227,.!frame.!entry
demo_session_02,14,1786094270.0748398,move,329,230,.!frame.!entry
demo_session_02,14,1786094270.1248398,move,320,227,.!frame.!entry
demo_session_02,14,1786094270.1748397,move,337,218,.!frame.!entry
demo_session_02,14,1786094270.2248397,move,336,224,.!frame.!entry
demo_session_02,14,1786094270.2748396,move,341,238,.!frame.!entry
demo_session_02,14,1786094270.3248396,move,326,225,.!frame.!entry
demo_session_02,14,1786094270.3748395,move,330,235,.!frame.!entry
demo_session_02,14,1786094270.4248395,move,344,239,.!frame.!entry
demo_session_02,14,1786094270.4748394,move,337,234,.!frame.!entry
demo_session_02,14,1786094270.5248394,move,344,240,.!frame.!entry
demo_session_02,14,1786094270.5748394,move,333,250,.!frame.!entry
demo_session_02,14,1786094270.6248393,move,331,247,.!frame.!entry
demo_session_02,14,1786094270.6748393,move,338,240,.!frame.!entry
demo_session_02,14,1786094270.7248392,move,334,239,.!frame.!entry
demo_session_02,14,1786094270.7748392,move,346,249,.!frame.!entry
demo_session_02,14,1786094270.824839,move,339,237,.!frame.!entry
demo_session_02,14,1786094270.874839,move,343,237,.!frame.!entry
demo_session_02,14,1786094270.924839,move,346,231,.!frame.!entry
demo_session_02,14,1786094270.974839,move,347,255,.!frame.!entry
demo_session_02,14,1786094271.024839,move,345,251,.!frame.!entry
demo_session_02,14,1786094271.0748389,move,339,238,.!frame.!entry
demo_session_02,14,1786094271.1248388,move,345,256,.!frame.!entry
demo_session_02,14,1786094271.1748388,move,346,254,.!frame.!entry
demo_session_02,14,1786094271.2248387,move,343,260,.!frame.!entry
demo_session_02,14,1786094271.2748387,move,344,261,.!frame.!entry
demo_session_02,14,1786094271.3248386,move,356,260,.!frame.!button
demo_session_02,14,1786094271.3748386,move,340,262,.!frame.!button
demo_session_02,14,1786094271.4248385,move,348,266,.!frame.!button
demo_session_02,14,1786094271.4748385,move,342,267,.!frame.!button
demo_session_02,14,1786094271.5248384,move,350,253,.!frame.!button
demo_session_02,14,1786094271.5748384,move,331,258,.!frame.!button
demo_session_02,14,1786094271.6248384,move,349,251,.!frame.!button
demo_session_02,14,1786094271.6748383,move,328,270,.!frame.!button
demo_session_02,14,1786094271.7248383,move,344,270,.!frame.!button
demo_session_02,14,1786094271.7748382,move,337,269,.!frame.!button
demo_session_02,14,1786094271.8248382,move,326,270,.!frame.!button
demo_session_02,14,1786094271.874838,move,346,281,.!frame.!button
demo_session_02,14,1786094271.924838,move,347,279,.!frame.!button
demo_session_02,14,1786094271.974838,move,330,271,.!frame.!button
demo_session_02,14,1786094272.024838,move,347,265,.!frame.!button
demo_session_02,14,1786094272.074838,move,345,284,.!frame.!button
demo_session_02,14,1786094272.1248379,move,351,283,.!frame.!button
demo_session_02,14,1786094272.1748378,move,357,292,.!frame.!button
demo_session_02,14,1786094272.2248378,move,333,284,.!frame.!button
demo_session_02,14,1786094272.2748377,move,339,286,.!frame.!button
demo_session_02,14,1786094272.3248377,move,351,298,.!frame.!button
demo_session_02,14,1786094272.3748376,move,345,284,.!frame.!button
demo_session_02,14,1786094272.4248376,move,342,295,.!frame.!button
demo_session_02,14,1786094272.4748375,move,346,300,.!frame.!button
demo_session_02,14,1786094272.5248375,move,344,302,.!frame.!button
demo_session_02,14,1786094272.5748374,move,353,298,.!frame.!button
demo_session_02,14,1786094272.6248374,move,338,296,.!frame.!button
demo_session_02,14,1786094272.6748374,move,360,311,.!frame.!button
demo_session_02,14,1786094272.7248373,move,348,283,.!frame.!button
demo_session_02,14,1786094272.7748373,move,360,302,.!frame.!button
demo_session_02,14,1786094272.8248372,move,352,290,.!frame.!button
demo_session_02,14,1786094272.8748372,move,351,299,.!frame.!button
demo_session_02,14,1786094272.924837,move,344,314,.!frame.!button
demo_session_02,14,1786094272.974837,move,337,307,.!frame.!button
demo_session_02,14,1786094273.024837,move,337,305,.!frame.!button
demo_session_02,14,1786094273.074837,move,349,317,.!frame.!button
demo_session_02,14,1786094273.124837,move,348,307,.!frame.!button
demo_session_02,14,1786094273.1748369,move,346,323,.!frame.!button
demo_session_02,14,1786094273.2248368,move,341,298,.!frame.!button
demo_session_02,14,1786094273.2748368,move,359,303,.!frame.!button
demo_session_02,14,1786094273.3248367,move,346,335,.!frame.!button
demo_session_02,14,1786094273.3748367,move,348,307,.!frame.!button
demo_session_02,14,1786094273.4248366,move,356,335,.!frame.!button
demo_session_02,14,1786094273.4748366,move,352,314,.!frame.!button
demo_session_02,14,1786094273.529725,click,349,319,.!frame.!button
demo_session_02,15,1786094287.7791963,move,212,93,.!frame.!entry
demo_session_02,15,1786094287.8291962,move,219,109,.!frame.!entry
demo_session_02,15,1786094287.8791962,move,223,115,.!frame.!entry
demo_session_02,15,1786094287.9291961,move,212,122,.!frame.!entry
demo_session_02,15,1786094287.979196,move,213,114,.!frame.!entry
demo_session_02,15,1786094288.029196,move,234,104,.!frame.!entry
demo_session_02,15,1786094288.079196,move,221,123,.!frame.!entry
demo_session_02,15,1786094288.129196,move,226,128,.!frame.!entry
demo_session_02,15,1786094288.179196,move,229,112,.!frame.!entry
demo_session_02,15,1786094288.2291958,move,233,121,.!frame.!entry
demo_session_02,15,1786094288.2791958,move,239,128,.!frame.!entry
demo_session_02,15,1786094288.3291957,move,220,142,.!frame.!entry
demo_session_02,15,1786094288.3791957,move,228,126,.!frame.!entry
demo_session_02,15,1786094288.4291956,move,227,131,.!frame.!entry
demo_session_02,15,1786094288.4791956,move,235,116,.!frame.!entry
demo_session_02,15,1786094288.5291955,move,228,139,.!frame.!entry
demo_session_02,15,1786094288.5791955,move,235,138,.!frame.!entry
demo_session_02,15,1786094288.6291955,move,228,131,.!frame.!entry
demo_session_02,15,1786094288.6791954,move,241,136,.!frame.!entry
demo_session_02,15,1786094288.7291954,move,238,143,.!frame.!entry
demo_session_02,15,1786094288.7791953,move,219,147,.!frame.!entry
demo_session_02,15,1786094288.8291953,move,242,128,.!frame.!entry
demo_session_02,15,1786094288.8791952,move,233,147,.!frame.!entry
demo_session_02,15,1786094288.9291952,move,241,144,.!frame.!entry
demo_session_02,15,1786094288.979195,move,245,134,.!frame.!entry
demo_session_02,15,1786094289.029195,move,245,161,.!frame.!entry
demo_session_02,15,1786094289.079195,move,245,159,.!frame.!entry
demo_session_02,15,1786094289.129195,move,247,142,.!frame.!entry
demo_session_02,15,1786094289.179195,move,244,153,.!frame.!entry
demo_session_02,15,1786094289.2291949,move,253,157,.!frame.!entry
demo_session_02,15,1786094289.2791948,move,243,168,.!frame.!entry
demo_session_02,15,1786094289.3291948,move,258,166,.!frame.!entry
demo_session_02,15,1786094289.3791947,move,264,153,.!frame.!entry
demo_session_02,15,1786094289.4291947,move,242,167,.!frame.!entry
demo_session_02,15,1786094289.4791946,move,265,159,.!frame.!entry
demo_session_02,15,1786094289.5291946,move,249,159,.!frame.!entry
demo_session_02,15,1786094289.5791945,move,256,179,.!frame.!entry
demo_session_02,15,1786094289.6291945,move,268,165,.!frame.!entry
demo_session_02,15,1786094289.6791945,move,272,177,.!frame.!entry
demo_session_02,15,1786094289.7291944,move,262,175,.!frame.!entry
demo_session_02,15,1786094289.7791944,move,260,180,.!frame.!entry
demo_session_02,15,1786094289.8291943,move,260,175,.!frame.!entry
demo_session_02,15,1786094289.8791943,move,250,177,.!frame.!entry
demo_session_02,15,1786094289.9291942,move,260,186,.!frame.!entry
demo_session_02,15,1786094289.9791942,move,271,185,.!frame.!entry
demo_session_02,15,1786094290.029194,move,264,178,.!frame.!entry
demo_session_02,15,1786094290.079194,move,269,181,.!frame.!entry
demo_session_02,15,1786094290.129194,move,277,182,.!frame.!entry
demo_session_02,15,1786094290.179194,move,273,189,.!frame.!entry
demo_session_02,15,1786094290.229194,move,273,203,.!frame.!entry
demo_session_02,15,1786094290.2791939,move,263,195,.!frame.!entry
demo_session_02,15,1786094290.3291938,move,279,198,.!frame.!entry
demo_session_02,15,1786094290.3791938,move,267,189,.!frame.!entry
demo_session_02,15,1786094290.4291937,move,285,201,.!frame.!entry
demo_session_02,15,1786094290.4791937,move,273,210,.!frame.!entry
demo_session_02,15,1786094290.5291936,move,289,208,.!frame.!entry
demo_session_02,15,1786094290.5791936,move,272,202,.!frame.!entry
demo_session_02,15,1786094290.6291935,move,277,218,.!frame.!entry
demo_session_02,15,1786094290.6791935,move,284,224,.!frame.!entry
demo_session_02,15,1786094290.7291934,move,287,211,.!frame.!entry
demo_session_02,15,1786094290.7791934,move,286,217,.!frame.!entry
demo_session_02,15,1786094290.8291934,move,295,217,.!frame.!entry
demo_session_02,15,1786094290.8791933,move,294,226,.!frame.!entry
demo_session_02,15,1786094290.9291933,move,273,211,.!frame.!entry
demo_session_02,15,1786094290.9791932,move,291,222,.!frame.!entry
demo_session_02,15,1786094291.0291932,move,281,227,.!frame.!entry
demo_session_02,15,1786094291.079193,move,287,228,.!frame.!entry
demo_session_02,15,1786094291.129193,move,280,218,.!frame.!entry
demo_session_02,15,1786094291.179193,move,285,212,.!frame.!entry
demo_session_02,15,1786094291.229193,move,281,223,.!frame.!entry
demo_session_02,15,1786094291.279193,move,286,221,.!frame.!entry
demo_session_02,15,1786094291.3291929,move,287,242,.!frame.!entry
demo_session_02,15,1786094291.3791928,move,292,246,.!frame.!entry
demo_session_02,15,1786094291.4291928,move,290,235,.!frame.!entry
demo_session_02,15,1786094291.4791927,move,306,235,.!frame.!entry
demo_session_02,15,1786094291.5291927,move,308,235,.!frame.!entry
demo_session_02,15,1786094291.5791926,move,303,248,.!frame.!entry
demo_session_02,15,1786094291.6291926,move,307,249,.!frame.!entry
demo_session_02,15,1786094291.6791925,move,312,240,.!frame.!entry
demo_session_02,15,1786094291.7291925,move,305,251,.!frame.!entry
demo_session_02,15,1786094291.7791924,move,297,250,.!frame.!entry
demo_session_02,15,1786094291.8291924,move,301,254,.!frame.!entry
demo_session_02,15,1786094291.8791924,move,306,250,.!frame.!entry
demo_session_02,15,1786094291.9291923,move,306,253,.!frame.!entry
demo_session_02,15,1786094291.9791923,move,314,256,.!frame.!button
demo_session_02,15,1786094292.0291922,move,323,258,.!frame.!button
demo_session_02,15,1786094292.0791922,move,310,259,.!frame.!button
demo_session_02,15,1786094292.129192,move,325,260,.!frame.!button
demo_session_02,15,1786094292.179192,move,309,247,.!frame.!button
demo_session_02,15,1786094292.229192,move,313,271,.!frame.!button
demo_session_02,15,1786094292.279192,move,322,262,.!frame.!button
demo_session_02,15,1786094292.329192,move,320,281,.!frame.!button
demo_session_02,15,1786094292.3791919,move,311,263,.!frame.!button
demo_session_02,15,1786094292.4291918,move,329,270,.!frame.!button
demo_session_02,15,1786094292.4791918,move,322,279,.!frame.!button
demo_session_02,15,1786094292.5291917,move,332,276,.!frame.!button
demo_session_02,15,1786094292.5791917,move,326,271,.!frame.!button
demo_session_02,15,1786094292.6291916,move,326,292,.!frame.!button
demo_session_02,15,1786094292.6791916,move,336,290,.!frame.!button
demo_session_02,15,1786094292.7291915,move,328,287,.!frame.!button
demo_session_02,15,1786094292.7791915,move,330,283,.!frame.!button
demo_session_02,15,1786094292.8291914,move,328,286,.!frame.!button
demo_session_02,15,1786094292.8791914,move,336,292,.!frame.!button
demo_session_02,15,1786094292.9291914,move,332,283,.!frame.!button
demo_session_02,15,1786094292.9791913,move,326,299,.!frame.!button
demo_session_02,15,1786094293.0291913,move,329,301,.!frame.!button
demo_session_02,15,1786094293.0791912,move,335,296,.!frame.!button
demo_session_02,15,1786094293.1291912,move,330,308,.!frame.!button
demo_session_02,15,1786094293.179191,move,344,296,.!frame.!button
demo_session_02,15,1786094293.229191,move,337,293,.!frame.!button
demo_session_02,15,1786094293.279191,move,350,295,.!frame.!button
demo_session_02,15,1786094293.329191,move,325,313,.!frame.!button
demo_session_02,15,1786094293.379191,move,351,317,.!frame.!button
demo_session_02,15,1786094293.4291909,move,352,312,.!frame.!button
demo_session_02,15,1786094293.4791908,move,342,316,.!frame.!button
demo_session_02,15,1786094293.5291908,move,344,310,.!frame.!button
demo_session_02,15,1786094293.5791907,move,344,318,.!frame.!button
demo_session_02,15,1786094293.6291907,move,338,314,.!frame.!button
demo_session_02,15,1786094293.6791906,move,354,329,.!frame.!button
demo_session_02,15,1786094293.7291906,move,350,327,.!frame.!button
demo_session_02,15,1786094293.823428,click,355,325,.!frame.!button
demo_session_02,16,1786094293.823428,move,293,141,.!frame.!entry
demo_session_02,16,1786094293.8734279,move,305,135,.!frame.!entry
demo_session_02,16,1786094293.9234278,move,304,152,.!frame.!entry
demo_session_02,16,1786094293.9734278,move,316,154,.!frame.!entry
demo_session_02,16,1786094294.0234277,move,306,148,.!frame.!entry
demo_session_02,16,1786094294.0734277,move,302,149,.!frame.!entry
demo_session_02,16,1786094294.1234276,move,302,139,.!frame.!entry
demo_session_02,16,1786094294.1734276,move,305,145,.!frame.!entry
demo_session_02,16,1786094294.2234275,move,309,153,.!frame.!entry
demo_session_02,16,1786094294.2734275,move,305,157,.!frame.!entry
demo_session_02,16,1786094294.3234274,move,297,160,.!frame.!entry
demo_session_02,16,1786094294.3734274,move,305,168,.!frame.!entry
demo_session_02,16,1786094294.4234273,move,304,171,.!frame.!entry
demo_session_02,16,1786094294.4734273,move,301,170,.!frame.!entry
demo_session_02,16,1786094294.5234272,move,305,160,.!frame.!entry
demo_session_02,16,1786094294.5734272,move,310,164,.!frame.!entry
demo_session_02,16,1786094294.6234272,move,303,167,.!frame.!entry
demo_session_02,16,1786094294.673427,move,303,170,.!frame.!entry
demo_session_02,16,1786094294.723427,move,302,167,.!frame.!entry
demo_session_02,16,1786094294.773427,move,322,160,.!frame.!entry
demo_session_02,16,1786094294.823427,move,308,186,.!frame.!entry
demo_session_02,16,1786094294.873427,move,316,186,.!frame.!entry
demo_session_02,16,1786094294.9234269,move,322,171,.!frame.!entry
demo_session_02,16,1786094294.9734268,move,303,185,.!frame.!entry
demo_session_02,16,1786094295.0234268,move,301,183,.!frame.!entry
demo_session_02,16,1786094295.0734267,move,330,197,.!frame.!entry
demo_session_02,16,1786094295.1234267,move,319,194,.!frame.!entry
demo_session_02,16,1786094295.1734266,move,308,200,.!frame.!entry
demo_session_02,16,1786094295.2234266,move,313,197,.!frame.!entry
demo_session_02,16,1786094295.2734265,move,315,203,.!frame.!entry
demo_session_02,16,1786094295.3234265,move,322,196,.!frame.!entry
demo_session_02,16,1786094295.3734264,move,314,201,.!frame.!entry
demo_session_02,16,1786094295.4234264,move,325,212,.!frame.!entry
demo_session_02,16,1786094295.4734263,move,321,198,.!frame.!entry
demo_session_02,16,1786094295.5234263,move,316,220,.!frame.!entry
demo_session_02,16,1786094295.5734262,move,310,192,.!frame.!entry
demo_session_02,16,1786094295.6234262,move,331,216,.!frame.!entry
demo_session_02,16,1786094295.6734262,move,326,206,.!frame.!entry
demo_session_02,16,1786094295.723426,move,331,219,.!frame.!entry
demo_session_02,16,1786094295.773426,move,310,218,.!frame.!entry
demo_session_02,16,1786094295.823426,move,329,220,.!frame.!entry
demo_session_02,16,1786094295.873426,move,312,224,.!frame.!entry
demo_session_02,16,1786094295.923426,move,328,225,.!frame.!entry
demo_session_02,16,1786094295.9734259,move,321,221,.!frame.!entry
demo_session_02,16,1786094296.0234258,move,323,224,.!frame.!entry
demo_session_02,16,1786094296.0734258,move,325,234,.!frame.!entry
demo_session_02,16,1786094296.1234257,move,316,226,.!frame.!entry
demo_session_02,16,1786094296.1734257,move,318,233,.!frame.!entry
demo_session_02,16,1786094296.2234256,move,315,237,.!frame.!entry
demo_session_02,16,1786094296.2734256,move,333,239,.!frame.!entry
demo_session_02,16,1786094296.3234255,move,328,256,.!frame.!entry
demo_session_02,16,1786094296.3734255,move,334,235,.!frame.!entry
demo_session_02,16,1786094296.4234254,move,327,234,.!frame.!entry
demo_session_02,16,1786094296.4734254,move,325,242,.!frame.!entry
demo_session_02,16,1786094296.5234253,move,328,251,.!frame.!entry
demo_session_02,16,1786094296.5734253,move,330,250,.!frame.!entry
demo_session_02,16,1786094296.6234252,move,327,234,.!frame.!entry
demo_session_02,16,1786094296.6734252,move,334,258,.!frame.!entry
demo_session_02,16,1786094296.7234251,move,329,264,.!frame.!entry
demo_session_02,16,1786094296.773425,move,335,257,.!frame.!entry
demo_session_02,16,1786094296.823425,move,338,269,.!frame.!entry
demo_session_02,16,1786094296.873425,move,341,264,.!frame.!entry
demo_session_02,16,1786094296.923425,move,333,269,.!frame.!entry
demo_session_02,16,1786094296.973425,move,344,282,.!frame.!button
demo_session_02,16,1786094297.0234249,move,339,277,.!frame.!button
demo_session_02,16,1786094297.0734248,move,333,263,.!frame.!button
demo_session_02,16,1786094297.1234248,move,340,275,.!frame.!button
demo_session_02,16,1786094297.1734247,move,337,277,.!frame.!button
demo_session_02,16,1786094297.2234247,move,337,288,.!frame.!button
demo_session_02,16,1786094297.2734246,move,348,276,.!frame.!button
demo_session_02,16,1786094297.3234246,move,343,279,.!frame.!button
demo_session_02,16,1786094297.3734245,move,346,280,.!frame.!button
demo_session_02,16,1786094297.4234245,move,331,289,.!frame.!button
demo_session_02,16,1786094297.4734244,move,350,292,.!frame.!button
demo_session_02,16,1786094297.5234244,move,329,289,.!frame.!button
demo_session_02,16,1786094297.5734243,move,342,297,.!frame.!button
demo_session_02,16,1786094297.6234243,move,333,292,.!frame.!button
demo_session_02,16,1786094297.6734242,move,334,302,.!frame.!button
demo_session_02,16,1786094297.7234242,move,351,298,.!frame.!button
demo_session_02,16,1786094297.7734241,move,344,305,.!frame.!button
demo_session_02,16,1786094297.823424,move,353,306,.!frame.!button
demo_session_02,16,1786094297.873424,move,338,309,.!frame.!button
demo_session_02,16,1786094297.923424,move,341,298,.!frame.!button
demo_session_02,16,1786094297.973424,move,356,306,.!frame.!button
demo_session_02,16,1786094298.023424,move,348,311,.!frame.!button
demo_session_02,16,1786094298.0734239,move,342,308,.!frame.!button
demo_session_02,16,1786094298.1234238,move,358,314,.!frame.!button
demo_session_02,16,1786094298.1734238,move,341,313,.!frame.!button
demo_session_02,16,1786094298.2234237,move,350,314,.!frame.!button
demo_session_02,16,1786094298.2734237,move,353,328,.!frame.!button
demo_session_02,16,1786094298.3234236,move,341,311,.!frame.!button
demo_session_02,16,1786094298.396797,click,359,329,.!frame.!button
demo_session_02,17,1786094298.396797,move,517,258,.!frame.!entry
demo_session_02,17,1786094298.446797,move,508,255,.!frame.!entry
demo_session_02,17,1786094298.4967968,move,487,267,.!frame.!entry
demo_session_02,17,1786094298.5467968,move,494,268,.!frame.!entry
demo_session_02,17,1786094298.5967968,move,508,256,.!frame.!entry
demo_session_02,17,1786094298.6467967,move,498,250,.!frame.!entry
demo_session_02,17,1786094298.6967967,move,489,273,.!frame.!entry
demo_session_02,17,1786094298.7467966,move,501,270,.!frame.!entry
demo_session_02,17,1786094298.7967966,move,493,271,.!frame.!entry
demo_session_02,17,1786094298.8467965,move,498,257,.!frame.!entry
demo_session_02,17,1786094298.8967965,move,495,257,.!frame.!entry
demo_session_02,17,1786094298.9467964,move,496,262,.!frame.!entry
demo_session_02,17,1786094298.9967964,move,485,252,.!frame.!entry
demo_session_02,17,1786094299.0467963,move,494,270,.!frame.!entry
demo_session_02,17,1786094299.0967963,move,484,270,.!frame.!entry
demo_session_02,17,1786094299.1467962,move,492,275,.!frame.!entry
demo_session_02,17,1786094299.1967962,move,485,268,.!frame.!entry
demo_session_02,17,1786094299.2467961,move,461,265,.!frame.!entry
demo_session_02,17,1786094299.296796,move,478,275,.!frame.!entry
demo_session_02,17,1786094299.346796,move,473,268,.!frame.!entry
demo_session_02,17,1786094299.396796,move,478,282,.!frame.!entry
demo_session_02,17,1786094299.446796,move,486,277,.!frame.!entry
demo_session_02,17,1786094299.496796,move,489,280,.!frame.!entry
demo_session_02,17,1786094299.5467958,move,481,280,.!frame.!entry
demo_session_02,17,1786094299.5967958,move,469,269,.!frame.!entry
demo_session_02,17,1786094299.6467957,move,476,276,.!frame.!entry
demo_session_02,17,1786094299.6967957,move,459,275,.!frame.!entry
demo_session_02,17,1786094299.7467957,move,461,277,.!frame.!entry
demo_session_02,17,1786094299.7967956,move,460,270,.!frame.!entry
demo_session_02,17,1786094299.8467956,move,463,288,.!frame.!entry
demo_session_02,17,1786094299.8967955,move,457,268,.!frame.!entry
demo_session_02,17,1786094299.9467955,move,467,274,.!frame.!entry
demo_session_02,17,1786094299.9967954,move,447,270,.!frame.!entry
demo_session_02,17,1786094300.0467954,move,461,277,.!frame.!entry
demo_session_02,17,1786094300.0967953,move,465,273,.!frame.!entry
demo_session_02,17,1786094300.1467953,move,453,290,.!frame.!entry
demo_session_02,17,1786094300.1967952,move,447,282,.!frame.!entry
demo_session_02,17,1786094300.2467952,move,449,278,.!frame.!entry
demo_session_02,17,1786094300.2967951,move,456,280,.!frame.!entry
demo_session_02,17,1786094300.346795,move,444,271,.!frame.!entry
demo_session_02,17,1786094300.396795,move,459,276,.!frame.!entry
demo_session_02,17,1786094300.446795,move,449,278,.!frame.!entry
demo_session_02,17,1786094300.496795,move,443,290,.!frame.!entry
demo_session_02,17,1786094300.546795,move,446,276,.!frame.!entry
demo_session_02,17,1786094300.5967948,move,434,272,.!frame.!entry
demo_session_02,17,1786094300.6467948,move,441,294,.!frame.!entry
demo_session_02,17,1786094300.6967947,move,436,290,.!frame.!entry
demo_session_02,17,1786094300.7467947,move,436,275,.!frame.!entry
demo_session_02,17,1786094300.7967947,move,443,294,.!frame.!entry
demo_session_02,17,1786094300.8467946,move,449,269,.!frame.!entry
demo_session_02,17,1786094300.8967946,move,432,288,.!frame.!entry
demo_session_02,17,1786094300.9467945,move,437,280,.!frame.!entry
demo_session_02,17,1786094300.9967945,move,427,294,.!frame.!entry
demo_session_02,17,1786094301.0467944,move,432,288,.!frame.!entry
demo_session_02,17,1786094301.0967944,move,423,284,.!frame.!entry
demo_session_02,17,1786094301.1467943,move,418,268,.!frame.!entry
demo_session_02,17,1786094301.1967943,move,429,301,.!frame.!entry
demo_session_02,17,1786094301.2467942,move,421,289,.!frame.!entry
demo_session_02,17,1786094301.2967942,move,412,302,.!frame.!entry
demo_session_02,17,1786094301.3467941,move,406,279,.!frame.!entry
demo_session_02,17,1786094301.396794,move,410,298,.!frame.!entry
demo_session_02,17,1786094301.446794,move,418,302,.!frame.!entry
demo_session_02,17,1786094301.496794,move,414,298,.!frame.!entry
demo_session_02,17,1786094301.546794,move,419,291,.!frame.!entry
demo_session_02,17,1786094301.596794,move,404,290,.!frame.!entry
demo_session_02,17,1786094301.6467938,move,395,304,.!frame.!entry
demo_session_02,17,1786094301.6967938,move,400,302,.!frame.!entry
demo_session_02,17,1786094301.7467937,move,408,293,.!frame.!entry
demo_session_02,17,1786094301.7967937,move,414,289,.!frame.!entry
demo_session_02,17,1786094301.8467937,move,392,295,.!frame.!entry
demo_session_02,17,1786094301.8967936,move,400,305,.!frame.!entry
demo_session_02,17,1786094301.9467936,move,401,297,.!frame.!entry
demo_session_02,17,1786094301.9967935,move,401,303,.!frame.!entry
demo_session_02,17,1786094302.0467935,move,390,303,.!frame.!button
demo_session_02,17,1786094302.0967934,move,390,305,.!frame.!button
demo_session_02,17,1786094302.1467934,move,396,296,.!frame.!button
demo_session_02,17,1786094302.1967933,move,392,307,.!frame.!button
demo_session_02,17,1786094302.2467933,move,385,304,.!frame.!button
demo_session_02,17,1786094302.2967932,move,390,298,.!frame.!button
demo_session_02,17,1786094302.3467932,move,373,304,.!frame.!button
demo_session_02,17,1786094302.3967931,move,381,305,.!frame.!button
demo_session_02,17,1786094302.446793,move,375,298,.!frame.!button
demo_session_02,17,1786094302.496793,move,376,315,.!frame.!button
demo_session_02,17,1786094302.546793,move,376,306,.!frame.!button
demo_session_02,17,1786094302.596793,move,381,308,.!frame.!button
demo_session_02,17,1786094302.646793,move,376,301,.!frame.!button
demo_session_02,17,1786094302.6967928,move,361,312,.!frame.!button
demo_session_02,17,1786094302.7467928,move,381,311,.!frame.!button
demo_session_02,17,1786094302.7967927,move,370,309,.!frame.!button
demo_session_02,17,1786094302.8467927,move,370,307,.!frame.!button
demo_session_02,17,1786094302.8967927,move,372,311,.!frame.!button
demo_session_02,17,1786094302.9467926,move,361,321,.!frame.!button
demo_session_02,17,1786094302.9967926,move,357,310,.!frame.!button
demo_session_02,17,1786094303.0467925,move,364,307,.!frame.!button
demo_session_02,17,1786094303.0967925,move,364,326,.!frame.!button
demo_session_02,17,1786094303.1467924,move,365,315,.!frame.!button
demo_session_02,17,1786094303.1967924,move,355,312,.!frame.!button
demo_session_02,17,1786094303.2467923,move,353,312,.!frame.!button
demo_session_02,17,1786094303.2967923,move,360,324,.!frame.!button
demo_session_02,17,1786094303.3467922,move,354,303,.!frame.!button
demo_session_02,17,1786094303.3967922,move,331,317,.!frame.!button
demo_session_02,17,1786094303.4467921,move,352,313,.!frame.!button
demo_session_02,17,1786094303.496792,move,355,328,.!frame.!button
demo_session_02,17,1786094303.546792,move,350,320,.!frame.!button
demo_session_02,17,1786094303.596792,move,340,308,.!frame.!button
demo_session_02,17,1786094303.69106,click,344,314,.!frame.!button
demo_session_02,18,1786094303.69106,move,415,144,.!frame.!entry
demo_session_02,18,1786094303.74106,move,425,151,.!frame.!entry
demo_session_02,18,1786094303.79106,move,416,156,.!frame.!entry
demo_session_02,18,1786094303.84106,move,409,158,.!frame.!entry
demo_session_02,18,1786094303.8910599,move,401,168,.!frame.!entry
demo_session_02,18,1786094303.9410598,move,421,156,.!frame.!entry
demo_session_02,18,1786094303.9910598,move,410,164,.!frame.!entry
demo_session_02,18,1786094304.0410597,move,405,165,.!frame.!entry
demo_session_02,18,1786094304.0910597,move,404,164,.!frame.!entry
demo_session_02,18,1786094304.1410596,move,402,149,.!frame.!entry
demo_session_02,18,1786094304.1910596,move,406,164,.!frame.!entry
demo_session_02,18,1786094304.2410595,move,417,171,.!frame.!entry
demo_session_02,18,1786094304.2910595,move,401,172,.!frame.!entry
demo_session_02,18,1786094304.3410594,move,419,174,.!frame.!entry
demo_session_02,18,1786094304.3910594,move,407,168,.!frame.!entry
demo_session_02,18,1786094304.4410594,move,403,172,.!frame.!entry
demo_session_02,18,1786094304.4910593,move,393,187,.!frame.!entry
demo_session_02,18,1786094304.5410593,move,403,168,.!frame.!entry
demo_session_02,18,1786094304.5910592,move,413,157,.!frame.!entry
demo_session_02,18,1786094304.6410592,move,403,183,.!frame.!entry
demo_session_02,18,1786094304.691059,move,404,190,.!frame.!entry
demo_session_02,18,1786094304.741059,move,404,187,.!frame.!entry
demo_session_02,18,1786094304.791059,move,399,177,.!frame.!entry
demo_session_02,18,1786094304.841059,move,397,186,.!frame.!entry
demo_session_02,18,1786094304.891059,move,387,181,.!frame.!entry
demo_session_02,18,1786094304.9410589,move,408,192,.!frame.!entry
demo_session_02,18,1786094304.9910588,move,398,190,.!frame.!entry
demo_session_02,18,1786094305.0410588,move,399,200,.!frame.!entry
demo_session_02,18,1786094305.0910587,move,395,192,.!frame.!entry
demo_session_02,18,1786094305.1410587,move,392,187,.!frame.!entry
demo_session_02,18,1786094305.1910586,move,394,179,.!frame.!entry
demo_session_02,18,1786094305.2410586,move,399,199,.!frame.!entry
demo_session_02,18,1786094305.2910585,move,389,196,.!frame.!entry
demo_session_02,18,1786094305.3410585,move,394,206,.!frame.!entry
demo_session_02,18,1786094305.3910584,move,392,207,.!frame.!entry
demo_session_02,18,1786094305.4410584,move,402,203,.!frame.!entry
demo_session_02,18,1786094305.4910583,move,387,223,.!frame.!entry
demo_session_02,18,1786094305.5410583,move,381,208,.!frame.!entry
demo_session_02,18,1786094305.5910583,move,397,202,.!frame.!entry
demo_session_02,18,1786094305.6410582,move,393,199,.!frame.!entry
demo_session_02,18,1786094305.6910582,move,391,214,.!frame.!entry
demo_session_02,18,1786094305.741058,move,396,208,.!frame.!entry
demo_session_02,18,1786094305.791058,move,395,215,.!frame.!entry
demo_session_02,18,1786094305.841058,move,384,210,.!frame.!entry
demo_session_02,18,1786094305.891058,move,385,216,.!frame.!entry
demo_session_02,18,1786094305.941058,move,382,209,.!frame.!entry
demo_session_02,18,1786094305.9910579,move,392,217,.!frame.!entry
demo_session_02,18,1786094306.0410578,move,399,212,.!frame.!entry
demo_session_02,18,1786094306.0910578,move,382,225,.!frame.!entry
demo_session_02,18,1786094306.1410577,move,384,220,.!frame.!entry
demo_session_02,18,1786094306.1910577,move,379,227,.!frame.!entry
demo_session_02,18,1786094306.2410576,move,383,219,.!frame.!entry
demo_session_02,18,1786094306.2910576,move,393,218,.!frame.!entry
demo_session_02,18,1786094306.3410575,move,383,233,.!frame.!entry
demo_session_02,18,1786094306.3910575,move,389,229,.!frame.!entry
demo_session_02,18,1786094306.4410574,move,385,229,.!frame.!entry
demo_session_02,18,1786094306.4910574,move,383,230,.!frame.!entry
demo_session_02,18,1786094306.5410573,move,385,234,.!frame.!entry
demo_session_02,18,1786094306.5910573,move,378,233,.!frame.!entry
demo_session_02,18,1786094306.6410573,move,386,244,.!frame.!entry
demo_session_02,18,1786094306.6910572,move,369,230,.!frame.!entry
demo_session_02,18,1786094306.7410572,move,387,237,.!frame.!entry
demo_session_02,18,1786094306.791057,move,388,243,.!frame.!entry
demo_session_02,18,1786094306.841057,move,374,240,.!frame.!entry
demo_session_02,18,1786094306.891057,move,383,237,.!frame.!entry
demo_session_02,18,1786094306.941057,move,378,246,.!frame.!entry
demo_session_02,18,1786094306.991057,move,374,244,.!frame.!entry
demo_session_02,18,1786094307.0410569,move,375,245,.!frame.!entry
demo_session_02,18,1786094307.0910568,move,382,249,.!frame.!entry
demo_session_02,18,1786094307.1410568,move,380,246,.!frame.!entry
demo_session_02,18,1786094307.1910567,move,383,245,.!frame.!entry
demo_session_02,18,1786094307.2410567,move,371,258,.!frame.!entry
demo_session_02,18,1786094307.2910566,move,365,246,.!frame.!entry
demo_session_02,18,1786094307.3410566,move,382,270,.!frame.!entry
demo_session_02,18,1786094307.3910565,move,370,265,.!frame.!entry
demo_session_02,18,1786094307.4410565,move,376,268,.!frame.!entry
demo_session_02,18,1786094307.4910564,move,383,263,.!frame.!entry
demo_session_02,18,1786094307.5410564,move,367,261,.!frame.!entry
demo_session_02,18,1786094307.5910563,move,358,261,.!frame.!entry
demo_session_02,18,1786094307.6410563,move,376,260,.!frame.!entry
demo_session_02,18,1786094307.6910563,move,372,268,.!frame.!entry
demo_session_02,18,1786094307.7410562,move,380,264,.!frame.!entry
demo_session_02,18,1786094307.7910562,move,367,273,.!frame.!button
demo_session_02,18,1786094307.841056,move,366,277,.!frame.!button
demo_session_02,18,1786094307.891056,move,364,273,.!frame.!button
demo_session_02,18,1786094307.941056,move,364,275,.!frame.!button
demo_session_02,18,1786094307.991056,move,364,281,.!frame.!button
demo_session_02,18,1786094308.041056,move,363,285,.!frame.!button
demo_session_02,18,1786094308.0910559,move,380,272,.!frame.!button
demo_session_02,18,1786094308.1410558,move,380,266,.!frame.!button
demo_session_02,18,1786094308.1910558,move,368,276,.!frame.!button
demo_session_02,18,1786094308.2410557,move,354,276,.!frame.!button
demo_session_02,18,1786094308.2910557,move,365,285,.!frame.!button
demo_session_02,18,1786094308.3410556,move,367,285,.!frame.!button
demo_session_02,18,1786094308.3910556,move,363,298,.!frame.!button
demo_session_02,18,1786094308.4410555,move,362,289,.!frame.!button
demo_session_02,18,1786094308.4910555,move,363,289,.!frame.!button
demo_session_02,18,1786094308.5410554,move,351,279,.!frame.!button
demo_session_02,18,1786094308.5910554,move,363,297,.!frame.!button
demo_session_02,18,1786094308.6410553,move,356,294,.!frame.!button
demo_session_02,18,1786094308.6910553,move,354,298,.!frame.!button
demo_session_02,18,1786094308.7410553,move,355,293,.!frame.!button
demo_session_02,18,1786094308.7910552,move,356,302,.!frame.!button
demo_session_02,18,1786094308.8410552,move,365,290,.!frame.!button
demo_session_02,18,1786094308.891055,move,365,296,.!frame.!button
demo_session_02,18,1786094308.941055,move,364,304,.!frame.!button
demo_session_02,18,1786094308.991055,move,355,302,.!frame.!button
demo_session_02,18,1786094309.041055,move,349,298,.!frame.!button
demo_session_02,18,1786094309.091055,move,344,302,.!frame.!button
demo_session_02,18,1786094309.1410549,move,355,301,.!frame.!button
demo_session_02,18,1786094309.1910548,move,338,299,.!frame.!button
demo_session_02,18,1786094309.2410548,move,356,301,.!frame.!button
demo_session_02,18,1786094309.2910547,move,355,311,.!frame.!button
demo_session_02,18,1786094309.3410547,move,348,304,.!frame.!button
demo_session_02,18,1786094309.3910546,move,349,315,.!frame.!button
demo_session_02,18,1786094309.4410546,move,341,308,.!frame.!button
demo_session_02,18,1786094309.4910545,move,348,316,.!frame.!button
demo_session_02,18,1786094309.5410545,move,343,308,.!frame.!button
demo_session_02,18,1786094309.6212916,click,354,324,.!frame.!button
demo_session_02,19,1786094309.6212916,move,205,166,.!frame.!entry
demo_session_02,19,1786094309.6712916,move,196,161,.!frame.!entry
demo_session_02,19,1786094309.7212915,move,205,163,.!frame.!entry
demo_session_02,19,1786094309.7712915,move,199,168,.!frame.!entry
demo_session_02,19,1786094309.8212914,move,205,173,.!frame.!entry
demo_session_02,19,1786094309.8712914,move,209,178,.!frame.!entry
demo_session_02,19,1786094309.9212914,move,211,177,.!frame.!entry
demo_session_02,19,1786094309.9712913,move,216,179,.!frame.!entry
demo_session_02,19,1786094310.0212913,move,208,167,.!frame.!entry
demo_session_02,19,1786094310.0712912,move,205,188,.!frame.!entry
demo_session_02,19,1786094310.1212912,move,222,179,.!frame.!entry
demo_session_02,19,1786094310.171291,move,219,181,.!frame.!entry
demo_session_02,19,1786094310.221291,move,206,180,.!frame.!entry
demo_session_02,19,1786094310.271291,move,214,190,.!frame.!entry
demo_session_02,19,1786094310.321291,move,231,179,.!frame.!entry
demo_session_02,19,1786094310.371291,move,231,192,.!frame.!entry
demo_session_02,19,1786094310.4212909,move,225,188,.!frame.!entry
demo_session_02,19,1786094310.4712908,move,221,183,.!frame.!entry
demo_session_02,19,1786094310.5212908,move,225,187,.!frame.!entry
demo_session_02,19,1786094310.5712907,move,219,192,.!frame.!entry
demo_session_02,19,1786094310.6212907,move,234,197,.!frame.!entry
demo_session_02,19,1786094310.6712906,move,232,192,.!frame.!entry
demo_session_02,19,1786094310.7212906,move,244,198,.!frame.!entry
demo_session_02,19,1786094310.7712905,move,223,205,.!frame.!entry
demo_session_02,19,1786094310.8212905,move,232,200,.!frame.!entry
demo_session_02,19,1786094310.8712904,move,230,200,.!frame.!entry
demo_session_02,19,1786094310.9212904,move,232,202,.!frame.!entry
demo_session_02,19,1786094310.9712903,move,253,206,.!frame.!entry
demo_session_02,19,1786094311.0212903,move,242,208,.!frame.!entry
demo_session_02,19,1786094311.0712903,move,243,208,.!frame.!entry
demo_session_02,19,1786094311.1212902,move,249,209,.!frame.!entry
demo_session_02,19,1786094311.1712902,move,247,224,.!frame.!entry
demo_session_02,19,1786094311.22129,move,246,214,.!frame.!entry
demo_session_02,19,1786094311.27129,move,258,221,.!frame.!entry
demo_session_02,19,1786094311.32129,move,261,207,.!frame.!entry
demo_session_02,19,1786094311.37129,move,260,233,.!frame.!entry
demo_session_02,19,1786094311.42129,move,257,218,.!frame.!entry
demo_session_02,19,1786094311.4712899,move,261,228,.!frame.!entry
demo_session_02,19,1786094311.5212898,move,264,215,.!frame.!entry
demo_session_02,19,1786094311.5712898,move,264,221,.!frame.!entry
demo_session_02,19,1786094311.6212897,move,263,217,.!frame.!entry
demo_session_02,19,1786094311.6712897,move,260,232,.!frame.!entry
demo_session_02,19,1786094311.7212896,move,284,228,.!frame.!entry
demo_session_02,19,1786094311.7712896,move,275,231,.!frame.!entry
demo_session_02,19,1786094311.8212895,move,268,247,.!frame.!entry
demo_session_02,19,1786094311.8712895,move,258,244,.!frame.!entry
demo_session_02,19,1786094311.9212894,move,264,237,.!frame.!entry
demo_session_02,19,1786094311.9712894,move,279,229,.!frame.!entry
demo_session_02,19,1786094312.0212893,move,271,233,.!frame.!entry
demo_session_02,19,1786094312.0712893,move,284,236,.!frame.!entry
demo_session_02,19,1786094312.1212893,move,268,247,.!frame.!entry
demo_session_02,19,1786094312.1712892,move,289,257,.!frame.!entry
demo_session_02,19,1786094312.2212892,move,282,246,.!frame.!entry
demo_session_02,19,1786094312.271289,move,285,249,.!frame.!entry
demo_session_02,19,1786094312.321289,move,284,248,.!frame.!entry
demo_session_02,19,1786094312.371289,move,283,243,.!frame.!entry
demo_session_02,19,1786094312.421289,move,292,251,.!frame.!entry
demo_session_02,19,1786094312.471289,move,292,242,.!frame.!entry
demo_session_02,19,1786094312.5212889,move,303,259,.!frame.!entry
demo_session_02,19,1786094312.5712888,move,292,256,.!frame.!entry
demo_session_02,19,1786094312.6212888,move,280,254,.!frame.!entry
demo_session_02,19,1786094312.6712887,move,287,262,.!frame.!entry
demo_session_02,19,1786094312.7212887,move,285,260,.!frame.!entry
demo_session_02,19,1786094312.7712886,move,293,272,.!frame.!entry
demo_session_02,19,1786094312.8212886,move,293,253,.!frame.!entry
demo_session_02,19,1786094312.8712885,move,288,271,.!frame.!entry
demo_session_02,19,1786094312.9212885,move,297,261,.!frame.!entry
demo_session_02,19,1786094312.9712884,move,301,272,.!frame.!entry
demo_session_02,19,1786094313.0212884,move,287,266,.!frame.!entry
demo_session_02,19,1786094313.0712883,move,296,269,.!frame.!entry
demo_session_02,19,1786094313.1212883,move,296,273,.!frame.!button
demo_session_02,19,1786094313.1712883,move,316,262,.!frame.!button
demo_session_02,19,1786094313.2212882,move,313,265,.!frame.!button
demo_session_02,19,1786094313.2712882,move,309,278,.!frame.!button
demo_session_02,19,1786094313.321288,move,307,279,.!frame.!button
demo_session_02,19,1786094313.371288,move,315,295,.!frame.!button
demo_session_02,19,1786094313.421288,move,316,283,.!frame.!button
demo_session_02,19,1786094313.471288,move,302,279,.!frame.!button
demo_session_02,19,1786094313.521288,move,312,285,.!frame.!button
demo_session_02,19,1786094313.5712879,move,319,286,.!frame.!button
demo_session_02,19,1786094313.6212878,move,328,290,.!frame.!button
demo_session_02,19,1786094313.6712878,move,312,286,.!frame.!button
demo_session_02,19,1786094313.7212877,move,323,298,.!frame.!button
demo_session_02,19,1786094313.7712877,move,328,304,.!frame.!button
demo_session_02,19,1786094313.8212876,move,334,297,.!frame.!button
demo_session_02,19,1786094313.8712876,move,319,308,.!frame.!button
demo_session_02,19,1786094313.9212875,move,337,288,.!frame.!button
demo_session_02,19,1786094313.9712875,move,328,302,.!frame.!button
demo_session_02,19,1786094314.0212874,move,334,303,.!frame.!button
demo_session_02,19,1786094314.0712874,move,329,298,.!frame.!button
demo_session_02,19,1786094314.1212873,move,343,299,.!frame.!button
demo_session_02,19,1786094314.1712873,move,327,304,.!frame.!button
demo_session_02,19,1786094314.2212873,move,339,309,.!frame.!button
demo_session_02,19,1786094314.2712872,move,345,311,.!frame.!button
demo_session_02,19,1786094314.3212872,move,340,303,.!frame.!button
demo_session_02,19,1786094314.371287,move,344,314,.!frame.!button
demo_session_02,19,1786094314.421287,move,354,314,.!frame.!button
demo_session_02,19,1786094314.471287,move,334,315,.!frame.!button
demo_session_02,19,1786094314.521287,move,348,311,.!frame.!button
demo_session_02,19,1786094314.571287,move,336,332,.!frame.!button
demo_session_02,19,1786094314.6491044,click,348,318,.!frame.!button
demo_session_02,20,1786094314.6491044,move,325,385,.!frame.!entry
demo_session_02,20,1786094314.6991043,move,334,384,.!frame.!entry
demo_session_02,20,1786094314.7491043,move,324,386,.!frame.!entry
demo_session_02,20,1786094314.7991042,move,329,374,.!frame.!entry
demo_session_02,20,1786094314.8491042,move,326,378,.!frame.!entry
demo_session_02,20,1786094314.899104,move,335,371,.!frame.!entry
demo_session_02,20,1786094314.949104,move,332,380,.!frame.!entry
demo_session_02,20,1786094314.999104,move,335,377,.!frame.!entry
demo_session_02,20,1786094315.049104,move,331,393,.!frame.!entry
demo_session_02,20,1786094315.099104,move,334,379,.!frame.!entry
demo_session_02,20,1786094315.1491039,move,336,392,.!frame.!entry
demo_session_02,20,1786094315.1991038,move,329,378,.!frame.!entry
demo_session_02,20,1786094315.2491038,move,333,367,.!frame.!entry
demo_session_02,20,1786094315.2991037,move,323,373,.!frame.!entry
demo_session_02,20,1786094315.3491037,move,341,369,.!frame.!entry
demo_session_02,20,1786094315.3991036,move,334,365,.!frame.!entry
demo_session_02,20,1786094315.4491036,move,328,371,.!frame.!entry
demo_session_02,20,1786094315.4991035,move,332,377,.!frame.!entry
demo_session_02,20,1786094315.5491035,move,334,392,.!frame.!entry
demo_session_02,20,1786094315.5991035,move,331,376,.!frame.!entry
demo_session_02,20,1786094315.6491034,move,323,375,.!frame.!entry
demo_session_02,20,1786094315.6991034,move,340,357,.!frame.!entry
demo_session_02,20,1786094315.7491033,move,349,372,.!frame.!entry
demo_session_02,20,1786094315.7991033,move,332,381,.!frame.!entry
demo_session_02,20,1786094315.8491032,move,326,360,.!frame.!entry
demo_session_02,20,1786094315.8991032,move,322,374,.!frame.!entry
demo_session_02,20,1786094315.949103,move,334,368,.!frame.!entry
demo_session_02,20,1786094315.999103,move,328,365,.!frame.!entry
demo_session_02,20,1786094316.049103,move,345,370,.!frame.!entry
demo_session_02,20,1786094316.099103,move,342,370,.!frame.!entry
demo_session_02,20,1786094316.149103,move,323,359,.!frame.!entry
demo_session_02,20,1786094316.1991029,move,329,380,.!frame.!entry
demo_session_02,20,1786094316.2491028,move,336,375,.!frame.!entry
demo_session_02,20,1786094316.2991028,move,335,369,.!frame.!entry
demo_session_02,20,1786094316.3491027,move,335,352,.!frame.!entry
demo_session_02,20,1786094316.3991027,move,330,371,.!frame.!entry
demo_session_02,20,1786094316.4491026,move,339,354,.!frame.!entry
demo_session_02,20,1786094316.4991026,move,313,370,.!frame.!entry
demo_session_02,20,1786094316.5491025,move,336,366,.!frame.!entry
demo_session_02,20,1786094316.5991025,move,342,374,.!frame.!entry
demo_session_02,20,1786094316.6491024,move,335,358,.!frame.!entry
demo_session_02,20,1786094316.6991024,move,349,374,.!frame.!entry
demo_session_02,20,1786094316.7491024,move,352,372,.!frame.!entry
demo_session_02,20,1786094316.7991023,move,335,366,.!frame.!entry
demo_session_02,20,1786094316.8491023,move,345,362,.!frame.!entry
demo_session_02,20,1786094316.8991022,move,342,354,.!frame.!entry
demo_session_02,20,1786094316.9491022,move,341,360,.!frame.!entry
demo_session_02,20,1786094316.999102,move,332,354,.!frame.!entry
demo_session_02,20,1786094317.049102,move,341,366,.!frame.!entry
demo_session_02,20,1786094317.099102,move,342,360,.!frame.!entry
demo_session_02,20,1786094317.149102,move,345,351,.!frame.!entry
demo_session_02,20,1786094317.199102,move,317,349,.!frame.!entry
demo_session_02,20,1786094317.2491019,move,355,371,.!frame.!entry
demo_session_02,20,1786094317.2991018,move,334,362,.!frame.!entry
demo_session_02,20,1786094317.3491018,move,345,369,.!frame.!entry
demo_session_02,20,1786094317.3991017,move,330,359,.!frame.!entry
demo_session_02,20,1786094317.4491017,move,331,350,.!frame.!entry
demo_session_02,20,1786094317.4991016,move,332,345,.!frame.!entry
demo_session_02,20,1786094317.5491016,move,334,359,.!frame.!entry
demo_session_02,20,1786094317.5991015,move,338,368,.!frame.!entry
demo_session_02,20,1786094317.6491015,move,334,358,.!frame.!entry
demo_session_02,20,1786094317.6991014,move,335,343,.!frame.!entry
demo_session_02,20,1786094317.7491014,move,345,351,.!frame.!entry
demo_session_02,20,1786094317.7991014,move,328,355,.!frame.!entry
demo_session_02,20,1786094317.8491013,move,348,343,.!frame.!entry
demo_session_02,20,1786094317.8991013,move,351,359,.!frame.!entry
demo_session_02,20,1786094317.9491012,move,340,360,.!frame.!entry
demo_session_02,20,1786094317.9991012,move,324,344,.!frame.!entry
demo_session_02,20,1786094318.049101,move,343,348,.!frame.!entry
demo_session_02,20,1786094318.099101,move,339,350,.!frame.!entry
demo_session_02,20,1786094318.149101,move,351,344,.!frame.!entry
demo_session_02,20,1786094318.199101,move,332,353,.!frame.!entry
demo_session_02,20,1786094318.249101,move,344,333,.!frame.!entry
demo_session_02,20,1786094318.2991009,move,338,352,.!frame.!entry
demo_session_02,20,1786094318.3491008,move,338,341,.!frame.!entry
demo_session_02,20,1786094318.3991008,move,346,345,.!frame.!entry
demo_session_02,20,1786094318.4491007,move,348,326,.!frame.!entry
demo_session_02,20,1786094318.4991007,move,340,347,.!frame.!entry
demo_session_02,20,1786094318.5491006,move,342,346,.!frame.!entry
demo_session_02,20,1786094318.5991006,move,337,337,.!frame.!entry
demo_session_02,20,1786094318.6491005,move,344,349,.!frame.!entry
demo_session_02,20,1786094318.6991005,move,328,341,.!frame.!entry
demo_session_02,20,1786094318.7491004,move,347,354,.!frame.!entry
demo_session_02,20,1786094318.7991004,move,338,332,.!frame.!entry
demo_session_02,20,1786094318.8491004,move,349,357,.!frame.!entry
demo_session_02,20,1786094318.8991003,move,335,348,.!frame.!entry
demo_session_02,20,1786094318.9491003,move,336,344,.!frame.!entry
demo_session_02,20,1786094318.9991002,move,348,330,.!frame.!entry
demo_session_02,20,1786094319.0491002,move,346,321,.!frame.!entry
demo_session_02,20,1786094319.0991,move,336,333,.!frame.!button
demo_session_02,20,1786094319.1491,move,320,351,.!frame.!button
demo_session_02,20,1786094319.1991,move,350,345,.!frame.!button
demo_session_02,20,1786094319.2491,move,345,342,.!frame.!button
demo_session_02,20,1786094319.2991,move,343,350,.!frame.!button
demo_session_02,20,1786094319.3490999,move,350,324,.!frame.!button
demo_session_02,20,1786094319.3990998,move,333,333,.!frame.!button
demo_session_02,20,1786094319.4490998,move,348,323,.!frame.!button
demo_session_02,20,1786094319.4990997,move,344,328,.!frame.!button
demo_session_02,20,1786094319.5490997,move,328,347,.!frame.!button
demo_session_02,20,1786094319.5990996,move,343,338,.!frame.!button
demo_session_02,20,1786094319.6490996,move,355,350,.!frame.!button
demo_session_02,20,1786094319.6990995,move,329,335,.!frame.!button
demo_session_02,20,1786094319.7490995,move,339,332,.!frame.!button
demo_session_02,20,1786094319.7990994,move,353,336,.!frame.!button
demo_session_02,20,1786094319.8490994,move,335,343,.!frame.!button
demo_session_02,20,1786094319.8990993,move,346,328,.!frame.!button
demo_session_02,20,1786094319.9490993,move,349,333,.!frame.!button
demo_session_02,20,1786094319.9990993,move,333,316,.!frame.!button
demo_session_02,20,1786094320.0490992,move,343,332,.!frame.!button
demo_session_02,20,1786094320.0990992,move,337,321,.!frame.!button
demo_session_02,20,1786094320.149099,move,341,312,.!frame.!button
demo_session_02,20,1786094320.199099,move,345,331,.!frame.!button
demo_session_02,20,1786094320.249099,move,346,328,.!frame.!button
demo_session_02,20,1786094320.299099,move,342,322,.!frame.!button
demo_session_02,20,1786094320.349099,move,346,322,.!frame.!button
demo_session_02,20,1786094320.3990989,move,355,328,.!frame.!button
demo_session_02,20,1786094320.4490988,move,340,330,.!frame.!button
demo_session_02,20,1786094320.4990988,move,344,319,.!frame.!button
demo_session_02,20,1786094320.5490987,move,344,337,.!frame.!button
demo_session_02,20,1786094320.5990987,move,353,326,.!frame.!button
demo_session_02,20,1786094320.6490986,move,346,314,.!frame.!button
demo_session_02,20,1786094320.6990986,move,352,307,.!frame.!button
demo_session_02,20,1786094320.7490985,move,354,331,.!frame.!button
demo_session_02,20,1786094320.7990985,move,351,317,.!frame.!button
demo_session_02,20,1786094320.8490984,move,357,322,.!frame.!button
demo_session_02,20,1786094320.8990984,move,331,309,.!frame.!button
demo_session_02,20,1786094320.9490983,move,351,316,.!frame.!button
demo_session_02,20,1786094321.0104299,click,353,323,.!frame.!button
demo_session_02,21,1786094321.0104299,move,217,334,.!frame.!entry
demo_session_02,21,1786094321.0604298,move,237,316,.!frame.!entry
demo_session_02,21,1786094321.1104298,move,232,340,.!frame.!entry
demo_session_02,21,1786094321.1604297,move,231,330,.!frame.!entry
demo_session_02,21,1786094321.2104297,move,229,334,.!frame.!entry
demo_session_02,21,1786094321.2604296,move,227,331,.!frame.!entry
demo_session_02,21,1786094321.3104296,move,234,331,.!frame.!entry
demo_session_02,21,1786094321.3604295,move,232,323,.!frame.!entry
demo_session_02,21,1786094321.4104295,move,240,337,.!frame.!entry
demo_session_02,21,1786094321.4604294,move,250,330,.!frame.!entry
demo_session_02,21,1786094321.5104294,move,238,327,.!frame.!entry
demo_session_02,21,1786094321.5604293,move,232,322,.!frame.!entry
demo_session_02,21,1786094321.6104293,move,244,332,.!frame.!entry
demo_session_02,21,1786094321.6604292,move,246,331,.!frame.!entry
demo_session_02,21,1786094321.7104292,move,244,313,.!frame.!entry
demo_session_02,21,1786094321.7604291,move,248,323,.!frame.!entry
demo_session_02,21,1786094321.810429,move,245,329,.!frame.!entry
demo_session_02,21,1786094321.860429,move,256,319,.!frame.!entry
demo_session_02,21,1786094321.910429,move,249,323,.!frame.!entry
demo_session_02,21,1786094321.960429,move,247,333,.!frame.!entry
demo_session_02,21,1786094322.010429,move,252,338,.!frame.!entry
demo_session_02,21,1786094322.0604289,move,241,323,.!frame.!entry
demo_session_02,21,1786094322.1104288,move,263,332,.!frame.!entry
demo_session_02,21,1786094322.1604288,move,262,329,.!frame.!entry
demo_session_02,21,1786094322.2104287,move,266,324,.!frame.!entry
demo_session_02,21,1786094322.2604287,move,251,330,.!frame.!entry
demo_session_02,21,1786094322.3104286,move,263,331,.!frame.!entry
demo_session_02,21,1786094322.3604286,move,265,320,.!frame.!entry
demo_session_02,21,1786094322.4104285,move,276,316,.!frame.!entry
demo_session_02,21,1786094322.4604285,move,262,317,.!frame.!entry
demo_session_02,21,1786094322.5104284,move,283,334,.!frame.!entry
demo_session_02,21,1786094322.5604284,move,270,320,.!frame.!entry
demo_session_02,21,1786094322.6104283,move,268,334,.!frame.!entry
demo_session_02,21,1786094322.6604283,move,267,323,.!frame.!entry
demo_session_02,21,1786094322.7104282,move,273,337,.!frame.!entry
demo_session_02,21,1786094322.7604282,move,273,310,.!frame.!entry
demo_session_02,21,1786094322.8104281,move,274,323,.!frame.!entry
demo_session_02,21,1786094322.860428,move,286,315,.!frame.!entry
demo_session_02,21,1786094322.910428,move,291,327,.!frame.!entry
demo_session_02,21,1786094322.960428,move,285,331,.!frame.!entry
demo_session_02,21,1786094323.010428,move,279,328,.!frame.!entry
demo_session_02,21,1786094323.060428,move,287,321,.!frame.!entry
demo_session_02,21,1786094323.1104279,move,284,325,.!frame.!entry
demo_session_02,21,1786094323.1604278,move,298,325,.!frame.!entry
demo_session_02,21,1786094323.2104278,move,284,323,.!frame.!entry
demo_session_02,21,1786094323.2604277,move,291,315,.!frame.!entry
demo_session_02,21,1786094323.3104277,move,293,317,.!frame.!entry
demo_session_02,21,1786094323.3604276,move,279,307,.!frame.!entry
demo_session_02,21,1786094323.4104276,move,312,323,.!frame.!entry
demo_session_02,21,1786094323.4604275,move,297,315,.!frame.!entry
demo_session_02,21,1786094323.5104275,move,294,319,.!frame.!entry
demo_session_02,21,1786094323.5604274,move,292,315,.!frame.!entry
demo_session_02,21,1786094323.6104274,move,292,319,.!frame.!entry
demo_session_02,21,1786094323.6604273,move,301,326,.!frame.!entry
demo_session_02,21,1786094323.7104273,move,302,323,.!frame.!entry
demo_session_02,21,1786094323.7604272,move,299,327,.!frame.!entry
demo_session_02,21,1786094323.8104272,move,299,334,.!frame.!entry
demo_session_02,21,1786094323.8604271,move,302,316,.!frame.!entry
demo_session_02,21,1786094323.910427,move,306,328,.!frame.!entry
demo_session_02,21,1786094323.960427,move,313,324,.!frame.!entry
demo_session_02,21,1786094324.010427,move,317,322,.!frame.!entry
demo_session_02,21,1786094324.060427,move,312,326,.!frame.!button
demo_session_02,21,1786094324.110427,move,312,322,.!frame.!button
demo_session_02,21,1786094324.1604269,move,306,321,.!frame.!button
demo_session_02,21,1786094324.2104268,move,311,323,.!frame.!button
demo_session_02,21,1786094324.2604268,move,324,328,.!frame.!button
demo_session_02,21,1786094324.3104267,move,306,327,.!frame.!button
demo_session_02,21,1786094324.3604267,move,317,321,.!frame.!button
demo_session_02,21,1786094324.4104266,move,317,326,.!frame.!button
demo_session_02,21,1786094324.4604266,move,322,325,.!frame.!button
demo_session_02,21,1786094324.5104265,move,322,318,.!frame.!button
demo_session_02,21,1786094324.5604265,move,319,321,.!frame.!button
demo_session_02,21,1786094324.6104264,move,317,332,.!frame.!button
demo_session_02,21,1786094324.6604264,move,322,314,.!frame.!button
demo_session_02,21,1786094324.7104263,move,329,333,.!frame.!button
demo_session_02,21,1786094324.7604263,move,334,319,.!frame.!button
demo_session_02,21,1786094324.8104262,move,345,323,.!frame.!button
demo_session_02,21,1786094324.8604262,move,330,319,.!frame.!button
demo_session_02,21,1786094324.9104261,move,331,323,.!frame.!button
demo_session_02,21,1786094324.960426,move,334,312,.!frame.!button
demo_session_02,21,1786094325.010426,move,342,317,.!frame.!button
demo_session_02,21,1786094325.060426,move,343,324,.!frame.!button
demo_session_02,21,1786094325.110426,move,346,322,.!frame.!button
demo_session_02,21,1786094325.160426,move,356,320,.!frame.!button
demo_session_02,21,1786094325.2104259,move,328,321,.!frame.!button
demo_session_02,21,1786094325.2604258,move,351,308,.!frame.!button
demo_session_02,21,1786094325.3104258,move,343,328,.!frame.!button
demo_session_02,21,1786094325.3604257,move,341,333,.!frame.!button
demo_session_02,21,1786094325.4349246,click,347,317,.!frame.!button
demo_session_02,22,1786094325.4349246,move,194,308,.!frame.!entry
demo_session_02,22,1786094325.4849246,move,198,305,.!frame.!entry
demo_session_02,22,1786094325.5349245,move,196,299,.!frame.!entry
demo_session_02,22,1786094325.5849245,move,198,291,.!frame.!entry
demo_session_02,22,1786094325.6349244,move,206,305,.!frame.!entry
demo_session_02,22,1786094325.6849244,move,211,290,.!frame.!entry
demo_session_02,22,1786094325.7349243,move,211,300,.!frame.!entry
demo_session_02,22,1786094325.7849243,move,205,308,.!frame.!entry
demo_session_02,22,1786094325.8349242,move,201,288,.!frame.!entry
demo_session_02,22,1786094325.8849242,move,209,295,.!frame.!entry
demo_session_02,22,1786094325.9349241,move,218,299,.!frame.!entry
demo_session_02,22,1786094325.984924,move,224,291,.!frame.!entry
demo_session_02,22,1786094326.034924,move,230,284,.!frame.!entry
demo_session_02,22,1786094326.084924,move,215,304,.!frame.!entry
demo_session_02,22,1786094326.134924,move,209,313,.!frame.!entry
demo_session_02,22,1786094326.184924,move,213,305,.!frame.!entry
demo_session_02,22,1786094326.2349238,move,226,311,.!frame.!entry
demo_session_02,22,1786094326.2849238,move,224,307,.!frame.!entry
demo_session_02,22,1786094326.3349237,move,223,318,.!frame.!entry
demo_session_02,22,1786094326.3849237,move,224,287,.!frame.!entry
demo_session_02,22,1786094326.4349236,move,240,310,.!frame.!entry
demo_session_02,22,1786094326.4849236,move,225,307,.!frame.!entry
demo_session_02,22,1786094326.5349236,move,239,314,.!frame.!entry
demo_session_02,22,1786094326.5849235,move,239,310,.!frame.!entry
demo_session_02,22,1786094326.6349235,move,236,319,.!frame.!entry
demo_session_02,22,1786094326.6849234,move,232,311,.!frame.!entry
demo_session_02,22,1786094326.7349234,move,236,311,.!frame.!entry
demo_session_02,22,1786094326.7849233,move,239,298,.!frame.!entry
demo_session_02,22,1786094326.8349233,move,259,316,.!frame.!entry
demo_session_02,22,1786094326.8849232,move,242,308,.!frame.!entry
demo_session_02,22,1786094326.9349232,move,231,299,.!frame.!entry
demo_session_02,22,1786094326.9849231,move,256,326,.!frame.!entry
demo_session_02,22,1786094327.034923,move,245,321,.!frame.!entry
demo_session_02,22,1786094327.084923,move,249,301,.!frame.!entry
demo_session_02,22,1786094327.134923,move,263,309,.!frame.!entry
demo_session_02,22,1786094327.184923,move,258,316,.!frame.!entry
demo_session_02,22,1786094327.234923,move,245,293,.!frame.!entry
demo_session_02,22,1786094327.2849228,move,276,298,.!frame.!entry
demo_session_02,22,1786094327.3349228,move,259,295,.!frame.!entry
demo_session_02,22,1786094327.3849227,move,249,310,.!frame.!entry
demo_session_02,22,1786094327.4349227,move,255,309,.!frame.!entry
demo_session_02,22,1786094327.4849226,move,266,305,.!frame.!entry
demo_session_02,22,1786094327.5349226,move,258,314,.!frame.!entry
demo_session_02,22,1786094327.5849226,move,255,308,.!frame.!entry
demo_session_02,22,1786094327.6349225,move,258,302,.!frame.!entry
demo_session_02,22,1786094327.6849225,move,256,316,.!frame.!entry
demo_session_02,22,1786094327.7349224,move,269,301,.!frame.!entry
demo_session_02,22,1786094327.7849224,move,271,295,.!frame.!entry
demo_session_02,22,1786094327.8349223,move,283,317,.!frame.!entry
demo_session_02,22,1786094327.8849223,move,281,309,.!frame.!entry
demo_session_02,22,1786094327.9349222,move,277,324,.!frame.!entry
demo_session_02,22,1786094327.9849222,move,280,302,.!frame.!entry
demo_session_02,22,1786094328.0349221,move,275,312,.!frame.!entry
demo_session_02,22,1786094328.084922,move,274,311,.!frame.!entry
demo_session_02,22,1786094328.134922,move,275,313,.!frame.!entry
demo_session_02,22,1786094328.184922,move,285,296,.!frame.!entry
demo_session_02,22,1786094328.234922,move,281,311,.!frame.!entry
demo_session_02,22,1786094328.284922,move,274,316,.!frame.!entry
demo_session_02,22,1786094328.3349218,move,289,294,.!frame.!entry
demo_session_02,22,1786094328.3849218,move,284,318,.!frame.!entry
demo_session_02,22,1786094328.4349217,move,303,311,.!frame.!entry
demo_session_02,22,1786094328.4849217,move,285,312,.!frame.!entry
demo_session_02,22,1786094328.5349216,move,299,320,.!frame.!entry
demo_session_02,22,1786094328.5849216,move,306,315,.!frame.!entry
demo_session_02,22,1786094328.6349216,move,304,316,.!frame.!entry
demo_session_02,22,1786094328.6849215,move,307,294,.!frame.!entry
demo_session_02,22,1786094328.7349215,move,313,314,.!frame.!entry
demo_session_02,22,1786094328.7849214,move,313,311,.!frame.!entry
demo_session_02,22,1786094328.8349214,move,306,310,.!frame.!button
demo_session_02,22,1786094328.8849213,move,317,328,.!frame.!button
demo_session_02,22,1786094328.9349213,move,302,323,.!frame.!button
demo_session_02,22,1786094328.9849212,move,305,306,.!frame.!button
demo_session_02,22,1786094329.0349212,move,308,303,.!frame.!button
demo_session_02,22,1786094329.0849211,move,308,308,.!frame.!button
demo_session_02,22,1786094329.134921,move,315,318,.!frame.!button
demo_session_02,22,1786094329.184921,move,313,327,.!frame.!button
demo_session_02,22,1786094329.234921,move,326,314,.!frame.!button
demo_session_02,22,1786094329.284921,move,319,304,.!frame.!button
demo_session_02,22,1786094329.334921,move,313,330,.!frame.!button
demo_session_02,22,1786094329.3849208,move,323,312,.!frame.!button
demo_session_02,22,1786094329.4349208,move,322,308,.!frame.!button
demo_session_02,22,1786094329.4849207,move,335,317,.!frame.!button
demo_session_02,22,1786094329.5349207,move,324,309,.!frame.!button
demo_session_02,22,1786094329.5849206,move,316,307,.!frame.!button
demo_session_02,22,1786094329.6349206,move,334,318,.!frame.!button
demo_session_02,22,1786094329.6849205,move,347,318,.!frame.!button
demo_session_02,22,1786094329.7349205,move,344,329,.!frame.!button
demo_session_02,22,1786094329.7849205,move,332,317,.!frame.!button
demo_session_02,22,1786094329.8349204,move,352,324,.!frame.!button
demo_session_02,22,1786094329.8849204,move,335,323,.!frame.!button
demo_session_02,22,1786094329.9349203,move,344,304,.!frame.!button
demo_session_02,22,1786094329.9849203,move,345,316,.!frame.!button
demo_session_02,22,1786094330.0349202,move,344,323,.!frame.!button
demo_session_02,22,1786094330.0849202,move,332,317,.!frame.!button
demo_session_02,22,1786094330.1349201,move,354,329,.!frame.!button
demo_session_02,22,1786094330.18492,move,341,324,.!frame.!button
demo_session_02,22,1786094330.23492,move,345,327,.!frame.!button
demo_session_02,22,1786094330.286674,click,346,316,.!frame.!button
demo_session_02,23,1786094330.286674,move,342,351,.!frame.!entry
demo_session_02,23,1786094330.336674,move,332,338,.!frame.!entry
demo_session_02,23,1786094330.386674,move,325,348,.!frame.!entry
demo_session_02,23,1786094330.4366739,move,348,342,.!frame.!entry
demo_session_02,23,1786094330.4866738,move,353,351,.!frame.!entry
demo_session_02,23,1786094330.5366738,move,342,355,.!frame.!entry
demo_session_02,23,1786094330.5866737,move,337,342,.!frame.!entry
demo_session_02,23,1786094330.6366737,move,329,349,.!frame.!entry
demo_session_02,23,1786094330.6866736,move,337,364,.!frame.!entry
demo_session_02,23,1786094330.7366736,move,342,344,.!frame.!entry
demo_session_02,23,1786094330.7866735,move,340,350,.!frame.!entry
demo_session_02,23,1786094330.8366735,move,332,364,.!frame.!entry
demo_session_02,23,1786094330.8866735,move,342,349,.!frame.!entry
demo_session_02,23,1786094330.9366734,move,321,353,.!frame.!entry
demo_session_02,23,1786094330.9866734,move,347,363,.!frame.!entry
demo_session_02,23,1786094331.0366733,move,333,352,.!frame.!entry
demo_session_02,23,1786094331.0866733,move,330,346,.!frame.!entry
demo_session_02,23,1786094331.1366732,move,336,347,.!frame.!entry
demo_session_02,23,1786094331.1866732,move,337,343,.!frame.!entry
demo_session_02,23,1786094331.236673,move,347,359,.!frame.!entry
demo_session_02,23,1786094331.286673,move,337,346,.!frame.!entry
demo_session_02,23,1786094331.336673,move,333,352,.!frame.!entry
demo_session_02,23,1786094331.386673,move,341,341,.!frame.!entry
demo_session_02,23,1786094331.436673,move,336,362,.!frame.!entry
demo_session_02,23,1786094331.4866729,move,329,348,.!frame.!entry
demo_session_02,23,1786094331.5366728,move,346,353,.!frame.!entry
demo_session_02,23,1786094331.5866728,move,350,348,.!frame.!entry
demo_session_02,23,1786094331.6366727,move,344,342,.!frame.!entry
demo_session_02,23,1786094331.6866727,move,340,345,.!frame.!entry
demo_session_02,23,1786094331.7366726,move,344,343,.!frame.!entry
demo_session_02,23,1786094331.7866726,move,340,349,.!frame.!entry
demo_session_02,23,1786094331.8366725,move,335,343,.!frame.!entry
demo_session_02,23,1786094331.8866725,move,353,349,.!frame.!entry
demo_session_02,23,1786094331.9366724,move,348,351,.!frame.!entry
demo_session_02,23,1786094331.9866724,move,338,341,.!frame.!entry
demo_session_02,23,1786094332.0366724,move,349,333,.!frame.!entry
demo_session_02,23,1786094332.0866723,move,325,352,.!frame.!entry
demo_session_02,23,1786094332.1366723,move,345,341,.!frame.!entry
demo_session_02,23,1786094332.1866722,move,344,356,.!frame.!entry
demo_session_02,23,1786094332.2366722,move,335,343,.!frame.!entry
demo_session_02,23,1786094332.286672,move,343,345,.!frame.!entry
demo_session_02,23,1786094332.336672,move,336,342,.!frame.!entry
demo_session_02,23,1786094332.386672,move,336,344,.!frame.!entry
demo_session_02,23,1786094332.436672,move,334,347,.!frame.!entry
demo_session_02,23,1786094332.486672,move,325,334,.!frame.!entry
demo_session_02,23,1786094332.5366719,move,341,345,.!frame.!entry
demo_session_02,23,1786094332.5866718,move,349,329,.!frame.!entry
demo_session_02,23,1786094332.6366718,move,341,322,.!frame.!entry
demo_session_02,23,1786094332.6866717,move,348,325,.!frame.!entry
demo_session_02,23,1786094332.7366717,move,344,340,.!frame.!entry
demo_session_02,23,1786094332.7866716,move,336,339,.!frame.!entry
demo_session_02,23,1786094332.8366716,move,339,341,.!frame.!entry
demo_session_02,23,1786094332.8866715,move,348,345,.!frame.!entry
demo_session_02,23,1786094332.9366715,move,344,330,.!frame.!entry
demo_session_02,23,1786094332.9866714,move,346,330,.!frame.!entry
demo_session_02,23,1786094333.0366714,move,346,328,.!frame.!entry
demo_session_02,23,1786094333.0866714,move,334,333,.!frame.!entry
demo_session_02,23,1786094333.1366713,move,338,338,.!frame.!entry
demo_session_02,23,1786094333.1866713,move,331,333,.!frame.!entry
demo_session_02,23,1786094333.2366712,move,349,329,.!frame.!entry
demo_session_02,23,1786094333.2866712,move,343,325,.!frame.!entry
demo_session_02,23,1786094333.336671,move,334,346,.!frame.!entry
demo_session_02,23,1786094333.386671,move,333,339,.!frame.!entry
demo_session_02,23,1786094333.436671,move,342,339,.!frame.!entry
demo_session_02,23,1786094333.486671,move,337,336,.!frame.!entry
demo_session_02,23,1786094333.536671,move,337,319,.!frame.!entry
demo_session_02,23,1786094333.5866709,move,348,332,.!frame.!entry
demo_session_02,23,1786094333.6366708,move,351,333,.!frame.!entry
demo_session_02,23,1786094333.6866708,move,353,336,.!frame.!entry
demo_session_02,23,1786094333.7366707,move,346,342,.!frame.!entry
demo_session_02,23,1786094333.7866707,move,344,333,.!frame.!entry
demo_session_02,23,1786094333.8366706,move,344,324,.!frame.!entry
demo_session_02,23,1786094333.8866706,move,336,335,.!frame.!entry
demo_session_02,23,1786094333.9366705,move,342,329,.!frame.!entry
demo_session_02,23,1786094333.9866705,move,348,342,.!frame.!entry
demo_session_02,23,1786094334.0366704,move,347,329,.!frame.!entry
demo_session_02,23,1786094334.0866704,move,344,324,.!frame.!entry
demo_session_02,23,1786094334.1366704,move,346,328,.!frame.!entry
demo_session_02,23,1786094334.1866703,move,346,343,.!frame.!entry
demo_session_02,23,1786094334.2366703,move,342,323,.!frame.!button
demo_session_02,23,1786094334.2866702,move,342,334,.!frame.!button
demo_session_02,23,1786094334.3366702,move,350,313,.!frame.!button
demo_session_02,23,1786094334.38667,move,335,325,.!frame.!button
demo_session_02,23,1786094334.43667,move,348,338,.!frame.!button
demo_session_02,23,1786094334.48667,move,353,320,.!frame.!button
demo_session_02,23,1786094334.53667,move,338,332,.!frame.!button
demo_session_02,23,1786094334.58667,move,342,328,.!frame.!button
demo_session_02,23,1786094334.6366699,move,353,331,.!frame.!button
demo_session_02,23,1786094334.6866698,move,349,324,.!frame.!button
demo_session_02,23,1786094334.7366698,move,349,323,.!frame.!button
demo_session_02,23,1786094334.7866697,move,348,315,.!frame.!button
demo_session_02,23,1786094334.8366697,move,348,318,.!frame.!button
demo_session_02,23,1786094334.8866696,move,350,313,.!frame.!button
demo_session_02,23,1786094334.9366696,move,354,345,.!frame.!button
demo_session_02,23,1786094334.9866695,move,355,313,.!frame.!button
demo_session_02,23,1786094335.0366695,move,356,318,.!frame.!button
demo_session_02,23,1786094335.0866694,move,366,321,.!frame.!button
demo_session_02,23,1786094335.1366694,move,345,327,.!frame.!button
demo_session_02,23,1786094335.1866693,move,345,322,.!frame.!button
demo_session_02,23,1786094335.2366693,move,348,322,.!frame.!button
demo_session_02,23,1786094335.2866693,move,352,308,.!frame.!button
demo_session_02,23,1786094335.3366692,move,340,332,.!frame.!button
demo_session_02,23,1786094335.3866692,move,336,327,.!frame.!button
demo_session_02,23,1786094335.436669,move,344,327,.!frame.!button
demo_session_02,23,1786094335.486669,move,348,335,.!frame.!button
demo_session_02,23,1786094335.536669,move,331,309,.!frame.!button
demo_session_02,23,1786094335.586669,move,360,330,.!frame.!button
demo_session_02,23,1786094335.636669,move,353,314,.!frame.!button
demo_session_02,23,1786094335.6866689,move,351,319,.!frame.!button
demo_session_02,23,1786094335.7366688,move,344,309,.!frame.!button
demo_session_02,23,1786094335.7866688,move,354,337,.!frame.!button
demo_session_02,23,1786094335.8366687,move,371,319,.!frame.!button
demo_session_02,23,1786094335.8866687,move,356,316,.!frame.!button
demo_session_02,23,1786094335.9421563,click,352,322,.!frame.!button
demo_session_02,24,1786094335.9421563,move,301,270,.!frame.!entry
demo_session_02,24,1786094335.9921563,move,295,271,.!frame.!entry
demo_session_02,24,1786094336.0421562,move,304,273,.!frame.!entry
demo_session_02,24,1786094336.0921562,move,300,291,.!frame.!entry
demo_session_02,24,1786094336.1421561,move,293,264,.!frame.!entry
demo_session_02,24,1786094336.192156,move,295,276,.!frame.!entry
demo_session_02,24,1786094336.242156,move,300,280,.!frame.!entry
demo_session_02,24,1786094336.292156,move,290,280,.!frame.!entry
demo_session_02,24,1786094336.342156,move,307,294,.!frame.!entry
demo_session_02,24,1786094336.392156,move,303,281,.!frame.!entry
demo_session_02,24,1786094336.4421558,move,287,283,.!frame.!entry
demo_session_02,24,1786094336.4921558,move,289,287,.!frame.!entry
demo_session_02,24,1786094336.5421557,move,307,265,.!frame.!entry
demo_session_02,24,1786094336.5921557,move,309,285,.!frame.!entry
demo_session_02,24,1786094336.6421556,move,313,272,.!frame.!entry
demo_session_02,24,1786094336.6921556,move,295,284,.!frame.!entry
demo_session_02,24,1786094336.7421556,move,312,276,.!frame.!entry
demo_session_02,24,1786094336.7921555,move,298,282,.!frame.!entry
demo_session_02,24,1786094336.8421555,move,296,293,.!frame.!entry
demo_session_02,24,1786094336.8921554,move,303,284,.!frame.!entry
demo_session_02,24,1786094336.9421554,move,302,277,.!frame.!entry
demo_session_02,24,1786094336.9921553,move,311,289,.!frame.!entry
demo_session_02,24,1786094337.0421553,move,310,278,.!frame.!entry
demo_session_02,24,1786094337.0921552,move,299,284,.!frame.!entry
demo_session_02,24,1786094337.1421552,move,299,292,.!frame.!entry
demo_session_02,24,1786094337.1921551,move,316,272,.!frame.!entry
demo_session_02,24,1786094337.242155,move,306,283,.!frame.!entry
demo_session_02,24,1786094337.292155,move,320,283,.!frame.!entry
demo_session_02,24,1786094337.342155,move,315,277,.!frame.!entry
demo_session_02,24,1786094337.392155,move,332,288,.!frame.!entry
demo_session_02,24,1786094337.442155,move,330,294,.!frame.!entry
demo_session_02,24,1786094337.4921548,move,307,281,.!frame.!entry
demo_session_02,24,1786094337.5421548,move,297,281,.!frame.!entry
demo_session_02,24,1786094337.5921547,move,325,302,.!frame.!entry
demo_session_02,24,1786094337.6421547,move,310,297,.!frame.!entry
demo_session_02,24,1786094337.6921546,move,313,276,.!frame.!entry
demo_session_02,24,1786094337.7421546,move,308,292,.!frame.!entry
demo_session_02,24,1786094337.7921546,move,312,284,.!frame.!entry
demo_session_02,24,1786094337.8421545,move,293,293,.!frame.!entry
demo_session_02,24,1786094337.8921545,move,291,284,.!frame.!entry
demo_session_02,24,1786094337.9421544,move,314,288,.!frame.!entry
demo_session_02,24,1786094337.9921544,move,318,281,.!frame.!entry
demo_session_02,24,1786094338.0421543,move,309,274,.!frame.!entry
demo_session_02,24,1786094338.0921543,move,328,306,.!frame.!entry
demo_session_02,24,1786094338.1421542,move,310,285,.!frame.!entry
demo_session_02,24,1786094338.1921542,move,325,296,.!frame.!entry
demo_session_02,24,1786094338.2421541,move,326,291,.!frame.!entry
demo_session_02,24,1786094338.292154,move,316,302,.!frame.!entry
demo_session_02,24,1786094338.342154,move,314,288,.!frame.!entry
demo_session_02,24,1786094338.392154,move,319,298,.!frame.!entry
demo_session_02,24,1786094338.442154,move,310,280,.!frame.!entry
demo_session_02,24,1786094338.492154,move,316,287,.!frame.!entry
demo_session_02,24,1786094338.5421538,move,320,302,.!frame.!entry
demo_session_02,24,1786094338.5921538,move,324,294,.!frame.!entry
demo_session_02,24,1786094338.6421537,move,306,301,.!frame.!entry
demo_session_02,24,1786094338.6921537,move,315,303,.!frame.!entry
demo_session_02,24,1786094338.7421536,move,312,284,.!frame.!entry
demo_session_02,24,1786094338.7921536,move,333,296,.!frame.!entry
demo_session_02,24,1786094338.8421535,move,310,293,.!frame.!entry
demo_session_02,24,1786094338.8921535,move,322,295,.!frame.!entry
demo_session_02,24,1786094338.9421535,move,330,295,.!frame.!entry
demo_session_02,24,1786094338.9921534,move,316,308,.!frame.!entry
demo_session_02,24,1786094339.0421534,move,322,303,.!frame.!entry
demo_session_02,24,1786094339.0921533,move,332,313,.!frame.!entry
demo_session_02,24,1786094339.1421533,move,301,288,.!frame.!entry
demo_session_02,24,1786094339.1921532,move,341,295,.!frame.!entry
demo_session_02,24,1786094339.2421532,move,317,299,.!frame.!entry
demo_session_02,24,1786094339.2921531,move,332,296,.!frame.!entry
demo_session_02,24,1786094339.342153,move,320,304,.!frame.!entry
demo_session_02,24,1786094339.392153,move,327,299,.!frame.!entry
demo_session_02,24,1786094339.442153,move,338,313,.!frame.!entry
demo_session_02,24,1786094339.492153,move,319,303,.!frame.!entry
demo_session_02,24,1786094339.542153,move,330,299,.!frame.!entry
demo_session_02,24,1786094339.5921528,move,319,293,.!frame.!entry
demo_session_02,24,1786094339.6421528,move,329,306,.!frame.!entry
demo_session_02,24,1786094339.6921527,move,334,306,.!frame.!entry
demo_session_02,24,1786094339.7421527,move,332,301,.!frame.!entry
demo_session_02,24,1786094339.7921526,move,325,295,.!frame.!entry
demo_session_02,24,1786094339.8421526,move,330,305,.!frame.!entry
demo_session_02,24,1786094339.8921525,move,331,309,.!frame.!entry
demo_session_02,24,1786094339.9421525,move,325,296,.!frame.!entry
demo_session_02,24,1786094339.9921525,move,331,307,.!frame.!entry
demo_session_02,24,1786094340.0421524,move,328,305,.!frame.!entry
demo_session_02,24,1786094340.0921524,move,343,304,.!frame.!entry
demo_session_02,24,1786094340.1421523,move,322,313,.!frame.!entry
demo_session_02,24,1786094340.1921523,move,334,297,.!frame.!entry
demo_session_02,24,1786094340.2421522,move,324,298,.!frame.!entry
demo_session_02,24,1786094340.2921522,move,325,300,.!frame.!entry
demo_session_02,24,1786094340.342152,move,319,311,.!frame.!entry
demo_session_02,24,1786094340.392152,move,335,331,.!frame.!entry
demo_session_02,24,1786094340.442152,move,330,297,.!frame.!entry
demo_session_02,24,1786094340.492152,move,327,295,.!frame.!entry
demo_session_02,24,1786094340.542152,move,324,302,.!frame.!entry
demo_session_02,24,1786094340.5921519,move,331,316,.!frame.!entry
demo_session_02,24,1786094340.6421518,move,328,303,.!frame.!entry
demo_session_02,24,1786094340.6921518,move,336,309,.!frame.!entry
demo_session_02,24,1786094340.7421517,move,332,296,.!frame.!entry
demo_session_02,24,1786094340.7921517,move,342,299,.!frame.!button
demo_session_02,24,1786094340.8421516,move,331,311,.!frame.!button
demo_session_02,24,1786094340.8921516,move,347,301,.!frame.!button
demo_session_02,24,1786094340.9421515,move,332,299,.!frame.!button
demo_session_02,24,1786094340.9921515,move,337,293,.!frame.!button
demo_session_02,24,1786094341.0421515,move,343,318,.!frame.!button
demo_session_02,24,1786094341.0921514,move,346,294,.!frame.!button
demo_session_02,24,1786094341.1421514,move,338,308,.!frame.!button
demo_session_02,24,1786094341.1921513,move,335,315,.!frame.!button
demo_session_02,24,1786094341.2421513,move,350,310,.!frame.!button
demo_session_02,24,1786094341.2921512,move,339,310,.!frame.!button
demo_session_02,24,1786094341.3421512,move,340,312,.!frame.!button
demo_session_02,24,1786094341.392151,move,332,307,.!frame.!button
demo_session_02,24,1786094341.442151,move,347,307,.!frame.!button
demo_session_02,24,1786094341.492151,move,348,313,.!frame.!button
demo_session_02,24,1786094341.542151,move,342,334,.!frame.!button
demo_session_02,24,1786094341.592151,move,335,313,.!frame.!button
demo_session_02,24,1786094341.6421509,move,342,310,.!frame.!button
demo_session_02,24,1786094341.6921508,move,345,315,.!frame.!button
demo_session_02,24,1786094341.7421508,move,329,314,.!frame.!button
demo_session_02,24,1786094341.7921507,move,337,316,.!frame.!button
demo_session_02,24,1786094341.8421507,move,335,324,.!frame.!button
demo_session_02,24,1786094341.8921506,move,336,309,.!frame.!button
demo_session_02,24,1786094341.9421506,move,340,306,.!frame.!button
demo_session_02,24,1786094341.9921505,move,341,307,.!frame.!button
demo_session_02,24,1786094342.0421505,move,351,315,.!frame.!button
demo_session_02,24,1786094342.0921504,move,341,305,.!frame.!button
demo_session_02,24,1786094342.1421504,move,329,314,.!frame.!button
demo_session_02,24,1786094342.1921504,move,336,311,.!frame.!button
demo_session_02,24,1786094342.2421503,move,337,316,.!frame.!button
demo_session_02,24,1786094342.2921503,move,358,320,.!frame.!button
demo_session_02,24,1786094342.3421502,move,343,329,.!frame.!button
demo_session_02,24,1786094342.3921502,move,360,333,.!frame.!button
demo_session_02,24,1786094342.44215,move,343,318,.!frame.!button
demo_session_02,24,1786094342.49215,move,336,317,.!frame.!button
demo_session_02,24,1786094342.54215,move,330,321,.!frame.!button
demo_session_02,24,1786094342.59215,move,343,327,.!frame.!button
demo_session_02,24,1786094342.64215,move,351,325,.!frame.!button
demo_session_02,24,1786094342.6921499,move,338,298,.!frame.!button
demo_session_02,24,1786094342.7421498,move,373,313,.!frame.!button
demo_session_02,24,1786094342.7921498,move,345,333,.!frame.!button
demo_session_02,24,1786094342.8421497,move,360,301,.!frame.!button
demo_session_02,24,1786094342.8976877,click,358,328,.!frame.!button
demo_session_02,25,1786094342.8976877,move,374,156,.!frame.!entry
demo_session_02,25,1786094342.9476876,move,379,173,.!frame.!entry
demo_session_02,25,1786094342.9976876,move,387,167,.!frame.!entry
demo_session_02,25,1786094343.0476875,move,389,178,.!frame.!entry
demo_session_02,25,1786094343.0976875,move,373,188,.!frame.!entry
demo_session_02,25,1786094343.1476874,move,380,181,.!frame.!entry
demo_session_02,25,1786094343.1976874,move,385,183,.!frame.!entry
demo_session_02,25,1786094343.2476873,move,395,179,.!frame.!entry
demo_session_02,25,1786094343.2976873,move,372,182,.!frame.!entry
demo_session_02,25,1786094343.3476872,move,376,178,.!frame.!entry
demo_session_02,25,1786094343.3976872,move,364,177,.!frame.!entry
demo_session_02,25,1786094343.4476871,move,382,178,.!frame.!entry
demo_session_02,25,1786094343.497687,move,381,190,.!frame.!entry
demo_session_02,25,1786094343.547687,move,373,187,.!frame.!entry
demo_session_02,25,1786094343.597687,move,367,195,.!frame.!entry
demo_session_02,25,1786094343.647687,move,366,196,.!frame.!entry
demo_session_02,25,1786094343.697687,move,372,191,.!frame.!entry
demo_session_02,25,1786094343.7476869,move,368,201,.!frame.!entry
demo_session_02,25,1786094343.7976868,move,379,181,.!frame.!entry
demo_session_02,25,1786094343.8476868,move,382,191,.!frame.!entry
demo_session_02,25,1786094343.8976867,move,386,209,.!frame.!entry
demo_session_02,25,1786094343.9476867,move,370,206,.!frame.!entry
demo_session_02,25,1786094343.9976866,move,373,206,.!frame.!entry
demo_session_02,25,1786094344.0476866,move,370,203,.!frame.!entry
demo_session_02,25,1786094344.0976865,move,374,212,.!frame.!entry
demo_session_02,25,1786094344.1476865,move,373,212,.!frame.!entry
demo_session_02,25,1786094344.1976864,move,366,203,.!frame.!entry
demo_session_02,25,1786094344.2476864,move,362,208,.!frame.!entry
demo_session_02,25,1786094344.2976863,move,369,222,.!frame.!entry
demo_session_02,25,1786094344.3476863,move,369,216,.!frame.!entry
demo_session_02,25,1786094344.3976862,move,365,212,.!frame.!entry
demo_session_02,25,1786094344.4476862,move,377,229,.!frame.!entry
demo_session_02,25,1786094344.4976861,move,379,225,.!frame.!entry
demo_session_02,25,1786094344.547686,move,368,223,.!frame.!entry
demo_session_02,25,1786094344.597686,move,364,219,.!frame.!entry
demo_session_02,25,1786094344.647686,move,369,232,.!frame.!entry
demo_session_02,25,1786094344.697686,move,375,229,.!frame.!entry
demo_session_02,25,1786094344.747686,move,365,218,.!frame.!entry
demo_session_02,25,1786094344.7976859,move,372,239,.!frame.!entry
demo_session_02,25,1786094344.8476858,move,380,233,.!frame.!entry
demo_session_02,25,1786094344.8976858,move,364,230,.!frame.!entry
demo_session_02,25,1786094344.9476857,move,366,232,.!frame.!entry
demo_session_02,25,1786094344.9976857,move,366,225,.!frame.!entry
demo_session_02,25,1786094345.0476856,move,355,236,.!frame.!entry
demo_session_02,25,1786094345.0976856,move,357,231,.!frame.!entry
demo_session_02,25,1786094345.1476855,move,374,241,.!frame.!entry
demo_session_02,25,1786094345.1976855,move,360,234,.!frame.!entry
demo_session_02,25,1786094345.2476854,move,373,242,.!frame.!entry
demo_session_02,25,1786094345.2976854,move,359,247,.!frame.!entry
demo_session_02,25,1786094345.3476853,move,353,248,.!frame.!entry
demo_session_02,25,1786094345.3976853,move,362,249,.!frame.!entry
demo_session_02,25,1786094345.4476852,move,363,260,.!frame.!entry
demo_session_02,25,1786094345.4976852,move,359,254,.!frame.!entry
demo_session_02,25,1786094345.5476851,move,367,253,.!frame.!entry
demo_session_02,25,1786094345.597685,move,367,248,.!frame.!entry
demo_session_02,25,1786094345.647685,move,375,252,.!frame.!entry
demo_session_02,25,1786094345.697685,move,356,266,.!frame.!entry
demo_session_02,25,1786094345.747685,move,361,254,.!frame.!entry
demo_session_02,25,1786094345.797685,move,350,266,.!frame.!entry
demo_session_02,25,1786094345.8476849,move,370,265,.!frame.!entry
demo_session_02,25,1786094345.8976848,move,365,262,.!frame.!entry
demo_session_02,25,1786094345.9476848,move,357,259,.!frame.!entry
demo_session_02,25,1786094345.9976847,move,357,268,.!frame.!entry
demo_session_02,25,1786094346.0476847,move,361,272,.!frame.!entry
demo_session_02,25,1786094346.0976846,move,358,278,.!frame.!entry
demo_session_02,25,1786094346.1476846,move,354,268,.!frame.!entry
demo_session_02,25,1786094346.1976845,move,359,267,.!frame.!entry
demo_session_02,25,1786094346.2476845,move,348,273,.!frame.!button
demo_session_02,25,1786094346.2976844,move,366,288,.!frame.!button
demo_session_02,25,1786094346.3476844,move,353,272,.!frame.!button
demo_session_02,25,1786094346.3976843,move,369,280,.!frame.!button
demo_session_02,25,1786094346.4476843,move,362,291,.!frame.!button
demo_session_02,25,1786094346.4976842,move,367,289,.!frame.!button
demo_session_02,25,1786094346.5476842,move,352,288,.!frame.!button
demo_session_02,25,1786094346.5976841,move,360,286,.!frame.!button
demo_session_02,25,1786094346.647684,move,356,282,.!frame.!button
demo_session_02,25,1786094346.697684,move,368,295,.!frame.!button
demo_session_02,25,1786094346.747684,move,356,289,.!frame.!button
demo_session_02,25,1786094346.797684,move,367,294,.!frame.!button
demo_session_02,25,1786094346.847684,move,350,296,.!frame.!button
demo_session_02,25,1786094346.8976839,move,357,290,.!frame.!button
demo_session_02,25,1786094346.9476838,move,356,303,.!frame.!button
demo_session_02,25,1786094346.9976838,move,352,295,.!frame.!button
demo_session_02,25,1786094347.0476837,move,352,300,.!frame.!button
demo_session_02,25,1786094347.0976837,move,361,293,.!frame.!button
demo_session_02,25,1786094347.1476836,move,351,280,.!frame.!button
demo_session_02,25,1786094347.1976836,move,337,301,.!frame.!button
demo_session_02,25,1786094347.2476835,move,359,314,.!frame.!button
demo_session_02,25,1786094347.2976835,move,345,304,.!frame.!button
demo_session_02,25,1786094347.3476834,move,346,318,.!frame.!button
demo_session_02,25,1786094347.3976834,move,354,317,.!frame.!button
demo_session_02,25,1786094347.4476833,move,349,308,.!frame.!button
demo_session_02,25,1786094347.4976833,move,357,312,.!frame.!button
demo_session_02,25,1786094347.5476832,move,350,317,.!frame.!button
demo_session_02,25,1786094347.5976832,move,347,327,.!frame.!button
demo_session_02,25,1786094347.6476831,move,348,330,.!frame.!button
demo_session_02,25,1786094347.7372165,click,353,323,.!frame.!button
demo_session_02,26,1786094347.7372165,move,441,144,.!frame.!entry
demo_session_02,26,1786094347.7872164,move,447,134,.!frame.!entry
demo_session_02,26,1786094347.8372164,move,458,140,.!frame.!entry
demo_session_02,26,1786094347.8872163,move,451,128,.!frame.!entry
demo_session_02,26,1786094347.9372163,move,441,149,.!frame.!entry
demo_session_02,26,1786094347.9872162,move,428,133,.!frame.!entry
demo_session_02,26,1786094348.0372162,move,437,149,.!frame.!entry
demo_session_02,26,1786094348.0872161,move,443,138,.!frame.!entry
demo_session_02,26,1786094348.137216,move,447,144,.!frame.!entry
demo_session_02,26,1786094348.187216,move,437,155,.!frame.!entry
demo_session_02,26,1786094348.237216,move,432,157,.!frame.!entry
demo_session_02,26,1786094348.287216,move,425,154,.!frame.!entry
demo_session_02,26,1786094348.337216,move,440,154,.!frame.!entry
demo_session_02,26,1786094348.3872159,move,432,150,.!frame.!entry
demo_session_02,26,1786094348.4372158,move,440,165,.!frame.!entry
demo_session_02,26,1786094348.4872158,move,422,156,.!frame.!entry
demo_session_02,26,1786094348.5372157,move,424,151,.!frame.!entry
demo_session_02,26,1786094348.5872157,move,439,156,.!frame.!entry
demo_session_02,26,1786094348.6372156,move,418,162,.!frame.!entry
demo_session_02,26,1786094348.6872156,move,426,164,.!frame.!entry
demo_session_02,26,1786094348.7372155,move,433,169,.!frame.!entry
demo_session_02,26,1786094348.7872155,move,430,181,.!frame.!entry
demo_session_02,26,1786094348.8372154,move,421,168,.!frame.!entry
demo_session_02,26,1786094348.8872154,move,423,186,.!frame.!entry
demo_session_02,26,1786094348.9372153,move,447,184,.!frame.!entry
demo_session_02,26,1786094348.9872153,move,424,176,.!frame.!entry
demo_session_02,26,1786094349.0372152,move,425,160,.!frame.!entry
demo_session_02,26,1786094349.0872152,move,424,177,.!frame.!entry
demo_session_02,26,1786094349.1372151,move,417,184,.!frame.!entry
demo_session_02,26,1786094349.187215,move,436,181,.!frame.!entry
demo_session_02,26,1786094349.237215,move,424,186,.!frame.!entry
demo_session_02,26,1786094349.287215,move,412,180,.!frame.!entry
demo_session_02,26,1786094349.337215,move,421,191,.!frame.!entry
demo_session_02,26,1786094349.387215,move,423,198,.!frame.!entry
demo_session_02,26,1786094349.4372149,move,422,185,.!frame.!entry
demo_session_02,26,1786094349.4872148,move,420,195,.!frame.!entry
demo_session_02,26,1786094349.5372148,move,428,189,.!frame.!entry
demo_session_02,26,1786094349.5872147,move,421,196,.!frame.!entry
demo_session_02,26,1786094349.6372147,move,430,196,.!frame.!entry
demo_session_02,26,1786094349.6872146,move,411,195,.!frame.!entry
demo_session_02,26,1786094349.7372146,move,407,195,.!frame.!entry
demo_session_02,26,1786094349.7872145,move,397,204,.!frame.!entry
demo_session_02,26,1786094349.8372145,move,396,204,.!frame.!entry
demo_session_02,26,1786094349.8872144,move,408,205,.!frame.!entry
demo_session_02,26,1786094349.9372144,move,400,213,.!frame.!entry
demo_session_02,26,1786094349.9872143,move,401,221,.!frame.!entry
demo_session_02,26,1786094350.0372143,move,431,207,.!frame.!entry
demo_session_02,26,1786094350.0872142,move,411,201,.!frame.!entry
demo_session_02,26,1786094350.1372142,move,404,220,.!frame.!entry
demo_session_02,26,1786094350.1872141,move,418,204,.!frame.!entry
demo_session_02,26,1786094350.237214,move,395,209,.!frame.!entry
demo_session_02,26,1786094350.287214,move,410,214,.!frame.!entry
demo_session_02,26,1786094350.337214,move,398,219,.!frame.!entry
demo_session_02,26,1786094350.387214,move,405,220,.!frame.!entry
demo_session_02,26,1786094350.437214,move,397,239,.!frame.!entry
demo_session_02,26,1786094350.4872139,move,411,238,.!frame.!entry
demo_session_02,26,1786094350.5372138,move,389,215,.!frame.!entry
demo_session_02,26,1786094350.5872138,move,397,226,.!frame.!entry
demo_session_02,26,1786094350.6372137,move,380,224,.!frame.!entry
demo_session_02,26,1786094350.6872137,move,374,225,.!frame.!entry
demo_session_02,26,1786094350.7372136,move,400,224,.!frame.!entry
demo_session_02,26,1786094350.7872136,move,391,237,.!frame.!entry
demo_session_02,26,1786094350.8372135,move,391,230,.!frame.!entry
demo_session_02,26,1786094350.8872135,move,401,235,.!frame.!entry
demo_session_02,26,1786094350.9372134,move,387,254,.!frame.!entry
demo_session_02,26,1786094350.9872134,move,393,240,.!frame.!entry
demo_session_02,26,1786094351.0372133,move,396,239,.!frame.!entry
demo_session_02,26,1786094351.0872133,move,377,245,.!frame.!entry
demo_session_02,26,1786094351.1372132,move,392,251,.!frame.!entry
demo_session_02,26,1786094351.1872132,move,388,232,.!frame.!entry
demo_session_02,26,1786094351.2372131,move,387,217,.!frame.!entry
demo_session_02,26,1786094351.287213,move,402,252,.!frame.!entry
demo_session_02,26,1786094351.337213,move,408,254,.!frame.!entry
demo_session_02,26,1786094351.387213,move,381,242,.!frame.!entry
demo_session_02,26,1786094351.437213,move,383,230,.!frame.!entry
demo_session_02,26,1786094351.487213,move,387,253,.!frame.!entry
demo_session_02,26,1786094351.5372128,move,385,257,.!frame.!entry
demo_session_02,26,1786094351.5872128,move,378,254,.!frame.!entry
demo_session_02,26,1786094351.6372128,move,372,272,.!frame.!entry
demo_session_02,26,1786094351.6872127,move,362,254,.!frame.!entry
demo_session_02,26,1786094351.7372127,move,375,264,.!frame.!button
demo_session_02,26,1786094351.7872126,move,372,269,.!frame.!button
demo_session_02,26,1786094351.8372126,move,380,270,.!frame.!button
demo_session_02,26,1786094351.8872125,move,369,259,.!frame.!button
demo_session_02,26,1786094351.9372125,move,377,274,.!frame.!button
demo_session_02,26,1786094351.9872124,move,376,269,.!frame.!button
demo_session_02,26,1786094352.0372124,move,365,272,.!frame.!button
demo_session_02,26,1786094352.0872123,move,366,281,.!frame.!button
demo_session_02,26,1786094352.1372123,move,384,284,.!frame.!button
demo_session_02,26,1786094352.1872122,move,356,292,.!frame.!button
demo_session_02,26,1786094352.2372122,move,369,269,.!frame.!button
demo_session_02,26,1786094352.2872121,move,368,292,.!frame.!button
demo_session_02,26,1786094352.337212,move,382,277,.!frame.!button
demo_session_02,26,1786094352.387212,move,378,296,.!frame.!button
demo_session_02,26,1786094352.437212,move,381,311,.!frame.!button
demo_session_02,26,1786094352.487212,move,351,280,.!frame.!button
demo_session_02,26,1786094352.537212,move,354,281,.!frame.!button
demo_session_02,26,1786094352.5872118,move,339,289,.!frame.!button
demo_session_02,26,1786094352.6372118,move,368,292,.!frame.!button
demo_session_02,26,1786094352.6872118,move,369,304,.!frame.!button
demo_session_02,26,1786094352.7372117,move,361,302,.!frame.!button
demo_session_02,26,1786094352.7872117,move,351,290,.!frame.!button
demo_session_02,26,1786094352.8372116,move,357,298,.!frame.!button
demo_session_02,26,1786094352.8872116,move,355,300,.!frame.!button
demo_session_02,26,1786094352.9372115,move,350,307,.!frame.!button
demo_session_02,26,1786094352.9872115,move,355,307,.!frame.!button
demo_session_02,26,1786094353.0372114,move,350,316,.!frame.!button
demo_session_02,26,1786094353.0872114,move,342,310,.!frame.!button
demo_session_02,26,1786094353.1372113,move,354,326,.!frame.!button
demo_session_02,26,1786094353.1872113,move,362,296,.!frame.!button
demo_session_02,26,1786094353.2372112,move,351,321,.!frame.!button
demo_session_02,26,1786094353.2872112,move,347,313,.!frame.!button
demo_session_02,26,1786094353.3372111,move,343,327,.!frame.!button
demo_session_02,26,1786094353.387211,move,351,315,.!frame.!button
demo_session_02,26,1786094353.4559438,click,356,326,.!frame.!button
demo_session_02,27,1786094353.4559438,move,259,206,.!frame.!entry
demo_session_02,27,1786094353.5059438,move,262,222,.!frame.!entry
demo_session_02,27,1786094353.5559437,move,251,180,.!frame.!entry
demo_session_02,27,1786094353.6059437,move,260,217,.!frame.!entry
demo_session_02,27,1786094353.6559436,move,263,194,.!frame.!entry
demo_session_02,27,1786094353.7059436,move,255,206,.!frame.!entry
demo_session_02,27,1786094353.7559435,move,259,199,.!frame.!entry
demo_session_02,27,1786094353.8059435,move,260,194,.!frame.!entry
demo_session_02,27,1786094353.8559434,move,257,197,.!frame.!entry
demo_session_02,27,1786094353.9059434,move,279,224,.!frame.!entry
demo_session_02,27,1786094353.9559433,move,266,198,.!frame.!entry
demo_session_02,27,1786094354.0059433,move,254,202,.!frame.!entry
demo_session_02,27,1786094354.0559433,move,261,215,.!frame.!entry
demo_session_02,27,1786094354.1059432,move,256,223,.!frame.!entry
demo_session_02,27,1786094354.1559432,move,287,221,.!frame.!entry
demo_session_02,27,1786094354.205943,move,263,203,.!frame.!entry
demo_session_02,27,1786094354.255943,move,275,208,.!frame.!entry
demo_session_02,27,1786094354.305943,move,274,216,.!frame.!entry
demo_session_02,27,1786094354.355943,move,281,209,.!frame.!entry
demo_session_02,27,1786094354.405943,move,268,207,.!frame.!entry
demo_session_02,27,1786094354.4559429,move,272,236,.!frame.!entry
demo_session_02,27,1786094354.5059428,move,269,215,.!frame.!entry
demo_session_02,27,1786094354.5559428,move,269,219,.!frame.!entry
demo_session_02,27,1786094354.6059427,move,289,215,.!frame.!entry
demo_session_02,27,1786094354.6559427,move,297,231,.!frame.!entry
demo_session_02,27,1786094354.7059426,move,287,223,.!frame.!entry
demo_session_02,27,1786094354.7559426,move,273,219,.!frame.!entry
demo_session_02,27,1786094354.8059425,move,267,225,.!frame.!entry
demo_session_02,27,1786094354.8559425,move,283,215,.!frame.!entry
demo_session_02,27,1786094354.9059424,move,293,222,.!frame.!entry
demo_session_02,27,1786094354.9559424,move,289,215,.!frame.!entry
demo_session_02,27,1786094355.0059423,move,294,229,.!frame.!entry
demo_session_02,27,1786094355.0559423,move,278,234,.!frame.!entry
demo_session_02,27,1786094355.1059422,move,286,231,.!frame.!entry
demo_session_02,27,1786094355.1559422,move,287,226,.!frame.!entry
demo_session_02,27,1786094355.2059422,move,289,234,.!frame.!entry
demo_session_02,27,1786094355.255942,move,287,239,.!frame.!entry
demo_session_02,27,1786094355.305942,move,290,224,.!frame.!entry
demo_session_02,27,1786094355.355942,move,290,246,.!frame.!entry
demo_session_02,27,1786094355.405942,move,284,239,.!frame.!entry
demo_session_02,27,1786094355.455942,move,274,262,.!frame.!entry
demo_session_02,27,1786094355.5059419,move,289,250,.!frame.!entry
demo_session_02,27,1786094355.5559418,move,300,233,.!frame.!entry
demo_session_02,27,1786094355.6059418,move,297,241,.!frame.!entry
demo_session_02,27,1786094355.6559417,move,294,238,.!frame.!entry
demo_session_02,27,1786094355.7059417,move,303,244,.!frame.!entry
demo_session_02,27,1786094355.7559416,move,299,231,.!frame.!entry
demo_session_02,27,1786094355.8059416,move,293,263,.!frame.!entry
demo_session_02,27,1786094355.8559415,move,305,246,.!frame.!entry
demo_session_02,27,1786094355.9059415,move,297,248,.!frame.!entry
demo_session_02,27,1786094355.9559414,move,295,251,.!frame.!entry
demo_session_02,27,1786094356.0059414,move,286,239,.!frame.!entry
demo_session_02,27,1786094356.0559413,move,311,256,.!frame.!entry
demo_session_02,27,1786094356.1059413,move,310,253,.!frame.!entry
demo_session_02,27,1786094356.1559412,move,289,251,.!frame.!entry
demo_session_02,27,1786094356.2059412,move,296,238,.!frame.!entry
demo_session_02,27,1786094356.2559412,move,311,260,.!frame.!entry
demo_session_02,27,1786094356.305941,move,303,258,.!frame.!entry
demo_session_02,27,1786094356.355941,move,299,256,.!frame.!entry
demo_session_02,27,1786094356.405941,move,310,242,.!frame.!entry
demo_session_02,27,1786094356.455941,move,313,271,.!frame.!entry
demo_session_02,27,1786094356.505941,move,308,265,.!frame.!entry
demo_session_02,27,1786094356.5559409,move,308,259,.!frame.!entry
demo_session_02,27,1786094356.6059408,move,310,269,.!frame.!entry
demo_session_02,27,1786094356.6559408,move,312,271,.!frame.!entry
demo_session_02,27,1786094356.7059407,move,308,262,.!frame.!entry
demo_session_02,27,1786094356.7559407,move,312,277,.!frame.!entry
demo_session_02,27,1786094356.8059406,move,312,257,.!frame.!entry
demo_session_02,27,1786094356.8559406,move,323,267,.!frame.!entry
demo_session_02,27,1786094356.9059405,move,321,282,.!frame.!entry
demo_session_02,27,1786094356.9559405,move,302,269,.!frame.!entry
demo_session_02,27,1786094357.0059404,move,313,269,.!frame.!entry
demo_session_02,27,1786094357.0559404,move,318,274,.!frame.!entry
demo_session_02,27,1786094357.1059403,move,312,274,.!frame.!entry
demo_session_02,27,1786094357.1559403,move,316,281,.!frame.!entry
demo_session_02,27,1786094357.2059402,move,307,276,.!frame.!entry
demo_session_02,27,1786094357.2559402,move,314,261,.!frame.!entry
demo_session_02,27,1786094357.3059402,move,328,278,.!frame.!entry
demo_session_02,27,1786094357.35594,move,324,277,.!frame.!entry
demo_session_02,27,1786094357.40594,move,307,272,.!frame.!entry
demo_session_02,27,1786094357.45594,move,326,284,.!frame.!button
demo_session_02,27,1786094357.50594,move,322,280,.!frame.!button
demo_session_02,27,1786094357.55594,move,329,287,.!frame.!button
demo_session_02,27,1786094357.6059399,move,318,272,.!frame.!button
demo_session_02,27,1786094357.6559398,move,332,293,.!frame.!button
demo_session_02,27,1786094357.7059398,move,324,289,.!frame.!button
demo_session_02,27,1786094357.7559397,move,328,295,.!frame.!button
demo_session_02,27,1786094357.8059397,move,316,298,.!frame.!button
demo_session_02,27,1786094357.8559396,move,331,278,.!frame.!button
demo_session_02,27,1786094357.9059396,move,330,286,.!frame.!button
demo_session_02,27,1786094357.9559395,move,326,306,.!frame.!button
demo_session_02,27,1786094358.0059395,move,320,297,.!frame.!button
demo_session_02,27,1786094358.0559394,move,336,291,.!frame.!button
demo_session_02,27,1786094358.1059394,move,328,298,.!frame.!button
demo_session_02,27,1786094358.1559393,move,323,304,.!frame.!button
demo_session_02,27,1786094358.2059393,move,340,311,.!frame.!button
demo_session_02,27,1786094358.2559392,move,326,300,.!frame.!button
demo_session_02,27,1786094358.3059392,move,328,295,.!frame.!button
demo_session_02,27,1786094358.3559391,move,325,300,.!frame.!button
demo_session_02,27,1786094358.405939,move,325,293,.!frame.!button
demo_session_02,27,1786094358.455939,move,343,310,.!frame.!button
demo_session_02,27,1786094358.505939,move,348,299,.!frame.!button
demo_session_02,27,1786094358.555939,move,348,306,.!frame.!button
demo_session_02,27,1786094358.605939,move,344,314,.!frame.!button
demo_session_02,27,1786094358.6559389,move,356,307,.!frame.!button
demo_session_02,27,1786094358.7059388,move,350,312,.!frame.!button
demo_session_02,27,1786094358.7559388,move,354,309,.!frame.!button
demo_session_02,27,1786094358.8059387,move,345,314,.!frame.!button
demo_session_02,27,1786094358.8559387,move,331,321,.!frame.!button
demo_session_02,27,1786094358.9059386,move,349,319,.!frame.!button
demo_session_02,27,1786094358.9559386,move,362,308,.!frame.!button
demo_session_02,27,1786094359.0059385,move,361,321,.!frame.!button
demo_session_02,27,1786094359.0559385,move,342,330,.!frame.!button
demo_session_02,27,1786094359.1059384,move,338,332,.!frame.!button
demo_session_02,27,1786094359.1714656,click,348,318,.!frame.!button
demo_session_02,28,1786094367.4876184,move,121,403,.!frame.!entry
demo_session_02,28,1786094367.5376184,move,131,391,.!frame.!entry
demo_session_02,28,1786094367.5876184,move,111,387,.!frame.!entry
demo_session_02,28,1786094367.6376183,move,128,400,.!frame.!entry
demo_session_02,28,1786094367.6876183,move,132,383,.!frame.!entry
demo_session_02,28,1786094367.7376182,move,133,398,.!frame.!entry
demo_session_02,28,1786094367.7876182,move,131,392,.!frame.!entry
demo_session_02,28,1786094367.837618,move,132,399,.!frame.!entry
demo_session_02,28,1786094367.887618,move,133,387,.!frame.!entry
demo_session_02,28,1786094367.937618,move,135,391,.!frame.!entry
demo_session_02,28,1786094367.987618,move,146,389,.!frame.!entry
demo_session_02,28,1786094368.037618,move,147,379,.!frame.!entry
demo_session_02,28,1786094368.0876179,move,155,403,.!frame.!entry
demo_session_02,28,1786094368.1376178,move,134,372,.!frame.!entry
demo_session_02,28,1786094368.1876178,move,150,383,.!frame.!entry
demo_session_02,28,1786094368.2376177,move,146,376,.!frame.!entry
demo_session_02,28,1786094368.2876177,move,145,387,.!frame.!entry
demo_session_02,28,1786094368.3376176,move,150,397,.!frame.!entry
demo_session_02,28,1786094368.3876176,move,162,381,.!frame.!entry
demo_session_02,28,1786094368.4376175,move,167,376,.!frame.!entry
demo_session_02,28,1786094368.4876175,move,166,370,.!frame.!entry
demo_session_02,28,1786094368.5376174,move,166,384,.!frame.!entry
demo_session_02,28,1786094368.5876174,move,168,380,.!frame.!entry
demo_session_02,28,1786094368.6376173,move,172,387,.!frame.!entry
demo_session_02,28,1786094368.6876173,move,179,376,.!frame.!entry
demo_session_02,28,1786094368.7376173,move,191,379,.!frame.!entry
demo_session_02,28,1786094368.7876172,move,172,380,.!frame.!entry
demo_session_02,28,1786094368.8376172,move,186,382,.!frame.!entry
demo_session_02,28,1786094368.887617,move,176,374,.!frame.!entry
demo_session_02,28,1786094368.937617,move,193,378,.!frame.!entry
demo_session_02,28,1786094368.987617,move,188,374,.!frame.!entry
demo_session_02,28,1786094369.037617,move,179,385,.!frame.!entry
demo_session_02,28,1786094369.087617,move,173,377,.!frame.!entry
demo_session_02,28,1786094369.1376169,move,194,369,.!frame.!entry
demo_session_02,28,1786094369.1876168,move,196,370,.!frame.!entry
demo_session_02,28,1786094369.2376168,move,201,360,.!frame.!entry
demo_session_02,28,1786094369.2876167,move,194,370,.!frame.!entry
demo_session_02,28,1786094369.3376167,move,197,375,.!frame.!entry
demo_session_02,28,1786094369.3876166,move,208,366,.!frame.!entry
demo_session_02,28,1786094369.4376166,move,199,372,.!frame.!entry
demo_session_02,28,1786094369.4876165,move,201,369,.!frame.!entry
demo_session_02,28,1786094369.5376165,move,216,371,.!frame.!entry
demo_session_02,28,1786094369.5876164,move,207,372,.!frame.!entry
demo_session_02,28,1786094369.6376164,move,206,355,.!frame.!entry
demo_session_02,28,1786094369.6876163,move,225,364,.!frame.!entry
demo_session_02,28,1786094369.7376163,move,222,366,.!frame.!entry
demo_session_02,28,1786094369.7876163,move,220,350,.!frame.!entry
demo_session_02,28,1786094369.8376162,move,216,362,.!frame.!entry
demo_session_02,28,1786094369.8876162,move,228,367,.!frame.!entry
demo_session_02,28,1786094369.937616,move,237,362,.!frame.!entry
demo_session_02,28,1786094369.987616,move,227,368,.!frame.!entry
demo_session_02,28,1786094370.037616,move,237,361,.!frame.!entry
demo_session_02,28,1786094370.087616,move,227,359,.!frame.!entry
demo_session_02,28,1786094370.137616,move,236,372,.!frame.!entry
demo_session_02,28,1786094370.1876159,move,246,357,.!frame.!entry
demo_session_02,28,1786094370.2376158,move,233,370,.!frame.!entry
demo_session_02,28,1786094370.2876158,move,234,358,.!frame.!entry
demo_session_02,28,1786094370.3376157,move,254,365,.!frame.!entry
demo_session_02,28,1786094370.3876157,move,248,336,.!frame.!entry
demo_session_02,28,1786094370.4376156,move,232,348,.!frame.!entry
demo_session_02,28,1786094370.4876156,move,246,358,.!frame.!entry
demo_session_02,28,1786094370.5376155,move,256,351,.!frame.!entry
demo_session_02,28,1786094370.5876155,move,264,355,.!frame.!entry
demo_session_02,28,1786094370.6376154,move,265,348,.!frame.!entry
demo_session_02,28,1786094370.6876154,move,261,346,.!frame.!entry
demo_session_02,28,1786094370.7376153,move,250,356,.!frame.!entry
demo_session_02,28,1786094370.7876153,move,265,353,.!frame.!entry
demo_session_02,28,1786094370.8376153,move,271,349,.!frame.!entry
demo_session_02,28,1786094370.8876152,move,267,337,.!frame.!entry
demo_session_02,28,1786094370.9376152,move,273,339,.!frame.!entry
demo_session_02,28,1786094370.987615,move,288,347,.!frame.!entry
demo_session_02,28,1786094371.037615,move,278,348,.!frame.!entry
demo_session_02,28,1786094371.087615,move,272,347,.!frame.!entry
demo_session_02,28,1786094371.137615,move,270,341,.!frame.!entry
demo_session_02,28,1786094371.187615,move,290,350,.!frame.!button
demo_session_02,28,1786094371.2376149,move,290,349,.!frame.!button
demo_session_02,28,1786094371.2876148,move,297,333,.!frame.!button
demo_session_02,28,1786094371.3376148,move,282,346,.!frame.!button
demo_session_02,28,1786094371.3876147,move,283,334,.!frame.!button
demo_session_02,28,1786094371.4376147,move,288,320,.!frame.!button
demo_session_02,28,1786094371.4876146,move,292,340,.!frame.!button
demo_session_02,28,1786094371.5376146,move,297,342,.!frame.!button
demo_session_02,28,1786094371.5876145,move,291,341,.!frame.!button
demo_session_02,28,1786094371.6376145,move,300,334,.!frame.!button
demo_session_02,28,1786094371.6876144,move,298,328,.!frame.!button
demo_session_02,28,1786094371.7376144,move,299,332,.!frame.!button
demo_session_02,28,1786094371.7876143,move,314,338,.!frame.!button
demo_session_02,28,1786094371.8376143,move,296,332,.!frame.!button
demo_session_02,28,1786094371.8876143,move,318,343,.!frame.!button
demo_session_02,28,1786094371.9376142,move,322,344,.!frame.!button
demo_session_02,28,1786094371.9876142,move,312,334,.!frame.!button
demo_session_02,28,1786094372.037614,move,313,315,.!frame.!button
demo_session_02,28,1786094372.087614,move,310,334,.!frame.!button
demo_session_02,28,1786094372.137614,move,346,325,.!frame.!button
demo_session_02,28,1786094372.187614,move,326,325,.!frame.!button
demo_session_02,28,1786094372.237614,move,327,321,.!frame.!button
demo_session_02,28,1786094372.2876139,move,335,331,.!frame.!button
demo_session_02,28,1786094372.3376138,move,326,341,.!frame.!button
demo_session_02,28,1786094372.3876138,move,340,322,.!frame.!button
demo_session_02,28,1786094372.4376137,move,334,328,.!frame.!button
demo_session_02,28,1786094372.4876137,move,337,323,.!frame.!button
demo_session_02,28,1786094372.5376136,move,347,315,.!frame.!button
demo_session_02,28,1786094372.5876136,move,344,321,.!frame.!button
demo_session_02,28,1786094372.6376135,move,328,326,.!frame.!button
demo_session_02,28,1786094372.6876135,move,343,330,.!frame.!button
demo_session_02,28,1786094372.7376134,move,353,315,.!frame.!button
demo_session_02,28,1786094372.8293598,click,344,314,.!frame.!button
demo_session_02,29,1786094372.8293598,move,552,299,.!frame.!entry
demo_session_02,29,1786094372.8793597,move,535,323,.!frame.!entry
demo_session_02,29,1786094372.9293597,move,529,308,.!frame.!entry
demo_session_02,29,1786094372.9793596,move,528,311,.!frame.!entry
demo_session_02,29,1786094373.0293596,move,515,322,.!frame.!entry
demo_session_02,29,1786094373.0793595,move,532,311,.!frame.!entry
demo_session_02,29,1786094373.1293595,move,523,312,.!frame.!entry
demo_session_02,29,1786094373.1793594,move,511,322,.!frame.!entry
demo_session_02,29,1786094373.2293594,move,521,317,.!frame.!entry
demo_session_02,29,1786094373.2793593,move,515,322,.!frame.!entry
demo_session_02,29,1786094373.3293593,move,511,312,.!frame.!entry
demo_session_02,29,1786094373.3793592,move,522,316,.!frame.!entry
demo_session_02,29,1786094373.4293592,move,512,326,.!frame.!entry
demo_session_02,29,1786094373.4793591,move,507,314,.!frame.!entry
demo_session_02,29,1786094373.529359,move,511,312,.!frame.!entry
demo_session_02,29,1786094373.579359,move,493,326,.!frame.!entry
demo_session_02,29,1786094373.629359,move,502,314,.!frame.!entry
demo_session_02,29,1786094373.679359,move,519,331,.!frame.!entry
demo_session_02,29,1786094373.729359,move,491,317,.!frame.!entry
demo_session_02,29,1786094373.7793589,move,496,309,.!frame.!entry
demo_session_02,29,1786094373.8293588,move,494,339,.!frame.!entry
demo_session_02,29,1786094373.8793588,move,505,316,.!frame.!entry
demo_session_02,29,1786094373.9293587,move,495,325,.!frame.!entry
demo_session_02,29,1786094373.9793587,move,493,314,.!frame.!entry
demo_session_02,29,1786094374.0293586,move,495,325,.!frame.!entry
demo_session_02,29,1786094374.0793586,move,491,319,.!frame.!entry
demo_session_02,29,1786094374.1293585,move,482,310,.!frame.!entry
demo_session_02,29,1786094374.1793585,move,483,321,.!frame.!entry
demo_session_02,29,1786094374.2293584,move,474,312,.!frame.!entry
demo_session_02,29,1786094374.2793584,move,485,323,.!frame.!entry
demo_session_02,29,1786094374.3293583,move,477,341,.!frame.!entry
demo_session_02,29,1786094374.3793583,move,482,322,.!frame.!entry
demo_session_02,29,1786094374.4293582,move,488,323,.!frame.!entry
demo_session_02,29,1786094374.4793582,move,475,303,.!frame.!entry
demo_session_02,29,1786094374.5293581,move,476,315,.!frame.!entry
demo_session_02,29,1786094374.579358,move,459,327,.!frame.!entry
demo_session_02,29,1786094374.629358,move,461,320,.!frame.!entry
demo_session_02,29,1786094374.679358,move,456,328,.!frame.!entry
demo_session_02,29,1786094374.729358,move,465,324,.!frame.!entry
demo_session_02,29,1786094374.779358,move,453,314,.!frame.!entry
demo_session_02,29,1786094374.8293579,move,460,307,.!frame.!entry
demo_session_02,29,1786094374.8793578,move,452,307,.!frame.!entry
demo_session_02,29,1786094374.9293578,move,464,322,.!frame.!entry
demo_session_02,29,1786094374.9793577,move,457,318,.!frame.!entry
demo_session_02,29,1786094375.0293577,move,453,329,.!frame.!entry
demo_session_02,29,1786094375.0793576,move,455,332,.!frame.!entry
demo_session_02,29,1786094375.1293576,move,447,319,.!frame.!entry
demo_session_02,29,1786094375.1793575,move,458,295,.!frame.!entry
demo_session_02,29,1786094375.2293575,move,445,326,.!frame.!entry
demo_session_02,29,1786094375.2793574,move,424,317,.!frame.!entry
demo_session_02,29,1786094375.3293574,move,444,305,.!frame.!entry
demo_session_02,29,1786094375.3793573,move,440,315,.!frame.!entry
demo_session_02,29,1786094375.4293573,move,445,337,.!frame.!entry
demo_session_02,29,1786094375.4793572,move,431,313,.!frame.!entry
demo_session_02,29,1786094375.5293572,move,429,330,.!frame.!entry
demo_session_02,29,1786094375.5793571,move,437,320,.!frame.!entry
demo_session_02,29,1786094375.629357,move,424,312,.!frame.!entry
demo_session_02,29,1786094375.679357,move,426,326,.!frame.!entry
demo_session_02,29,1786094375.729357,move,427,332,.!frame.!entry
demo_session_02,29,1786094375.779357,move,426,324,.!frame.!entry
demo_session_02,29,1786094375.829357,move,427,314,.!frame.!entry
demo_session_02,29,1786094375.8793569,move,414,335,.!frame.!entry
demo_session_02,29,1786094375.9293568,move,415,327,.!frame.!entry
demo_session_02,29,1786094375.9793568,move,414,345,.!frame.!entry
demo_session_02,29,1786094376.0293567,move,404,322,.!frame.!entry
demo_session_02,29,1786094376.0793567,move,405,320,.!frame.!entry
demo_session_02,29,1786094376.1293566,move,413,310,.!frame.!entry
demo_session_02,29,1786094376.1793566,move,410,329,.!frame.!entry
demo_session_02,29,1786094376.2293565,move,395,325,.!frame.!button
demo_session_02,29,1786094376.2793565,move,397,323,.!frame.!button
demo_session_02,29,1786094376.3293564,move,397,299,.!frame.!button
demo_session_02,29,1786094376.3793564,move,398,308,.!frame.!button
demo_session_02,29,1786094376.4293563,move,399,329,.!frame.!button
demo_session_02,29,1786094376.4793563,move,400,324,.!frame.!button
demo_session_02,29,1786094376.5293562,move,396,329,.!frame.!button
demo_session_02,29,1786094376.5793562,move,383,328,.!frame.!button
demo_session_02,29,1786094376.6293561,move,393,318,.!frame.!button
demo_session_02,29,1786094376.679356,move,390,328,.!frame.!button
demo_session_02,29,1786094376.729356,move,392,325,.!frame.!button
demo_session_02,29,1786094376.779356,move,394,329,.!frame.!button
demo_session_02,29,1786094376.829356,move,376,326,.!frame.!button
demo_session_02,29,1786094376.879356,move,383,314,.!frame.!button
demo_session_02,29,1786094376.9293559,move,377,330,.!frame.!button
demo_session_02,29,1786094376.9793558,move,362,324,.!frame.!button
demo_session_02,29,1786094377.0293558,move,377,332,.!frame.!button
demo_session_02,29,1786094377.0793557,move,363,321,.!frame.!button
demo_session_02,29,1786094377.1293557,move,369,321,.!frame.!button
demo_session_02,29,1786094377.1793556,move,363,314,.!frame.!button
demo_session_02,29,1786094377.2293556,move,374,307,.!frame.!button
demo_session_02,29,1786094377.2793555,move,371,313,.!frame.!button
demo_session_02,29,1786094377.3293555,move,357,322,.!frame.!button
demo_session_02,29,1786094377.3793554,move,352,309,.!frame.!button
demo_session_02,29,1786094377.4293554,move,349,327,.!frame.!button
demo_session_02,29,1786094377.4793553,move,340,324,.!frame.!button
demo_session_02,29,1786094377.5293553,move,366,311,.!frame.!button
demo_session_02,29,1786094377.5793552,move,361,342,.!frame.!button
demo_session_02,29,1786094377.6293552,move,346,315,.!frame.!button
demo_session_02,29,1786094377.6793551,move,351,300,.!frame.!button
demo_session_02,29,1786094377.7589805,click,346,316,.!frame.!button
demo_session_02,30,1786094395.0211933,move,551,400,.!frame.!entry
demo_session_02,30,1786094395.0711932,move,562,398,.!frame.!entry
demo_session_02,30,1786094395.1211932,move,563,398,.!frame.!entry
demo_session_02,30,1786094395.1711931,move,552,392,.!frame.!entry
demo_session_02,30,1786094395.221193,move,555,399,.!frame.!entry
demo_session_02,30,1786094395.271193,move,559,396,.!frame.!entry
demo_session_02,30,1786094395.321193,move,559,400,.!frame.!entry
demo_session_02,30,1786094395.371193,move,567,392,.!frame.!entry
demo_session_02,30,1786094395.421193,move,548,401,.!frame.!entry
demo_session_02,30,1786094395.4711928,move,548,393,.!frame.!entry
demo_session_02,30,1786094395.5211928,move,550,389,.!frame.!entry
demo_session_02,30,1786094395.5711927,move,536,399,.!frame.!entry
demo_session_02,30,1786094395.6211927,move,544,388,.!frame.!entry
demo_session_02,30,1786094395.6711926,move,547,391,.!frame.!entry
demo_session_02,30,1786094395.7211926,move,546,379,.!frame.!entry
demo_session_02,30,1786094395.7711926,move,541,383,.!frame.!entry
demo_session_02,30,1786094395.8211925,move,538,387,.!frame.!entry
demo_session_02,30,1786094395.8711925,move,548,389,.!frame.!entry
demo_session_02,30,1786094395.9211924,move,543,376,.!frame.!entry
demo_session_02,30,1786094395.9711924,move,531,401,.!frame.!entry
demo_session_02,30,1786094396.0211923,move,526,384,.!frame.!entry
demo_session_02,30,1786094396.0711923,move,541,390,.!frame.!entry
demo_session_02,30,1786094396.1211922,move,533,373,.!frame.!entry
demo_session_02,30,1786094396.1711922,move,546,373,.!frame.!entry
demo_session_02,30,1786094396.2211921,move,537,389,.!frame.!entry
demo_session_02,30,1786094396.271192,move,521,381,.!frame.!entry
demo_session_02,30,1786094396.321192,move,512,398,.!frame.!entry
demo_session_02,30,1786094396.371192,move,528,389,.!frame.!entry
demo_session_02,30,1786094396.421192,move,520,381,.!frame.!entry
demo_session_02,30,1786094396.471192,move,517,371,.!frame.!entry
demo_session_02,30,1786094396.5211918,move,506,372,.!frame.!entry
demo_session_02,30,1786094396.5711918,move,508,378,.!frame.!entry
demo_session_02,30,1786094396.6211917,move,522,383,.!frame.!entry
demo_session_02,30,1786094396.6711917,move,512,382,.!frame.!entry
demo_session_02,30,1786094396.7211916,move,504,373,.!frame.!entry
demo_session_02,30,1786094396.7711916,move,505,387,.!frame.!entry
demo_session_02,30,1786094396.8211915,move,512,360,.!frame.!entry
demo_session_02,30,1786094396.8711915,move,505,392,.!frame.!entry
demo_session_02,30,1786094396.9211915,move,492,365,.!frame.!entry
demo_session_02,30,1786094396.9711914,move,504,370,.!frame.!entry
demo_session_02,30,1786094397.0211914,move,495,377,.!frame.!entry
demo_session_02,30,1786094397.0711913,move,497,392,.!frame.!entry
demo_session_02,30,1786094397.1211913,move,503,379,.!frame.!entry
demo_session_02,30,1786094397.1711912,move,495,349,.!frame.!entry
demo_session_02,30,1786094397.2211912,move,508,387,.!frame.!entry
demo_session_02,30,1786094397.2711911,move,493,375,.!frame.!entry
demo_session_02,30,1786094397.321191,move,491,365,.!frame.!entry
demo_session_02,30,1786094397.371191,move,485,369,.!frame.!entry
demo_session_02,30,1786094397.421191,move,492,372,.!frame.!entry
demo_session_02,30,1786094397.471191,move,476,357,.!frame.!entry
demo_session_02,30,1786094397.521191,move,494,366,.!frame.!entry
demo_session_02,30,1786094397.5711908,move,472,376,.!frame.!entry
demo_session_02,30,1786094397.6211908,move,495,366,.!frame.!entry
demo_session_02,30,1786094397.6711907,move,489,362,.!frame.!entry
demo_session_02,30,1786094397.7211907,move,479,360,.!frame.!entry
demo_session_02,30,1786094397.7711906,move,479,368,.!frame.!entry
demo_session_02,30,1786094397.8211906,move,481,353,.!frame.!entry
demo_session_02,30,1786094397.8711905,move,471,366,.!frame.!entry
demo_session_02,30,1786094397.9211905,move,480,372,.!frame.!entry
demo_session_02,30,1786094397.9711905,move,474,359,.!frame.!entry
demo_session_02,30,1786094398.0211904,move,473,361,.!frame.!entry
demo_session_02,30,1786094398.0711904,move,465,357,.!frame.!entry
demo_session_02,30,1786094398.1211903,move,453,363,.!frame.!entry
demo_session_02,30,1786094398.1711903,move,471,361,.!frame.!entry
demo_session_02,30,1786094398.2211902,move,465,361,.!frame.!entry
demo_session_02,30,1786094398.2711902,move,460,360,.!frame.!entry
demo_session_02,30,1786094398.32119,move,450,373,.!frame.!entry
demo_session_02,30,1786094398.37119,move,446,358,.!frame.!entry
demo_session_02,30,1786094398.42119,move,449,360,.!frame.!entry
demo_session_02,30,1786094398.47119,move,454,345,.!frame.!entry
demo_session_02,30,1786094398.52119,move,458,355,.!frame.!entry
demo_session_02,30,1786094398.5711899,move,462,357,.!frame.!entry
demo_session_02,30,1786094398.6211898,move,453,354,.!frame.!entry
demo_session_02,30,1786094398.6711898,move,433,355,.!frame.!entry
demo_session_02,30,1786094398.7211897,move,451,354,.!frame.!entry
demo_session_02,30,1786094398.7711897,move,442,355,.!frame.!entry
demo_session_02,30,1786094398.8211896,move,437,353,.!frame.!entry
demo_session_02,30,1786094398.8711896,move,430,350,.!frame.!entry
demo_session_02,30,1786094398.9211895,move,435,344,.!frame.!entry
demo_session_02,30,1786094398.9711895,move,446,343,.!frame.!entry
demo_session_02,30,1786094399.0211895,move,422,337,.!frame.!entry
demo_session_02,30,1786094399.0711894,move,438,352,.!frame.!entry
demo_session_02,30,1786094399.1211894,move,443,343,.!frame.!entry
demo_session_02,30,1786094399.1711893,move,440,350,.!frame.!entry
demo_session_02,30,1786094399.2211893,move,433,362,.!frame.!entry
demo_session_02,30,1786094399.2711892,move,434,347,.!frame.!entry
demo_session_02,30,1786094399.3211892,move,435,338,.!frame.!entry
demo_session_02,30,1786094399.371189,move,425,343,.!frame.!entry
demo_session_02,30,1786094399.421189,move,405,351,.!frame.!entry
demo_session_02,30,1786094399.471189,move,424,348,.!frame.!entry
demo_session_02,30,1786094399.521189,move,421,343,.!frame.!entry
demo_session_02,30,1786094399.571189,move,410,340,.!frame.!entry
demo_session_02,30,1786094399.6211889,move,417,338,.!frame.!entry
demo_session_02,30,1786094399.6711888,move,422,357,.!frame.!entry
demo_session_02,30,1786094399.7211888,move,416,345,.!frame.!button
demo_session_02,30,1786094399.7711887,move,408,363,.!frame.!button
demo_session_02,30,1786094399.8211887,move,409,353,.!frame.!button
demo_session_02,30,1786094399.8711886,move,383,337,.!frame.!button
demo_session_02,30,1786094399.9211886,move,417,340,.!frame.!button
demo_session_02,30,1786094399.9711885,move,401,348,.!frame.!button
demo_session_02,30,1786094400.0211885,move,419,336,.!frame.!button
demo_session_02,30,1786094400.0711884,move,403,334,.!frame.!button
demo_session_02,30,1786094400.1211884,move,395,353,.!frame.!button
demo_session_02,30,1786094400.1711884,move,407,350,.!frame.!button
demo_session_02,30,1786094400.2211883,move,406,328,.!frame.!button
demo_session_02,30,1786094400.2711883,move,389,332,.!frame.!button
demo_session_02,30,1786094400.3211882,move,402,346,.!frame.!button
demo_session_02,30,1786094400.3711882,move,395,321,.!frame.!button
demo_session_02,30,1786094400.421188,move,376,324,.!frame.!button
demo_session_02,30,1786094400.471188,move,390,326,.!frame.!button
demo_session_02,30,1786094400.521188,move,398,326,.!frame.!button
demo_session_02,30,1786094400.571188,move,381,337,.!frame.!button
demo_session_02,30,1786094400.621188,move,389,327,.!frame.!button
demo_session_02,30,1786094400.6711879,move,385,328,.!frame.!button
demo_session_02,30,1786094400.7211878,move,395,326,.!frame.!button
demo_session_02,30,1786094400.7711878,move,373,320,.!frame.!button
demo_session_02,30,1786094400.8211877,move,377,323,.!frame.!button
demo_session_02,30,1786094400.8711877,move,367,329,.!frame.!button
demo_session_02,30,1786094400.9211876,move,370,317,.!frame.!button
demo_session_02,30,1786094400.9711876,move,384,335,.!frame.!button
demo_session_02,30,1786094401.0211875,move,380,318,.!frame.!button
demo_session_02,30,1786094401.0711875,move,371,327,.!frame.!button
demo_session_02,30,1786094401.1211874,move,358,322,.!frame.!button
demo_session_02,30,1786094401.1711874,move,367,329,.!frame.!button
demo_session_02,30,1786094401.2211874,move,357,315,.!frame.!button
demo_session_02,30,1786094401.2711873,move,360,339,.!frame.!button
demo_session_02,30,1786094401.3211873,move,360,342,.!frame.!button
demo_session_02,30,1786094401.3711872,move,367,323,.!frame.!button
demo_session_02,30,1786094401.4211872,move,345,311,.!frame.!button
demo_session_02,30,1786094401.471187,move,361,323,.!frame.!button
demo_session_02,30,1786094401.521187,move,364,325,.!frame.!button
demo_session_02,30,1786094401.571187,move,357,324,.!frame.!button
demo_session_02,30,1786094401.621187,move,356,320,.!frame.!button
demo_session_02,30,1786094401.671187,move,350,323,.!frame.!button
demo_session_02,30,1786094401.7211869,move,347,319,.!frame.!button
demo_session_02,30,1786094401.7942266,click,356,326,.!frame.!button
demo_session_02,31,1786094401.7942266,move,140,158,.!frame.!entry
demo_session_02,31,1786094401.8442266,move,166,134,.!frame.!entry
demo_session_02,31,1786094401.8942266,move,163,143,.!frame.!entry
demo_session_02,31,1786094401.9442265,move,160,159,.!frame.!entry
demo_session_02,31,1786094401.9942265,move,148,172,.!frame.!entry
demo_session_02,31,1786094402.0442264,move,164,150,.!frame.!entry
demo_session_02,31,1786094402.0942264,move,169,164,.!frame.!entry
demo_session_02,31,1786094402.1442263,move,168,166,.!frame.!entry
demo_session_02,31,1786094402.1942263,move,169,165,.!frame.!entry
demo_session_02,31,1786094402.2442262,move,165,152,.!frame.!entry
demo_session_02,31,1786094402.2942262,move,168,174,.!frame.!entry
demo_session_02,31,1786094402.3442261,move,197,163,.!frame.!entry
demo_session_02,31,1786094402.394226,move,169,166,.!frame.!entry
demo_session_02,31,1786094402.444226,move,169,177,.!frame.!entry
demo_session_02,31,1786094402.494226,move,187,182,.!frame.!entry
demo_session_02,31,1786094402.544226,move,188,198,.!frame.!entry
demo_session_02,31,1786094402.594226,move,183,189,.!frame.!entry
demo_session_02,31,1786094402.6442258,move,196,185,.!frame.!entry
demo_session_02,31,1786094402.6942258,move,194,176,.!frame.!entry
demo_session_02,31,1786094402.7442257,move,191,185,.!frame.!entry
demo_session_02,31,1786094402.7942257,move,197,179,.!frame.!entry
demo_session_02,31,1786094402.8442256,move,195,185,.!frame.!entry
demo_session_02,31,1786094402.8942256,move,199,190,.!frame.!entry
demo_session_02,31,1786094402.9442255,move,205,189,.!frame.!entry
demo_session_02,31,1786094402.9942255,move,200,195,.!frame.!entry
demo_session_02,31,1786094403.0442255,move,221,197,.!frame.!entry
demo_session_02,31,1786094403.0942254,move,203,192,.!frame.!entry
demo_session_02,31,1786094403.1442254,move,217,194,.!frame.!entry
demo_session_02,31,1786094403.1942253,move,212,200,.!frame.!entry
demo_session_02,31,1786094403.2442253,move,218,204,.!frame.!entry
demo_session_02,31,1786094403.2942252,move,216,207,.!frame.!entry
demo_session_02,31,1786094403.3442252,move,206,206,.!frame.!entry
demo_session_02,31,1786094403.3942251,move,220,206,.!frame.!entry
demo_session_02,31,1786094403.444225,move,208,213,.!frame.!entry
demo_session_02,31,1786094403.494225,move,218,208,.!frame.!entry
demo_session_02,31,1786094403.544225,move,217,229,.!frame.!entry
demo_session_02,31,1786094403.594225,move,209,214,.!frame.!entry
demo_session_02,31,1786094403.644225,move,220,216,.!frame.!entry
demo_session_02,31,1786094403.6942248,move,237,223,.!frame.!entry
demo_session_02,31,1786094403.7442248,move,232,212,.!frame.!entry
demo_session_02,31,1786094403.7942247,move,245,215,.!frame.!entry
demo_session_02,31,1786094403.8442247,move,250,234,.!frame.!entry
demo_session_02,31,1786094403.8942246,move,230,224,.!frame.!entry
demo_session_02,31,1786094403.9442246,move,249,233,.!frame.!entry
demo_session_02,31,1786094403.9942245,move,236,225,.!frame.!entry
demo_session_02,31,1786094404.0442245,move,232,226,.!frame.!entry
demo_session_02,31,1786094404.0942245,move,251,217,.!frame.!entry
demo_session_02,31,1786094404.1442244,move,239,236,.!frame.!entry
demo_session_02,31,1786094404.1942244,move,243,225,.!frame.!entry
demo_session_02,31,1786094404.2442243,move,248,239,.!frame.!entry
demo_session_02,31,1786094404.2942243,move,250,236,.!frame.!entry
demo_session_02,31,1786094404.3442242,move,255,235,.!frame.!entry
demo_session_02,31,1786094404.3942242,move,262,233,.!frame.!entry
demo_session_02,31,1786094404.444224,move,261,234,.!frame.!entry
demo_session_02,31,1786094404.494224,move,265,248,.!frame.!entry
demo_session_02,31,1786094404.544224,move,267,245,.!frame.!entry
demo_session_02,31,1786094404.594224,move,272,253,.!frame.!entry
demo_session_02,31,1786094404.644224,move,270,242,.!frame.!entry
demo_session_02,31,1786094404.6942239,move,273,247,.!frame.!entry
demo_session_02,31,1786094404.7442238,move,269,262,.!frame.!entry
demo_session_02,31,1786094404.7942238,move,273,248,.!frame.!entry
demo_session_02,31,1786094404.8442237,move,259,252,.!frame.!entry
demo_session_02,31,1786094404.8942237,move,282,259,.!frame.!entry
demo_session_02,31,1786094404.9442236,move,274,255,.!frame.!entry
demo_session_02,31,1786094404.9942236,move,288,250,.!frame.!entry
demo_session_02,31,1786094405.0442235,move,295,265,.!frame.!entry
demo_session_02,31,1786094405.0942235,move,277,262,.!frame.!entry
demo_session_02,31,1786094405.1442235,move,283,275,.!frame.!entry
demo_session_02,31,1786094405.1942234,move,296,266,.!frame.!entry
demo_session_02,31,1786094405.2442234,move,293,271,.!frame.!button
demo_session_02,31,1786094405.2942233,move,301,265,.!frame.!button
demo_session_02,31,1786094405.3442233,move,301,276,.!frame.!button
demo_session_02,31,1786094405.3942232,move,288,287,.!frame.!button
demo_session_02,31,1786094405.4442232,move,305,279,.!frame.!button
demo_session_02,31,1786094405.494223,move,301,282,.!frame.!button
demo_session_02,31,1786094405.544223,move,309,272,.!frame.!button
demo_session_02,31,1786094405.594223,move,309,277,.!frame.!button
demo_session_02,31,1786094405.644223,move,307,274,.!frame.!button
demo_session_02,31,1786094405.694223,move,313,288,.!frame.!button
demo_session_02,31,1786094405.7442229,move,312,275,.!frame.!button
demo_session_02,31,1786094405.7942228,move,301,282,.!frame.!button
demo_session_02,31,1786094405.8442228,move,322,281,.!frame.!button
demo_session_02,31,1786094405.8942227,move,326,297,.!frame.!button
demo_session_02,31,1786094405.9442227,move,324,301,.!frame.!button
demo_session_02,31,1786094405.9942226,move,306,305,.!frame.!button
demo_session_02,31,1786094406.0442226,move,318,302,.!frame.!button
demo_session_02,31,1786094406.0942225,move,322,301,.!frame.!button
demo_session_02,31,1786094406.1442225,move,319,301,.!frame.!button
demo_session_02,31,1786094406.1942225,move,318,300,.!frame.!button
demo_session_02,31,1786094406.2442224,move,333,302,.!frame.!button
demo_session_02,31,1786094406.2942224,move,332,310,.!frame.!button
demo_session_02,31,1786094406.3442223,move,336,313,.!frame.!button
demo_session_02,31,1786094406.3942223,move,333,302,.!frame.!button
demo_session_02,31,1786094406.4442222,move,346,307,.!frame.!button
demo_session_02,31,1786094406.4942222,move,330,328,.!frame.!button
demo_session_02,31,1786094406.544222,move,336,305,.!frame.!button
demo_session_02,31,1786094406.594222,move,336,316,.!frame.!button
demo_session_02,31,1786094406.644222,move,348,317,.!frame.!button
demo_session_02,31,1786094406.694222,move,355,308,.!frame.!button
demo_session_02,31,1786094406.7670298,click,354,324,.!frame.!button
demo_session_02,32,1786094406.7670298,move,578,173,.!frame.!entry
demo_session_02,32,1786094406.8170297,move,571,189,.!frame.!entry
demo_session_02,32,1786094406.8670297,move,578,184,.!frame.!entry
demo_session_02,32,1786094406.9170296,move,564,173,.!frame.!entry
demo_session_02,32,1786094406.9670296,move,551,198,.!frame.!entry
demo_session_02,32,1786094407.0170295,move,580,164,.!frame.!entry
demo_session_02,32,1786094407.0670295,move,568,183,.!frame.!entry
demo_session_02,32,1786094407.1170294,move,559,187,.!frame.!entry
demo_session_02,32,1786094407.1670294,move,581,161,.!frame.!entry
demo_session_02,32,1786094407.2170293,move,560,196,.!frame.!entry
demo_session_02,32,1786094407.2670293,move,540,185,.!frame.!entry
demo_session_02,32,1786094407.3170292,move,554,198,.!frame.!entry
demo_session_02,32,1786094407.3670292,move,554,195,.!frame.!entry
demo_session_02,32,1786094407.4170291,move,541,186,.!frame.!entry
demo_session_02,32,1786094407.467029,move,537,187,.!frame.!entry
demo_session_02,32,1786094407.517029,move,558,185,.!frame.!entry
demo_session_02,32,1786094407.567029,move,543,192,.!frame.!entry
demo_session_02,32,1786094407.617029,move,545,189,.!frame.!entry
demo_session_02,32,1786094407.667029,move,541,207,.!frame.!entry
demo_session_02,32,1786094407.7170289,move,533,174,.!frame.!entry
demo_session_02,32,1786094407.7670288,move,533,209,.!frame.!entry
demo_session_02,32,1786094407.8170288,move,531,213,.!frame.!entry
demo_session_02,32,1786094407.8670287,move,540,201,.!frame.!entry
demo_session_02,32,1786094407.9170287,move,535,206,.!frame.!entry
demo_session_02,32,1786094407.9670286,move,509,217,.!frame.!entry
demo_session_02,32,1786094408.0170286,move,530,211,.!frame.!entry
demo_session_02,32,1786094408.0670285,move,532,203,.!frame.!entry
demo_session_02,32,1786094408.1170285,move,509,210,.!frame.!entry
demo_session_02,32,1786094408.1670284,move,538,213,.!frame.!entry
demo_session_02,32,1786094408.2170284,move,494,201,.!frame.!entry
demo_session_02,32,1786094408.2670283,move,516,201,.!frame.!entry
demo_session_02,32,1786094408.3170283,move,514,213,.!frame.!entry
demo_session_02,32,1786094408.3670282,move,496,208,.!frame.!entry
demo_session_02,32,1786094408.4170282,move,521,213,.!frame.!entry
demo_session_02,32,1786094408.4670281,move,495,219,.!frame.!entry
demo_session_02,32,1786094408.517028,move,492,229,.!frame.!entry
demo_session_02,32,1786094408.567028,move,501,223,.!frame.!entry
demo_session_02,32,1786094408.617028,move,498,219,.!frame.!entry
demo_session_02,32,1786094408.667028,move,490,233,.!frame.!entry
demo_session_02,32,1786094408.717028,move,483,242,.!frame.!entry
demo_session_02,32,1786094408.7670279,move,483,235,.!frame.!entry
demo_session_02,32,1786094408.8170278,move,481,228,.!frame.!entry
demo_session_02,32,1786094408.8670278,move,491,236,.!frame.!entry
demo_session_02,32,1786094408.9170277,move,486,239,.!frame.!entry
demo_session_02,32,1786094408.9670277,move,494,229,.!frame.!entry
demo_session_02,32,1786094409.0170276,move,485,229,.!frame.!entry
demo_session_02,32,1786094409.0670276,move,495,232,.!frame.!entry
demo_session_02,32,1786094409.1170275,move,473,244,.!frame.!entry
demo_session_02,32,1786094409.1670275,move,477,226,.!frame.!entry
demo_session_02,32,1786094409.2170274,move,461,245,.!frame.!entry
demo_session_02,32,1786094409.2670274,move,452,251,.!frame.!entry
demo_session_02,32,1786094409.3170273,move,483,225,.!frame.!entry
demo_session_02,32,1786094409.3670273,move,465,245,.!frame.!entry
demo_session_02,32,1786094409.4170272,move,453,262,.!frame.!entry
demo_session_02,32,1786094409.4670272,move,458,249,.!frame.!entry
demo_session_02,32,1786094409.5170271,move,474,244,.!frame.!entry
demo_session_02,32,1786094409.567027,move,454,242,.!frame.!entry
demo_session_02,32,1786094409.617027,move,457,269,.!frame.!entry
demo_session_02,32,1786094409.667027,move,447,259,.!frame.!entry
demo_session_02,32,1786094409.717027,move,445,255,.!frame.!entry
demo_session_02,32,1786094409.767027,move,446,264,.!frame.!entry
demo_session_02,32,1786094409.8170269,move,451,260,.!frame.!entry
demo_session_02,32,1786094409.8670268,move,437,259,.!frame.!entry
demo_session_02,32,1786094409.9170268,move,428,250,.!frame.!entry
demo_session_02,32,1786094409.9670267,move,422,256,.!frame.!entry
demo_session_02,32,1786094410.0170267,move,429,256,.!frame.!entry
demo_session_02,32,1786094410.0670266,move,431,269,.!frame.!entry
demo_session_02,32,1786094410.1170266,move,438,267,.!frame.!entry
demo_session_02,32,1786094410.1670265,move,437,265,.!frame.!entry
demo_session_02,32,1786094410.2170265,move,423,273,.!frame.!entry
demo_session_02,32,1786094410.2670264,move,424,283,.!frame.!entry
demo_session_02,32,1786094410.3170264,move,425,273,.!frame.!button
demo_session_02,32,1786094410.3670263,move,421,270,.!frame.!button
demo_session_02,32,1786094410.4170263,move,403,283,.!frame.!button
demo_session_02,32,1786094410.4670262,move,412,288,.!frame.!button
demo_session_02,32,1786094410.5170262,move,402,284,.!frame.!button
demo_session_02,32,1786094410.5670261,move,397,276,.!frame.!button
demo_session_02,32,1786094410.617026,move,422,269,.!frame.!button
demo_session_02,32,1786094410.667026,move,400,273,.!frame.!button
demo_session_02,32,1786094410.717026,move,404,284,.!frame.!button
demo_session_02,32,1786094410.767026,move,387,286,.!frame.!button
demo_session_02,32,1786094410.817026,move,401,288,.!frame.!button
demo_session_02,32,1786094410.8670259,move,391,306,.!frame.!button
demo_session_02,32,1786094410.9170258,move,399,291,.!frame.!button
demo_session_02,32,1786094410.9670258,move,384,279,.!frame.!button
demo_session_02,32,1786094411.0170257,move,379,292,.!frame.!button
demo_session_02,32,1786094411.0670257,move,367,287,.!frame.!button
demo_session_02,32,1786094411.1170256,move,373,293,.!frame.!button
demo_session_02,32,1786094411.1670256,move,391,292,.!frame.!button
demo_session_02,32,1786094411.2170255,move,378,295,.!frame.!button
demo_session_02,32,1786094411.2670255,move,361,287,.!frame.!button
demo_session_02,32,1786094411.3170254,move,377,307,.!frame.!button
demo_session_02,32,1786094411.3670254,move,364,297,.!frame.!button
demo_session_02,32,1786094411.4170253,move,373,318,.!frame.!button
demo_session_02,32,1786094411.4670253,move,367,301,.!frame.!button
demo_session_02,32,1786094411.5170252,move,360,305,.!frame.!button
demo_session_02,32,1786094411.5670252,move,361,313,.!frame.!button
demo_session_02,32,1786094411.6170251,move,357,323,.!frame.!button
demo_session_02,32,1786094411.667025,move,353,320,.!frame.!button
demo_session_02,32,1786094411.717025,move,363,313,.!frame.!button
demo_session_02,32,1786094411.767025,move,350,322,.!frame.!button
demo_session_02,32,1786094411.817025,move,360,330,.!frame.!button
demo_session_02,32,1786094411.8977425,click,357,327,.!frame.!button
demo_session_02,33,1786094422.4455266,move,128,125,.!frame.!entry
demo_session_02,33,1786094422.4955266,move,119,132,.!frame.!entry
demo_session_02,33,1786094422.5455265,move,112,139,.!frame.!entry
demo_session_02,33,1786094422.5955265,move,134,130,.!frame.!entry
demo_session_02,33,1786094422.6455264,move,129,136,.!frame.!entry
demo_session_02,33,1786094422.6955264,move,133,122,.!frame.!entry
demo_session_02,33,1786094422.7455263,move,121,128,.!frame.!entry
demo_session_02,33,1786094422.7955263,move,134,142,.!frame.!entry
demo_session_02,33,1786094422.8455262,move,135,126,.!frame.!entry
demo_session_02,33,1786094422.8955262,move,144,121,.!frame.!entry
demo_session_02,33,1786094422.9455261,move,121,140,.!frame.!entry
demo_session_02,33,1786094422.995526,move,133,139,.!frame.!entry
demo_session_02,33,1786094423.045526,move,134,142,.!frame.!entry
demo_session_02,33,1786094423.095526,move,145,149,.!frame.!entry
demo_session_02,33,1786094423.145526,move,150,134,.!frame.!entry
demo_session_02,33,1786094423.195526,move,153,146,.!frame.!entry
demo_session_02,33,1786094423.2455258,move,161,151,.!frame.!entry
demo_session_02,33,1786094423.2955258,move,143,144,.!frame.!entry
demo_session_02,33,1786094423.3455257,move,148,159,.!frame.!entry
demo_session_02,33,1786094423.3955257,move,161,152,.!frame.!entry
demo_session_02,33,1786094423.4455256,move,149,145,.!frame.!entry
demo_session_02,33,1786094423.4955256,move,162,162,.!frame.!entry
demo_session_02,33,1786094423.5455256,move,171,186,.!frame.!entry
demo_session_02,33,1786094423.5955255,move,175,146,.!frame.!entry
demo_session_02,33,1786094423.6455255,move,166,153,.!frame.!entry
demo_session_02,33,1786094423.6955254,move,164,164,.!frame.!entry
demo_session_02,33,1786094423.7455254,move,182,162,.!frame.!entry
demo_session_02,33,1786094423.7955253,move,173,169,.!frame.!entry
demo_session_02,33,1786094423.8455253,move,171,171,.!frame.!entry
demo_session_02,33,1786094423.8955252,move,163,154,.!frame.!entry
demo_session_02,33,1786094423.9455252,move,166,163,.!frame.!entry
demo_session_02,33,1786094423.9955251,move,174,174,.!frame.!entry
demo_session_02,33,1786094424.045525,move,183,173,.!frame.!entry
demo_session_02,33,1786094424.095525,move,191,164,.!frame.!entry
demo_session_02,33,1786094424.145525,move,175,173,.!frame.!entry
demo_session_02,33,1786094424.195525,move,198,179,.!frame.!entry
demo_session_02,33,1786094424.245525,move,195,180,.!frame.!entry
demo_session_02,33,1786094424.2955248,move,200,185,.!frame.!entry
demo_session_02,33,1786094424.3455248,move,202,183,.!frame.!entry
demo_session_02,33,1786094424.3955247,move,189,179,.!frame.!entry
demo_session_02,33,1786094424.4455247,move,196,183,.!frame.!entry
demo_session_02,33,1786094424.4955246,move,202,179,.!frame.!entry
demo_session_02,33,1786094424.5455246,move,199,181,.!frame.!entry
demo_session_02,33,1786094424.5955245,move,215,183,.!frame.!entry
demo_session_02,33,1786094424.6455245,move,204,186,.!frame.!entry
demo_session_02,33,1786094424.6955245,move,202,203,.!frame.!entry
demo_session_02,33,1786094424.7455244,move,213,199,.!frame.!entry
demo_session_02,33,1786094424.7955244,move,204,209,.!frame.!entry
demo_session_02,33,1786094424.8455243,move,204,224,.!frame.!entry
demo_session_02,33,1786094424.8955243,move,229,189,.!frame.!entry
demo_session_02,33,1786094424.9455242,move,206,203,.!frame.!entry
demo_session_02,33,1786094424.9955242,move,212,206,.!frame.!entry
demo_session_02,33,1786094425.0455241,move,231,225,.!frame.!entry
demo_session_02,33,1786094425.095524,move,222,199,.!frame.!entry
demo_session_02,33,1786094425.145524,move,228,199,.!frame.!entry
demo_session_02,33,1786094425.195524,move,215,221,.!frame.!entry
demo_session_02,33,1786094425.245524,move,228,215,.!frame.!entry
demo_session_02,33,1786094425.295524,move,237,232,.!frame.!entry
demo_session_02,33,1786094425.3455238,move,232,209,.!frame.!entry
demo_session_02,33,1786094425.3955238,move,222,229,.!frame.!entry
demo_session_02,33,1786094425.4455237,move,231,217,.!frame.!entry
demo_session_02,33,1786094425.4955237,move,247,235,.!frame.!entry
demo_session_02,33,1786094425.5455236,move,248,226,.!frame.!entry
demo_session_02,33,1786094425.5955236,move,240,216,.!frame.!entry
demo_session_02,33,1786094425.6455235,move,243,226,.!frame.!entry
demo_session_02,33,1786094425.6955235,move,251,241,.!frame.!entry
demo_session_02,33,1786094425.7455235,move,231,226,.!frame.!entry
demo_session_02,33,1786094425.7955234,move,241,238,.!frame.!entry
demo_session_02,33,1786094425.8455234,move,260,221,.!frame.!entry
demo_session_02,33,1786094425.8955233,move,250,226,.!frame.!entry
demo_session_02,33,1786094425.9455233,move,274,233,.!frame.!entry
demo_session_02,33,1786094425.9955232,move,256,230,.!frame.!entry
demo_session_02,33,1786094426.0455232,move,269,247,.!frame.!entry
demo_session_02,33,1786094426.095523,move,255,243,.!frame.!entry
demo_session_02,33,1786094426.145523,move,253,260,.!frame.!entry
demo_session_02,33,1786094426.195523,move,256,249,.!frame.!entry
demo_session_02,33,1786094426.245523,move,263,246,.!frame.!entry
demo_session_02,33,1786094426.295523,move,261,255,.!frame.!entry
demo_session_02,33,1786094426.3455229,move,281,261,.!frame.!entry
demo_session_02,33,1786094426.3955228,move,277,260,.!frame.!entry
demo_session_02,33,1786094426.4455228,move,279,247,.!frame.!entry
demo_session_02,33,1786094426.4955227,move,278,255,.!frame.!entry
demo_session_02,33,1786094426.5455227,move,291,260,.!frame.!button
demo_session_02,33,1786094426.5955226,move,288,257,.!frame.!button
demo_session_02,33,1786094426.6455226,move,292,266,.!frame.!button
demo_session_02,33,1786094426.6955225,move,292,269,.!frame.!button
demo_session_02,33,1786094426.7455225,move,282,253,.!frame.!button
demo_session_02,33,1786094426.7955225,move,292,261,.!frame.!button
demo_session_02,33,1786094426.8455224,move,293,280,.!frame.!button
demo_session_02,33,1786094426.8955224,move,292,261,.!frame.!button
demo_session_02,33,1786094426.9455223,move,297,276,.!frame.!button
demo_session_02,33,1786094426.9955223,move,300,287,.!frame.!button
demo_session_02,33,1786094427.0455222,move,312,273,.!frame.!button
demo_session_02,33,1786094427.0955222,move,320,285,.!frame.!button
demo_session_02,33,1786094427.145522,move,292,272,.!frame.!button
demo_session_02,33,1786094427.195522,move,313,289,.!frame.!button
demo_session_02,33,1786094427.245522,move,325,273,.!frame.!button
demo_session_02,33,1786094427.295522,move,312,279,.!frame.!button
demo_session_02,33,1786094427.345522,move,314,274,.!frame.!button
demo_session_02,33,1786094427.3955219,move,304,297,.!frame.!button
demo_session_02,33,1786094427.4455218,move,320,306,.!frame.!button
demo_session_02,33,1786094427.4955218,move,332,293,.!frame.!button
demo_session_02,33,1786094427.5455217,move,309,291,.!frame.!button
demo_session_02,33,1786094427.5955217,move,321,307,.!frame.!button
demo_session_02,33,1786094427.6455216,move,298,301,.!frame.!button
demo_session_02,33,1786094427.6955216,move,316,290,.!frame.!button
demo_session_02,33,1786094427.7455215,move,336,304,.!frame.!button
demo_session_02,33,1786094427.7955215,move,342,301,.!frame.!button
demo_session_02,33,1786094427.8455215,move,329,312,.!frame.!button
demo_session_02,33,1786094427.8955214,move,326,317,.!frame.!button
demo_session_02,33,1786094427.9455214,move,333,305,.!frame.!button
demo_session_02,33,1786094427.9955213,move,350,322,.!frame.!button
demo_session_02,33,1786094428.0455213,move,342,307,.!frame.!button
demo_session_02,33,1786094428.0955212,move,339,332,.!frame.!button
demo_session_02,33,1786094428.1455212,move,333,316,.!frame.!button
demo_session_02,33,1786094428.195521,move,340,317,.!frame.!button
demo_session_02,33,1786094428.245521,move,357,302,.!frame.!button
demo_session_02,33,1786094428.3352354,click,338,308,.!frame.!button
demo_session_02,34,1786094428.3352354,move,372,140,.!frame.!entry
demo_session_02,34,1786094428.3852353,move,386,135,.!frame.!entry
demo_session_02,34,1786094428.4352353,move,354,153,.!frame.!entry
demo_session_02,34,1786094428.4852352,move,360,138,.!frame.!entry
demo_session_02,34,1786094428.5352352,move,375,136,.!frame.!entry
demo_session_02,34,1786094428.585235,move,367,118,.!frame.!entry
demo_session_02,34,1786094428.635235,move,340,126,.!frame.!entry
demo_session_02,34,1786094428.685235,move,373,151,.!frame.!entry
demo_session_02,34,1786094428.735235,move,368,164,.!frame.!entry
demo_session_02,34,1786094428.785235,move,347,164,.!frame.!entry
demo_session_02,34,1786094428.8352349,move,361,139,.!frame.!entry
demo_session_02,34,1786094428.8852348,move,367,156,.!frame.!entry
demo_session_02,34,1786094428.9352348,move,350,150,.!frame.!entry
demo_session_02,34,1786094428.9852347,move,369,173,.!frame.!entry
demo_session_02,34,1786094429.0352347,move,372,160,.!frame.!entry
demo_session_02,34,1786094429.0852346,move,366,165,.!frame.!entry
demo_session_02,34,1786094429.1352346,move,350,163,.!frame.!entry
demo_session_02,34,1786094429.1852345,move,370,167,.!frame.!entry
demo_session_02,34,1786094429.2352345,move,363,169,.!frame.!entry
demo_session_02,34,1786094429.2852345,move,363,173,.!frame.!entry
demo_session_02,34,1786094429.3352344,move,365,163,.!frame.!entry
demo_session_02,34,1786094429.3852344,move,362,180,.!frame.!entry
demo_session_02,34,1786094429.4352343,move,366,181,.!frame.!entry
demo_session_02,34,1786094429.4852343,move,340,163,.!frame.!entry
demo_session_02,34,1786094429.5352342,move,374,174,.!frame.!entry
demo_session_02,34,1786094429.5852342,move,363,165,.!frame.!entry
demo_session_02,34,1786094429.635234,move,341,168,.!frame.!entry
demo_session_02,34,1786094429.685234,move,374,181,.!frame.!entry
demo_session_02,34,1786094429.735234,move,358,176,.!frame.!entry
demo_session_02,34,1786094429.785234,move,350,181,.!frame.!entry
demo_session_02,34,1786094429.835234,move,355,200,.!frame.!entry
demo_session_02,34,1786094429.8852339,move,345,193,.!frame.!entry
demo_session_02,34,1786094429.9352338,move,354,191,.!frame.!entry
demo_session_02,34,1786094429.9852338,move,360,187,.!frame.!entry
demo_session_02,34,1786094430.0352337,move,357,195,.!frame.!entry
demo_session_02,34,1786094430.0852337,move,372,203,.!frame.!entry
demo_session_02,34,1786094430.1352336,move,371,187,.!frame.!entry
demo_session_02,34,1786094430.1852336,move,348,190,.!frame.!entry
demo_session_02,34,1786094430.2352335,move,343,211,.!frame.!entry
demo_session_02,34,1786094430.2852335,move,366,198,.!frame.!entry
demo_session_02,34,1786094430.3352334,move,366,209,.!frame.!entry
demo_session_02,34,1786094430.3852334,move,350,206,.!frame.!entry
demo_session_02,34,1786094430.4352334,move,346,222,.!frame.!entry
demo_session_02,34,1786094430.4852333,move,351,210,.!frame.!entry
demo_session_02,34,1786094430.5352333,move,365,206,.!frame.!entry
demo_session_02,34,1786094430.5852332,move,361,199,.!frame.!entry
demo_session_02,34,1786094430.6352332,move,364,227,.!frame.!entry
demo_session_02,34,1786094430.685233,move,351,209,.!frame.!entry
demo_session_02,34,1786094430.735233,move,372,221,.!frame.!entry
demo_session_02,34,1786094430.785233,move,365,221,.!frame.!entry
demo_session_02,34,1786094430.835233,move,363,214,.!frame.!entry
demo_session_02,34,1786094430.885233,move,358,217,.!frame.!entry
demo_session_02,34,1786094430.9352329,move,350,225,.!frame.!entry
demo_session_02,34,1786094430.9852328,move,360,218,.!frame.!entry
demo_session_02,34,1786094431.0352328,move,351,220,.!frame.!entry
demo_session_02,34,1786094431.0852327,move,357,214,.!frame.!entry
demo_session_02,34,1786094431.1352327,move,354,227,.!frame.!entry
demo_session_02,34,1786094431.1852326,move,344,234,.!frame.!entry
demo_session_02,34,1786094431.2352326,move,340,230,.!frame.!entry
demo_session_02,34,1786094431.2852325,move,356,229,.!frame.!entry
demo_session_02,34,1786094431.3352325,move,351,233,.!frame.!entry
demo_session_02,34,1786094431.3852324,move,350,237,.!frame.!entry
demo_session_02,34,1786094431.4352324,move,345,237,.!frame.!entry
demo_session_02,34,1786094431.4852324,move,360,241,.!frame.!entry
demo_session_02,34,1786094431.5352323,move,349,224,.!frame.!entry
demo_session_02,34,1786094431.5852323,move,359,238,.!frame.!entry
demo_session_02,34,1786094431.6352322,move,359,254,.!frame.!entry
demo_session_02,34,1786094431.6852322,move,349,245,.!frame.!entry
demo_session_02,34,1786094431.735232,move,376,242,.!frame.!entry
demo_session_02,34,1786094431.785232,move,364,247,.!frame.!entry
demo_session_02,34,1786094431.835232,move,355,253,.!frame.!entry
demo_session_02,34,1786094431.885232,move,361,265,.!frame.!entry
demo_session_02,34,1786094431.935232,move,351,262,.!frame.!entry
demo_session_02,34,1786094431.9852319,move,355,272,.!frame.!entry
demo_session_02,34,1786094432.0352318,move,366,253,.!frame.!entry
demo_session_02,34,1786094432.0852318,move,369,256,.!frame.!entry
demo_session_02,34,1786094432.1352317,move,351,261,.!frame.!entry
demo_session_02,34,1786094432.1852317,move,344,265,.!frame.!entry
demo_session_02,34,1786094432.2352316,move,349,258,.!frame.!entry
demo_session_02,34,1786094432.2852316,move,351,275,.!frame.!button
demo_session_02,34,1786094432.3352315,move,360,275,.!frame.!button
demo_session_02,34,1786094432.3852315,move,348,278,.!frame.!button
demo_session_02,34,1786094432.4352314,move,346,273,.!frame.!button
demo_session_02,34,1786094432.4852314,move,357,264,.!frame.!button
demo_session_02,34,1786094432.5352314,move,365,272,.!frame.!button
demo_session_02,34,1786094432.5852313,move,348,269,.!frame.!button
demo_session_02,34,1786094432.6352313,move,369,295,.!frame.!button
demo_session_02,34,1786094432.6852312,move,354,281,.!frame.!button
demo_session_02,34,1786094432.7352312,move,369,266,.!frame.!button
demo_session_02,34,1786094432.785231,move,347,276,.!frame.!button
demo_session_02,34,1786094432.835231,move,352,282,.!frame.!button
demo_session_02,34,1786094432.885231,move,357,287,.!frame.!button
demo_session_02,34,1786094432.935231,move,354,273,.!frame.!button
demo_session_02,34,1786094432.985231,move,355,294,.!frame.!button
demo_session_02,34,1786094433.0352309,move,355,289,.!frame.!button
demo_session_02,34,1786094433.0852308,move,352,289,.!frame.!button
demo_session_02,34,1786094433.1352308,move,374,292,.!frame.!button
demo_session_02,34,1786094433.1852307,move,354,297,.!frame.!button
demo_session_02,34,1786094433.2352307,move,341,299,.!frame.!button
demo_session_02,34,1786094433.2852306,move,344,304,.!frame.!button
demo_session_02,34,1786094433.3352306,move,351,308,.!frame.!button
demo_session_02,34,1786094433.3852305,move,345,301,.!frame.!button
demo_session_02,34,1786094433.4352305,move,352,301,.!frame.!button
demo_session_02,34,1786094433.4852304,move,351,308,.!frame.!button
demo_session_02,34,1786094433.5352304,move,334,299,.!frame.!button
demo_session_02,34,1786094433.5852304,move,341,316,.!frame.!button
demo_session_02,34,1786094433.6352303,move,338,309,.!frame.!button
demo_session_02,34,1786094433.6852303,move,354,314,.!frame.!button
demo_session_02,34,1786094433.7352302,move,357,320,.!frame.!button
demo_session_02,34,1786094433.7852302,move,354,316,.!frame.!button
demo_session_02,34,1786094433.83523,move,354,312,.!frame.!button
demo_session_02,34,1786094433.88523,move,344,313,.!frame.!button
demo_session_02,34,1786094433.93523,move,371,330,.!frame.!button
demo_session_02,34,1786094434.0136235,click,361,331,.!frame.!button
demo_session_02,35,1786094450.7705877,move,480,284,.!frame.!entry
demo_session_02,35,1786094450.8205876,move,478,295,.!frame.!entry
demo_session_02,35,1786094450.8705876,move,465,286,.!frame.!entry
demo_session_02,35,1786094450.9205875,move,480,298,.!frame.!entry
demo_session_02,35,1786094450.9705875,move,450,291,.!frame.!entry
demo_session_02,35,1786094451.0205874,move,473,295,.!frame.!entry
demo_session_02,35,1786094451.0705874,move,469,304,.!frame.!entry
demo_session_02,35,1786094451.1205873,move,479,295,.!frame.!entry
demo_session_02,35,1786094451.1705873,move,483,282,.!frame.!entry
demo_session_02,35,1786094451.2205873,move,466,292,.!frame.!entry
demo_session_02,35,1786094451.2705872,move,460,298,.!frame.!entry
demo_session_02,35,1786094451.3205872,move,463,276,.!frame.!entry
demo_session_02,35,1786094451.370587,move,444,298,.!frame.!entry
demo_session_02,35,1786094451.420587,move,463,301,.!frame.!entry
demo_session_02,35,1786094451.470587,move,471,293,.!frame.!entry
demo_session_02,35,1786094451.520587,move,437,293,.!frame.!entry
demo_session_02,35,1786094451.570587,move,463,300,.!frame.!entry
demo_session_02,35,1786094451.6205869,move,463,304,.!frame.!entry
demo_session_02,35,1786094451.6705868,move,447,302,.!frame.!entry
demo_session_02,35,1786094451.7205868,move,464,283,.!frame.!entry
demo_session_02,35,1786094451.7705867,move,461,304,.!frame.!entry
demo_session_02,35,1786094451.8205867,move,451,291,.!frame.!entry
demo_session_02,35,1786094451.8705866,move,448,301,.!frame.!entry
demo_session_02,35,1786094451.9205866,move,437,280,.!frame.!entry
demo_session_02,35,1786094451.9705865,move,442,293,.!frame.!entry
demo_session_02,35,1786094452.0205865,move,448,303,.!frame.!entry
demo_session_02,35,1786094452.0705864,move,445,301,.!frame.!entry
demo_session_02,35,1786094452.1205864,move,462,294,.!frame.!entry
demo_session_02,35,1786094452.1705863,move,445,302,.!frame.!entry
demo_session_02,35,1786094452.2205863,move,445,294,.!frame.!entry
demo_session_02,35,1786094452.2705863,move,450,309,.!frame.!entry
demo_session_02,35,1786094452.3205862,move,428,313,.!frame.!entry
demo_session_02,35,1786094452.3705862,move,441,328,.!frame.!entry
demo_session_02,35,1786094452.420586,move,450,284,.!frame.!entry
demo_session_02,35,1786094452.470586,move,443,287,.!frame.!entry
demo_session_02,35,1786094452.520586,move,430,300,.!frame.!entry
demo_session_02,35,1786094452.570586,move,435,303,.!frame.!entry
demo_session_02,35,1786094452.620586,move,434,322,.!frame.!entry
demo_session_02,35,1786094452.6705859,move,439,309,.!frame.!entry
demo_session_02,35,1786094452.7205858,move,430,299,.!frame.!entry
demo_session_02,35,1786094452.7705858,move,426,305,.!frame.!entry
demo_session_02,35,1786094452.8205857,move,437,300,.!frame.!entry
demo_session_02,35,1786094452.8705857,move,425,315,.!frame.!entry
demo_session_02,35,1786094452.9205856,move,416,287,.!frame.!entry
demo_session_02,35,1786094452.9705856,move,440,294,.!frame.!entry
demo_session_02,35,1786094453.0205855,move,440,295,.!frame.!entry
demo_session_02,35,1786094453.0705855,move,431,309,.!frame.!entry
demo_session_02,35,1786094453.1205854,move,418,307,.!frame.!entry
demo_session_02,35,1786094453.1705854,move,426,320,.!frame.!entry
demo_session_02,35,1786094453.2205853,move,446,308,.!frame.!entry
demo_session_02,35,1786094453.2705853,move,419,300,.!frame.!entry
demo_session_02,35,1786094453.3205853,move,406,293,.!frame.!entry
demo_session_02,35,1786094453.3705852,move,416,306,.!frame.!entry
demo_session_02,35,1786094453.4205852,move,431,279,.!frame.!entry
demo_session_02,35,1786094453.470585,move,417,309,.!frame.!entry
demo_session_02,35,1786094453.520585,move,427,292,.!frame.!entry
demo_session_02,35,1786094453.570585,move,412,290,.!frame.!entry
demo_session_02,35,1786094453.620585,move,409,325,.!frame.!entry
demo_session_02,35,1786094453.670585,move,413,308,.!frame.!entry
demo_session_02,35,1786094453.7205849,move,414,312,.!frame.!entry
demo_session_02,35,1786094453.7705848,move,405,293,.!frame.!entry
demo_session_02,35,1786094453.8205848,move,408,320,.!frame.!entry
demo_session_02,35,1786094453.8705847,move,406,310,.!frame.!entry
demo_session_02,35,1786094453.9205847,move,408,314,.!frame.!entry
demo_session_02,35,1786094453.9705846,move,381,313,.!frame.!entry
demo_session_02,35,1786094454.0205846,move,418,312,.!frame.!entry
demo_session_02,35,1786094454.0705845,move,408,311,.!frame.!entry
demo_session_02,35,1786094454.1205845,move,390,298,.!frame.!entry
demo_session_02,35,1786094454.1705844,move,394,311,.!frame.!entry
demo_session_02,35,1786094454.2205844,move,398,309,.!frame.!entry
demo_session_02,35,1786094454.2705843,move,411,307,.!frame.!entry
demo_session_02,35,1786094454.3205843,move,401,308,.!frame.!entry
demo_session_02,35,1786094454.3705842,move,392,324,.!frame.!entry
demo_session_02,35,1786094454.4205842,move,406,304,.!frame.!entry
demo_session_02,35,1786094454.4705842,move,386,312,.!frame.!entry
demo_session_02,35,1786094454.520584,move,392,309,.!frame.!entry
demo_session_02,35,1786094454.570584,move,393,297,.!frame.!entry
demo_session_02,35,1786094454.620584,move,384,315,.!frame.!entry
demo_session_02,35,1786094454.670584,move,408,299,.!frame.!entry
demo_session_02,35,1786094454.720584,move,395,304,.!frame.!entry
demo_session_02,35,1786094454.7705839,move,386,321,.!frame.!button
demo_session_02,35,1786094454.8205838,move,391,305,.!frame.!button
demo_session_02,35,1786094454.8705838,move,377,304,.!frame.!button
demo_session_02,35,1786094454.9205837,move,373,304,.!frame.!button
demo_session_02,35,1786094454.9705837,move,395,303,.!frame.!button
demo_session_02,35,1786094455.0205836,move,382,321,.!frame.!button
demo_session_02,35,1786094455.0705836,move,387,297,.!frame.!button
demo_session_02,35,1786094455.1205835,move,392,308,.!frame.!button
demo_session_02,35,1786094455.1705835,move,396,312,.!frame.!button
demo_session_02,35,1786094455.2205834,move,378,305,.!frame.!button
demo_session_02,35,1786094455.2705834,move,373,333,.!frame.!button
demo_session_02,35,1786094455.3205833,move,387,313,.!frame.!button
demo_session_02,35,1786094455.3705833,move,354,309,.!frame.!button
demo_session_02,35,1786094455.4205832,move,378,325,.!frame.!button
demo_session_02,35,1786094455.4705832,move,377,323,.!frame.!button
demo_session_02,35,1786094455.5205832,move,370,303,.!frame.!button
demo_session_02,35,1786094455.570583,move,360,325,.!frame.!button
demo_session_02,35,1786094455.620583,move,383,318,.!frame.!button
demo_session_02,35,1786094455.670583,move,375,303,.!frame.!button
demo_session_02,35,1786094455.720583,move,367,291,.!frame.!button
demo_session_02,35,1786094455.770583,move,366,313,.!frame.!button
demo_session_02,35,1786094455.8205829,move,377,312,.!frame.!button
demo_session_02,35,1786094455.8705828,move,368,320,.!frame.!button
demo_session_02,35,1786094455.9205828,move,360,312,.!frame.!button
demo_session_02,35,1786094455.9705827,move,364,317,.!frame.!button
demo_session_02,35,1786094456.0205827,move,371,323,.!frame.!button
demo_session_02,35,1786094456.0705826,move,334,327,.!frame.!button
demo_session_02,35,1786094456.1205826,move,352,328,.!frame.!button
demo_session_02,35,1786094456.1705825,move,350,334,.!frame.!button
demo_session_02,35,1786094456.2205825,move,334,315,.!frame.!button
demo_session_02,35,1786094456.2705824,move,364,325,.!frame.!button
demo_session_02,35,1786094456.3205824,move,357,330,.!frame.!button
demo_session_02,35,1786094456.3705823,move,354,318,.!frame.!button
demo_session_02,35,1786094456.4205823,move,329,312,.!frame.!button
demo_session_02,35,1786094456.5047202,click,349,319,.!frame.!button
demo_session_02,36,1786094456.5047202,move,211,182,.!frame.!entry
demo_session_02,36,1786094456.5547202,move,233,187,.!frame.!entry
demo_session_02,36,1786094456.60472,move,229,179,.!frame.!entry
demo_session_02,36,1786094456.65472,move,217,182,.!frame.!entry
demo_session_02,36,1786094456.70472,move,216,182,.!frame.!entry
demo_session_02,36,1786094456.75472,move,231,182,.!frame.!entry
demo_session_02,36,1786094456.80472,move,220,177,.!frame.!entry
demo_session_02,36,1786094456.8547199,move,236,175,.!frame.!entry
demo_session_02,36,1786094456.9047198,move,247,199,.!frame.!entry
demo_session_02,36,1786094456.9547198,move,234,189,.!frame.!entry
demo_session_02,36,1786094457.0047197,move,240,186,.!frame.!entry
demo_session_02,36,1786094457.0547197,move,231,199,.!frame.!entry
demo_session_02,36,1786094457.1047196,move,222,200,.!frame.!entry
demo_session_02,36,1786094457.1547196,move,238,199,.!frame.!entry
demo_session_02,36,1786094457.2047195,move,244,183,.!frame.!entry
demo_session_02,36,1786094457.2547195,move,235,195,.!frame.!entry
demo_session_02,36,1786094457.3047194,move,229,208,.!frame.!entry
demo_session_02,36,1786094457.3547194,move,242,193,.!frame.!entry
demo_session_02,36,1786094457.4047194,move,232,204,.!frame.!entry
demo_session_02,36,1786094457.4547193,move,244,203,.!frame.!entry
demo_session_02,36,1786094457.5047193,move,258,192,.!frame.!entry
demo_session_02,36,1786094457.5547192,move,233,215,.!frame.!entry
demo_session_02,36,1786094457.6047192,move,232,188,.!frame.!entry
demo_session_02,36,1786094457.654719,move,240,193,.!frame.!entry
demo_session_02,36,1786094457.704719,move,234,208,.!frame.!entry
demo_session_02,36,1786094457.754719,move,241,209,.!frame.!entry
demo_session_02,36,1786094457.804719,move,239,218,.!frame.!entry
demo_session_02,36,1786094457.854719,move,236,203,.!frame.!entry
demo_session_02,36,1786094457.9047189,move,247,207,.!frame.!entry
demo_session_02,36,1786094457.9547188,move,249,207,.!frame.!entry
demo_session_02,36,1786094458.0047188,move,250,223,.!frame.!entry
demo_session_02,36,1786094458.0547187,move,253,216,.!frame.!entry
demo_session_02,36,1786094458.1047187,move,243,225,.!frame.!entry
demo_session_02,36,1786094458.1547186,move,257,214,.!frame.!entry
demo_session_02,36,1786094458.2047186,move,271,219,.!frame.!entry
demo_session_02,36,1786094458.2547185,move,257,226,.!frame.!entry
demo_session_02,36,1786094458.3047185,move,252,224,.!frame.!entry
demo_session_02,36,1786094458.3547184,move,249,218,.!frame.!entry
demo_session_02,36,1786094458.4047184,move,260,204,.!frame.!entry
demo_session_02,36,1786094458.4547184,move,264,219,.!frame.!entry
demo_session_02,36,1786094458.5047183,move,283,226,.!frame.!entry
demo_session_02,36,1786094458.5547183,move,257,233,.!frame.!entry
demo_session_02,36,1786094458.6047182,move,269,237,.!frame.!entry
demo_session_02,36,1786094458.6547182,move,283,230,.!frame.!entry
demo_session_02,36,1786094458.704718,move,250,228,.!frame.!entry
demo_session_02,36,1786094458.754718,move,278,231,.!frame.!entry
demo_session_02,36,1786094458.804718,move,286,220,.!frame.!entry
demo_session_02,36,1786094458.854718,move,267,226,.!frame.!entry
demo_session_02,36,1786094458.904718,move,284,236,.!frame.!entry
demo_session_02,36,1786094458.9547179,move,282,242,.!frame.!entry
demo_session_02,36,1786094459.0047178,move,297,232,.!frame.!entry
demo_session_02,36,1786094459.0547178,move,265,240,.!frame.!entry
demo_session_02,36,1786094459.1047177,move,280,246,.!frame.!entry
demo_session_02,36,1786094459.1547177,move,281,234,.!frame.!entry
demo_session_02,36,1786094459.2047176,move,281,237,.!frame.!entry
demo_session_02,36,1786094459.2547176,move,291,251,.!frame.!entry
demo_session_02,36,1786094459.3047175,move,298,249,.!frame.!entry
demo_session_02,36,1786094459.3547175,move,299,246,.!frame.!entry
demo_session_02,36,1786094459.4047174,move,284,251,.!frame.!entry
demo_session_02,36,1786094459.4547174,move,278,255,.!frame.!entry
demo_session_02,36,1786094459.5047174,move,303,261,.!frame.!entry
demo_session_02,36,1786094459.5547173,move,276,253,.!frame.!entry
demo_session_02,36,1786094459.6047173,move,299,271,.!frame.!entry
demo_session_02,36,1786094459.6547172,move,297,254,.!frame.!entry
demo_session_02,36,1786094459.7047172,move,298,268,.!frame.!entry
demo_session_02,36,1786094459.754717,move,293,260,.!frame.!entry
demo_session_02,36,1786094459.804717,move,283,266,.!frame.!entry
demo_session_02,36,1786094459.854717,move,296,262,.!frame.!entry
demo_session_02,36,1786094459.904717,move,295,278,.!frame.!entry
demo_session_02,36,1786094459.954717,move,302,267,.!frame.!entry
demo_session_02,36,1786094460.0047169,move,304,272,.!frame.!entry
demo_session_02,36,1786094460.0547168,move,306,290,.!frame.!entry
demo_session_02,36,1786094460.1047168,move,310,271,.!frame.!entry
demo_session_02,36,1786094460.1547167,move,316,280,.!frame.!entry
demo_session_02,36,1786094460.2047167,move,304,254,.!frame.!entry
demo_session_02,36,1786094460.2547166,move,305,269,.!frame.!entry
demo_session_02,36,1786094460.3047166,move,316,273,.!frame.!entry
demo_session_02,36,1786094460.3547165,move,302,284,.!frame.!button
demo_session_02,36,1786094460.4047165,move,318,294,.!frame.!button
demo_session_02,36,1786094460.4547164,move,309,285,.!frame.!button
demo_session_02,36,1786094460.5047164,move,313,280,.!frame.!button
demo_session_02,36,1786094460.5547163,move,318,288,.!frame.!button
demo_session_02,36,1786094460.6047163,move,315,290,.!frame.!button
demo_session_02,36,1786094460.6547163,move,302,280,.!frame.!button
demo_session_02,36,1786094460.7047162,move,308,292,.!frame.!button
demo_session_02,36,1786094460.7547162,move,320,281,.!frame.!button
demo_session_02,36,1786094460.804716,move,330,287,.!frame.!button
demo_session_02,36,1786094460.854716,move,327,302,.!frame.!button
demo_session_02,36,1786094460.904716,move,329,287,.!frame.!button
demo_session_02,36,1786094460.954716,move,318,305,.!frame.!button
demo_session_02,36,1786094461.004716,move,329,302,.!frame.!button
demo_session_02,36,1786094461.0547159,move,319,296,.!frame.!button
demo_session_02,36,1786094461.1047158,move,334,298,.!frame.!button
demo_session_02,36,1786094461.1547158,move,339,296,.!frame.!button
demo_session_02,36,1786094461.2047157,move,334,303,.!frame.!button
demo_session_02,36,1786094461.2547157,move,338,307,.!frame.!button
demo_session_02,36,1786094461.3047156,move,331,303,.!frame.!button
demo_session_02,36,1786094461.3547156,move,326,296,.!frame.!button
demo_session_02,36,1786094461.4047155,move,333,294,.!frame.!button
demo_session_02,36,1786094461.4547155,move,335,306,.!frame.!button
demo_session_02,36,1786094461.5047154,move,351,323,.!frame.!button
demo_session_02,36,1786094461.5547154,move,335,303,.!frame.!button
demo_session_02,36,1786094461.6047153,move,325,307,.!frame.!button
demo_session_02,36,1786094461.6547153,move,342,307,.!frame.!button
demo_session_02,36,1786094461.7047153,move,349,321,.!frame.!button
demo_session_02,36,1786094461.7547152,move,338,312,.!frame.!button
demo_session_02,36,1786094461.8047152,move,350,322,.!frame.!button
demo_session_02,36,1786094461.854715,move,344,322,.!frame.!button
demo_session_02,36,1786094461.904715,move,344,315,.!frame.!button
demo_session_02,36,1786094461.954715,move,339,311,.!frame.!button
demo_session_02,36,1786094462.004715,move,356,324,.!frame.!button
demo_session_02,36,1786094462.1020656,click,346,316,.!frame.!button
demo_session_02,37,1786094462.1020656,move,380,302,.!frame.!entry
demo_session_02,37,1786094462.1520655,move,384,282,.!frame.!entry
demo_session_02,37,1786094462.2020655,move,406,294,.!frame.!entry
demo_session_02,37,1786094462.2520654,move,404,295,.!frame.!entry
demo_session_02,37,1786094462.3020654,move,392,299,.!frame.!entry
demo_session_02,37,1786094462.3520653,move,401,318,.!frame.!entry
demo_session_02,37,1786094462.4020653,move,406,302,.!frame.!entry
demo_session_02,37,1786094462.4520652,move,398,291,.!frame.!entry
demo_session_02,37,1786094462.5020652,move,393,295,.!frame.!entry
demo_session_02,37,1786094462.5520651,move,388,288,.!frame.!entry
demo_session_02,37,1786094462.602065,move,400,304,.!frame.!entry
demo_session_02,37,1786094462.652065,move,406,286,.!frame.!entry
demo_session_02,37,1786094462.702065,move,405,288,.!frame.!entry
demo_session_02,37,1786094462.752065,move,386,288,.!frame.!entry
demo_session_02,37,1786094462.802065,move,401,311,.!frame.!entry
demo_session_02,37,1786094462.8520648,move,413,299,.!frame.!entry
demo_session_02,37,1786094462.9020648,move,401,304,.!frame.!entry
demo_session_02,37,1786094462.9520648,move,385,299,.!frame.!entry
demo_session_02,37,1786094463.0020647,move,397,285,.!frame.!entry
demo_session_02,37,1786094463.0520647,move,397,308,.!frame.!entry
demo_session_02,37,1786094463.1020646,move,402,303,.!frame.!entry
demo_session_02,37,1786094463.1520646,move,404,296,.!frame.!entry
demo_session_02,37,1786094463.2020645,move,388,306,.!frame.!entry
demo_session_02,37,1786094463.2520645,move,386,314,.!frame.!entry
demo_session_02,37,1786094463.3020644,move,393,305,.!frame.!entry
demo_session_02,37,1786094463.3520644,move,396,299,.!frame.!entry
demo_session_02,37,1786094463.4020643,move,383,302,.!frame.!entry
demo_session_02,37,1786094463.4520643,move,392,322,.!frame.!entry
demo_session_02,37,1786094463.5020642,move,380,285,.!frame.!entry
demo_session_02,37,1786094463.5520642,move,388,321,.!frame.!entry
demo_session_02,37,1786094463.6020641,move,388,310,.!frame.!entry
demo_session_02,37,1786094463.652064,move,388,312,.!frame.!entry
demo_session_02,37,1786094463.702064,move,370,297,.!frame.!entry
demo_session_02,37,1786094463.752064,move,385,296,.!frame.!entry
demo_session_02,37,1786094463.802064,move,388,309,.!frame.!entry
demo_session_02,37,1786094463.852064,move,390,284,.!frame.!entry
demo_session_02,37,1786094463.9020638,move,397,301,.!frame.!entry
demo_session_02,37,1786094463.9520638,move,400,309,.!frame.!entry
demo_session_02,37,1786094464.0020638,move,385,297,.!frame.!entry
demo_session_02,37,1786094464.0520637,move,373,300,.!frame.!entry
demo_session_02,37,1786094464.1020637,move,383,299,.!frame.!entry
demo_session_02,37,1786094464.1520636,move,381,302,.!frame.!entry
demo_session_02,37,1786094464.2020636,move,386,297,.!frame.!entry
demo_session_02,37,1786094464.2520635,move,381,305,.!frame.!entry
demo_session_02,37,1786094464.3020635,move,382,316,.!frame.!entry
demo_session_02,37,1786094464.3520634,move,374,301,.!frame.!entry
demo_session_02,37,1786094464.4020634,move,372,307,.!frame.!entry
demo_session_02,37,1786094464.4520633,move,380,310,.!frame.!entry
demo_session_02,37,1786094464.5020633,move,385,296,.!frame.!entry
demo_session_02,37,1786094464.5520632,move,385,309,.!frame.!entry
demo_session_02,37,1786094464.6020632,move,386,305,.!frame.!entry
demo_session_02,37,1786094464.6520631,move,387,306,.!frame.!entry
demo_session_02,37,1786094464.702063,move,379,299,.!frame.!entry
demo_session_02,37,1786094464.752063,move,382,303,.!frame.!entry
demo_session_02,37,1786094464.802063,move,384,300,.!frame.!entry
demo_session_02,37,1786094464.852063,move,368,311,.!frame.!entry
demo_session_02,37,1786094464.902063,move,382,296,.!frame.!entry
demo_session_02,37,1786094464.9520628,move,386,310,.!frame.!entry
demo_session_02,37,1786094465.0020628,move,382,304,.!frame.!entry
demo_session_02,37,1786094465.0520627,move,379,314,.!frame.!entry
demo_session_02,37,1786094465.1020627,move,360,308,.!frame.!entry
demo_session_02,37,1786094465.1520627,move,392,291,.!frame.!entry
demo_session_02,37,1786094465.2020626,move,363,310,.!frame.!entry
demo_session_02,37,1786094465.2520626,move,371,295,.!frame.!entry
demo_session_02,37,1786094465.3020625,move,366,309,.!frame.!entry
demo_session_02,37,1786094465.3520625,move,373,302,.!frame.!entry
demo_session_02,37,1786094465.4020624,move,387,305,.!frame.!entry
demo_session_02,37,1786094465.4520624,move,380,298,.!frame.!entry
demo_session_02,37,1786094465.5020623,move,374,318,.!frame.!entry
demo_session_02,37,1786094465.5520623,move,372,305,.!frame.!entry
demo_session_02,37,1786094465.6020622,move,384,305,.!frame.!entry
demo_session_02,37,1786094465.6520622,move,374,309,.!frame.!entry
demo_session_02,37,1786094465.7020621,move,356,316,.!frame.!entry
demo_session_02,37,1786094465.752062,move,363,320,.!frame.!entry
demo_session_02,37,1786094465.802062,move,375,290,.!frame.!entry
demo_session_02,37,1786094465.852062,move,382,299,.!frame.!entry
demo_session_02,37,1786094465.902062,move,364,316,.!frame.!entry
demo_session_02,37,1786094465.952062,move,369,315,.!frame.!entry
demo_session_02,37,1786094466.0020618,move,365,294,.!frame.!entry
demo_session_02,37,1786094466.0520618,move,381,301,.!frame.!entry
demo_session_02,37,1786094466.1020617,move,367,306,.!frame.!entry
demo_session_02,37,1786094466.1520617,move,374,303,.!frame.!entry
demo_session_02,37,1786094466.2020617,move,366,304,.!frame.!entry
demo_session_02,37,1786094466.2520616,move,375,310,.!frame.!entry
demo_session_02,37,1786094466.3020616,move,362,314,.!frame.!button
demo_session_02,37,1786094466.3520615,move,364,312,.!frame.!button
demo_session_02,37,1786094466.4020615,move,372,319,.!frame.!button
demo_session_02,37,1786094466.4520614,move,370,323,.!frame.!button
demo_session_02,37,1786094466.5020614,move,362,303,.!frame.!button
demo_session_02,37,1786094466.5520613,move,358,304,.!frame.!button
demo_session_02,37,1786094466.6020613,move,367,312,.!frame.!button
demo_session_02,37,1786094466.6520612,move,367,319,.!frame.!button
demo_session_02,37,1786094466.7020612,move,347,304,.!frame.!button
demo_session_02,37,1786094466.7520611,move,368,308,.!frame.!button
demo_session_02,37,1786094466.802061,move,347,315,.!frame.!button
demo_session_02,37,1786094466.852061,move,347,321,.!frame.!button
demo_session_02,37,1786094466.902061,move,360,311,.!frame.!button
demo_session_02,37,1786094466.952061,move,355,308,.!frame.!button
demo_session_02,37,1786094467.002061,move,363,317,.!frame.!button
demo_session_02,37,1786094467.0520608,move,346,334,.!frame.!button
demo_session_02,37,1786094467.1020608,move,342,304,.!frame.!button
demo_session_02,37,1786094467.1520607,move,338,306,.!frame.!button
demo_session_02,37,1786094467.2020607,move,360,303,.!frame.!button
demo_session_02,37,1786094467.2520607,move,351,328,.!frame.!button
demo_session_02,37,1786094467.3020606,move,356,329,.!frame.!button
demo_session_02,37,1786094467.3520606,move,359,327,.!frame.!button
demo_session_02,37,1786094467.4020605,move,368,324,.!frame.!button
demo_session_02,37,1786094467.4520605,move,346,307,.!frame.!button
demo_session_02,37,1786094467.5020604,move,354,329,.!frame.!button
demo_session_02,37,1786094467.5520604,move,356,317,.!frame.!button
demo_session_02,37,1786094467.6020603,move,335,320,.!frame.!button
demo_session_02,37,1786094467.6520603,move,363,322,.!frame.!button
demo_session_02,37,1786094467.7020602,move,341,327,.!frame.!button
demo_session_02,37,1786094467.7520602,move,362,334,.!frame.!button
demo_session_02,37,1786094467.8020601,move,348,313,.!frame.!button
demo_session_02,37,1786094467.85206,move,358,319,.!frame.!button
demo_session_02,37,1786094467.90206,move,373,313,.!frame.!button
demo_session_02,37,1786094467.95206,move,335,320,.!frame.!button
demo_session_02,37,1786094468.00206,move,353,314,.!frame.!button
demo_session_02,37,1786094468.05206,move,356,327,.!frame.!button
demo_session_02,37,1786094468.1020598,move,349,322,.!frame.!button
demo_session_02,37,1786094468.1942158,click,354,324,.!frame.!button
demo_session_02,38,1786094468.1942158,move,404,166,.!frame.!entry
demo_session_02,38,1786094468.2442157,move,372,174,.!frame.!entry
demo_session_02,38,1786094468.2942157,move,398,175,.!frame.!entry
demo_session_02,38,1786094468.3442156,move,405,170,.!frame.!entry
demo_session_02,38,1786094468.3942156,move,393,169,.!frame.!entry
demo_session_02,38,1786094468.4442155,move,421,157,.!frame.!entry
demo_session_02,38,1786094468.4942155,move,388,160,.!frame.!entry
demo_session_02,38,1786094468.5442154,move,389,164,.!frame.!entry
demo_session_02,38,1786094468.5942154,move,416,177,.!frame.!entry
demo_session_02,38,1786094468.6442153,move,393,173,.!frame.!entry
demo_session_02,38,1786094468.6942153,move,402,165,.!frame.!entry
demo_session_02,38,1786094468.7442153,move,388,167,.!frame.!entry
demo_session_02,38,1786094468.7942152,move,400,183,.!frame.!entry
demo_session_02,38,1786094468.8442152,move,399,184,.!frame.!entry
demo_session_02,38,1786094468.894215,move,378,177,.!frame.!entry
demo_session_02,38,1786094468.944215,move,384,172,.!frame.!entry
demo_session_02,38,1786094468.994215,move,389,180,.!frame.!entry
demo_session_02,38,1786094469.044215,move,390,187,.!frame.!entry
demo_session_02,38,1786094469.094215,move,396,206,.!frame.!entry
demo_session_02,38,1786094469.1442149,move,383,183,.!frame.!entry
demo_session_02,38,1786094469.1942148,move,380,180,.!frame.!entry
demo_session_02,38,1786094469.2442148,move,376,181,.!frame.!entry
demo_session_02,38,1786094469.2942147,move,398,196,.!frame.!entry
demo_session_02,38,1786094469.3442147,move,389,194,.!frame.!entry
demo_session_02,38,1786094469.3942146,move,386,178,.!frame.!entry
demo_session_02,38,1786094469.4442146,move,395,194,.!frame.!entry
demo_session_02,38,1786094469.4942145,move,394,182,.!frame.!entry
demo_session_02,38,1786094469.5442145,move,396,201,.!frame.!entry
demo_session_02,38,1786094469.5942144,move,391,192,.!frame.!entry
demo_session_02,38,1786094469.6442144,move,400,210,.!frame.!entry
demo_session_02,38,1786094469.6942143,move,396,197,.!frame.!entry
demo_session_02,38,1786094469.7442143,move,397,195,.!frame.!entry
demo_session_02,38,1786094469.7942142,move,371,229,.!frame.!entry
demo_session_02,38,1786094469.8442142,move,393,210,.!frame.!entry
demo_session_02,38,1786094469.8942142,move,394,210,.!frame.!entry
demo_session_02,38,1786094469.944214,move,399,220,.!frame.!entry
demo_session_02,38,1786094469.994214,move,375,192,.!frame.!entry
demo_session_02,38,1786094470.044214,move,376,201,.!frame.!entry
demo_session_02,38,1786094470.094214,move,378,208,.!frame.!entry
demo_session_02,38,1786094470.144214,move,378,190,.!frame.!entry
demo_session_02,38,1786094470.1942139,move,365,224,.!frame.!entry
demo_session_02,38,1786094470.2442138,move,377,202,.!frame.!entry
demo_session_02,38,1786094470.2942138,move,384,224,.!frame.!entry
demo_session_02,38,1786094470.3442137,move,365,225,.!frame.!entry
demo_session_02,38,1786094470.3942137,move,400,225,.!frame.!entry
demo_session_02,38,1786094470.4442136,move,376,224,.!frame.!entry
demo_session_02,38,1786094470.4942136,move,380,226,.!frame.!entry
demo_session_02,38,1786094470.5442135,move,380,216,.!frame.!entry
demo_session_02,38,1786094470.5942135,move,396,215,.!frame.!entry
demo_session_02,38,1786094470.6442134,move,390,217,.!frame.!entry
demo_session_02,38,1786094470.6942134,move,391,222,.!frame.!entry
demo_session_02,38,1786094470.7442133,move,371,249,.!frame.!entry
demo_session_02,38,1786094470.7942133,move,393,238,.!frame.!entry
demo_session_02,38,1786094470.8442132,move,390,225,.!frame.!entry
demo_session_02,38,1786094470.8942132,move,367,231,.!frame.!entry
demo_session_02,38,1786094470.9442132,move,374,234,.!frame.!entry
demo_session_02,38,1786094470.994213,move,393,254,.!frame.!entry
demo_session_02,38,1786094471.044213,move,374,223,.!frame.!entry
demo_session_02,38,1786094471.094213,move,392,246,.!frame.!entry
demo_session_02,38,1786094471.144213,move,374,250,.!frame.!entry
demo_session_02,38,1786094471.194213,move,378,256,.!frame.!entry
demo_session_02,38,1786094471.2442129,move,366,236,.!frame.!entry
demo_session_02,38,1786094471.2942128,move,373,233,.!frame.!entry
demo_session_02,38,1786094471.3442128,move,379,250,.!frame.!entry
demo_session_02,38,1786094471.3942127,move,367,233,.!frame.!entry
demo_session_02,38,1786094471.4442127,move,381,258,.!frame.!entry
demo_session_02,38,1786094471.4942126,move,365,256,.!frame.!entry
demo_session_02,38,1786094471.5442126,move,384,253,.!frame.!entry
demo_session_02,38,1786094471.5942125,move,377,272,.!frame.!entry
demo_session_02,38,1786094471.6442125,move,350,257,.!frame.!entry
demo_session_02,38,1786094471.6942124,move,376,252,.!frame.!entry
demo_session_02,38,1786094471.7442124,move,363,241,.!frame.!entry
demo_session_02,38,1786094471.7942123,move,364,253,.!frame.!entry
demo_session_02,38,1786094471.8442123,move,368,254,.!frame.!entry
demo_session_02,38,1786094471.8942122,move,367,258,.!frame.!entry
demo_session_02,38,1786094471.9442122,move,361,256,.!frame.!entry
demo_session_02,38,1786094471.9942122,move,377,258,.!frame.!entry
demo_session_02,38,1786094472.044212,move,358,267,.!frame.!entry
demo_session_02,38,1786094472.094212,move,372,263,.!frame.!entry
demo_session_02,38,1786094472.144212,move,372,258,.!frame.!entry
demo_session_02,38,1786094472.194212,move,347,259,.!frame.!entry
demo_session_02,38,1786094472.244212,move,362,284,.!frame.!button
demo_session_02,38,1786094472.2942119,move,356,275,.!frame.!button
demo_session_02,38,1786094472.3442118,move,359,285,.!frame.!button
demo_session_02,38,1786094472.3942118,move,342,286,.!frame.!button
demo_session_02,38,1786094472.4442117,move,354,266,.!frame.!button
demo_session_02,38,1786094472.4942117,move,347,289,.!frame.!button
demo_session_02,38,1786094472.5442116,move,360,274,.!frame.!button
demo_session_02,38,1786094472.5942116,move,352,277,.!frame.!button
demo_session_02,38,1786094472.6442115,move,351,272,.!frame.!button
demo_session_02,38,1786094472.6942115,move,358,286,.!frame.!button
demo_session_02,38,1786094472.7442114,move,360,279,.!frame.!button
demo_session_02,38,1786094472.7942114,move,338,287,.!frame.!button
demo_session_02,38,1786094472.8442113,move,378,283,.!frame.!button
demo_session_02,38,1786094472.8942113,move,381,289,.!frame.!button
demo_session_02,38,1786094472.9442112,move,363,297,.!frame.!button
demo_session_02,38,1786094472.9942112,move,355,275,.!frame.!button
demo_session_02,38,1786094473.0442111,move,359,299,.!frame.!button
demo_session_02,38,1786094473.094211,move,365,280,.!frame.!button
demo_session_02,38,1786094473.144211,move,362,300,.!frame.!button
demo_session_02,38,1786094473.194211,move,340,307,.!frame.!button
demo_session_02,38,1786094473.244211,move,363,297,.!frame.!button
demo_session_02,38,1786094473.294211,move,365,302,.!frame.!button
demo_session_02,38,1786094473.3442109,move,350,310,.!frame.!button
demo_session_02,38,1786094473.3942108,move,345,307,.!frame.!button
demo_session_02,38,1786094473.4442108,move,373,319,.!frame.!button
demo_session_02,38,1786094473.4942107,move,362,324,.!frame.!button
demo_session_02,38,1786094473.5442107,move,343,300,.!frame.!button
demo_session_02,38,1786094473.5942106,move,359,309,.!frame.!button
demo_session_02,38,1786094473.6442106,move,371,313,.!frame.!button
demo_session_02,38,1786094473.6942105,move,338,289,.!frame.!button
demo_session_02,38,1786094473.7442105,move,369,331,.!frame.!button
demo_session_02,38,1786094473.7942104,move,359,323,.!frame.!button
demo_session_02,38,1786094473.8442104,move,358,334,.!frame.!button
demo_session_02,38,1786094473.8942103,move,342,312,.!frame.!button
demo_session_02,38,1786094473.9442103,move,365,321,.!frame.!button
demo_session_02,38,1786094474.015448,click,357,327,.!frame.!button
demo_session_02,39,1786094488.9190462,move,395,360,.!frame.!entry
demo_session_02,39,1786094488.969046,move,388,354,.!frame.!entry
demo_session_02,39,1786094489.019046,move,409,361,.!frame.!entry
demo_session_02,39,1786094489.069046,move,387,361,.!frame.!entry
demo_session_02,39,1786094489.119046,move,372,379,.!frame.!entry
demo_session_02,39,1786094489.169046,move,397,363,.!frame.!entry
demo_session_02,39,1786094489.2190459,move,385,368,.!frame.!entry
demo_session_02,39,1786094489.2690458,move,399,379,.!frame.!entry
demo_session_02,39,1786094489.3190458,move,390,345,.!frame.!entry
demo_session_02,39,1786094489.3690457,move,403,366,.!frame.!entry
demo_session_02,39,1786094489.4190457,move,373,373,.!frame.!entry
demo_session_02,39,1786094489.4690456,move,388,362,.!frame.!entry
demo_session_02,39,1786094489.5190456,move,372,378,.!frame.!entry
demo_session_02,39,1786094489.5690455,move,398,354,.!frame.!entry
demo_session_02,39,1786094489.6190455,move,389,362,.!frame.!entry
demo_session_02,39,1786094489.6690454,move,399,363,.!frame.!entry
demo_session_02,39,1786094489.7190454,move,366,355,.!frame.!entry
demo_session_02,39,1786094489.7690454,move,391,356,.!frame.!entry
demo_session_02,39,1786094489.8190453,move,390,359,.!frame.!entry
demo_session_02,39,1786094489.8690453,move,390,360,.!frame.!entry
demo_session_02,39,1786094489.9190452,move,400,357,.!frame.!entry
demo_session_02,39,1786094489.9690452,move,381,343,.!frame.!entry
demo_session_02,39,1786094490.019045,move,381,360,.!frame.!entry
demo_session_02,39,1786094490.069045,move,371,359,.!frame.!entry
demo_session_02,39,1786094490.119045,move,369,351,.!frame.!entry
demo_session_02,39,1786094490.169045,move,385,341,.!frame.!entry
demo_session_02,39,1786094490.219045,move,389,348,.!frame.!entry
demo_session_02,39,1786094490.2690449,move,383,352,.!frame.!entry
demo_session_02,39,1786094490.3190448,move,379,350,.!frame.!entry
demo_session_02,39,1786094490.3690448,move,384,359,.!frame.!entry
demo_session_02,39,1786094490.4190447,move,380,367,.!frame.!entry
demo_session_02,39,1786094490.4690447,move,392,357,.!frame.!entry
demo_session_02,39,1786094490.5190446,move,385,350,.!frame.!entry
demo_session_02,39,1786094490.5690446,move,384,351,.!frame.!entry
demo_session_02,39,1786094490.6190445,move,372,356,.!frame.!entry
demo_session_02,39,1786094490.6690445,move,383,359,.!frame.!entry
demo_session_02,39,1786094490.7190444,move,373,336,.!frame.!entry
demo_session_02,39,1786094490.7690444,move,359,354,.!frame.!entry
demo_session_02,39,1786094490.8190444,move,364,346,.!frame.!entry
demo_session_02,39,1786094490.8690443,move,387,339,.!frame.!entry
demo_session_02,39,1786094490.9190443,move,372,343,.!frame.!entry
demo_session_02,39,1786094490.9690442,move,365,346,.!frame.!entry
demo_session_02,39,1786094491.0190442,move,380,339,.!frame.!entry
demo_session_02,39,1786094491.069044,move,379,350,.!frame.!entry
demo_session_02,39,1786094491.119044,move,379,356,.!frame.!entry
demo_session_02,39,1786094491.169044,move,385,355,.!frame.!entry
demo_session_02,39,1786094491.219044,move,355,351,.!frame.!entry
demo_session_02,39,1786094491.269044,move,390,348,.!frame.!entry
demo_session_02,39,1786094491.3190439,move,370,351,.!frame.!entry
demo_session_02,39,1786094491.3690438,move,375,336,.!frame.!entry
demo_session_02,39,1786094491.4190438,move,380,344,.!frame.!entry
demo_session_02,39,1786094491.4690437,move,372,343,.!frame.!entry
demo_session_02,39,1786094491.5190437,move,365,359,.!frame.!entry
demo_session_02,39,1786094491.5690436,move,377,355,.!frame.!entry
demo_session_02,39,1786094491.6190436,move,366,336,.!frame.!entry
demo_session_02,39,1786094491.6690435,move,385,343,.!frame.!entry
demo_session_02,39,1786094491.7190435,move,358,349,.!frame.!entry
demo_session_02,39,1786094491.7690434,move,377,349,.!frame.!entry
demo_session_02,39,1786094491.8190434,move,379,347,.!frame.!entry
demo_session_02,39,1786094491.8690434,move,367,359,.!frame.!entry
demo_session_02,39,1786094491.9190433,move,370,335,.!frame.!entry
demo_session_02,39,1786094491.9690433,move,373,335,.!frame.!entry
demo_session_02,39,1786094492.0190432,move,357,340,.!frame.!entry
demo_session_02,39,1786094492.0690432,move,381,331,.!frame.!entry
demo_session_02,39,1786094492.119043,move,366,340,.!frame.!entry
demo_session_02,39,1786094492.169043,move,358,345,.!frame.!entry
demo_session_02,39,1786094492.219043,move,370,333,.!frame.!entry
demo_session_02,39,1786094492.269043,move,365,345,.!frame.!entry
demo_session_02,39,1786094492.319043,move,361,344,.!frame.!entry
demo_session_02,39,1786094492.3690429,move,367,337,.!frame.!entry
demo_session_02,39,1786094492.4190428,move,376,348,.!frame.!entry
demo_session_02,39,1786094492.4690428,move,362,327,.!frame.!entry
demo_session_02,39,1786094492.5190427,move,365,330,.!frame.!entry
demo_session_02,39,1786094492.5690427,move,357,334,.!frame.!entry
demo_session_02,39,1786094492.6190426,move,362,342,.!frame.!entry
demo_session_02,39,1786094492.6690426,move,357,334,.!frame.!entry
demo_session_02,39,1786094492.7190425,move,369,335,.!frame.!entry
demo_session_02,39,1786094492.7690425,move,365,331,.!frame.!entry
demo_session_02,39,1786094492.8190424,move,360,334,.!frame.!entry
demo_session_02,39,1786094492.8690424,move,365,338,.!frame.!entry
demo_session_02,39,1786094492.9190423,move,366,345,.!frame.!entry
demo_session_02,39,1786094492.9690423,move,369,337,.!frame.!entry
demo_session_02,39,1786094493.0190423,move,371,327,.!frame.!button
demo_session_02,39,1786094493.0690422,move,364,316,.!frame.!button
demo_session_02,39,1786094493.1190422,move,351,327,.!frame.!button
demo_session_02,39,1786094493.169042,move,363,337,.!frame.!button
demo_session_02,39,1786094493.219042,move,363,330,.!frame.!button
demo_session_02,39,1786094493.269042,move,341,334,.!frame.!button
demo_session_02,39,1786094493.319042,move,381,324,.!frame.!button
demo_session_02,39,1786094493.369042,move,366,330,.!frame.!button
demo_session_02,39,1786094493.4190419,move,358,325,.!frame.!button
demo_session_02,39,1786094493.4690418,move,354,306,.!frame.!button
demo_session_02,39,1786094493.5190418,move,368,320,.!frame.!button
demo_session_02,39,1786094493.5690417,move,338,322,.!frame.!button
demo_session_02,39,1786094493.6190417,move,349,335,.!frame.!button
demo_session_02,39,1786094493.6690416,move,341,313,.!frame.!button
demo_session_02,39,1786094493.7190416,move,354,323,.!frame.!button
demo_session_02,39,1786094493.7690415,move,355,327,.!frame.!button
demo_session_02,39,1786094493.8190415,move,368,318,.!frame.!button
demo_session_02,39,1786094493.8690414,move,352,332,.!frame.!button
demo_session_02,39,1786094493.9190414,move,353,321,.!frame.!button
demo_session_02,39,1786094493.9690413,move,354,313,.!frame.!button
demo_session_02,39,1786094494.0190413,move,354,326,.!frame.!button
demo_session_02,39,1786094494.0690413,move,347,321,.!frame.!button
demo_session_02,39,1786094494.1190412,move,350,329,.!frame.!button
demo_session_02,39,1786094494.1690412,move,358,322,.!frame.!button
demo_session_02,39,1786094494.219041,move,377,333,.!frame.!button
demo_session_02,39,1786094494.269041,move,352,316,.!frame.!button
demo_session_02,39,1786094494.319041,move,352,326,.!frame.!button
demo_session_02,39,1786094494.369041,move,355,324,.!frame.!button
demo_session_02,39,1786094494.419041,move,350,313,.!frame.!button
demo_session_02,39,1786094494.4690409,move,354,314,.!frame.!button
demo_session_02,39,1786094494.5190408,move,348,318,.!frame.!button
demo_session_02,39,1786094494.5690408,move,337,334,.!frame.!button
demo_session_02,39,1786094494.6190407,move,377,320,.!frame.!button
demo_session_02,39,1786094494.6690407,move,344,322,.!frame.!button
demo_session_02,39,1786094494.7190406,move,356,316,.!frame.!button
demo_session_02,39,1786094494.8125963,click,337,307,.!frame.!button
demo_session_02,40,1786094494.8125963,move,305,112,.!frame.!entry
demo_session_02,40,1786094494.8625963,move,288,108,.!frame.!entry
demo_session_02,40,1786094494.9125962,move,312,115,.!frame.!entry
demo_session_02,40,1786094494.9625962,move,298,123,.!frame.!entry
demo_session_02,40,1786094495.0125961,move,303,121,.!frame.!entry
demo_session_02,40,1786094495.062596,move,316,124,.!frame.!entry
demo_session_02,40,1786094495.112596,move,290,129,.!frame.!entry
demo_session_02,40,1786094495.162596,move,314,111,.!frame.!entry
demo_session_02,40,1786094495.212596,move,301,126,.!frame.!entry
demo_session_02,40,1786094495.262596,move,320,104,.!frame.!entry
demo_session_02,40,1786094495.3125958,move,312,128,.!frame.!entry
demo_session_02,40,1786094495.3625958,move,313,139,.!frame.!entry
demo_session_02,40,1786094495.4125957,move,316,138,.!frame.!entry
demo_session_02,40,1786094495.4625957,move,309,157,.!frame.!entry
demo_session_02,40,1786094495.5125957,move,311,135,.!frame.!entry
demo_session_02,40,1786094495.5625956,move,311,143,.!frame.!entry
demo_session_02,40,1786094495.6125956,move,331,143,.!frame.!entry
demo_session_02,40,1786094495.6625955,move,315,138,.!frame.!entry
demo_session_02,40,1786094495.7125955,move,311,134,.!frame.!entry
demo_session_02,40,1786094495.7625954,move,316,162,.!frame.!entry
demo_session_02,40,1786094495.8125954,move,324,160,.!frame.!entry
demo_session_02,40,1786094495.8625953,move,307,153,.!frame.!entry
demo_session_02,40,1786094495.9125953,move,315,154,.!frame.!entry
demo_session_02,40,1786094495.9625952,move,344,160,.!frame.!entry
demo_session_02,40,1786094496.0125952,move,310,146,.!frame.!entry
demo_session_02,40,1786094496.0625951,move,323,166,.!frame.!entry
demo_session_02,40,1786094496.112595,move,326,157,.!frame.!entry
demo_session_02,40,1786094496.162595,move,317,154,.!frame.!entry
demo_session_02,40,1786094496.212595,move,322,162,.!frame.!entry
demo_session_02,40,1786094496.262595,move,333,166,.!frame.!entry
demo_session_02,40,1786094496.312595,move,319,155,.!frame.!entry
demo_session_02,40,1786094496.3625948,move,321,172,.!frame.!entry
demo_session_02,40,1786094496.4125948,move,321,177,.!frame.!entry
demo_session_02,40,1786094496.4625947,move,319,159,.!frame.!entry
demo_session_02,40,1786094496.5125947,move,323,177,.!frame.!entry
demo_session_02,40,1786094496.5625947,move,321,174,.!frame.!entry
demo_session_02,40,1786094496.6125946,move,324,160,.!frame.!entry
demo_session_02,40,1786094496.6625946,move,342,171,.!frame.!entry
demo_session_02,40,1786094496.7125945,move,320,172,.!frame.!entry
demo_session_02,40,1786094496.7625945,move,312,189,.!frame.!entry
demo_session_02,40,1786094496.8125944,move,315,184,.!frame.!entry
demo_session_02,40,1786094496.8625944,move,323,190,.!frame.!entry
demo_session_02,40,1786094496.9125943,move,329,167,.!frame.!entry
demo_session_02,40,1786094496.9625943,move,319,182,.!frame.!entry
demo_session_02,40,1786094497.0125942,move,333,176,.!frame.!entry
demo_session_02,40,1786094497.0625942,move,328,182,.!frame.!entry
demo_session_02,40,1786094497.1125941,move,329,191,.!frame.!entry
demo_session_02,40,1786094497.162594,move,323,183,.!frame.!entry
demo_session_02,40,1786094497.212594,move,323,196,.!frame.!entry
demo_session_02,40,1786094497.262594,move,326,212,.!frame.!entry
demo_session_02,40,1786094497.312594,move,334,204,.!frame.!entry
demo_session_02,40,1786094497.362594,move,337,198,.!frame.!entry
demo_session_02,40,1786094497.4125938,move,325,202,.!frame.!entry
demo_session_02,40,1786094497.4625938,move,342,197,.!frame.!entry
demo_session_02,40,1786094497.5125937,move,319,221,.!frame.!entry
demo_session_02,40,1786094497.5625937,move,342,215,.!frame.!entry
demo_session_02,40,1786094497.6125937,move,317,202,.!frame.!entry
demo_session_02,40,1786094497.6625936,move,322,211,.!frame.!entry
demo_session_02,40,1786094497.7125936,move,323,211,.!frame.!entry
demo_session_02,40,1786094497.7625935,move,330,190,.!frame.!entry
demo_session_02,40,1786094497.8125935,move,334,202,.!frame.!entry
demo_session_02,40,1786094497.8625934,move,328,210,.!frame.!entry
demo_session_02,40,1786094497.9125934,move,336,202,.!frame.!entry
demo_session_02,40,1786094497.9625933,move,332,223,.!frame.!entry
demo_session_02,40,1786094498.0125933,move,311,211,.!frame.!entry
demo_session_02,40,1786094498.0625932,move,332,238,.!frame.!entry
demo_session_02,40,1786094498.1125932,move,339,209,.!frame.!entry
demo_session_02,40,1786094498.1625931,move,322,227,.!frame.!entry
demo_session_02,40,1786094498.212593,move,330,223,.!frame.!entry
demo_session_02,40,1786094498.262593,move,318,228,.!frame.!entry
demo_session_02,40,1786094498.312593,move,335,248,.!frame.!entry
demo_session_02,40,1786094498.362593,move,331,246,.!frame.!entry
demo_session_02,40,1786094498.412593,move,332,227,.!frame.!entry
demo_session_02,40,1786094498.4625928,move,330,225,.!frame.!entry
demo_session_02,40,1786094498.5125928,move,324,215,.!frame.!entry
demo_session_02,40,1786094498.5625927,move,329,241,.!frame.!entry
demo_session_02,40,1786094498.6125927,move,325,261,.!frame.!entry
demo_session_02,40,1786094498.6625926,move,330,240,.!frame.!entry
demo_session_02,40,1786094498.7125926,move,319,248,.!frame.!entry
demo_session_02,40,1786094498.7625926,move,349,250,.!frame.!entry
demo_session_02,40,1786094498.8125925,move,338,243,.!frame.!entry
demo_session_02,40,1786094498.8625925,move,339,250,.!frame.!entry
demo_session_02,40,1786094498.9125924,move,348,255,.!frame.!entry
demo_session_02,40,1786094498.9625924,move,343,238,.!frame.!entry
demo_session_02,40,1786094499.0125923,move,337,251,.!frame.!entry
demo_session_02,40,1786094499.0625923,move,327,259,.!frame.!entry
demo_session_02,40,1786094499.1125922,move,322,245,.!frame.!entry
demo_session_02,40,1786094499.1625922,move,317,248,.!frame.!entry
demo_session_02,40,1786094499.2125921,move,339,267,.!frame.!entry
demo_session_02,40,1786094499.262592,move,332,264,.!frame.!button
demo_session_02,40,1786094499.312592,move,339,256,.!frame.!button
demo_session_02,40,1786094499.362592,move,339,271,.!frame.!button
demo_session_02,40,1786094499.412592,move,346,265,.!frame.!button
demo_session_02,40,1786094499.462592,move,340,255,.!frame.!button
demo_session_02,40,1786094499.5125918,move,326,268,.!frame.!button
demo_session_02,40,1786094499.5625918,move,348,281,.!frame.!button
demo_session_02,40,1786094499.6125917,move,336,267,.!frame.!button
demo_session_02,40,1786094499.6625917,move,337,284,.!frame.!button
demo_session_02,40,1786094499.7125916,move,344,282,.!frame.!button
demo_session_02,40,1786094499.7625916,move,354,274,.!frame.!button
demo_session_02,40,1786094499.8125916,move,354,282,.!frame.!button
demo_session_02,40,1786094499.8625915,move,351,268,.!frame.!button
demo_session_02,40,1786094499.9125915,move,350,272,.!frame.!button
demo_session_02,40,1786094499.9625914,move,342,284,.!frame.!button
demo_session_02,40,1786094500.0125914,move,337,285,.!frame.!button
demo_session_02,40,1786094500.0625913,move,340,271,.!frame.!button
demo_session_02,40,1786094500.1125913,move,345,278,.!frame.!button
demo_session_02,40,1786094500.1625912,move,332,290,.!frame.!button
demo_session_02,40,1786094500.2125912,move,339,288,.!frame.!button
demo_session_02,40,1786094500.2625911,move,344,279,.!frame.!button
demo_session_02,40,1786094500.312591,move,335,290,.!frame.!button
demo_session_02,40,1786094500.362591,move,346,319,.!frame.!button
demo_session_02,40,1786094500.412591,move,345,311,.!frame.!button
demo_session_02,40,1786094500.462591,move,334,313,.!frame.!button
demo_session_02,40,1786094500.512591,move,351,308,.!frame.!button
demo_session_02,40,1786094500.5625908,move,344,293,.!frame.!button
demo_session_02,40,1786094500.6125908,move,351,305,.!frame.!button
demo_session_02,40,1786094500.6625907,move,352,325,.!frame.!button
demo_session_02,40,1786094500.7125907,move,334,307,.!frame.!button
demo_session_02,40,1786094500.7625906,move,359,309,.!frame.!button
demo_session_02,40,1786094500.8125906,move,329,309,.!frame.!button
demo_session_02,40,1786094500.8625906,move,332,304,.!frame.!button
demo_session_02,40,1786094500.9125905,move,349,299,.!frame.!button
demo_session_02,40,1786094500.9625905,move,349,321,.!frame.!button
demo_session_02,40,1786094501.0125904,move,365,318,.!frame.!button
demo_session_02,40,1786094501.0625904,move,348,306,.!frame.!button
demo_session_02,40,1786094501.1125903,move,343,300,.!frame.!button
demo_session_02,40,1786094501.2108347,click,356,326,.!frame.!button
demo_session_02,41,1786094501.2108347,move,422,155,.!frame.!entry
demo_session_02,41,1786094501.2608347,move,393,140,.!frame.!entry
demo_session_02,41,1786094501.3108346,move,418,160,.!frame.!entry
demo_session_02,41,1786094501.3608346,move,402,148,.!frame.!entry
demo_session_02,41,1786094501.4108346,move,414,153,.!frame.!entry
demo_session_02,41,1786094501.4608345,move,409,166,.!frame.!entry
demo_session_02,41,1786094501.5108345,move,424,176,.!frame.!entry
demo_session_02,41,1786094501.5608344,move,411,156,.!frame.!entry
demo_session_02,41,1786094501.6108344,move,389,171,.!frame.!entry
demo_session_02,41,1786094501.6608343,move,415,153,.!frame.!entry
demo_session_02,41,1786094501.7108343,move,396,170,.!frame.!entry
demo_session_02,41,1786094501.7608342,move,389,169,.!frame.!entry
demo_session_02,41,1786094501.8108342,move,398,146,.!frame.!entry
demo_session_02,41,1786094501.8608341,move,401,153,.!frame.!entry
demo_session_02,41,1786094501.910834,move,401,161,.!frame.!entry
demo_session_02,41,1786094501.960834,move,401,165,.!frame.!entry
demo_session_02,41,1786094502.010834,move,405,171,.!frame.!entry
demo_session_02,41,1786094502.060834,move,389,177,.!frame.!entry
demo_session_02,41,1786094502.110834,move,398,168,.!frame.!entry
demo_session_02,41,1786094502.1608338,move,399,194,.!frame.!entry
demo_session_02,41,1786094502.2108338,move,397,179,.!frame.!entry
demo_session_02,41,1786094502.2608337,move,401,186,.!frame.!entry
demo_session_02,41,1786094502.3108337,move,391,178,.!frame.!entry
demo_session_02,41,1786094502.3608336,move,401,164,.!frame.!entry
demo_session_02,41,1786094502.4108336,move,390,188,.!frame.!entry
demo_session_02,41,1786094502.4608335,move,400,191,.!frame.!entry
demo_session_02,41,1786094502.5108335,move,405,206,.!frame.!entry
demo_session_02,41,1786094502.5608335,move,397,203,.!frame.!entry
demo_session_02,41,1786094502.6108334,move,372,185,.!frame.!entry
demo_session_02,41,1786094502.6608334,move,381,192,.!frame.!entry
demo_session_02,41,1786094502.7108333,move,391,184,.!frame.!entry
demo_session_02,41,1786094502.7608333,move,401,186,.!frame.!entry
demo_session_02,41,1786094502.8108332,move,391,193,.!frame.!entry
demo_session_02,41,1786094502.8608332,move,391,197,.!frame.!entry
demo_session_02,41,1786094502.9108331,move,391,216,.!frame.!entry
demo_session_02,41,1786094502.960833,move,382,191,.!frame.!entry
demo_session_02,41,1786094503.010833,move,367,206,.!frame.!entry
demo_session_02,41,1786094503.060833,move,396,194,.!frame.!entry
demo_session_02,41,1786094503.110833,move,400,211,.!frame.!entry
demo_session_02,41,1786094503.160833,move,400,213,.!frame.!entry
demo_session_02,41,1786094503.2108328,move,399,198,.!frame.!entry
demo_session_02,41,1786094503.2608328,move,378,196,.!frame.!entry
demo_session_02,41,1786094503.3108327,move,360,197,.!frame.!entry
demo_session_02,41,1786094503.3608327,move,391,221,.!frame.!entry
demo_session_02,41,1786094503.4108326,move,388,214,.!frame.!entry
demo_session_02,41,1786094503.4608326,move,378,214,.!frame.!entry
demo_session_02,41,1786094503.5108325,move,375,212,.!frame.!entry
demo_session_02,41,1786094503.5608325,move,393,216,.!frame.!entry
demo_session_02,41,1786094503.6108325,move,380,219,.!frame.!entry
demo_session_02,41,1786094503.6608324,move,369,226,.!frame.!entry
demo_session_02,41,1786094503.7108324,move,378,202,.!frame.!entry
demo_session_02,41,1786094503.7608323,move,396,216,.!frame.!entry
demo_session_02,41,1786094503.8108323,move,391,237,.!frame.!entry
demo_session_02,41,1786094503.8608322,move,370,226,.!frame.!entry
demo_session_02,41,1786094503.9108322,move,384,221,.!frame.!entry
demo_session_02,41,1786094503.960832,move,395,228,.!frame.!entry
demo_session_02,41,1786094504.010832,move,384,231,.!frame.!entry
demo_session_02,41,1786094504.060832,move,386,215,.!frame.!entry
demo_session_02,41,1786094504.110832,move,383,251,.!frame.!entry
demo_session_02,41,1786094504.160832,move,383,253,.!frame.!entry
demo_session_02,41,1786094504.2108319,move,379,226,.!frame.!entry
demo_session_02,41,1786094504.2608318,move,366,230,.!frame.!entry
demo_session_02,41,1786094504.3108318,move,379,246,.!frame.!entry
demo_session_02,41,1786094504.3608317,move,375,249,.!frame.!entry
demo_session_02,41,1786094504.4108317,move,368,234,.!frame.!entry
demo_session_02,41,1786094504.4608316,move,384,253,.!frame.!entry
demo_session_02,41,1786094504.5108316,move,371,240,.!frame.!entry
demo_session_02,41,1786094504.5608315,move,367,246,.!frame.!entry
demo_session_02,41,1786094504.6108315,move,394,243,.!frame.!entry
demo_session_02,41,1786094504.6608315,move,392,244,.!frame.!entry
demo_session_02,41,1786094504.7108314,move,370,241,.!frame.!entry
demo_session_02,41,1786094504.7608314,move,384,245,.!frame.!entry
demo_session_02,41,1786094504.8108313,move,363,262,.!frame.!entry
demo_session_02,41,1786094504.8608313,move,371,251,.!frame.!entry
demo_session_02,41,1786094504.9108312,move,360,261,.!frame.!entry
demo_session_02,41,1786094504.9608312,move,371,272,.!frame.!entry
demo_session_02,41,1786094505.010831,move,379,249,.!frame.!entry
demo_session_02,41,1786094505.060831,move,348,258,.!frame.!entry
demo_session_02,41,1786094505.110831,move,371,259,.!frame.!entry
demo_session_02,41,1786094505.160831,move,348,267,.!frame.!entry
demo_session_02,41,1786094505.210831,move,348,283,.!frame.!button
demo_session_02,41,1786094505.2608309,move,376,261,.!frame.!button
demo_session_02,41,1786094505.3108308,move,375,273,.!frame.!button
demo_session_02,41,1786094505.3608308,move,380,267,.!frame.!button
demo_session_02,41,1786094505.4108307,move,361,257,.!frame.!button
demo_session_02,41,1786094505.4608307,move,361,284,.!frame.!button
demo_session_02,41,1786094505.5108306,move,357,252,.!frame.!button
demo_session_02,41,1786094505.5608306,move,369,270,.!frame.!button
demo_session_02,41,1786094505.6108305,move,367,295,.!frame.!button
demo_session_02,41,1786094505.6608305,move,359,290,.!frame.!button
demo_session_02,41,1786094505.7108305,move,359,273,.!frame.!button
demo_session_02,41,1786094505.7608304,move,346,294,.!frame.!button
demo_session_02,41,1786094505.8108304,move,342,289,.!frame.!button
demo_session_02,41,1786094505.8608303,move,355,282,.!frame.!button
demo_session_02,41,1786094505.9108303,move,354,295,.!frame.!button
demo_session_02,41,1786094505.9608302,move,367,293,.!frame.!button
demo_session_02,41,1786094506.0108302,move,348,313,.!frame.!button
demo_session_02,41,1786094506.06083,move,371,302,.!frame.!button
demo_session_02,41,1786094506.11083,move,352,289,.!frame.!button
demo_session_02,41,1786094506.16083,move,358,287,.!frame.!button
demo_session_02,41,1786094506.21083,move,353,319,.!frame.!button
demo_session_02,41,1786094506.26083,move,355,292,.!frame.!button
demo_session_02,41,1786094506.3108299,move,341,321,.!frame.!button
demo_session_02,41,1786094506.3608298,move,358,297,.!frame.!button
demo_session_02,41,1786094506.4108298,move,360,313,.!frame.!button
demo_session_02,41,1786094506.4608297,move,367,292,.!frame.!button
demo_session_02,41,1786094506.5108297,move,348,312,.!frame.!button
demo_session_02,41,1786094506.5608296,move,367,303,.!frame.!button
demo_session_02,41,1786094506.6108296,move,359,307,.!frame.!button
demo_session_02,41,1786094506.6608295,move,348,316,.!frame.!button
demo_session_02,41,1786094506.7108295,move,364,311,.!frame.!button
demo_session_02,41,1786094506.7608294,move,341,317,.!frame.!button
demo_session_02,41,1786094506.8108294,move,349,299,.!frame.!button
demo_session_02,41,1786094506.8608294,move,357,311,.!frame.!button
demo_session_02,41,1786094506.920248,click,349,319,.!frame.!button
demo_session_02,42,1786094506.920248,move,368,239,.!frame.!entry
demo_session_02,42,1786094506.970248,move,397,238,.!frame.!entry
demo_session_02,42,1786094507.020248,move,383,230,.!frame.!entry
demo_session_02,42,1786094507.070248,move,383,226,.!frame.!entry
demo_session_02,42,1786094507.1202478,move,368,229,.!frame.!entry
demo_session_02,42,1786094507.1702478,move,371,221,.!frame.!entry
demo_session_02,42,1786094507.2202477,move,371,232,.!frame.!entry
demo_session_02,42,1786094507.2702477,move,369,240,.!frame.!entry
demo_session_02,42,1786094507.3202477,move,369,247,.!frame.!entry
demo_session_02,42,1786094507.3702476,move,374,224,.!frame.!entry
demo_session_02,42,1786094507.4202476,move,347,213,.!frame.!entry
demo_session_02,42,1786094507.4702475,move,376,232,.!frame.!entry
demo_session_02,42,1786094507.5202475,move,377,246,.!frame.!entry
demo_session_02,42,1786094507.5702474,move,386,232,.!frame.!entry
demo_session_02,42,1786094507.6202474,move,385,223,.!frame.!entry
demo_session_02,42,1786094507.6702473,move,362,249,.!frame.!entry
demo_session_02,42,1786094507.7202473,move,369,256,.!frame.!entry
demo_session_02,42,1786094507.7702472,move,401,246,.!frame.!entry
demo_session_02,42,1786094507.8202472,move,386,230,.!frame.!entry
demo_session_02,42,1786094507.8702471,move,376,250,.!frame.!entry
demo_session_02,42,1786094507.920247,move,372,268,.!frame.!entry
demo_session_02,42,1786094507.970247,move,348,251,.!frame.!entry
demo_session_02,42,1786094508.020247,move,373,246,.!frame.!entry
demo_session_02,42,1786094508.070247,move,379,241,.!frame.!entry
demo_session_02,42,1786094508.120247,move,378,237,.!frame.!entry
demo_session_02,42,1786094508.1702468,move,357,255,.!frame.!entry
demo_session_02,42,1786094508.2202468,move,381,229,.!frame.!entry
demo_session_02,42,1786094508.2702467,move,367,230,.!frame.!entry
demo_session_02,42,1786094508.3202467,move,370,247,.!frame.!entry
demo_session_02,42,1786094508.3702466,move,377,266,.!frame.!entry
demo_session_02,42,1786094508.4202466,move,368,258,.!frame.!entry
demo_session_02,42,1786094508.4702466,move,346,265,.!frame.!entry
demo_session_02,42,1786094508.5202465,move,378,254,.!frame.!entry
demo_session_02,42,1786094508.5702465,move,354,259,.!frame.!entry
demo_session_02,42,1786094508.6202464,move,353,238,.!frame.!entry
demo_session_02,42,1786094508.6702464,move,344,236,.!frame.!entry
demo_session_02,42,1786094508.7202463,move,366,233,.!frame.!entry
demo_session_02,42,1786094508.7702463,move,369,240,.!frame.!entry
demo_session_02,42,1786094508.8202462,move,364,243,.!frame.!entry
demo_session_02,42,1786094508.8702462,move,362,253,.!frame.!entry
demo_session_02,42,1786094508.9202461,move,373,250,.!frame.!entry
demo_session_02,42,1786094508.970246,move,361,270,.!frame.!entry
demo_session_02,42,1786094509.020246,move,355,244,.!frame.!entry
demo_session_02,42,1786094509.070246,move,357,269,.!frame.!entry
demo_session_02,42,1786094509.120246,move,365,275,.!frame.!entry
demo_session_02,42,1786094509.170246,move,364,239,.!frame.!entry
demo_session_02,42,1786094509.2202458,move,368,265,.!frame.!entry
demo_session_02,42,1786094509.2702458,move,370,261,.!frame.!entry
demo_session_02,42,1786094509.3202457,move,370,269,.!frame.!entry
demo_session_02,42,1786094509.3702457,move,369,245,.!frame.!entry
demo_session_02,42,1786094509.4202456,move,348,266,.!frame.!entry
demo_session_02,42,1786094509.4702456,move,353,261,.!frame.!entry
demo_session_02,42,1786094509.5202456,move,359,265,.!frame.!entry
demo_session_02,42,1786094509.5702455,move,358,279,.!frame.!entry
demo_session_02,42,1786094509.6202455,move,362,274,.!frame.!entry
demo_session_02,42,1786094509.6702454,move,374,259,.!frame.!entry
demo_session_02,42,1786094509.7202454,move,354,247,.!frame.!entry
demo_session_02,42,1786094509.7702453,move,363,264,.!frame.!entry
demo_session_02,42,1786094509.8202453,move,372,271,.!frame.!entry
demo_session_02,42,1786094509.8702452,move,361,265,.!frame.!entry
demo_session_02,42,1786094509.9202452,move,345,272,.!frame.!entry
demo_session_02,42,1786094509.9702451,move,364,258,.!frame.!entry
demo_session_02,42,1786094510.020245,move,385,251,.!frame.!entry
demo_session_02,42,1786094510.070245,move,364,279,.!frame.!entry
demo_session_02,42,1786094510.120245,move,380,270,.!frame.!entry
demo_session_02,42,1786094510.170245,move,352,289,.!frame.!entry
demo_session_02,42,1786094510.220245,move,358,269,.!frame.!entry
demo_session_02,42,1786094510.2702448,move,362,282,.!frame.!entry
demo_session_02,42,1786094510.3202448,move,376,262,.!frame.!entry
demo_session_02,42,1786094510.3702447,move,354,272,.!frame.!entry
demo_session_02,42,1786094510.4202447,move,373,262,.!frame.!entry
demo_session_02,42,1786094510.4702446,move,360,287,.!frame.!entry
demo_session_02,42,1786094510.5202446,move,359,272,.!frame.!entry
demo_session_02,42,1786094510.5702446,move,355,278,.!frame.!entry
demo_session_02,42,1786094510.6202445,move,343,298,.!frame.!entry
demo_session_02,42,1786094510.6702445,move,347,275,.!frame.!entry
demo_session_02,42,1786094510.7202444,move,355,287,.!frame.!entry
demo_session_02,42,1786094510.7702444,move,358,290,.!frame.!entry
demo_session_02,42,1786094510.8202443,move,348,283,.!frame.!entry
demo_session_02,42,1786094510.8702443,move,351,279,.!frame.!entry
demo_session_02,42,1786094510.9202442,move,366,289,.!frame.!entry
demo_session_02,42,1786094510.9702442,move,363,278,.!frame.!entry
demo_session_02,42,1786094511.0202441,move,365,290,.!frame.!entry
demo_session_02,42,1786094511.070244,move,358,269,.!frame.!entry
demo_session_02,42,1786094511.120244,move,358,281,.!frame.!entry
demo_session_02,42,1786094511.170244,move,345,285,.!frame.!entry
demo_session_02,42,1786094511.220244,move,351,284,.!frame.!entry
demo_session_02,42,1786094511.270244,move,360,294,.!frame.!entry
demo_session_02,42,1786094511.3202438,move,353,294,.!frame.!entry
demo_session_02,42,1786094511.3702438,move,368,316,.!frame.!entry
demo_session_02,42,1786094511.4202437,move,368,277,.!frame.!entry
demo_session_02,42,1786094511.4702437,move,354,299,.!frame.!entry
demo_session_02,42,1786094511.5202436,move,369,265,.!frame.!entry
demo_session_02,42,1786094511.5702436,move,362,295,.!frame.!entry
demo_session_02,42,1786094511.6202435,move,356,278,.!frame.!button
demo_session_02,42,1786094511.6702435,move,336,292,.!frame.!button
demo_session_02,42,1786094511.7202435,move,361,292,.!frame.!button
demo_session_02,42,1786094511.7702434,move,380,282,.!frame.!button
demo_session_02,42,1786094511.8202434,move,342,320,.!frame.!button
demo_session_02,42,1786094511.8702433,move,350,289,.!frame.!button
demo_session_02,42,1786094511.9202433,move,347,297,.!frame.!button
demo_session_02,42,1786094511.9702432,move,358,289,.!frame.!button
demo_session_02,42,1786094512.0202432,move,375,301,.!frame.!button
demo_session_02,42,1786094512.0702431,move,361,293,.!frame.!button
demo_session_02,42,1786094512.120243,move,360,298,.!frame.!button
demo_session_02,42,1786094512.170243,move,353,293,.!frame.!button
demo_session_02,42,1786094512.220243,move,354,303,.!frame.!button
demo_session_02,42,1786094512.270243,move,346,304,.!frame.!button
demo_session_02,42,1786094512.320243,move,340,278,.!frame.!button
demo_session_02,42,1786094512.3702428,move,368,298,.!frame.!button
demo_session_02,42,1786094512.4202428,move,359,312,.!frame.!button
demo_session_02,42,1786094512.4702427,move,366,312,.!frame.!button
demo_session_02,42,1786094512.5202427,move,359,296,.!frame.!button
demo_session_02,42,1786094512.5702426,move,364,306,.!frame.!button
demo_session_02,42,1786094512.6202426,move,350,310,.!frame.!button
demo_session_02,42,1786094512.6702425,move,360,317,.!frame.!button
demo_session_02,42,1786094512.7202425,move,366,312,.!frame.!button
demo_session_02,42,1786094512.7702425,move,356,292,.!frame.!button
demo_session_02,42,1786094512.8202424,move,340,293,.!frame.!button
demo_session_02,42,1786094512.8702424,move,341,312,.!frame.!button
demo_session_02,42,1786094512.9202423,move,352,303,.!frame.!button
demo_session_02,42,1786094512.9702423,move,350,311,.!frame.!button
demo_session_02,42,1786094513.0202422,move,355,320,.!frame.!button
demo_session_02,42,1786094513.0702422,move,368,303,.!frame.!button
demo_session_02,42,1786094513.120242,move,337,315,.!frame.!button
demo_session_02,42,1786094513.170242,move,339,307,.!frame.!button
demo_session_02,42,1786094513.220242,move,347,328,.!frame.!button
demo_session_02,42,1786094513.270242,move,367,304,.!frame.!button
demo_session_02,42,1786094513.320242,move,322,307,.!frame.!button
demo_session_02,42,1786094513.3702419,move,353,315,.!frame.!button
demo_session_02,42,1786094513.4202418,move,352,301,.!frame.!button
demo_session_02,42,1786094513.4702418,move,348,332,.!frame.!button
demo_session_02,42,1786094513.5202417,move,356,341,.!frame.!button
demo_session_02,42,1786094513.5702417,move,344,333,.!frame.!button
demo_session_02,42,1786094513.6453273,click,352,322,.!frame.!button
demo_session_02,43,1786094513.6453273,move,188,199,.!frame.!entry
demo_session_02,43,1786094513.6953273,move,177,212,.!frame.!entry
demo_session_02,43,1786094513.7453272,move,180,207,.!frame.!entry
demo_session_02,43,1786094513.7953272,move,187,203,.!frame.!entry
demo_session_02,43,1786094513.8453271,move,190,208,.!frame.!entry
demo_session_02,43,1786094513.895327,move,178,195,.!frame.!entry
demo_session_02,43,1786094513.945327,move,182,203,.!frame.!entry
demo_session_02,43,1786094513.995327,move,183,206,.!frame.!entry
demo_session_02,43,1786094514.045327,move,195,219,.!frame.!entry
demo_session_02,43,1786094514.095327,move,201,215,.!frame.!entry
demo_session_02,43,1786094514.1453269,move,205,212,.!frame.!entry
demo_session_02,43,1786094514.1953268,move,189,217,.!frame.!entry
demo_session_02,43,1786094514.2453268,move,198,221,.!frame.!entry
demo_session_02,43,1786094514.2953267,move,192,228,.!frame.!entry
demo_session_02,43,1786094514.3453267,move,213,229,.!frame.!entry
demo_session_02,43,1786094514.3953266,move,212,229,.!frame.!entry
demo_session_02,43,1786094514.4453266,move,203,231,.!frame.!entry
demo_session_02,43,1786094514.4953265,move,208,215,.!frame.!entry
demo_session_02,43,1786094514.5453265,move,195,216,.!frame.!entry
demo_session_02,43,1786094514.5953264,move,189,216,.!frame.!entry
demo_session_02,43,1786094514.6453264,move,186,215,.!frame.!entry
demo_session_02,43,1786094514.6953263,move,200,236,.!frame.!entry
demo_session_02,43,1786094514.7453263,move,219,245,.!frame.!entry
demo_session_02,43,1786094514.7953262,move,215,226,.!frame.!entry
demo_session_02,43,1786094514.8453262,move,236,214,.!frame.!entry
demo_session_02,43,1786094514.8953261,move,227,235,.!frame.!entry
demo_session_02,43,1786094514.945326,move,214,241,.!frame.!entry
demo_session_02,43,1786094514.995326,move,217,238,.!frame.!entry
demo_session_02,43,1786094515.045326,move,213,220,.!frame.!entry
demo_session_02,43,1786094515.095326,move,208,214,.!frame.!entry
demo_session_02,43,1786094515.145326,move,202,227,.!frame.!entry
demo_session_02,43,1786094515.1953259,move,226,223,.!frame.!entry
demo_session_02,43,1786094515.2453258,move,230,223,.!frame.!entry
demo_session_02,43,1786094515.2953258,move,221,237,.!frame.!entry
demo_session_02,43,1786094515.3453257,move,256,239,.!frame.!entry
demo_session_02,43,1786094515.3953257,move,229,239,.!frame.!entry
demo_session_02,43,1786094515.4453256,move,230,235,.!frame.!entry
demo_session_02,43,1786094515.4953256,move,237,234,.!frame.!entry
demo_session_02,43,1786094515.5453255,move,235,239,.!frame.!entry
demo_session_02,43,1786094515.5953255,move,245,237,.!frame.!entry
demo_session_02,43,1786094515.6453254,move,250,243,.!frame.!entry
demo_session_02,43,1786094515.6953254,move,243,232,.!frame.!entry
demo_session_02,43,1786094515.7453253,move,235,241,.!frame.!entry
demo_session_02,43,1786094515.7953253,move,245,244,.!frame.!entry
demo_session_02,43,1786094515.8453252,move,243,243,.!frame.!entry
demo_session_02,43,1786094515.8953252,move,237,243,.!frame.!entry
demo_session_02,43,1786094515.9453251,move,235,251,.!frame.!entry
demo_session_02,43,1786094515.995325,move,248,237,.!frame.!entry
demo_session_02,43,1786094516.045325,move,252,235,.!frame.!entry
demo_session_02,43,1786094516.095325,move,225,245,.!frame.!entry
demo_session_02,43,1786094516.145325,move,265,261,.!frame.!entry
demo_session_02,43,1786094516.195325,move,252,246,.!frame.!entry
demo_session_02,43,1786094516.2453249,move,250,238,.!frame.!entry
demo_session_02,43,1786094516.2953248,move,246,231,.!frame.!entry
demo_session_02,43,1786094516.3453248,move,257,258,.!frame.!entry
demo_session_02,43,1786094516.3953247,move,244,249,.!frame.!entry
demo_session_02,43,1786094516.4453247,move,246,254,.!frame.!entry
demo_session_02,43,1786094516.4953246,move,251,270,.!frame.!entry
demo_session_02,43,1786094516.5453246,move,264,253,.!frame.!entry
demo_session_02,43,1786094516.5953245,move,280,253,.!frame.!entry
demo_session_02,43,1786094516.6453245,move,263,260,.!frame.!entry
demo_session_02,43,1786094516.6953244,move,254,261,.!frame.!entry
demo_session_02,43,1786094516.7453244,move,268,238,.!frame.!entry
demo_session_02,43,1786094516.7953243,move,278,250,.!frame.!entry
demo_session_02,43,1786094516.8453243,move,267,258,.!frame.!entry
demo_session_02,43,1786094516.8953242,move,263,255,.!frame.!entry
demo_session_02,43,1786094516.9453242,move,267,269,.!frame.!entry
demo_session_02,43,1786094516.9953241,move,263,251,.!frame.!entry
demo_session_02,43,1786094517.045324,move,288,250,.!frame.!entry
demo_session_02,43,1786094517.095324,move,278,263,.!frame.!entry
demo_session_02,43,1786094517.145324,move,278,273,.!frame.!entry
demo_session_02,43,1786094517.195324,move,271,276,.!frame.!entry
demo_session_02,43,1786094517.245324,move,284,269,.!frame.!entry
demo_session_02,43,1786094517.2953238,move,272,265,.!frame.!entry
demo_session_02,43,1786094517.3453238,move,284,278,.!frame.!entry
demo_session_02,43,1786094517.3953238,move,279,260,.!frame.!entry
demo_session_02,43,1786094517.4453237,move,293,275,.!frame.!entry
demo_session_02,43,1786094517.4953237,move,281,251,.!frame.!entry
demo_session_02,43,1786094517.5453236,move,273,288,.!frame.!entry
demo_session_02,43,1786094517.5953236,move,284,296,.!frame.!entry
demo_session_02,43,1786094517.6453235,move,286,290,.!frame.!entry
demo_session_02,43,1786094517.6953235,move,292,277,.!frame.!entry
demo_session_02,43,1786094517.7453234,move,288,279,.!frame.!entry
demo_session_02,43,1786094517.7953234,move,287,294,.!frame.!entry
demo_session_02,43,1786094517.8453233,move,298,276,.!frame.!entry
demo_session_02,43,1786094517.8953233,move,305,277,.!frame.!entry
demo_session_02,43,1786094517.9453232,move,302,277,.!frame.!entry
demo_session_02,43,1786094517.9953232,move,298,288,.!frame.!button
demo_session_02,43,1786094518.0453231,move,314,288,.!frame.!button
demo_session_02,43,1786094518.095323,move,302,285,.!frame.!button
demo_session_02,43,1786094518.145323,move,302,298,.!frame.!button
demo_session_02,43,1786094518.195323,move,293,293,.!frame.!button
demo_session_02,43,1786094518.245323,move,303,295,.!frame.!button
demo_session_02,43,1786094518.295323,move,306,270,.!frame.!button
demo_session_02,43,1786094518.3453228,move,312,289,.!frame.!button
demo_session_02,43,1786094518.3953228,move,333,289,.!frame.!button
demo_session_02,43,1786094518.4453228,move,321,275,.!frame.!button
demo_session_02,43,1786094518.4953227,move,307,292,.!frame.!button
demo_session_02,43,1786094518.5453227,move,307,304,.!frame.!button
demo_session_02,43,1786094518.5953226,move,318,304,.!frame.!button
demo_session_02,43,1786094518.6453226,move,323,288,.!frame.!button
demo_session_02,43,1786094518.6953225,move,313,300,.!frame.!button
demo_session_02,43,1786094518.7453225,move,314,288,.!frame.!button
demo_session_02,43,1786094518.7953224,move,322,309,.!frame.!button
demo_session_02,43,1786094518.8453224,move,321,284,.!frame.!button
demo_session_02,43,1786094518.8953223,move,332,282,.!frame.!button
demo_session_02,43,1786094518.9453223,move,318,297,.!frame.!button
demo_session_02,43,1786094518.9953222,move,317,308,.!frame.!button
demo_session_02,43,1786094519.0453222,move,317,308,.!frame.!button
demo_session_02,43,1786094519.0953221,move,324,311,.!frame.!button
demo_session_02,43,1786094519.145322,move,329,320,.!frame.!button
demo_session_02,43,1786094519.195322,move,339,310,.!frame.!button
demo_session_02,43,1786094519.245322,move,348,308,.!frame.!button
demo_session_02,43,1786094519.295322,move,353,309,.!frame.!button
demo_session_02,43,1786094519.345322,move,345,319,.!frame.!button
demo_session_02,43,1786094519.3953218,move,327,311,.!frame.!button
demo_session_02,43,1786094519.4453218,move,328,325,.!frame.!button
demo_session_02,43,1786094519.4953218,move,338,318,.!frame.!button
demo_session_02,43,1786094519.5453217,move,329,328,.!frame.!button
demo_session_02,43,1786094519.5953217,move,345,319,.!frame.!button
demo_session_02,43,1786094519.6453216,move,354,315,.!frame.!button
demo_session_02,43,1786094519.6953216,move,349,319,.!frame.!button
demo_session_02,43,1786094519.7453215,move,332,324,.!frame.!button
demo_session_02,43,1786094519.7953215,move,340,324,.!frame.!button
demo_session_02,43,1786094519.8453214,move,359,324,.!frame.!button
demo_session_02,43,1786094519.9441476,click,350,320,.!frame.!button
demo_session_02,44,1786094519.9441476,move,153,117,.!frame.!entry
demo_session_02,44,1786094519.9941475,move,150,95,.!frame.!entry
demo_session_02,44,1786094520.0441475,move,154,118,.!frame.!entry
demo_session_02,44,1786094520.0941474,move,149,101,.!frame.!entry
demo_session_02,44,1786094520.1441474,move,152,121,.!frame.!entry
demo_session_02,44,1786094520.1941473,move,150,117,.!frame.!entry
demo_session_02,44,1786094520.2441473,move,158,113,.!frame.!entry
demo_session_02,44,1786094520.2941473,move,178,99,.!frame.!entry
demo_session_02,44,1786094520.3441472,move,157,137,.!frame.!entry
demo_session_02,44,1786094520.3941472,move,155,114,.!frame.!entry
demo_session_02,44,1786094520.444147,move,178,121,.!frame.!entry
demo_session_02,44,1786094520.494147,move,180,138,.!frame.!entry
demo_session_02,44,1786094520.544147,move,172,128,.!frame.!entry
demo_session_02,44,1786094520.594147,move,169,127,.!frame.!entry
demo_session_02,44,1786094520.644147,move,181,136,.!frame.!entry
demo_session_02,44,1786094520.6941469,move,163,154,.!frame.!entry
demo_session_02,44,1786094520.7441468,move,165,138,.!frame.!entry
demo_session_02,44,1786094520.7941468,move,173,143,.!frame.!entry
demo_session_02,44,1786094520.8441467,move,172,149,.!frame.!entry
demo_session_02,44,1786094520.8941467,move,173,176,.!frame.!entry
demo_session_02,44,1786094520.9441466,move,175,148,.!frame.!entry
demo_session_02,44,1786094520.9941466,move,189,156,.!frame.!entry
demo_session_02,44,1786094521.0441465,move,180,141,.!frame.!entry
demo_session_02,44,1786094521.0941465,move,200,141,.!frame.!entry
demo_session_02,44,1786094521.1441464,move,200,149,.!frame.!entry
demo_session_02,44,1786094521.1941464,move,185,182,.!frame.!entry
demo_session_02,44,1786094521.2441463,move,182,166,.!frame.!entry
demo_session_02,44,1786094521.2941463,move,190,164,.!frame.!entry
demo_session_02,44,1786094521.3441463,move,188,153,.!frame.!entry
demo_session_02,44,1786094521.3941462,move,190,151,.!frame.!entry
demo_session_02,44,1786094521.4441462,move,189,170,.!frame.!entry
demo_session_02,44,1786094521.494146,move,206,176,.!frame.!entry
demo_session_02,44,1786094521.544146,move,208,162,.!frame.!entry
demo_session_02,44,1786094521.594146,move,201,170,.!frame.!entry
demo_session_02,44,1786094521.644146,move,215,177,.!frame.!entry
demo_session_02,44,1786094521.694146,move,212,169,.!frame.!entry
demo_session_02,44,1786094521.7441459,move,224,150,.!frame.!entry
demo_session_02,44,1786094521.7941458,move,205,181,.!frame.!entry
demo_session_02,44,1786094521.8441458,move,205,189,.!frame.!entry
demo_session_02,44,1786094521.8941457,move,199,173,.!frame.!entry
demo_session_02,44,1786094521.9441457,move,218,195,.!frame.!entry
demo_session_02,44,1786094521.9941456,move,221,181,.!frame.!entry
demo_session_02,44,1786094522.0441456,move,226,181,.!frame.!entry
demo_session_02,44,1786094522.0941455,move,219,181,.!frame.!entry
demo_session_02,44,1786094522.1441455,move,215,182,.!frame.!entry
demo_session_02,44,1786094522.1941454,move,221,181,.!frame.!entry
demo_session_02,44,1786094522.2441454,move,237,198,.!frame.!entry
demo_session_02,44,1786094522.2941453,move,246,176,.!frame.!entry
demo_session_02,44,1786094522.3441453,move,226,203,.!frame.!entry
demo_session_02,44,1786094522.3941453,move,236,204,.!frame.!entry
demo_session_02,44,1786094522.4441452,move,234,203,.!frame.!entry
demo_session_02,44,1786094522.4941452,move,238,210,.!frame.!entry
demo_session_02,44,1786094522.544145,move,229,190,.!frame.!entry
demo_session_02,44,1786094522.594145,move,232,194,.!frame.!entry
demo_session_02,44,1786094522.644145,move,232,181,.!frame.!entry
demo_session_02,44,1786094522.694145,move,245,198,.!frame.!entry
demo_session_02,44,1786094522.744145,move,244,201,.!frame.!entry
demo_session_02,44,1786094522.7941449,move,260,203,.!frame.!entry
demo_session_02,44,1786094522.8441448,move,241,219,.!frame.!entry
demo_session_02,44,1786094522.8941448,move,260,222,.!frame.!entry
demo_session_02,44,1786094522.9441447,move,254,221,.!frame.!entry
demo_session_02,44,1786094522.9941447,move,228,220,.!frame.!entry
demo_session_02,44,1786094523.0441446,move,243,204,.!frame.!entry
demo_session_02,44,1786094523.0941446,move,248,225,.!frame.!entry
demo_session_02,44,1786094523.1441445,move,262,220,.!frame.!entry
demo_session_02,44,1786094523.1941445,move,243,200,.!frame.!entry
demo_session_02,44,1786094523.2441444,move,254,223,.!frame.!entry
demo_session_02,44,1786094523.2941444,move,256,232,.!frame.!entry
demo_session_02,44,1786094523.3441443,move,242,230,.!frame.!entry
demo_session_02,44,1786094523.3941443,move,269,207,.!frame.!entry
demo_session_02,44,1786094523.4441442,move,279,219,.!frame.!entry
demo_session_02,44,1786094523.4941442,move,274,233,.!frame.!entry
demo_session_02,44,1786094523.5441442,move,249,220,.!frame.!entry
demo_session_02,44,1786094523.594144,move,256,211,.!frame.!entry
demo_session_02,44,1786094523.644144,move,265,268,.!frame.!entry
demo_session_02,44,1786094523.694144,move,280,242,.!frame.!entry
demo_session_02,44,1786094523.744144,move,282,228,.!frame.!entry
demo_session_02,44,1786094523.794144,move,280,246,.!frame.!entry
demo_session_02,44,1786094523.8441439,move,283,259,.!frame.!entry
demo_session_02,44,1786094523.8941438,move,274,248,.!frame.!entry
demo_session_02,44,1786094523.9441438,move,274,255,.!frame.!entry
demo_session_02,44,1786094523.9941437,move,300,264,.!frame.!entry
demo_session_02,44,1786094524.0441437,move,278,261,.!frame.!entry
demo_session_02,44,1786094524.0941436,move,279,273,.!frame.!entry
demo_session_02,44,1786094524.1441436,move,284,263,.!frame.!entry
demo_session_02,44,1786094524.1941435,move,287,250,.!frame.!button
demo_session_02,44,1786094524.2441435,move,291,241,.!frame.!button
demo_session_02,44,1786094524.2941434,move,290,264,.!frame.!button
demo_session_02,44,1786094524.3441434,move,313,256,.!frame.!button
demo_session_02,44,1786094524.3941433,move,311,257,.!frame.!button
demo_session_02,44,1786094524.4441433,move,318,254,.!frame.!button
demo_session_02,44,1786094524.4941432,move,313,296,.!frame.!button
demo_session_02,44,1786094524.5441432,move,301,279,.!frame.!button
demo_session_02,44,1786094524.5941432,move,297,269,.!frame.!button
demo_session_02,44,1786094524.644143,move,305,267,.!frame.!button
demo_session_02,44,1786094524.694143,move,284,284,.!frame.!button
demo_session_02,44,1786094524.744143,move,310,258,.!frame.!button
demo_session_02,44,1786094524.794143,move,308,267,.!frame.!button
demo_session_02,44,1786094524.844143,move,295,269,.!frame.!button
demo_session_02,44,1786094524.8941429,move,302,270,.!frame.!button
demo_session_02,44,1786094524.9441428,move,324,268,.!frame.!button
demo_session_02,44,1786094524.9941428,move,322,295,.!frame.!button
demo_session_02,44,1786094525.0441427,move,310,288,.!frame.!button
demo_session_02,44,1786094525.0941427,move,301,306,.!frame.!button
demo_session_02,44,1786094525.1441426,move,314,293,.!frame.!button
demo_session_02,44,1786094525.1941426,move,328,306,.!frame.!button
demo_session_02,44,1786094525.2441425,move,306,281,.!frame.!button
demo_session_02,44,1786094525.2941425,move,323,298,.!frame.!button
demo_session_02,44,1786094525.3441424,move,341,297,.!frame.!button
demo_session_02,44,1786094525.3941424,move,339,299,.!frame.!button
demo_session_02,44,1786094525.4441423,move,350,300,.!frame.!button
demo_session_02,44,1786094525.4941423,move,355,292,.!frame.!button
demo_session_02,44,1786094525.5441422,move,321,302,.!frame.!button
demo_session_02,44,1786094525.5941422,move,341,311,.!frame.!button
demo_session_02,44,1786094525.6441422,move,353,313,.!frame.!button
demo_session_02,44,1786094525.694142,move,323,313,.!frame.!button
demo_session_02,44,1786094525.744142,move,347,322,.!frame.!button
demo_session_02,44,1786094525.794142,move,353,315,.!frame.!button
demo_session_02,44,1786094525.844142,move,344,315,.!frame.!button
demo_session_02,44,1786094525.894142,move,334,322,.!frame.!button
demo_session_02,44,1786094525.9441419,move,352,321,.!frame.!button
demo_session_02,44,1786094525.9941418,move,347,317,.!frame.!button
demo_session_02,44,1786094526.0755563,click,344,314,.!frame.!button
demo_session_02,45,1786094526.0755563,move,296,129,.!frame.!entry
demo_session_02,45,1786094526.1255562,move,275,117,.!frame.!entry
demo_session_02,45,1786094526.1755562,move,288,130,.!frame.!entry
demo_session_02,45,1786094526.2255561,move,297,130,.!frame.!entry
demo_session_02,45,1786094526.275556,move,300,126,.!frame.!entry
demo_session_02,45,1786094526.325556,move,305,134,.!frame.!entry
demo_session_02,45,1786094526.375556,move,304,148,.!frame.!entry
demo_session_02,45,1786094526.425556,move,305,135,.!frame.!entry
demo_session_02,45,1786094526.475556,move,301,149,.!frame.!entry
demo_session_02,45,1786094526.5255558,move,297,140,.!frame.!entry
demo_session_02,45,1786094526.5755558,move,299,149,.!frame.!entry
demo_session_02,45,1786094526.6255558,move,295,157,.!frame.!entry
demo_session_02,45,1786094526.6755557,move,313,135,.!frame.!entry
demo_session_02,45,1786094526.7255557,move,312,144,.!frame.!entry
demo_session_02,45,1786094526.7755556,move,296,152,.!frame.!entry
demo_session_02,45,1786094526.8255556,move,296,163,.!frame.!entry
demo_session_02,45,1786094526.8755555,move,289,155,.!frame.!entry
demo_session_02,45,1786094526.9255555,move,310,150,.!frame.!entry
demo_session_02,45,1786094526.9755554,move,307,164,.!frame.!entry
demo_session_02,45,1786094527.0255554,move,287,146,.!frame.!entry
demo_session_02,45,1786094527.0755553,move,294,131,.!frame.!entry
demo_session_02,45,1786094527.1255553,move,307,145,.!frame.!entry
demo_session_02,45,1786094527.1755552,move,307,156,.!frame.!entry
demo_session_02,45,1786094527.2255552,move,304,147,.!frame.!entry
demo_session_02,45,1786094527.2755551,move,290,162,.!frame.!entry
demo_session_02,45,1786094527.325555,move,303,168,.!frame.!entry
demo_session_02,45,1786094527.375555,move,326,142,.!frame.!entry
demo_session_02,45,1786094527.425555,move,301,163,.!frame.!entry
demo_session_02,45,1786094527.475555,move,282,165,.!frame.!entry
demo_session_02,45,1786094527.525555,move,315,164,.!frame.!entry
demo_session_02,45,1786094527.5755548,move,311,179,.!frame.!entry
demo_session_02,45,1786094527.6255548,move,304,164,.!frame.!entry
demo_session_02,45,1786094527.6755548,move,291,174,.!frame.!entry
demo_session_02,45,1786094527.7255547,move,292,167,.!frame.!entry
demo_session_02,45,1786094527.7755547,move,319,175,.!frame.!entry
demo_session_02,45,1786094527.8255546,move,305,163,.!frame.!entry
demo_session_02,45,1786094527.8755546,move,310,166,.!frame.!entry
demo_session_02,45,1786094527.9255545,move,317,168,.!frame.!entry
demo_session_02,45,1786094527.9755545,move,316,188,.!frame.!entry
demo_session_02,45,1786094528.0255544,move,332,185,.!frame.!entry
demo_session_02,45,1786094528.0755544,move,316,178,.!frame.!entry
demo_session_02,45,1786094528.1255543,move,319,175,.!frame.!entry
demo_session_02,45,1786094528.1755543,move,319,174,.!frame.!entry
demo_session_02,45,1786094528.2255542,move,308,201,.!frame.!entry
demo_session_02,45,1786094528.2755542,move,319,176,.!frame.!entry
demo_session_02,45,1786094528.3255541,move,324,191,.!frame.!entry
demo_session_02,45,1786094528.375554,move,318,182,.!frame.!entry
demo_session_02,45,1786094528.425554,move,304,167,.!frame.!entry
demo_session_02,45,1786094528.475554,move,315,181,.!frame.!entry
demo_session_02,45,1786094528.525554,move,313,183,.!frame.!entry
demo_session_02,45,1786094528.575554,move,294,196,.!frame.!entry
demo_session_02,45,1786094528.6255538,move,309,185,.!frame.!entry
demo_session_02,45,1786094528.6755538,move,320,195,.!frame.!entry
demo_session_02,45,1786094528.7255538,move,320,195,.!frame.!entry
demo_session_02,45,1786094528.7755537,move,322,188,.!frame.!entry
demo_session_02,45,1786094528.8255537,move,311,185,.!frame.!entry
demo_session_02,45,1786094528.8755536,move,320,195,.!frame.!entry
demo_session_02,45,1786094528.9255536,move,321,206,.!frame.!entry
demo_session_02,45,1786094528.9755535,move,314,208,.!frame.!entry
demo_session_02,45,1786094529.0255535,move,322,215,.!frame.!entry
demo_session_02,45,1786094529.0755534,move,317,194,.!frame.!entry
demo_session_02,45,1786094529.1255534,move,332,202,.!frame.!entry
demo_session_02,45,1786094529.1755533,move,303,194,.!frame.!entry
demo_session_02,45,1786094529.2255533,move,315,188,.!frame.!entry
demo_session_02,45,1786094529.2755532,move,294,193,.!frame.!entry
demo_session_02,45,1786094529.3255532,move,318,211,.!frame.!entry
demo_session_02,45,1786094529.3755531,move,317,216,.!frame.!entry
demo_session_02,45,1786094529.425553,move,320,224,.!frame.!entry
demo_session_02,45,1786094529.475553,move,316,196,.!frame.!entry
demo_session_02,45,1786094529.525553,move,331,218,.!frame.!entry
demo_session_02,45,1786094529.575553,move,327,212,.!frame.!entry
demo_session_02,45,1786094529.625553,move,338,209,.!frame.!entry
demo_session_02,45,1786094529.6755528,move,319,218,.!frame.!entry
demo_session_02,45,1786094529.7255528,move,320,207,.!frame.!entry
demo_session_02,45,1786094529.7755527,move,329,198,.!frame.!entry
demo_session_02,45,1786094529.8255527,move,314,220,.!frame.!entry
demo_session_02,45,1786094529.8755527,move,318,211,.!frame.!entry
demo_session_02,45,1786094529.9255526,move,333,207,.!frame.!entry
demo_session_02,45,1786094529.9755526,move,310,226,.!frame.!entry
demo_session_02,45,1786094530.0255525,move,312,220,.!frame.!entry
demo_session_02,45,1786094530.0755525,move,339,222,.!frame.!entry
demo_session_02,45,1786094530.1255524,move,326,219,.!frame.!entry
demo_session_02,45,1786094530.1755524,move,324,237,.!frame.!entry
demo_session_02,45,1786094530.2255523,move,315,217,.!frame.!entry
demo_session_02,45,1786094530.2755523,move,317,225,.!frame.!entry
demo_session_02,45,1786094530.3255522,move,310,222,.!frame.!entry
demo_session_02,45,1786094530.3755522,move,344,250,.!frame.!entry
demo_session_02,45,1786094530.4255521,move,323,241,.!frame.!entry
demo_session_02,45,1786094530.475552,move,329,239,.!frame.!entry
demo_session_02,45,1786094530.525552,move,337,231,.!frame.!entry
demo_session_02,45,1786094530.575552,move,315,227,.!frame.!entry
demo_session_02,45,1786094530.625552,move,324,244,.!frame.!entry
demo_session_02,45,1786094530.675552,move,306,241,.!frame.!entry
demo_session_02,45,1786094530.7255518,move,328,221,.!frame.!entry
demo_session_02,45,1786094530.7755518,move,325,239,.!frame.!entry
demo_session_02,45,1786094530.8255517,move,331,259,.!frame.!entry
demo_session_02,45,1786094530.8755517,move,325,242,.!frame.!entry
demo_session_02,45,1786094530.9255517,move,328,233,.!frame.!entry
demo_session_02,45,1786094530.9755516,move,336,248,.!frame.!entry
demo_session_02,45,1786094531.0255516,move,323,242,.!frame.!entry
demo_session_02,45,1786094531.0755515,move,338,258,.!frame.!entry
demo_session_02,45,1786094531.1255515,move,351,256,.!frame.!entry
demo_session_02,45,1786094531.1755514,move,318,240,.!frame.!entry
demo_session_02,45,1786094531.2255514,move,322,260,.!frame.!entry
demo_session_02,45,1786094531.2755513,move,325,259,.!frame.!entry
demo_session_02,45,1786094531.3255513,move,343,257,.!frame.!entry
demo_session_02,45,1786094531.3755512,move,330,252,.!frame.!entry
demo_session_02,45,1786094531.4255512,move,337,262,.!frame.!entry
demo_session_02,45,1786094531.4755511,move,338,253,.!frame.!entry
demo_session_02,45,1786094531.525551,move,336,255,.!frame.!entry
demo_session_02,45,1786094531.575551,move,329,245,.!frame.!entry
demo_session_02,45,1786094531.625551,move,342,250,.!frame.!entry
demo_session_02,45,1786094531.675551,move,321,265,.!frame.!entry
demo_session_02,45,1786094531.725551,move,325,278,.!frame.!entry
demo_session_02,45,1786094531.7755508,move,327,270,.!frame.!button
demo_session_02,45,1786094531.8255508,move,337,252,.!frame.!button
demo_session_02,45,1786094531.8755507,move,333,254,.!frame.!button
demo_session_02,45,1786094531.9255507,move,348,266,.!frame.!button
demo_session_02,45,1786094531.9755507,move,320,256,.!frame.!button
demo_session_02,45,1786094532.0255506,move,318,279,.!frame.!button
demo_session_02,45,1786094532.0755506,move,323,267,.!frame.!button
demo_session_02,45,1786094532.1255505,move,328,256,.!frame.!button
demo_session_02,45,1786094532.1755505,move,338,259,.!frame.!button
demo_session_02,45,1786094532.2255504,move,337,262,.!frame.!button
demo_session_02,45,1786094532.2755504,move,330,274,.!frame.!button
demo_session_02,45,1786094532.3255503,move,323,279,.!frame.!button
demo_session_02,45,1786094532.3755503,move,345,281,.!frame.!button
demo_session_02,45,1786094532.4255502,move,324,290,.!frame.!button
demo_session_02,45,1786094532.4755502,move,349,289,.!frame.!button
demo_session_02,45,1786094532.5255501,move,334,300,.!frame.!button
demo_session_02,45,1786094532.57555,move,341,269,.!frame.!button
demo_session_02,45,1786094532.62555,move,341,291,.!frame.!button
demo_session_02,45,1786094532.67555,move,339,285,.!frame.!button
demo_session_02,45,1786094532.72555,move,335,285,.!frame.!button
demo_session_02,45,1786094532.77555,move,365,272,.!frame.!button
demo_session_02,45,1786094532.8255498,move,338,306,.!frame.!button
demo_session_02,45,1786094532.8755498,move,339,287,.!frame.!button
demo_session_02,45,1786094532.9255497,move,331,286,.!frame.!button
demo_session_02,45,1786094532.9755497,move,348,288,.!frame.!button
demo_session_02,45,1786094533.0255497,move,343,275,.!frame.!button
demo_session_02,45,1786094533.0755496,move,346,285,.!frame.!button
demo_session_02,45,1786094533.1255496,move,348,292,.!frame.!button
demo_session_02,45,1786094533.1755495,move,342,293,.!frame.!button
demo_session_02,45,1786094533.2255495,move,338,288,.!frame.!button
demo_session_02,45,1786094533.2755494,move,354,292,.!frame.!button
demo_session_02,45,1786094533.3255494,move,351,298,.!frame.!button
demo_session_02,45,1786094533.3755493,move,330,313,.!frame.!button
demo_session_02,45,1786094533.4255493,move,342,297,.!frame.!button
demo_session_02,45,1786094533.4755492,move,339,289,.!frame.!button
demo_session_02,45,1786094533.5255492,move,341,297,.!frame.!button
demo_session_02,45,1786094533.5755491,move,334,316,.!frame.!button
demo_session_02,45,1786094533.625549,move,336,318,.!frame.!button
demo_session_02,45,1786094533.675549,move,356,306,.!frame.!button
demo_session_02,45,1786094533.725549,move,350,298,.!frame.!button
demo_session_02,45,1786094533.775549,move,360,307,.!frame.!button
demo_session_02,45,1786094533.825549,move,347,314,.!frame.!button
demo_session_02,45,1786094533.8755488,move,334,320,.!frame.!button
demo_session_02,45,1786094533.9255488,move,339,309,.!frame.!button
demo_session_02,45,1786094533.9755487,move,346,310,.!frame.!button
demo_session_02,45,1786094534.0255487,move,341,317,.!frame.!button
demo_session_02,45,1786094534.0755486,move,341,322,.!frame.!button
demo_session_02,45,1786094534.1255486,move,346,304,.!frame.!button
demo_session_02,45,1786094534.1755486,move,336,309,.!frame.!button
demo_session_02,45,1786094534.2451794,click,346,316,.!frame.!button
demo_session_02,46,1786094534.2451794,move,566,388,.!frame.!entry
demo_session_02,46,1786094534.2951794,move,552,408,.!frame.!entry
demo_session_02,46,1786094534.3451793,move,593,382,.!frame.!entry
demo_session_02,46,1786094534.3951793,move,581,396,.!frame.!entry
demo_session_02,46,1786094534.4451792,move,573,374,.!frame.!entry
demo_session_02,46,1786094534.4951792,move,570,404,.!frame.!entry
demo_session_02,46,1786094534.5451791,move,561,373,.!frame.!entry
demo_session_02,46,1786094534.595179,move,545,403,.!frame.!entry
demo_session_02,46,1786094534.645179,move,563,414,.!frame.!entry
demo_session_02,46,1786094534.695179,move,551,402,.!frame.!entry
demo_session_02,46,1786094534.745179,move,551,403,.!frame.!entry
demo_session_02,46,1786094534.795179,move,580,392,.!frame.!entry
demo_session_02,46,1786094534.8451788,move,556,391,.!frame.!entry
demo_session_02,46,1786094534.8951788,move,556,390,.!frame.!entry
demo_session_02,46,1786094534.9451787,move,556,365,.!frame.!entry
demo_session_02,46,1786094534.9951787,move,558,374,.!frame.!entry
demo_session_02,46,1786094535.0451787,move,540,381,.!frame.!entry
demo_session_02,46,1786094535.0951786,move,552,385,.!frame.!entry
demo_session_02,46,1786094535.1451786,move,547,371,.!frame.!entry
demo_session_02,46,1786094535.1951785,move,546,385,.!frame.!entry
demo_session_02,46,1786094535.2451785,move,557,392,.!frame.!entry
demo_session_02,46,1786094535.2951784,move,557,386,.!frame.!entry
demo_session_02,46,1786094535.3451784,move,547,379,.!frame.!entry
demo_session_02,46,1786094535.3951783,move,547,381,.!frame.!entry
demo_session_02,46,1786094535.4451783,move,546,371,.!frame.!entry
demo_session_02,46,1786094535.4951782,move,554,372,.!frame.!entry
demo_session_02,46,1786094535.5451782,move,539,387,.!frame.!entry
demo_session_02,46,1786094535.5951781,move,554,382,.!frame.!entry
demo_session_02,46,1786094535.645178,move,534,380,.!frame.!entry
demo_session_02,46,1786094535.695178,move,547,368,.!frame.!entry
demo_session_02,46,1786094535.745178,move,521,388,.!frame.!entry
demo_session_02,46,1786094535.795178,move,540,385,.!frame.!entry
demo_session_02,46,1786094535.845178,move,543,368,.!frame.!entry
demo_session_02,46,1786094535.8951778,move,532,384,.!frame.!entry
demo_session_02,46,1786094535.9451778,move,535,359,.!frame.!entry
demo_session_02,46,1786094535.9951777,move,531,375,.!frame.!entry
demo_session_02,46,1786094536.0451777,move,523,362,.!frame.!entry
demo_session_02,46,1786094536.0951777,move,530,370,.!frame.!entry
demo_session_02,46,1786094536.1451776,move,536,385,.!frame.!entry
demo_session_02,46,1786094536.1951776,move,531,383,.!frame.!entry
demo_session_02,46,1786094536.2451775,move,526,386,.!frame.!entry
demo_session_02,46,1786094536.2951775,move,520,387,.!frame.!entry
demo_session_02,46,1786094536.3451774,move,526,362,.!frame.!entry
demo_session_02,46,1786094536.3951774,move,533,378,.!frame.!entry
demo_session_02,46,1786094536.4451773,move,540,359,.!frame.!entry
demo_session_02,46,1786094536.4951773,move,527,376,.!frame.!entry
demo_session_02,46,1786094536.5451772,move,508,393,.!frame.!entry
demo_session_02,46,1786094536.5951772,move,510,378,.!frame.!entry
demo_session_02,46,1786094536.6451771,move,497,377,.!frame.!entry
demo_session_02,46,1786094536.695177,move,523,366,.!frame.!entry
demo_session_02,46,1786094536.745177,move,494,365,.!frame.!entry
demo_session_02,46,1786094536.795177,move,493,357,.!frame.!entry
demo_session_02,46,1786094536.845177,move,516,360,.!frame.!entry
demo_session_02,46,1786094536.895177,move,475,367,.!frame.!entry
demo_session_02,46,1786094536.9451768,move,505,359,.!frame.!entry
demo_session_02,46,1786094536.9951768,move,494,372,.!frame.!entry
demo_session_02,46,1786094537.0451767,move,507,366,.!frame.!entry
demo_session_02,46,1786094537.0951767,move,513,372,.!frame.!entry
demo_session_02,46,1786094537.1451766,move,487,354,.!frame.!entry
demo_session_02,46,1786094537.1951766,move,502,367,.!frame.!entry
demo_session_02,46,1786094537.2451766,move,500,358,.!frame.!entry
demo_session_02,46,1786094537.2951765,move,496,380,.!frame.!entry
demo_session_02,46,1786094537.3451765,move,501,362,.!frame.!entry
demo_session_02,46,1786094537.3951764,move,495,359,.!frame.!entry
demo_session_02,46,1786094537.4451764,move,502,372,.!frame.!entry
demo_session_02,46,1786094537.4951763,move,502,376,.!frame.!entry
demo_session_02,46,1786094537.5451763,move,484,367,.!frame.!entry
demo_session_02,46,1786094537.5951762,move,506,366,.!frame.!entry
demo_session_02,46,1786094537.6451762,move,477,346,.!frame.!entry
demo_session_02,46,1786094537.6951761,move,485,328,.!frame.!entry
demo_session_02,46,1786094537.745176,move,480,349,.!frame.!entry
demo_session_02,46,1786094537.795176,move,479,375,.!frame.!entry
demo_session_02,46,1786094537.845176,move,487,347,.!frame.!entry
demo_session_02,46,1786094537.895176,move,497,367,.!frame.!entry
demo_session_02,46,1786094537.945176,move,494,365,.!frame.!entry
demo_session_02,46,1786094537.9951758,move,462,369,.!frame.!entry
demo_session_02,46,1786094538.0451758,move,477,365,.!frame.!entry
demo_session_02,46,1786094538.0951757,move,478,364,.!frame.!entry
demo_session_02,46,1786094538.1451757,move,480,374,.!frame.!entry
demo_session_02,46,1786094538.1951756,move,465,345,.!frame.!entry
demo_session_02,46,1786094538.2451756,move,492,356,.!frame.!entry
demo_session_02,46,1786094538.2951756,move,478,366,.!frame.!entry
demo_session_02,46,1786094538.3451755,move,457,361,.!frame.!entry
demo_session_02,46,1786094538.3951755,move,476,359,.!frame.!entry
demo_session_02,46,1786094538.4451754,move,483,383,.!frame.!entry
demo_session_02,46,1786094538.4951754,move,466,355,.!frame.!entry
demo_session_02,46,1786094538.5451753,move,471,351,.!frame.!entry
demo_session_02,46,1786094538.5951753,move,473,354,.!frame.!entry
demo_session_02,46,1786094538.6451752,move,457,359,.!frame.!entry
demo_session_02,46,1786094538.6951752,move,452,335,.!frame.!entry
demo_session_02,46,1786094538.7451751,move,461,359,.!frame.!entry
demo_session_02,46,1786094538.795175,move,479,323,.!frame.!entry
demo_session_02,46,1786094538.845175,move,475,369,.!frame.!entry
demo_session_02,46,1786094538.895175,move,471,357,.!frame.!entry
demo_session_02,46,1786094538.945175,move,469,360,.!frame.!entry
demo_session_02,46,1786094538.995175,move,472,373,.!frame.!entry
demo_session_02,46,1786094539.0451748,move,466,364,.!frame.!entry
demo_session_02,46,1786094539.0951748,move,449,337,.!frame.!entry
demo_session_02,46,1786094539.1451747,move,464,323,.!frame.!entry
demo_session_02,46,1786094539.1951747,move,479,345,.!frame.!entry
demo_session_02,46,1786094539.2451746,move,442,369,.!frame.!entry
demo_session_02,46,1786094539.2951746,move,448,371,.!frame.!entry
demo_session_02,46,1786094539.3451746,move,436,338,.!frame.!entry
demo_session_02,46,1786094539.3951745,move,445,349,.!frame.!entry
demo_session_02,46,1786094539.4451745,move,438,357,.!frame.!entry
demo_session_02,46,1786094539.4951744,move,437,341,.!frame.!entry
demo_session_02,46,1786094539.5451744,move,422,353,.!frame.!entry
demo_session_02,46,1786094539.5951743,move,459,339,.!frame.!entry
demo_session_02,46,1786094539.6451743,move,437,344,.!frame.!entry
demo_session_02,46,1786094539.6951742,move,433,341,.!frame.!entry
demo_session_02,46,1786094539.7451742,move,441,350,.!frame.!entry
demo_session_02,46,1786094539.7951741,move,414,341,.!frame.!entry
demo_session_02,46,1786094539.845174,move,417,363,.!frame.!entry
demo_session_02,46,1786094539.895174,move,435,343,.!frame.!entry
demo_session_02,46,1786094539.945174,move,439,340,.!frame.!entry
demo_session_02,46,1786094539.995174,move,437,330,.!frame.!entry
demo_session_02,46,1786094540.045174,move,431,352,.!frame.!entry
demo_session_02,46,1786094540.0951738,move,428,356,.!frame.!entry
demo_session_02,46,1786094540.1451738,move,423,361,.!frame.!entry
demo_session_02,46,1786094540.1951737,move,432,357,.!frame.!entry
demo_session_02,46,1786094540.2451737,move,407,336,.!frame.!entry
demo_session_02,46,1786094540.2951736,move,435,346,.!frame.!entry
demo_session_02,46,1786094540.3451736,move,430,341,.!frame.!entry
demo_session_02,46,1786094540.3951735,move,419,343,.!frame.!entry
demo_session_02,46,1786094540.4451735,move,434,355,.!frame.!entry
demo_session_02,46,1786094540.4951735,move,423,346,.!frame.!entry
demo_session_02,46,1786094540.5451734,move,411,324,.!frame.!entry
demo_session_02,46,1786094540.5951734,move,427,334,.!frame.!entry
demo_session_02,46,1786094540.6451733,move,424,343,.!frame.!entry
demo_session_02,46,1786094540.6951733,move,405,335,.!frame.!entry
demo_session_02,46,1786094540.7451732,move,411,343,.!frame.!entry
demo_session_02,46,1786094540.7951732,move,418,354,.!frame.!button
demo_session_02,46,1786094540.8451731,move,428,330,.!frame.!button
demo_session_02,46,1786094540.895173,move,412,335,.!frame.!button
demo_session_02,46,1786094540.945173,move,434,339,.!frame.!button
demo_session_02,46,1786094540.995173,move,418,353,.!frame.!button
demo_session_02,46,1786094541.045173,move,406,345,.!frame.!button
demo_session_02,46,1786094541.095173,move,420,343,.!frame.!button
demo_session_02,46,1786094541.1451728,move,418,344,.!frame.!button
demo_session_02,46,1786094541.1951728,move,400,325,.!frame.!button
demo_session_02,46,1786094541.2451727,move,400,334,.!frame.!button
demo_session_02,46,1786094541.2951727,move,419,346,.!frame.!button
demo_session_02,46,1786094541.3451726,move,414,340,.!frame.!button
demo_session_02,46,1786094541.3951726,move,412,353,.!frame.!button
demo_session_02,46,1786094541.4451725,move,406,336,.!frame.!button
demo_session_02,46,1786094541.4951725,move,388,336,.!frame.!button
demo_session_02,46,1786094541.5451725,move,397,344,.!frame.!button
demo_session_02,46,1786094541.5951724,move,395,332,.!frame.!button
demo_session_02,46,1786094541.6451724,move,395,327,.!frame.!button
demo_session_02,46,1786094541.6951723,move,414,343,.!frame.!button
demo_session_02,46,1786094541.7451723,move,378,355,.!frame.!button
demo_session_02,46,1786094541.7951722,move,377,345,.!frame.!button
demo_session_02,46,1786094541.8451722,move,397,335,.!frame.!button
demo_session_02,46,1786094541.895172,move,399,325,.!frame.!button
demo_session_02,46,1786094541.945172,move,385,357,.!frame.!button
demo_session_02,46,1786094541.995172,move,376,320,.!frame.!button
demo_session_02,46,1786094542.045172,move,415,335,.!frame.!button
demo_session_02,46,1786094542.095172,move,397,324,.!frame.!button
demo_session_02,46,1786094542.1451719,move,396,336,.!frame.!button
demo_session_02,46,1786094542.1951718,move,397,338,.!frame.!button
demo_session_02,46,1786094542.2451718,move,379,330,.!frame.!button
demo_session_02,46,1786094542.2951717,move,356,316,.!frame.!button
demo_session_02,46,1786094542.3451717,move,362,323,.!frame.!button
demo_session_02,46,1786094542.3951716,move,365,328,.!frame.!button
demo_session_02,46,1786094542.4451716,move,375,336,.!frame.!button
demo_session_02,46,1786094542.4951715,move,368,330,.!frame.!button
demo_session_02,46,1786094542.5451715,move,367,336,.!frame.!button
demo_session_02,46,1786094542.5951715,move,354,329,.!frame.!button
demo_session_02,46,1786094542.6451714,move,377,328,.!frame.!button
demo_session_02,46,1786094542.6951714,move,385,339,.!frame.!button
demo_session_02,46,1786094542.7451713,move,373,342,.!frame.!button
demo_session_02,46,1786094542.7951713,move,379,334,.!frame.!button
demo_session_02,46,1786094542.8451712,move,352,344,.!frame.!button
demo_session_02,46,1786094542.8951712,move,366,326,.!frame.!button
demo_session_02,46,1786094542.945171,move,346,323,.!frame.!button
demo_session_02,46,1786094542.995171,move,375,330,.!frame.!button
demo_session_02,46,1786094543.045171,move,371,323,.!frame.!button
demo_session_02,46,1786094543.095171,move,358,287,.!frame.!button
demo_session_02,46,1786094543.145171,move,352,323,.!frame.!button
demo_session_02,46,1786094543.1951709,move,369,335,.!frame.!button
demo_session_02,46,1786094543.2451708,move,344,304,.!frame.!button
demo_session_02,46,1786094543.2951708,move,355,341,.!frame.!button
demo_session_02,46,1786094543.3451707,move,354,330,.!frame.!button
demo_session_02,46,1786094543.3951707,move,356,298,.!frame.!button
demo_session_02,46,1786094543.4451706,move,363,315,.!frame.!button
demo_session_02,46,1786094543.4951706,move,347,293,.!frame.!button
demo_session_02,46,1786094543.5451705,move,340,310,.!frame.!button
demo_session_02,46,1786094543.5951705,move,371,319,.!frame.!button
demo_session_02,46,1786094543.6842716,click,347,317,.!frame.!button
demo_session_02,47,1786094543.6842716,move,577,288,.!frame.!entry
demo_session_02,47,1786094543.7342715,move,613,298,.!frame.!entry
demo_session_02,47,1786094543.7842715,move,591,288,.!frame.!entry
demo_session_02,47,1786094543.8342714,move,585,283,.!frame.!entry
demo_session_02,47,1786094543.8842714,move,576,270,.!frame.!entry
demo_session_02,47,1786094543.9342713,move,587,290,.!frame.!entry
demo_session_02,47,1786094543.9842713,move,601,291,.!frame.!entry
demo_session_02,47,1786094544.0342712,move,582,281,.!frame.!entry
demo_session_02,47,1786094544.0842712,move,575,289,.!frame.!entry
demo_session_02,47,1786094544.1342711,move,582,296,.!frame.!entry
demo_session_02,47,1786094544.184271,move,573,300,.!frame.!entry
demo_session_02,47,1786094544.234271,move,579,275,.!frame.!entry
demo_session_02,47,1786094544.284271,move,572,286,.!frame.!entry
demo_session_02,47,1786094544.334271,move,571,285,.!frame.!entry
demo_session_02,47,1786094544.384271,move,559,284,.!frame.!entry
demo_session_02,47,1786094544.4342709,move,551,292,.!frame.!entry
demo_session_02,47,1786094544.4842708,move,600,301,.!frame.!entry
demo_session_02,47,1786094544.5342708,move,570,261,.!frame.!entry
demo_session_02,47,1786094544.5842707,move,565,281,.!frame.!entry
demo_session_02,47,1786094544.6342707,move,561,290,.!frame.!entry
demo_session_02,47,1786094544.6842706,move,551,284,.!frame.!entry
demo_session_02,47,1786094544.7342706,move,556,271,.!frame.!entry
demo_session_02,47,1786094544.7842705,move,563,294,.!frame.!entry
demo_session_02,47,1786094544.8342705,move,549,289,.!frame.!entry
demo_session_02,47,1786094544.8842704,move,564,307,.!frame.!entry
demo_session_02,47,1786094544.9342704,move,545,284,.!frame.!entry
demo_session_02,47,1786094544.9842703,move,558,275,.!frame.!entry
demo_session_02,47,1786094545.0342703,move,545,265,.!frame.!entry
demo_session_02,47,1786094545.0842702,move,536,284,.!frame.!entry
demo_session_02,47,1786094545.1342702,move,542,291,.!frame.!entry
demo_session_02,47,1786094545.1842701,move,557,308,.!frame.!entry
demo_session_02,47,1786094545.23427,move,531,288,.!frame.!entry
demo_session_02,47,1786094545.28427,move,537,274,.!frame.!entry
demo_session_02,47,1786094545.33427,move,574,282,.!frame.!entry
demo_session_02,47,1786094545.38427,move,543,292,.!frame.!entry
demo_session_02,47,1786094545.43427,move,539,293,.!frame.!entry
demo_session_02,47,1786094545.4842699,move,542,290,.!frame.!entry
demo_session_02,47,1786094545.5342698,move,524,285,.!frame.!entry
demo_session_02,47,1786094545.5842698,move,518,283,.!frame.!entry
demo_session_02,47,1786094545.6342697,move,516,298,.!frame.!entry
demo_session_02,47,1786094545.6842697,move,543,301,.!frame.!entry
demo_session_02,47,1786094545.7342696,move,531,282,.!frame.!entry
demo_session_02,47,1786094545.7842696,move,522,266,.!frame.!entry
demo_session_02,47,1786094545.8342695,move,512,280,.!frame.!entry
demo_session_02,47,1786094545.8842695,move,516,291,.!frame.!entry
demo_session_02,47,1786094545.9342694,move,536,288,.!frame.!entry
demo_session_02,47,1786094545.9842694,move,519,303,.!frame.!entry
demo_session_02,47,1786094546.0342693,move,518,324,.!frame.!entry
demo_session_02,47,1786094546.0842693,move,507,279,.!frame.!entry
demo_session_02,47,1786094546.1342692,move,513,295,.!frame.!entry
demo_session_02,47,1786094546.1842692,move,512,287,.!frame.!entry
demo_session_02,47,1786094546.2342691,move,506,275,.!frame.!entry
demo_session_02,47,1786094546.284269,move,514,296,.!frame.!entry
demo_session_02,47,1786094546.334269,move,519,293,.!frame.!entry
demo_session_02,47,1786094546.384269,move,497,289,.!frame.!entry
demo_session_02,47,1786094546.434269,move,522,301,.!frame.!entry
demo_session_02,47,1786094546.484269,move,510,280,.!frame.!entry
demo_session_02,47,1786094546.5342689,move,481,268,.!frame.!entry
demo_session_02,47,1786094546.5842688,move,459,298,.!frame.!entry
demo_session_02,47,1786094546.6342688,move,488,278,.!frame.!entry
demo_session_02,47,1786094546.6842687,move,495,295,.!frame.!entry
demo_session_02,47,1786094546.7342687,move,491,299,.!frame.!entry
demo_session_02,47,1786094546.7842686,move,481,302,.!frame.!entry
demo_session_02,47,1786094546.8342686,move,490,305,.!frame.!entry
demo_session_02,47,1786094546.8842685,move,485,289,.!frame.!entry
demo_session_02,47,1786094546.9342685,move,479,296,.!frame.!entry
demo_session_02,47,1786094546.9842684,move,474,327,.!frame.!entry
demo_session_02,47,1786094547.0342684,move,492,298,.!frame.!entry
demo_session_02,47,1786094547.0842683,move,462,318,.!frame.!entry
demo_session_02,47,1786094547.1342683,move,489,291,.!frame.!entry
demo_session_02,47,1786094547.1842682,move,473,301,.!frame.!entry
demo_session_02,47,1786094547.2342682,move,464,300,.!frame.!entry
demo_session_02,47,1786094547.2842681,move,460,295,.!frame.!entry
demo_session_02,47,1786094547.334268,move,467,284,.!frame.!entry
demo_session_02,47,1786094547.384268,move,465,290,.!frame.!entry
demo_session_02,47,1786094547.434268,move,466,288,.!frame.!entry
demo_session_02,47,1786094547.484268,move,449,303,.!frame.!entry
demo_session_02,47,1786094547.534268,move,456,319,.!frame.!entry
demo_session_02,47,1786094547.5842679,move,448,309,.!frame.!entry
demo_session_02,47,1786094547.6342678,move,454,302,.!frame.!entry
demo_session_02,47,1786094547.6842678,move,439,301,.!frame.!entry
demo_session_02,47,1786094547.7342677,move,462,293,.!frame.!entry
demo_session_02,47,1786094547.7842677,move,437,286,.!frame.!entry
demo_session_02,47,1786094547.8342676,move,436,310,.!frame.!entry
demo_session_02,47,1786094547.8842676,move,462,289,.!frame.!entry
demo_session_02,47,1786094547.9342675,move,445,294,.!frame.!entry
demo_session_02,47,1786094547.9842675,move,455,320,.!frame.!entry
demo_session_02,47,1786094548.0342674,move,459,314,.!frame.!entry
demo_session_02,47,1786094548.0842674,move,472,286,.!frame.!entry
demo_session_02,47,1786094548.1342673,move,428,301,.!frame.!entry
demo_session_02,47,1786094548.1842673,move,427,316,.!frame.!entry
demo_session_02,47,1786094548.2342672,move,442,303,.!frame.!entry
demo_session_02,47,1786094548.2842672,move,428,317,.!frame.!entry
demo_session_02,47,1786094548.3342671,move,428,306,.!frame.!entry
demo_session_02,47,1786094548.384267,move,448,310,.!frame.!entry
demo_session_02,47,1786094548.434267,move,431,296,.!frame.!entry
demo_session_02,47,1786094548.484267,move,425,312,.!frame.!button
demo_session_02,47,1786094548.534267,move,418,277,.!frame.!button
demo_session_02,47,1786094548.584267,move,423,301,.!frame.!button
demo_session_02,47,1786094548.6342669,move,410,316,.!frame.!button
demo_session_02,47,1786094548.6842668,move,408,330,.!frame.!button
demo_session_02,47,1786094548.7342668,move,412,317,.!frame.!button
demo_session_02,47,1786094548.7842667,move,431,300,.!frame.!button
demo_session_02,47,1786094548.8342667,move,399,306,.!frame.!button
demo_session_02,47,1786094548.8842666,move,406,341,.!frame.!button
demo_session_02,47,1786094548.9342666,move,390,303,.!frame.!button
demo_session_02,47,1786094548.9842665,move,426,316,.!frame.!button
demo_session_02,47,1786094549.0342665,move,415,297,.!frame.!button
demo_session_02,47,1786094549.0842664,move,410,321,.!frame.!button
demo_session_02,47,1786094549.1342664,move,404,303,.!frame.!button
demo_session_02,47,1786094549.1842663,move,371,309,.!frame.!button
demo_session_02,47,1786094549.2342663,move,397,323,.!frame.!button
demo_session_02,47,1786094549.2842662,move,403,308,.!frame.!button
demo_session_02,47,1786094549.3342662,move,395,333,.!frame.!button
demo_session_02,47,1786094549.3842661,move,392,323,.!frame.!button
demo_session_02,47,1786094549.434266,move,377,320,.!frame.!button
demo_session_02,47,1786094549.484266,move,378,327,.!frame.!button
demo_session_02,47,1786094549.534266,move,403,306,.!frame.!button
demo_session_02,47,1786094549.584266,move,384,316,.!frame.!button
demo_session_02,47,1786094549.634266,move,403,335,.!frame.!button
demo_session_02,47,1786094549.6842659,move,371,328,.!frame.!button
demo_session_02,47,1786094549.7342658,move,393,316,.!frame.!button
demo_session_02,47,1786094549.7842658,move,394,316,.!frame.!button
demo_session_02,47,1786094549.8342657,move,381,321,.!frame.!button
demo_session_02,47,1786094549.8842657,move,388,335,.!frame.!button
demo_session_02,47,1786094549.9342656,move,376,305,.!frame.!button
demo_session_02,47,1786094549.9842656,move,358,335,.!frame.!button
demo_session_02,47,1786094550.0342655,move,377,314,.!frame.!button
demo_session_02,47,1786094550.0842655,move,358,325,.!frame.!button
demo_session_02,47,1786094550.1342654,move,347,312,.!frame.!button
demo_session_02,47,1786094550.1842654,move,372,327,.!frame.!button
demo_session_02,47,1786094550.2342653,move,360,322,.!frame.!button
demo_session_02,47,1786094550.2842653,move,349,329,.!frame.!button
demo_session_02,47,1786094550.3342652,move,357,297,.!frame.!button
demo_session_02,47,1786094550.3842652,move,333,334,.!frame.!button
demo_session_02,47,1786094550.4342651,move,370,320,.!frame.!button
demo_session_02,47,1786094550.484265,move,350,297,.!frame.!button
demo_session_02,47,1786094550.534265,move,361,332,.!frame.!button
demo_session_02,47,1786094550.6295304,click,356,326,.!frame.!button
demo_session_02,48,1786094550.6295304,move,535,285,.!frame.!entry
demo_session_02,48,1786094550.6795304,move,541,278,.!frame.!entry
demo_session_02,48,1786094550.7295303,move,542,291,.!frame.!entry
demo_session_02,48,1786094550.7795303,move,533,276,.!frame.!entry
demo_session_02,48,1786094550.8295302,move,554,297,.!frame.!entry
demo_session_02,48,1786094550.8795302,move,515,281,.!frame.!entry
demo_session_02,48,1786094550.9295301,move,518,275,.!frame.!entry
demo_session_02,48,1786094550.97953,move,536,286,.!frame.!entry
demo_session_02,48,1786094551.02953,move,530,268,.!frame.!entry
demo_session_02,48,1786094551.07953,move,507,286,.!frame.!entry
demo_session_02,48,1786094551.12953,move,519,295,.!frame.!entry
demo_session_02,48,1786094551.17953,move,525,277,.!frame.!entry
demo_session_02,48,1786094551.2295299,move,501,284,.!frame.!entry
demo_session_02,48,1786094551.2795298,move,531,298,.!frame.!entry
demo_session_02,48,1786094551.3295298,move,510,277,.!frame.!entry
demo_session_02,48,1786094551.3795297,move,516,299,.!frame.!entry
demo_session_02,48,1786094551.4295297,move,503,294,.!frame.!entry
demo_session_02,48,1786094551.4795296,move,526,297,.!frame.!entry
demo_session_02,48,1786094551.5295296,move,504,283,.!frame.!entry
demo_session_02,48,1786094551.5795295,move,503,282,.!frame.!entry
demo_session_02,48,1786094551.6295295,move,508,287,.!frame.!entry
demo_session_02,48,1786094551.6795294,move,498,288,.!frame.!entry
demo_session_02,48,1786094551.7295294,move,499,287,.!frame.!entry
demo_session_02,48,1786094551.7795293,move,514,306,.!frame.!entry
demo_session_02,48,1786094551.8295293,move,515,274,.!frame.!entry
demo_session_02,48,1786094551.8795292,move,503,288,.!frame.!entry
demo_session_02,48,1786094551.9295292,move,496,286,.!frame.!entry
demo_session_02,48,1786094551.9795291,move,507,299,.!frame.!entry
demo_session_02,48,1786094552.029529,move,501,270,.!frame.!entry
demo_session_02,48,1786094552.079529,move,473,293,.!frame.!entry
demo_session_02,48,1786094552.129529,move,497,290,.!frame.!entry
demo_session_02,48,1786094552.179529,move,502,280,.!frame.!entry
demo_session_02,48,1786094552.229529,move,492,289,.!frame.!entry
demo_session_02,48,1786094552.2795289,move,487,302,.!frame.!entry
demo_session_02,48,1786094552.3295288,move,486,272,.!frame.!entry
demo_session_02,48,1786094552.3795288,move,486,300,.!frame.!entry
demo_session_02,48,1786094552.4295287,move,502,290,.!frame.!entry
demo_session_02,48,1786094552.4795287,move,487,292,.!frame.!entry
demo_session_02,48,1786094552.5295286,move,498,295,.!frame.!entry
demo_session_02,48,1786094552.5795286,move,484,284,.!frame.!entry
demo_session_02,48,1786094552.6295285,move,485,305,.!frame.!entry
demo_session_02,48,1786094552.6795285,move,479,287,.!frame.!entry
demo_session_02,48,1786094552.7295284,move,480,280,.!frame.!entry
demo_session_02,48,1786094552.7795284,move,458,295,.!frame.!entry
demo_session_02,48,1786094552.8295283,move,480,303,.!frame.!entry
demo_session_02,48,1786094552.8795283,move,465,297,.!frame.!entry
demo_session_02,48,1786094552.9295282,move,466,287,.!frame.!entry
demo_session_02,48,1786094552.9795282,move,470,269,.!frame.!entry
demo_session_02,48,1786094553.0295281,move,457,301,.!frame.!entry
demo_session_02,48,1786094553.079528,move,481,316,.!frame.!entry
demo_session_02,48,1786094553.129528,move,469,303,.!frame.!entry
demo_session_02,48,1786094553.179528,move,460,300,.!frame.!entry
demo_session_02,48,1786094553.229528,move,482,291,.!frame.!entry
demo_session_02,48,1786094553.279528,move,452,283,.!frame.!entry
demo_session_02,48,1786094553.3295279,move,475,306,.!frame.!entry
demo_session_02,48,1786094553.3795278,move,459,274,.!frame.!entry
demo_session_02,48,1786094553.4295278,move,464,304,.!frame.!entry
demo_session_02,48,1786094553.4795277,move,473,289,.!frame.!entry
demo_session_02,48,1786094553.5295277,move,457,292,.!frame.!entry
demo_session_02,48,1786094553.5795276,move,449,292,.!frame.!entry
demo_session_02,48,1786094553.6295276,move,432,291,.!frame.!entry
demo_session_02,48,1786094553.6795275,move,451,309,.!frame.!entry
demo_session_02,48,1786094553.7295275,move,451,289,.!frame.!entry
demo_session_02,48,1786094553.7795274,move,462,293,.!frame.!entry
demo_session_02,48,1786094553.8295274,move,437,301,.!frame.!entry
demo_session_02,48,1786094553.8795273,move,437,295,.!frame.!entry
demo_session_02,48,1786094553.9295273,move,444,299,.!frame.!entry
demo_session_02,48,1786094553.9795272,move,458,298,.!frame.!entry
demo_session_02,48,1786094554.0295272,move,432,307,.!frame.!entry
demo_session_02,48,1786094554.0795271,move,423,307,.!frame.!entry
demo_session_02,48,1786094554.129527,move,419,273,.!frame.!entry
demo_session_02,48,1786094554.179527,move,435,303,.!frame.!entry
demo_session_02,48,1786094554.229527,move,456,290,.!frame.!entry
demo_session_02,48,1786094554.279527,move,440,309,.!frame.!entry
demo_session_02,48,1786094554.329527,move,417,315,.!frame.!entry
demo_session_02,48,1786094554.3795269,move,424,284,.!frame.!entry
demo_session_02,48,1786094554.4295268,move,437,321,.!frame.!entry
demo_session_02,48,1786094554.4795268,move,425,287,.!frame.!entry
demo_session_02,48,1786094554.5295267,move,425,318,.!frame.!entry
demo_session_02,48,1786094554.5795267,move,415,321,.!frame.!entry
demo_session_02,48,1786094554.6295266,move,413,300,.!frame.!entry
demo_session_02,48,1786094554.6795266,move,412,300,.!frame.!entry
demo_session_02,48,1786094554.7295265,move,412,313,.!frame.!entry
demo_session_02,48,1786094554.7795265,move,445,303,.!frame.!entry
demo_session_02,48,1786094554.8295264,move,433,319,.!frame.!entry
demo_session_02,48,1786094554.8795264,move,432,323,.!frame.!entry
demo_session_02,48,1786094554.9295263,move,408,299,.!frame.!entry
demo_session_02,48,1786094554.9795263,move,398,299,.!frame.!entry
demo_session_02,48,1786094555.0295262,move,437,307,.!frame.!entry
demo_session_02,48,1786094555.0795262,move,418,301,.!frame.!entry
demo_session_02,48,1786094555.1295261,move,429,279,.!frame.!entry
demo_session_02,48,1786094555.179526,move,402,302,.!frame.!entry
demo_session_02,48,1786094555.229526,move,408,299,.!frame.!entry
demo_session_02,48,1786094555.279526,move,407,303,.!frame.!entry
demo_session_02,48,1786094555.329526,move,398,291,.!frame.!button
demo_session_02,48,1786094555.379526,move,414,322,.!frame.!button
demo_session_02,48,1786094555.4295259,move,415,319,.!frame.!button
demo_session_02,48,1786094555.4795258,move,363,311,.!frame.!button
demo_session_02,48,1786094555.5295258,move,400,288,.!frame.!button
demo_session_02,48,1786094555.5795257,move,377,312,.!frame.!button
demo_session_02,48,1786094555.6295257,move,408,308,.!frame.!button
demo_session_02,48,1786094555.6795256,move,391,315,.!frame.!button
demo_session_02,48,1786094555.7295256,move,375,309,.!frame.!button
demo_session_02,48,1786094555.7795255,move,403,301,.!frame.!button
demo_session_02,48,1786094555.8295255,move,393,300,.!frame.!button
demo_session_02,48,1786094555.8795254,move,393,291,.!frame.!button
demo_session_02,48,1786094555.9295254,move,382,310,.!frame.!button
demo_session_02,48,1786094555.9795253,move,385,318,.!frame.!button
demo_session_02,48,1786094556.0295253,move,370,315,.!frame.!button
demo_session_02,48,1786094556.0795252,move,381,313,.!frame.!button
demo_session_02,48,1786094556.1295252,move,383,310,.!frame.!button
demo_session_02,48,1786094556.1795251,move,380,311,.!frame.!button
demo_session_02,48,1786094556.229525,move,389,314,.!frame.!button
demo_session_02,48,1786094556.279525,move,374,331,.!frame.!button
demo_session_02,48,1786094556.329525,move,372,314,.!frame.!button
demo_session_02,48,1786094556.379525,move,394,315,.!frame.!button
demo_session_02,48,1786094556.429525,move,364,298,.!frame.!button
demo_session_02,48,1786094556.4795249,move,384,303,.!frame.!button
demo_session_02,48,1786094556.5295248,move,369,325,.!frame.!button
demo_session_02,48,1786094556.5795248,move,379,330,.!frame.!button
demo_session_02,48,1786094556.6295247,move,361,298,.!frame.!button
demo_session_02,48,1786094556.6795247,move,353,316,.!frame.!button
demo_session_02,48,1786094556.7295246,move,366,322,.!frame.!button
demo_session_02,48,1786094556.7795246,move,375,322,.!frame.!button
demo_session_02,48,1786094556.8295245,move,345,338,.!frame.!button
demo_session_02,48,1786094556.8795245,move,347,324,.!frame.!button
demo_session_02,48,1786094556.9295244,move,351,313,.!frame.!button
demo_session_02,48,1786094556.9795244,move,360,313,.!frame.!button
demo_session_02,48,1786094557.0295243,move,345,313,.!frame.!button
demo_session_02,48,1786094557.0795243,move,333,330,.!frame.!button
demo_session_02,48,1786094557.1295242,move,358,318,.!frame.!button
demo_session_02,48,1786094557.1795242,move,360,333,.!frame.!button
demo_session_02,48,1786094557.2295241,move,355,310,.!frame.!button
demo_session_02,48,1786094557.279524,move,353,331,.!frame.!button
demo_session_02,48,1786094557.329524,move,351,303,.!frame.!button
demo_session_02,48,1786094557.4294753,click,347,317,.!frame.!button
demo_session_02,49,1786094557.4294753,move,264,147,.!frame.!entry
demo_session_02,49,1786094557.4794753,move,271,120,.!frame.!entry
demo_session_02,49,1786094557.5294752,move,257,103,.!frame.!entry
demo_session_02,49,1786094557.5794752,move,261,113,.!frame.!entry
demo_session_02,49,1786094557.629475,move,258,138,.!frame.!entry
demo_session_02,49,1786094557.679475,move,257,100,.!frame.!entry
demo_session_02,49,1786094557.729475,move,285,118,.!frame.!entry
demo_session_02,49,1786094557.779475,move,266,128,.!frame.!entry
demo_session_02,49,1786094557.829475,move,257,123,.!frame.!entry
demo_session_02,49,1786094557.8794749,move,264,134,.!frame.!entry
demo_session_02,49,1786094557.9294748,move,270,152,.!frame.!entry
demo_session_02,49,1786094557.9794748,move,278,156,.!frame.!entry
demo_session_02,49,1786094558.0294747,move,284,130,.!frame.!entry
demo_session_02,49,1786094558.0794747,move,277,126,.!frame.!entry
demo_session_02,49,1786094558.1294746,move,286,125,.!frame.!entry
demo_session_02,49,1786094558.1794746,move,271,148,.!frame.!entry
demo_session_02,49,1786094558.2294745,move,270,124,.!frame.!entry
demo_session_02,49,1786094558.2794745,move,278,132,.!frame.!entry
demo_session_02,49,1786094558.3294744,move,299,134,.!frame.!entry
demo_session_02,49,1786094558.3794744,move,301,159,.!frame.!entry
demo_session_02,49,1786094558.4294744,move,297,141,.!frame.!entry
demo_session_02,49,1786094558.4794743,move,275,159,.!frame.!entry
demo_session_02,49,1786094558.5294743,move,275,141,.!frame.!entry
demo_session_02,49,1786094558.5794742,move,312,141,.!frame.!entry
demo_session_02,49,1786094558.6294742,move,294,133,.!frame.!entry
demo_session_02,49,1786094558.679474,move,281,151,.!frame.!entry
demo_session_02,49,1786094558.729474,move,302,144,.!frame.!entry
demo_session_02,49,1786094558.779474,move,293,168,.!frame.!entry
demo_session_02,49,1786094558.829474,move,290,174,.!frame.!entry
demo_session_02,49,1786094558.879474,move,292,161,.!frame.!entry
demo_session_02,49,1786094558.9294739,move,277,154,.!frame.!entry
demo_session_02,49,1786094558.9794738,move,282,161,.!frame.!entry
demo_session_02,49,1786094559.0294738,move,295,164,.!frame.!entry
demo_session_02,49,1786094559.0794737,move,305,168,.!frame.!entry
demo_session_02,49,1786094559.1294737,move,286,173,.!frame.!entry
demo_session_02,49,1786094559.1794736,move,275,183,.!frame.!entry
demo_session_02,49,1786094559.2294736,move,266,174,.!frame.!entry
demo_session_02,49,1786094559.2794735,move,290,180,.!frame.!entry
demo_session_02,49,1786094559.3294735,move,284,186,.!frame.!entry
demo_session_02,49,1786094559.3794734,move,289,170,.!frame.!entry
demo_session_02,49,1786094559.4294734,move,312,190,.!frame.!entry
demo_session_02,49,1786094559.4794734,move,300,163,.!frame.!entry
demo_session_02,49,1786094559.5294733,move,297,195,.!frame.!entry
demo_session_02,49,1786094559.5794733,move,300,180,.!frame.!entry
demo_session_02,49,1786094559.6294732,move,274,194,.!frame.!entry
demo_session_02,49,1786094559.6794732,move,315,183,.!frame.!entry
demo_session_02,49,1786094559.729473,move,302,190,.!frame.!entry
demo_session_02,49,1786094559.779473,move,285,188,.!frame.!entry
demo_session_02,49,1786094559.829473,move,296,207,.!frame.!entry
demo_session_02,49,1786094559.879473,move,303,193,.!frame.!entry
demo_session_02,49,1786094559.929473,move,287,218,.!frame.!entry
demo_session_02,49,1786094559.9794729,move,297,186,.!frame.!entry
demo_session_02,49,1786094560.0294728,move,301,197,.!frame.!entry
demo_session_02,49,1786094560.0794728,move,311,204,.!frame.!entry
demo_session_02,49,1786094560.1294727,move,315,199,.!frame.!entry
demo_session_02,49,1786094560.1794727,move,308,220,.!frame.!entry
demo_session_02,49,1786094560.2294726,move,311,192,.!frame.!entry
demo_session_02,49,1786094560.2794726,move,286,198,.!frame.!entry
demo_session_02,49,1786094560.3294725,move,306,225,.!frame.!entry
demo_session_02,49,1786094560.3794725,move,296,203,.!frame.!entry
demo_session_02,49,1786094560.4294724,move,306,203,.!frame.!entry
demo_session_02,49,1786094560.4794724,move,302,235,.!frame.!entry
demo_session_02,49,1786094560.5294724,move,306,217,.!frame.!entry
demo_session_02,49,1786094560.5794723,move,309,202,.!frame.!entry
demo_session_02,49,1786094560.6294723,move,321,226,.!frame.!entry
demo_session_02,49,1786094560.6794722,move,300,227,.!frame.!entry
demo_session_02,49,1786094560.7294722,move,290,230,.!frame.!entry
demo_session_02,49,1786094560.779472,move,303,228,.!frame.!entry
demo_session_02,49,1786094560.829472,move,307,212,.!frame.!entry
demo_session_02,49,1786094560.879472,move,314,229,.!frame.!entry
demo_session_02,49,1786094560.929472,move,298,208,.!frame.!entry
demo_session_02,49,1786094560.979472,move,322,225,.!frame.!entry
demo_session_02,49,1786094561.0294719,move,320,226,.!frame.!entry
demo_session_02,49,1786094561.0794718,move,311,235,.!frame.!entry
demo_session_02,49,1786094561.1294718,move,329,224,.!frame.!entry
demo_session_02,49,1786094561.1794717,move,327,249,.!frame.!entry
demo_session_02,49,1786094561.2294717,move,324,239,.!frame.!entry
demo_session_02,49,1786094561.2794716,move,319,251,.!frame.!entry
demo_session_02,49,1786094561.3294716,move,338,262,.!frame.!entry
demo_session_02,49,1786094561.3794715,move,315,248,.!frame.!entry
demo_session_02,49,1786094561.4294715,move,334,246,.!frame.!entry
demo_session_02,49,1786094561.4794714,move,290,255,.!frame.!entry
demo_session_02,49,1786094561.5294714,move,332,253,.!frame.!entry
demo_session_02,49,1786094561.5794713,move,293,283,.!frame.!entry
demo_session_02,49,1786094561.6294713,move,320,240,.!frame.!entry
demo_session_02,49,1786094561.6794713,move,342,249,.!frame.!entry
demo_session_02,49,1786094561.7294712,move,338,264,.!frame.!entry
demo_session_02,49,1786094561.7794712,move,329,258,.!frame.!button
demo_session_02,49,1786094561.829471,move,326,272,.!frame.!button
demo_session_02,49,1786094561.879471,move,334,256,.!frame.!button
demo_session_02,49,1786094561.929471,move,334,272,.!frame.!button
demo_session_02,49,1786094561.979471,move,320,251,.!frame.!button
demo_session_02,49,1786094562.029471,move,316,267,.!frame.!button
demo_session_02,49,1786094562.0794709,move,318,241,.!frame.!button
demo_session_02,49,1786094562.1294708,move,329,274,.!frame.!button
demo_session_02,49,1786094562.1794708,move,329,271,.!frame.!button
demo_session_02,49,1786094562.2294707,move,333,262,.!frame.!button
demo_session_02,49,1786094562.2794707,move,323,266,.!frame.!button
demo_session_02,49,1786094562.3294706,move,327,279,.!frame.!button
demo_session_02,49,1786094562.3794706,move,334,284,.!frame.!button
demo_session_02,49,1786094562.4294705,move,344,277,.!frame.!button
demo_session_02,49,1786094562.4794705,move,333,271,.!frame.!button
demo_session_02,49,1786094562.5294704,move,320,293,.!frame.!button
demo_session_02,49,1786094562.5794704,move,350,290,.!frame.!button
demo_session_02,49,1786094562.6294703,move,342,283,.!frame.!button
demo_session_02,49,1786094562.6794703,move,345,302,.!frame.!button
demo_session_02,49,1786094562.7294703,move,338,280,.!frame.!button
demo_session_02,49,1786094562.7794702,move,342,299,.!frame.!button
demo_session_02,49,1786094562.8294702,move,359,284,.!frame.!button
demo_session_02,49,1786094562.87947,move,338,299,.!frame.!button
demo_session_02,49,1786094562.92947,move,345,280,.!frame.!button
demo_session_02,49,1786094562.97947,move,341,307,.!frame.!button
demo_session_02,49,1786094563.02947,move,330,307,.!frame.!button
demo_session_02,49,1786094563.07947,move,324,309,.!frame.!button
demo_session_02,49,1786094563.1294699,move,339,301,.!frame.!button
demo_session_02,49,1786094563.1794698,move,345,309,.!frame.!button
demo_session_02,49,1786094563.2294698,move,349,298,.!frame.!button
demo_session_02,49,1786094563.2794697,move,340,304,.!frame.!button
demo_session_02,49,1786094563.3294697,move,354,295,.!frame.!button
demo_session_02,49,1786094563.3794696,move,335,311,.!frame.!button
demo_session_02,49,1786094563.4294696,move,333,301,.!frame.!button
demo_session_02,49,1786094563.4794695,move,345,331,.!frame.!button
demo_session_02,49,1786094563.5294695,move,353,307,.!frame.!button
demo_session_02,49,1786094563.5794694,move,381,320,.!frame.!button
demo_session_02,49,1786094563.6294694,move,346,339,.!frame.!button
demo_session_02,49,1786094563.6810453,click,341,311,.!frame.!button
demo_session_02,50,1786094563.6810453,move,201,129,.!frame.!entry
demo_session_02,50,1786094563.7310452,move,244,128,.!frame.!entry
demo_session_02,50,1786094563.7810452,move,229,155,.!frame.!entry
demo_session_02,50,1786094563.8310452,move,239,151,.!frame.!entry
demo_session_02,50,1786094563.881045,move,248,130,.!frame.!entry
demo_session_02,50,1786094563.931045,move,232,158,.!frame.!entry
demo_session_02,50,1786094563.981045,move,238,159,.!frame.!entry
demo_session_02,50,1786094564.031045,move,260,160,.!frame.!entry
demo_session_02,50,1786094564.081045,move,232,172,.!frame.!entry
demo_session_02,50,1786094564.1310449,move,247,163,.!frame.!entry
demo_session_02,50,1786094564.1810448,move,221,160,.!frame.!entry
demo_session_02,50,1786094564.2310448,move,229,175,.!frame.!entry
demo_session_02,50,1786094564.2810447,move,254,155,.!frame.!entry
demo_session_02,50,1786094564.3310447,move,229,177,.!frame.!entry
demo_session_02,50,1786094564.3810446,move,227,147,.!frame.!entry
demo_session_02,50,1786094564.4310446,move,253,176,.!frame.!entry
demo_session_02,50,1786094564.4810445,move,245,176,.!frame.!entry
demo_session_02,50,1786094564.5310445,move,259,158,.!frame.!entry
demo_session_02,50,1786094564.5810444,move,247,161,.!frame.!entry
demo_session_02,50,1786094564.6310444,move,238,164,.!frame.!entry
demo_session_02,50,1786094564.6810443,move,245,162,.!frame.!entry
demo_session_02,50,1786094564.7310443,move,238,167,.!frame.!entry
demo_session_02,50,1786094564.7810442,move,261,177,.!frame.!entry
demo_session_02,50,1786094564.8310442,move,247,161,.!frame.!entry
demo_session_02,50,1786094564.8810441,move,248,165,.!frame.!entry
demo_session_02,50,1786094564.931044,move,254,161,.!frame.!entry
demo_session_02,50,1786094564.981044,move,269,169,.!frame.!entry
demo_session_02,50,1786094565.031044,move,236,170,.!frame.!entry
demo_session_02,50,1786094565.081044,move,264,200,.!frame.!entry
demo_session_02,50,1786094565.131044,move,264,182,.!frame.!entry
demo_session_02,50,1786094565.1810439,move,267,157,.!frame.!entry
demo_session_02,50,1786094565.2310438,move,261,190,.!frame.!entry
demo_session_02,50,1786094565.2810438,move,249,178,.!frame.!entry
demo_session_02,50,1786094565.3310437,move,260,192,.!frame.!entry
demo_session_02,50,1786094565.3810437,move,263,169,.!frame.!entry
demo_session_02,50,1786094565.4310436,move,291,176,.!frame.!entry
demo_session_02,50,1786094565.4810436,move,249,180,.!frame.!entry
demo_session_02,50,1786094565.5310435,move,246,186,.!frame.!entry
demo_session_02,50,1786094565.5810435,move,248,198,.!frame.!entry
demo_session_02,50,1786094565.6310434,move,277,184,.!frame.!entry
demo_session_02,50,1786094565.6810434,move,277,205,.!frame.!entry
demo_session_02,50,1786094565.7310433,move,283,189,.!frame.!entry
demo_session_02,50,1786094565.7810433,move,260,209,.!frame.!entry
demo_session_02,50,1786094565.8310432,move,276,190,.!frame.!entry
demo_session_02,50,1786094565.8810432,move,250,200,.!frame.!entry
demo_session_02,50,1786094565.9310431,move,260,204,.!frame.!entry
demo_session_02,50,1786094565.981043,move,270,219,.!frame.!entry
demo_session_02,50,1786094566.031043,move,252,212,.!frame.!entry
demo_session_02,50,1786094566.081043,move,269,188,.!frame.!entry
demo_session_02,50,1786094566.131043,move,273,196,.!frame.!entry
demo_session_02,50,1786094566.181043,move,258,203,.!frame.!entry
demo_session_02,50,1786094566.2310429,move,261,214,.!frame.!entry
demo_session_02,50,1786094566.2810428,move,253,201,.!frame.!entry
demo_session_02,50,1786094566.3310428,move,272,229,.!frame.!entry
demo_session_02,50,1786094566.3810427,move,264,226,.!frame.!entry
demo_session_02,50,1786094566.4310427,move,270,204,.!frame.!entry
demo_session_02,50,1786094566.4810426,move,284,212,.!frame.!entry
demo_session_02,50,1786094566.5310426,move,283,206,.!frame.!entry
demo_session_02,50,1786094566.5810425,move,270,229,.!frame.!entry
demo_session_02,50,1786094566.6310425,move,288,200,.!frame.!entry
demo_session_02,50,1786094566.6810424,move,312,228,.!frame.!entry
demo_session_02,50,1786094566.7310424,move,288,234,.!frame.!entry
demo_session_02,50,1786094566.7810423,move,289,204,.!frame.!entry
demo_session_02,50,1786094566.8310423,move,308,245,.!frame.!entry
demo_session_02,50,1786094566.8810422,move,289,228,.!frame.!entry
demo_session_02,50,1786094566.9310422,move,297,234,.!frame.!entry
demo_session_02,50,1786094566.9810421,move,302,237,.!frame.!entry
demo_session_02,50,1786094567.031042,move,306,226,.!frame.!entry
demo_session_02,50,1786094567.081042,move,303,248,.!frame.!entry
demo_session_02,50,1786094567.131042,move,292,223,.!frame.!entry
demo_session_02,50,1786094567.181042,move,291,232,.!frame.!entry
demo_session_02,50,1786094567.231042,move,277,244,.!frame.!entry
demo_session_02,50,1786094567.2810419,move,285,228,.!frame.!entry
demo_session_02,50,1786094567.3310418,move,286,253,.!frame.!entry
demo_session_02,50,1786094567.3810418,move,294,228,.!frame.!entry
demo_session_02,50,1786094567.4310417,move,296,262,.!frame.!entry
demo_session_02,50,1786094567.4810417,move,303,237,.!frame.!entry
demo_session_02,50,1786094567.5310416,move,300,254,.!frame.!entry
demo_session_02,50,1786094567.5810416,move,303,235,.!frame.!entry
demo_session_02,50,1786094567.6310415,move,298,261,.!frame.!entry
demo_session_02,50,1786094567.6810415,move,301,260,.!frame.!entry
demo_session_02,50,1786094567.7310414,move,289,236,.!frame.!entry
demo_session_02,50,1786094567.7810414,move,317,265,.!frame.!entry
demo_session_02,50,1786094567.8310413,move,288,269,.!frame.!entry
demo_session_02,50,1786094567.8810413,move,289,248,.!frame.!entry
demo_session_02,50,1786094567.9310412,move,298,281,.!frame.!entry
demo_session_02,50,1786094567.9810412,move,300,246,.!frame.!entry
demo_session_02,50,1786094568.0310411,move,326,244,.!frame.!entry
demo_session_02,50,1786094568.081041,move,301,238,.!frame.!entry
demo_session_02,50,1786094568.131041,move,309,258,.!frame.!entry
demo_session_02,50,1786094568.181041,move,313,251,.!frame.!entry
demo_session_02,50,1786094568.231041,move,323,274,.!frame.!entry
demo_session_02,50,1786094568.281041,move,303,251,.!frame.!entry
demo_session_02,50,1786094568.3310409,move,314,256,.!frame.!entry
demo_session_02,50,1786094568.3810408,move,311,231,.!frame.!entry
demo_session_02,50,1786094568.4310408,move,294,275,.!frame.!entry
demo_session_02,50,1786094568.4810407,move,322,246,.!frame.!entry
demo_session_02,50,1786094568.5310407,move,315,265,.!frame.!button
demo_session_02,50,1786094568.5810406,move,317,261,.!frame.!button
demo_session_02,50,1786094568.6310406,move,304,250,.!frame.!button
demo_session_02,50,1786094568.6810405,move,315,283,.!frame.!button
demo_session_02,50,1786094568.7310405,move,321,298,.!frame.!button
demo_session_02,50,1786094568.7810404,move,325,271,.!frame.!button
demo_session_02,50,1786094568.8310404,move,318,259,.!frame.!button
demo_session_02,50,1786094568.8810403,move,306,269,.!frame.!button
demo_session_02,50,1786094568.9310403,move,320,287,.!frame.!button
demo_session_02,50,1786094568.9810402,move,324,267,.!frame.!button
demo_session_02,50,1786094569.0310402,move,322,281,.!frame.!button
demo_session_02,50,1786094569.0810401,move,338,287,.!frame.!button
demo_session_02,50,1786094569.13104,move,325,291,.!frame.!button
demo_session_02,50,1786094569.18104,move,308,297,.!frame.!button
demo_session_02,50,1786094569.23104,move,323,287,.!frame.!button
demo_session_02,50,1786094569.28104,move,330,294,.!frame.!button
demo_session_02,50,1786094569.33104,move,319,288,.!frame.!button
demo_session_02,50,1786094569.3810399,move,329,284,.!frame.!button
demo_session_02,50,1786094569.4310398,move,345,289,.!frame.!button
demo_session_02,50,1786094569.4810398,move,329,302,.!frame.!button
demo_session_02,50,1786094569.5310397,move,298,287,.!frame.!button
demo_session_02,50,1786094569.5810397,move,328,306,.!frame.!button
demo_session_02,50,1786094569.6310396,move,343,299,.!frame.!button
demo_session_02,50,1786094569.6810396,move,346,280,.!frame.!button
demo_session_02,50,1786094569.7310395,move,339,314,.!frame.!button
demo_session_02,50,1786094569.7810395,move,320,307,.!frame.!button
demo_session_02,50,1786094569.8310394,move,335,313,.!frame.!button
demo_session_02,50,1786094569.8810394,move,339,289,.!frame.!button
demo_session_02,50,1786094569.9310393,move,346,283,.!frame.!button
demo_session_02,50,1786094569.9810393,move,347,310,.!frame.!button
demo_session_02,50,1786094570.0310392,move,301,286,.!frame.!button
demo_session_02,50,1786094570.0810392,move,326,292,.!frame.!button
demo_session_02,50,1786094570.1310391,move,327,292,.!frame.!button
demo_session_02,50,1786094570.181039,move,354,312,.!frame.!button
demo_session_02,50,1786094570.231039,move,338,314,.!frame.!button
demo_session_02,50,1786094570.281039,move,341,303,.!frame.!button
demo_session_02,50,1786094570.331039,move,351,324,.!frame.!button
demo_session_02,50,1786094570.381039,move,342,314,.!frame.!button
demo_session_02,50,1786094570.4310389,move,362,311,.!frame.!button
demo_session_02,50,1786094570.4810388,move,353,320,.!frame.!button
demo_session_02,50,1786094570.5310388,move,338,308,.!frame.!button
demo_session_02,50,1786094570.5810387,move,354,307,.!frame.!button
demo_session_02,50,1786094570.640452,click,324,294,.!frame.!button
